source_row_number,split_label,source_currency
1,development,USD
2,validation,USD
3,future_holdout,USD
4,future_holdout,USD
5,validation,USD
6,validation,USD
7,development,USD
8,validation,USD
9,development,USD
10,development,USD
11,development,USD
12,development,USD
13,development,USD
14,development,USD
15,validation,USD
16,validation,USD
17,development,USD
18,development,USD
19,development,USD
20,validation,USD
21,development,USD
22,validation,USD
23,development,USD
24,development,USD
25,development,USD
26,validation,USD
27,development,USD
28,validation,USD
29,development,USD
30,future_holdout,USD
31,development,USD
32,development,USD
33,validation,USD
34,development,USD
35,development,USD
36,development,USD
37,development,USD
38,future_holdout,USD
39,development,USD
40,development,USD
41,development,USD
42,development,USD
43,development,USD
44,development,USD
45,development,USD
46,future_holdout,USD
47,development,USD
48,future_holdout,USD
49,validation,USD
50,future_holdout,USD
51,future_holdout,USD
52,development,USD
53,development,USD
54,development,USD
55,development,USD
56,development,USD
57,development,USD
58,validation,USD
59,development,USD
60,future_holdout,USD
61,validation,USD
62,development,USD
63,validation,USD
64,development,USD
65,development,USD
66,future_holdout,USD
67,development,USD
68,development,USD
69,validation,USD
70,future_holdout,USD
71,validation,USD
72,future_holdout,USD
73,future_holdout,USD
74,development,USD
75,validation,USD
76,future_holdout,USD
77,future_holdout,USD
78,future_holdout,USD
79,development,USD
80,development,USD
81,development,USD
82,development,USD
83,validation,USD
84,development,USD
85,validation,USD
86,future_holdout,USD
87,validation,USD
88,validation,USD
89,development,USD
90,development,USD
91,future_holdout,USD
92,development,USD
93,validation,USD
94,development,USD
95,development,USD
96,development,USD
97,validation,USD
98,validation,USD
99,development,USD
100,development,USD
101,future_holdout,USD
102,validation,USD
103,future_holdout,USD
104,development,USD
105,validation,USD
106,future_holdout,USD
107,validation,USD
108,future_holdout,USD
109,development,USD
110,development,USD
111,development,USD
112,development,USD
113,validation,USD
114,future_holdout,USD
115,validation,USD
116,validation,USD
117,future_holdout,USD
118,future_holdout,USD
119,future_holdout,USD
120,validation,USD
121,future_holdout,USD
122,future_holdout,USD
123,future_holdout,USD
124,validation,USD
125,development,USD
126,future_holdout,USD
127,future_holdout,USD
128,development,USD
129,development,USD
130,validation,USD
131,future_holdout,USD
132,future_holdout,USD
133,development,USD
134,validation,USD
135,development,USD
136,future_holdout,USD
137,future_holdout,USD
138,development,USD
139,future_holdout,USD
140,development,USD
141,validation,USD
142,future_holdout,USD
143,validation,USD
144,validation,USD
145,development,USD
146,development,USD
147,validation,USD
148,future_holdout,USD
149,development,USD
150,development,USD
151,development,USD
152,validation,USD
153,validation,USD
154,validation,USD
155,development,USD
156,development,USD
157,development,USD
158,validation,USD
159,validation,USD
160,validation,USD
161,development,USD
162,development,USD
163,validation,USD
164,validation,USD
165,future_holdout,USD
166,development,USD
167,development,USD
168,validation,USD
169,development,USD
170,validation,USD
171,validation,USD
172,validation,USD
173,development,USD
174,development,USD
175,validation,USD
176,future_holdout,USD
177,development,USD
178,development,USD
179,future_holdout,USD
180,validation,USD
181,future_holdout,USD
182,future_holdout,USD
183,development,USD
184,future_holdout,USD
185,future_holdout,USD
186,validation,USD
187,future_holdout,USD
188,development,USD
189,validation,USD
190,development,USD
191,validation,USD
192,development,USD
193,validation,USD
194,development,USD
195,development,USD
196,validation,USD
197,future_holdout,USD
198,development,USD
199,development,USD
200,validation,USD
201,development,USD
202,development,USD
203,validation,USD
204,validation,USD
205,validation,USD
206,development,USD
207,future_holdout,USD
208,validation,USD
209,development,USD
210,future_holdout,USD
211,development,USD
212,development,USD
213,development,USD
214,future_holdout,USD
215,future_holdout,USD
216,validation,USD
217,development,USD
218,validation,USD
219,future_holdout,USD
220,validation,USD
221,validation,USD
222,development,USD
223,development,USD
224,future_holdout,USD
225,validation,USD
226,future_holdout,USD
227,development,USD
228,development,USD
229,development,USD
230,development,USD
231,future_holdout,USD
232,development,USD
233,validation,USD
234,development,USD
235,validation,USD
236,development,USD
237,development,USD
238,development,USD
239,future_holdout,USD
240,validation,USD
241,future_holdout,USD
242,validation,USD
243,development,USD
244,development,USD
245,future_holdout,USD
246,future_holdout,USD
247,development,USD
248,development,USD
249,development,USD
250,future_holdout,USD
251,development,USD
252,validation,USD
253,future_holdout,USD
254,development,USD
255,development,USD
256,development,USD
257,future_holdout,USD
258,development,USD
259,validation,USD
260,development,USD
261,validation,USD
262,future_holdout,USD
263,future_holdout,USD
264,development,USD
265,validation,USD
266,development,USD
267,development,USD
268,development,USD
269,validation,USD
270,development,USD
271,validation,USD
272,future_holdout,USD
273,validation,USD
274,development,USD
275,future_holdout,USD
276,development,USD
277,validation,USD
278,future_holdout,USD
279,development,USD
280,development,USD
281,future_holdout,USD
282,future_holdout,USD
283,development,USD
284,validation,USD
285,development,USD
286,development,USD
287,development,USD
288,development,USD
289,development,USD
290,future_holdout,USD
291,validation,USD
292,validation,USD
293,development,USD
294,validation,USD
295,development,USD
296,development,USD
297,development,USD
298,validation,USD
299,validation,USD
300,future_holdout,USD
301,future_holdout,USD
302,development,USD
303,development,USD
304,development,USD
305,development,USD
306,validation,USD
307,future_holdout,USD
308,development,USD
309,development,USD
310,development,USD
311,development,USD
312,development,USD
313,validation,USD
314,future_holdout,USD
315,validation,USD
316,development,USD
317,future_holdout,USD
318,development,USD
319,future_holdout,USD
320,development,USD
321,development,USD
322,future_holdout,USD
323,development,USD
324,development,USD
325,development,USD
326,development,USD
327,validation,USD
328,validation,USD
329,development,USD
330,future_holdout,USD
331,validation,USD
332,future_holdout,USD
333,development,USD
334,future_holdout,USD
335,development,USD
336,development,USD
337,development,USD
338,development,USD
339,future_holdout,USD
340,development,USD
341,development,USD
342,development,USD
343,development,USD
344,validation,USD
345,validation,USD
346,future_holdout,USD
347,development,USD
348,development,USD
349,future_holdout,USD
350,validation,USD
351,development,USD
352,validation,USD
353,future_holdout,USD
354,validation,USD
355,future_holdout,USD
356,future_holdout,USD
357,development,USD
358,development,USD
359,future_holdout,USD
360,development,USD
361,development,USD
362,future_holdout,USD
363,validation,USD
364,validation,USD
365,development,USD
366,future_holdout,USD
367,development,USD
368,development,USD
369,future_holdout,USD
370,development,USD
371,development,USD
372,development,USD
373,future_holdout,USD
374,validation,USD
375,future_holdout,USD
376,development,USD
377,future_holdout,USD
378,future_holdout,USD
379,future_holdout,USD
380,validation,USD
381,validation,USD
382,development,USD
383,development,USD
384,development,USD
385,future_holdout,USD
386,development,USD
387,future_holdout,USD
388,development,USD
389,development,USD
390,validation,USD
391,validation,USD
392,development,USD
393,future_holdout,USD
394,development,USD
395,validation,USD
396,future_holdout,USD
397,future_holdout,USD
398,validation,USD
399,development,USD
400,validation,USD
401,development,USD
402,development,USD
403,development,USD
404,future_holdout,USD
405,validation,USD
406,validation,USD
407,future_holdout,USD
408,validation,USD
409,validation,USD
410,validation,USD
411,validation,USD
412,future_holdout,USD
413,development,USD
414,development,USD
415,validation,USD
416,development,USD
417,development,USD
418,future_holdout,USD
419,development,USD
420,development,USD
421,validation,USD
422,development,USD
423,future_holdout,USD
424,future_holdout,USD
425,future_holdout,USD
426,validation,USD
427,future_holdout,USD
428,validation,USD
429,future_holdout,USD
430,development,USD
431,future_holdout,USD
432,validation,USD
433,development,USD
434,future_holdout,USD
435,development,USD
436,development,USD
437,validation,USD
438,future_holdout,USD
439,development,USD
440,validation,USD
441,development,USD
442,validation,USD
443,development,USD
444,development,USD
445,validation,USD
446,development,USD
447,development,USD
448,validation,USD
449,future_holdout,USD
450,development,USD
451,development,USD
452,development,USD
453,future_holdout,USD
454,development,USD
455,validation,USD
456,development,USD
457,future_holdout,USD
458,validation,USD
459,future_holdout,USD
460,development,USD
461,development,USD
462,validation,USD
463,development,USD
464,development,USD
465,development,USD
466,development,USD
467,future_holdout,USD
468,development,USD
469,development,USD
470,future_holdout,USD
471,development,USD
472,validation,USD
473,development,USD
474,development,USD
475,future_holdout,USD
476,future_holdout,USD
477,future_holdout,USD
478,future_holdout,USD
479,validation,USD
480,future_holdout,USD
481,future_holdout,USD
482,development,USD
483,validation,USD
484,development,USD
485,development,USD
486,development,USD
487,future_holdout,USD
488,validation,USD
489,validation,USD
490,development,USD
491,validation,USD
492,development,USD
493,future_holdout,USD
494,development,USD
495,development,USD
496,development,USD
497,development,USD
498,development,USD
499,development,USD
500,validation,USD
501,future_holdout,USD
502,development,USD
503,future_holdout,USD
504,future_holdout,USD
505,development,USD
506,future_holdout,USD
507,future_holdout,USD
508,future_holdout,USD
509,development,USD
510,development,USD
511,future_holdout,USD
512,development,USD
513,development,USD
514,validation,USD
515,future_holdout,USD
516,development,USD
517,validation,USD
518,future_holdout,USD
519,development,USD
520,development,USD
521,future_holdout,USD
522,validation,USD
523,future_holdout,USD
524,future_holdout,USD
525,development,USD
526,development,USD
527,development,USD
528,validation,USD
529,future_holdout,USD
530,development,USD
531,development,USD
532,future_holdout,USD
533,validation,USD
534,validation,USD
535,development,USD
536,development,USD
537,future_holdout,USD
538,future_holdout,USD
539,validation,USD
540,validation,USD
541,development,USD
542,validation,USD
543,development,USD
544,validation,USD
545,development,USD
546,future_holdout,USD
547,validation,USD
548,validation,USD
549,development,USD
550,development,USD
551,development,USD
552,future_holdout,USD
553,development,USD
554,development,USD
555,validation,USD
556,validation,USD
557,development,USD
558,development,USD
559,development,USD
560,validation,USD
561,validation,USD
562,validation,USD
563,future_holdout,USD
564,development,USD
565,development,USD
566,validation,USD
567,future_holdout,USD
568,development,USD
569,development,USD
570,development,USD
571,validation,USD
572,development,USD
573,development,USD
574,development,USD
575,validation,USD
576,development,USD
577,validation,USD
578,development,USD
579,development,USD
580,validation,USD
581,development,USD
582,development,USD
583,development,USD
584,validation,USD
585,validation,USD
586,future_holdout,USD
587,validation,USD
588,future_holdout,USD
589,future_holdout,USD
590,validation,USD
591,development,USD
592,validation,USD
593,development,USD
594,future_holdout,USD
595,validation,USD
596,validation,USD
597,validation,USD
598,development,USD
599,development,USD
600,development,USD
601,development,USD
602,validation,USD
603,validation,USD
604,development,USD
605,development,USD
606,development,USD
607,development,USD
608,future_holdout,USD
609,development,USD
610,validation,USD
611,validation,USD
612,development,USD
613,development,USD
614,development,USD
615,validation,USD
616,development,USD
617,development,USD
618,development,USD
619,validation,USD
620,future_holdout,USD
621,future_holdout,USD
622,development,USD
623,development,USD
624,validation,USD
625,future_holdout,USD
626,development,USD
627,validation,USD
628,development,USD
629,development,USD
630,validation,USD
631,future_holdout,USD
632,development,USD
633,development,USD
634,future_holdout,USD
635,validation,USD
636,development,USD
637,future_holdout,USD
638,development,USD
639,future_holdout,USD
640,development,USD
641,development,USD
642,validation,USD
643,development,USD
644,development,USD
645,validation,USD
646,future_holdout,USD
647,development,USD
648,development,USD
649,validation,USD
650,development,USD
651,future_holdout,USD
652,development,USD
653,development,USD
654,future_holdout,USD
655,development,USD
656,development,USD
657,validation,USD
658,future_holdout,USD
659,development,USD
660,validation,USD
661,future_holdout,USD
662,development,USD
663,development,USD
664,future_holdout,USD
665,development,USD
666,development,USD
667,validation,USD
668,future_holdout,USD
669,development,USD
670,validation,USD
671,future_holdout,USD
672,development,USD
673,future_holdout,USD
674,validation,USD
675,validation,USD
676,development,USD
677,future_holdout,USD
678,development,USD
679,development,USD
680,future_holdout,USD
681,development,USD
682,future_holdout,USD
683,development,USD
684,future_holdout,USD
685,development,USD
686,future_holdout,USD
687,validation,USD
688,development,USD
689,development,USD
690,validation,USD
691,future_holdout,USD
692,future_holdout,USD
693,future_holdout,USD
694,validation,USD
695,development,USD
696,future_holdout,USD
697,development,USD
698,development,USD
699,validation,USD
700,development,USD
701,validation,USD
702,development,USD
703,future_holdout,USD
704,development,USD
705,future_holdout,USD
706,validation,USD
707,development,USD
708,development,USD
709,future_holdout,USD
710,development,USD
711,development,USD
712,development,USD
713,future_holdout,USD
714,future_holdout,USD
715,development,USD
716,validation,USD
717,future_holdout,USD
718,future_holdout,USD
719,validation,USD
720,development,USD
721,future_holdout,USD
722,validation,USD
723,development,USD
724,development,USD
725,development,USD
726,development,USD
727,future_holdout,USD
728,development,USD
729,validation,USD
730,validation,USD
731,future_holdout,USD
732,future_holdout,USD
733,development,USD
734,future_holdout,USD
735,future_holdout,USD
736,future_holdout,USD
737,validation,USD
738,development,USD
739,validation,USD
740,development,USD
741,validation,USD
742,validation,USD
743,development,USD
744,future_holdout,USD
745,development,USD
746,validation,USD
747,future_holdout,USD
748,validation,USD
749,future_holdout,USD
750,future_holdout,USD
751,future_holdout,USD
752,future_holdout,USD
753,development,USD
754,development,USD
755,future_holdout,USD
756,development,USD
757,validation,USD
758,development,USD
759,future_holdout,USD
760,development,USD
761,validation,USD
762,future_holdout,USD
763,future_holdout,USD
764,future_holdout,USD
765,development,USD
766,development,USD
767,development,USD
768,future_holdout,USD
769,development,USD
770,future_holdout,USD
771,development,USD
772,development,USD
773,future_holdout,USD
774,development,USD
775,future_holdout,USD
776,development,USD
777,validation,USD
778,validation,USD
779,development,USD
780,future_holdout,USD
781,development,USD
782,development,USD
783,future_holdout,USD
784,development,USD
785,development,USD
786,future_holdout,USD
787,development,USD
788,future_holdout,USD
789,validation,USD
790,development,USD
791,future_holdout,USD
792,future_holdout,USD
793,future_holdout,USD
794,development,USD
795,development,USD
796,development,USD
797,future_holdout,USD
798,development,USD
799,development,USD
800,development,USD
801,development,USD
802,future_holdout,USD
803,development,USD
804,development,USD
805,development,USD
806,development,USD
807,validation,USD
808,validation,USD
809,development,USD
810,validation,USD
811,development,USD
812,development,USD
813,development,USD
814,development,USD
815,development,USD
816,development,USD
817,development,USD
818,development,USD
819,validation,USD
820,development,USD
821,development,USD
822,validation,USD
823,validation,USD
824,development,USD
825,development,USD
826,validation,USD
827,development,USD
828,validation,USD
829,development,USD
830,development,USD
831,validation,USD
832,validation,USD
833,validation,USD
834,validation,USD
835,future_holdout,USD
836,development,USD
837,future_holdout,USD
838,development,USD
839,development,USD
840,development,USD
841,development,USD
842,development,USD
843,development,USD
844,future_holdout,USD
845,development,USD
846,validation,USD
847,validation,USD
848,development,USD
849,validation,USD
850,future_holdout,USD
851,development,USD
852,validation,USD
853,development,USD
854,validation,USD
855,future_holdout,USD
856,development,USD
857,future_holdout,USD
858,development,USD
859,future_holdout,USD
860,validation,USD
861,development,USD
862,validation,USD
863,future_holdout,USD
864,development,USD
865,development,USD
866,development,USD
867,future_holdout,USD
868,future_holdout,USD
869,development,USD
870,validation,USD
871,future_holdout,USD
872,future_holdout,USD
873,development,USD
874,future_holdout,USD
875,development,USD
876,development,USD
877,future_holdout,USD
878,development,USD
879,development,USD
880,future_holdout,USD
881,validation,USD
882,development,USD
883,development,USD
884,validation,USD
885,validation,USD
886,development,USD
887,development,USD
888,future_holdout,USD
889,validation,USD
890,development,USD
891,validation,USD
892,development,USD
893,future_holdout,USD
894,future_holdout,USD
895,validation,USD
896,future_holdout,USD
897,validation,USD
898,future_holdout,USD
899,validation,USD
900,development,USD
901,development,USD
902,future_holdout,USD
903,future_holdout,USD
904,future_holdout,USD
905,future_holdout,USD
906,future_holdout,USD
907,development,USD
908,validation,USD
909,validation,USD
910,validation,USD
911,development,USD
912,development,USD
913,validation,USD
914,future_holdout,USD
915,development,USD
916,future_holdout,USD
917,development,USD
918,future_holdout,USD
919,development,USD
920,development,USD
921,development,USD
922,development,USD
923,future_holdout,USD
924,development,USD
925,development,USD
926,future_holdout,USD
927,validation,USD
928,future_holdout,USD
929,development,USD
930,development,USD
931,development,USD
932,development,USD
933,future_holdout,USD
934,future_holdout,USD
935,future_holdout,USD
936,future_holdout,USD
937,future_holdout,USD
938,future_holdout,USD
939,future_holdout,USD
940,future_holdout,USD
941,development,USD
942,validation,USD
943,validation,USD
944,validation,USD
945,future_holdout,USD
946,development,USD
947,validation,USD
948,development,USD
949,future_holdout,USD
950,future_holdout,USD
951,validation,USD
952,development,USD
953,development,USD
954,future_holdout,USD
955,development,USD
956,validation,USD
957,development,USD
958,development,USD
959,development,USD
960,development,USD
961,future_holdout,USD
962,development,USD
963,future_holdout,USD
964,validation,USD
965,validation,USD
966,development,USD
967,development,USD
968,development,USD
969,development,USD
970,development,USD
971,future_holdout,USD
972,future_holdout,USD
973,future_holdout,USD
974,validation,USD
975,development,USD
976,future_holdout,USD
977,future_holdout,USD
978,future_holdout,USD
979,development,USD
980,development,USD
981,validation,USD
982,validation,USD
983,development,USD
984,development,USD
985,validation,USD
986,validation,USD
987,development,USD
988,validation,USD
989,validation,USD
990,development,USD
991,development,USD
992,development,USD
993,future_holdout,USD
994,validation,USD
995,future_holdout,USD
996,future_holdout,USD
997,development,USD
998,future_holdout,USD
999,development,USD
1000,validation,USD
1001,development,USD
1002,future_holdout,USD
1003,development,USD
1004,future_holdout,USD
1005,development,USD
1006,validation,USD
1007,future_holdout,USD
1008,development,USD
1009,future_holdout,USD
1010,development,USD
1011,validation,USD
1012,development,USD
1013,development,USD
1014,development,USD
1015,validation,USD
1016,future_holdout,USD
1017,future_holdout,USD
1018,validation,USD
1019,development,USD
1020,validation,USD
1021,development,USD
1022,future_holdout,USD
1023,future_holdout,USD
1024,validation,USD
1025,development,USD
1026,development,USD
1027,future_holdout,USD
1028,development,USD
1029,development,USD
1030,development,USD
1031,development,USD
1032,future_holdout,USD
1033,future_holdout,USD
1034,development,USD
1035,development,USD
1036,development,USD
1037,validation,USD
1038,future_holdout,USD
1039,validation,USD
1040,future_holdout,USD
1041,development,USD
1042,development,USD
1043,future_holdout,USD
1044,development,USD
1045,future_holdout,USD
1046,development,USD
1047,development,USD
1048,future_holdout,USD
1049,development,USD
1050,future_holdout,USD
1051,development,USD
1052,development,USD
1053,development,USD
1054,validation,USD
1055,development,USD
1056,development,USD
1057,future_holdout,USD
1058,future_holdout,USD
1059,development,USD
1060,development,USD
1061,validation,USD
1062,future_holdout,USD
1063,validation,USD
1064,development,USD
1065,development,USD
1066,development,USD
1067,validation,USD
1068,development,USD
1069,development,USD
1070,development,USD
1071,development,USD
1072,development,USD
1073,development,USD
1074,future_holdout,USD
1075,development,USD
1076,development,USD
1077,validation,USD
1078,development,USD
1079,development,USD
1080,future_holdout,USD
1081,future_holdout,USD
1082,future_holdout,USD
1083,validation,USD
1084,validation,USD
1085,validation,USD
1086,validation,USD
1087,future_holdout,USD
1088,development,USD
1089,validation,USD
1090,future_holdout,USD
1091,validation,USD
1092,validation,USD
1093,validation,USD
1094,development,USD
1095,future_holdout,USD
1096,future_holdout,USD
1097,future_holdout,USD
1098,development,USD
1099,development,USD
1100,future_holdout,USD
1101,future_holdout,USD
1102,validation,USD
1103,development,USD
1104,development,USD
1105,development,USD
1106,future_holdout,USD
1107,future_holdout,USD
1108,development,USD
1109,development,USD
1110,validation,USD
1111,development,USD
1112,validation,USD
1113,development,USD
1114,validation,USD
1115,development,USD
1116,future_holdout,USD
1117,validation,USD
1118,future_holdout,USD
1119,future_holdout,USD
1120,future_holdout,USD
1121,development,USD
1122,future_holdout,USD
1123,development,USD
1124,validation,USD
1125,development,USD
1126,development,USD
1127,development,USD
1128,future_holdout,USD
1129,validation,USD
1130,development,USD
1131,development,USD
1132,development,USD
1133,future_holdout,USD
1134,future_holdout,USD
1135,development,USD
1136,future_holdout,USD
1137,future_holdout,USD
1138,development,USD
1139,future_holdout,USD
1140,development,USD
1141,validation,USD
1142,future_holdout,USD
1143,future_holdout,USD
1144,validation,USD
1145,validation,USD
1146,validation,USD
1147,future_holdout,USD
1148,validation,USD
1149,validation,USD
1150,future_holdout,USD
1151,validation,USD
1152,validation,USD
1153,development,USD
1154,future_holdout,USD
1155,validation,USD
1156,validation,USD
1157,future_holdout,USD
1158,development,USD
1159,development,USD
1160,development,USD
1161,validation,USD
1162,validation,USD
1163,development,USD
1164,validation,USD
1165,development,USD
1166,validation,USD
1167,development,USD
1168,validation,USD
1169,development,USD
1170,development,USD
1171,development,USD
1172,validation,USD
1173,validation,USD
1174,future_holdout,USD
1175,development,USD
1176,validation,USD
1177,development,USD
1178,future_holdout,USD
1179,development,USD
1180,development,USD
1181,development,USD
1182,development,USD
1183,validation,USD
1184,future_holdout,USD
1185,development,USD
1186,development,USD
1187,development,USD
1188,future_holdout,USD
1189,development,USD
1190,validation,USD
1191,development,USD
1192,development,USD
1193,validation,USD
1194,validation,USD
1195,validation,USD
1196,future_holdout,USD
1197,validation,USD
1198,future_holdout,USD
1199,development,USD
1200,development,USD
1201,validation,USD
1202,validation,USD
1203,future_holdout,USD
1204,validation,USD
1205,future_holdout,USD
1206,future_holdout,USD
1207,validation,USD
1208,development,USD
1209,development,USD
1210,validation,USD
1211,validation,USD
1212,development,USD
1213,development,USD
1214,development,USD
1215,validation,USD
1216,validation,USD
1217,development,USD
1218,development,USD
1219,development,USD
1220,future_holdout,USD
1221,future_holdout,USD
1222,future_holdout,USD
1223,development,USD
1224,development,USD
1225,validation,USD
1226,validation,USD
1227,development,USD
1228,development,USD
1229,development,USD
1230,development,USD
1231,future_holdout,USD
1232,validation,USD
1233,validation,USD
1234,future_holdout,USD
1235,future_holdout,USD
1236,validation,USD
1237,development,USD
1238,development,USD
1239,validation,USD
1240,validation,USD
1241,future_holdout,USD
1242,development,USD
1243,future_holdout,USD
1244,future_holdout,USD
1245,future_holdout,USD
1246,development,USD
1247,development,USD
1248,development,USD
1249,validation,USD
1250,future_holdout,USD
1251,future_holdout,USD
1252,development,USD
1253,validation,USD
1254,future_holdout,USD
1255,future_holdout,USD
1256,future_holdout,USD
1257,future_holdout,USD
1258,development,USD
1259,future_holdout,USD
1260,development,USD
1261,development,USD
1262,development,USD
1263,development,USD
1264,development,USD
1265,development,USD
1266,development,USD
1267,development,USD
1268,development,USD
1269,development,USD
1270,development,USD
1271,future_holdout,USD
1272,validation,USD
1273,validation,USD
1274,development,USD
1275,development,USD
1276,validation,USD
1277,development,USD
1278,validation,USD
1279,development,USD
1280,development,USD
1281,future_holdout,USD
1282,development,USD
1283,development,USD
1284,development,USD
1285,development,USD
1286,development,USD
1287,development,USD
1288,development,USD
1289,development,USD
1290,future_holdout,USD
1291,development,USD
1292,development,USD
1293,validation,USD
1294,validation,USD
1295,future_holdout,USD
1296,validation,USD
1297,development,USD
1298,development,USD
1299,validation,USD
1300,development,USD
1301,development,USD
1302,validation,USD
1303,validation,USD
1304,future_holdout,USD
1305,future_holdout,USD
1306,future_holdout,USD
1307,development,USD
1308,development,USD
1309,development,USD
1310,future_holdout,USD
1311,validation,USD
1312,future_holdout,USD
1313,development,USD
1314,development,USD
1315,validation,USD
1316,validation,USD
1317,development,USD
1318,development,USD
1319,validation,USD
1320,development,USD
1321,future_holdout,USD
1322,validation,USD
1323,development,USD
1324,development,USD
1325,development,USD
1326,future_holdout,USD
1327,future_holdout,USD
1328,future_holdout,USD
1329,future_holdout,USD
1330,validation,USD
1331,validation,USD
1332,development,USD
1333,development,USD
1334,development,USD
1335,validation,USD
1336,future_holdout,USD
1337,development,USD
1338,development,USD
1339,validation,USD
1340,development,USD
1341,development,USD
1342,validation,USD
1343,validation,USD
1344,development,USD
1345,development,USD
1346,development,USD
1347,future_holdout,USD
1348,future_holdout,USD
1349,development,USD
1350,development,USD
1351,future_holdout,USD
1352,development,USD
1353,future_holdout,USD
1354,development,USD
1355,future_holdout,USD
1356,development,USD
1357,validation,USD
1358,development,USD
1359,validation,USD
1360,development,USD
1361,future_holdout,USD
1362,development,USD
1363,future_holdout,USD
1364,validation,USD
1365,development,USD
1366,development,USD
1367,development,USD
1368,development,USD
1369,development,USD
1370,development,USD
1371,future_holdout,USD
1372,future_holdout,USD
1373,future_holdout,USD
1374,development,USD
1375,validation,USD
1376,development,USD
1377,validation,USD
1378,development,USD
1379,development,USD
1380,development,USD
1381,future_holdout,USD
1382,future_holdout,USD
1383,future_holdout,USD
1384,future_holdout,USD
1385,development,USD
1386,development,USD
1387,development,USD
1388,development,USD
1389,future_holdout,USD
1390,development,USD
1391,future_holdout,USD
1392,development,USD
1393,future_holdout,USD
1394,development,USD
1395,future_holdout,USD
1396,development,USD
1397,future_holdout,USD
1398,future_holdout,USD
1399,validation,USD
1400,development,USD
1401,validation,USD
1402,future_holdout,USD
1403,development,USD
1404,future_holdout,USD
1405,validation,USD
1406,validation,USD
1407,development,USD
1408,future_holdout,USD
1409,development,USD
1410,future_holdout,USD
1411,validation,USD
1412,validation,USD
1413,development,USD
1414,development,USD
1415,future_holdout,USD
1416,development,USD
1417,development,USD
1418,development,USD
1419,validation,USD
1420,validation,USD
1421,future_holdout,USD
1422,future_holdout,USD
1423,future_holdout,USD
1424,future_holdout,USD
1425,development,USD
1426,development,USD
1427,development,USD
1428,validation,USD
1429,development,USD
1430,validation,USD
1431,development,USD
1432,development,USD
1433,development,USD
1434,development,USD
1435,development,USD
1436,development,USD
1437,development,USD
1438,future_holdout,USD
1439,development,USD
1440,validation,USD
1441,validation,USD
1442,validation,USD
1443,validation,USD
1444,validation,USD
1445,validation,USD
1446,development,USD
1447,validation,USD
1448,validation,USD
1449,future_holdout,USD
1450,development,USD
1451,future_holdout,USD
1452,development,USD
1453,development,USD
1454,development,USD
1455,development,USD
1456,development,USD
1457,development,USD
1458,development,USD
1459,development,USD
1460,future_holdout,USD
1461,validation,USD
1462,development,USD
1463,validation,USD
1464,development,USD
1465,future_holdout,USD
1466,development,USD
1467,future_holdout,USD
1468,development,USD
1469,future_holdout,USD
1470,development,USD
1471,validation,USD
1472,development,USD
1473,future_holdout,USD
1474,development,USD
1475,development,USD
1476,validation,USD
1477,future_holdout,USD
1478,future_holdout,USD
1479,development,USD
1480,development,USD
1481,validation,USD
1482,development,USD
1483,development,USD
1484,development,USD
1485,future_holdout,USD
1486,future_holdout,USD
1487,future_holdout,USD
1488,development,USD
1489,future_holdout,USD
1490,future_holdout,USD
1491,future_holdout,USD
1492,development,USD
1493,development,USD
1494,development,USD
1495,development,USD
1496,future_holdout,USD
1497,development,USD
1498,development,USD
1499,development,USD
1500,development,USD
1501,development,USD
1502,development,USD
1503,validation,USD
1504,development,USD
1505,development,USD
1506,development,USD
1507,future_holdout,USD
1508,future_holdout,USD
1509,development,USD
1510,future_holdout,USD
1511,development,USD
1512,development,USD
1513,development,USD
1514,development,USD
1515,development,USD
1516,development,USD
1517,development,USD
1518,development,USD
1519,validation,USD
1520,development,USD
1521,development,USD
1522,future_holdout,USD
1523,development,USD
1524,validation,USD
1525,validation,USD
1526,development,USD
1527,development,USD
1528,validation,USD
1529,future_holdout,USD
1530,development,USD
1531,development,USD
1532,validation,USD
1533,validation,USD
1534,development,USD
1535,development,USD
1536,validation,USD
1537,development,USD
1538,development,USD
1539,development,USD
1540,validation,USD
1541,validation,USD
1542,future_holdout,USD
1543,validation,USD
1544,development,USD
1545,development,USD
1546,future_holdout,USD
1547,development,USD
1548,development,USD
1549,development,USD
1550,development,USD
1551,development,USD
1552,development,USD
1553,development,USD
1554,future_holdout,USD
1555,validation,USD
1556,development,USD
1557,validation,USD
1558,validation,USD
1559,validation,USD
1560,future_holdout,USD
1561,development,USD
1562,development,USD
1563,future_holdout,USD
1564,development,USD
1565,validation,USD
1566,future_holdout,USD
1567,validation,USD
1568,validation,USD
1569,development,USD
1570,validation,USD
1571,development,USD
1572,future_holdout,USD
1573,development,USD
1574,validation,USD
1575,development,USD
1576,development,USD
1577,future_holdout,USD
1578,validation,USD
1579,development,USD
1580,future_holdout,USD
1581,validation,USD
1582,validation,USD
1583,validation,USD
1584,validation,USD
1585,validation,USD
1586,future_holdout,USD
1587,development,USD
1588,future_holdout,USD
1589,development,USD
1590,development,USD
1591,future_holdout,USD
1592,development,USD
1593,development,USD
1594,development,USD
1595,development,USD
1596,validation,USD
1597,future_holdout,USD
1598,validation,USD
1599,development,USD
1600,development,USD
1601,development,USD
1602,future_holdout,USD
1603,development,USD
1604,validation,USD
1605,future_holdout,USD
1606,development,USD
1607,development,USD
1608,development,USD
1609,future_holdout,USD
1610,development,USD
1611,validation,USD
1612,development,USD
1613,validation,USD
1614,validation,USD
1615,validation,USD
1616,development,USD
1617,future_holdout,USD
1618,development,USD
1619,development,USD
1620,validation,USD
1621,validation,USD
1622,future_holdout,USD
1623,validation,USD
1624,development,USD
1625,future_holdout,USD
1626,development,USD
1627,future_holdout,USD
1628,validation,USD
1629,development,USD
1630,validation,USD
1631,validation,USD
1632,validation,USD
1633,future_holdout,USD
1634,validation,USD
1635,development,USD
1636,development,USD
1637,validation,USD
1638,validation,USD
1639,development,USD
1640,future_holdout,USD
1641,future_holdout,USD
1642,validation,USD
1643,development,USD
1644,development,USD
1645,future_holdout,USD
1646,development,USD
1647,development,USD
1648,validation,USD
1649,future_holdout,USD
1650,development,USD
1651,validation,USD
1652,development,USD
1653,development,USD
1654,development,USD
1655,validation,USD
1656,future_holdout,USD
1657,development,USD
1658,development,USD
1659,development,USD
1660,development,USD
1661,future_holdout,USD
1662,development,USD
1663,validation,USD
1664,validation,USD
1665,future_holdout,USD
1666,future_holdout,USD
1667,development,USD
1668,development,USD
1669,validation,USD
1670,development,USD
1671,future_holdout,USD
1672,development,USD
1673,validation,USD
1674,future_holdout,USD
1675,future_holdout,USD
1676,future_holdout,USD
1677,development,USD
1678,development,USD
1679,development,USD
1680,validation,USD
1681,validation,USD
1682,validation,USD
1683,development,USD
1684,development,USD
1685,development,USD
1686,development,USD
1687,development,USD
1688,validation,USD
1689,future_holdout,USD
1690,future_holdout,USD
1691,validation,USD
1692,development,USD
1693,future_holdout,USD
1694,future_holdout,USD
1695,future_holdout,USD
1696,development,USD
1697,development,USD
1698,development,USD
1699,future_holdout,USD
1700,future_holdout,USD
1701,validation,USD
1702,validation,USD
1703,development,USD
1704,validation,USD
1705,validation,USD
1706,future_holdout,USD
1707,development,USD
1708,validation,USD
1709,development,USD
1710,development,USD
1711,future_holdout,USD
1712,development,USD
1713,future_holdout,USD
1714,development,USD
1715,development,USD
1716,development,USD
1717,development,USD
1718,validation,USD
1719,development,USD
1720,development,USD
1721,future_holdout,USD
1722,development,USD
1723,development,USD
1724,validation,USD
1725,development,USD
1726,development,USD
1727,future_holdout,USD
1728,validation,USD
1729,future_holdout,USD
1730,development,USD
1731,development,USD
1732,development,USD
1733,validation,USD
1734,development,USD
1735,validation,USD
1736,development,USD
1737,development,USD
1738,development,USD
1739,validation,USD
1740,validation,USD
1741,development,USD
1742,development,USD
1743,future_holdout,USD
1744,validation,USD
1745,development,USD
1746,development,USD
1747,future_holdout,USD
1748,development,USD
1749,development,USD
1750,validation,USD
1751,validation,USD
1752,validation,USD
1753,future_holdout,USD
1754,development,USD
1755,future_holdout,USD
1756,future_holdout,USD
1757,future_holdout,USD
1758,development,USD
1759,development,USD
1760,development,USD
1761,validation,USD
1762,development,USD
1763,development,USD
1764,validation,USD
1765,future_holdout,USD
1766,development,USD
1767,development,USD
1768,future_holdout,USD
1769,development,USD
1770,development,USD
1771,future_holdout,USD
1772,development,USD
1773,future_holdout,USD
1774,future_holdout,USD
1775,validation,USD
1776,development,USD
1777,development,USD
1778,validation,USD
1779,future_holdout,USD
1780,validation,USD
1781,development,USD
1782,validation,USD
1783,future_holdout,USD
1784,development,USD
1785,development,USD
1786,development,USD
1787,development,USD
1788,development,USD
1789,development,USD
1790,validation,USD
1791,development,USD
1792,future_holdout,USD
1793,future_holdout,USD
1794,development,USD
1795,development,USD
1796,validation,USD
1797,future_holdout,USD
1798,future_holdout,USD
1799,future_holdout,USD
1800,development,USD
1801,development,USD
1802,validation,USD
1803,development,USD
1804,future_holdout,USD
1805,development,USD
1806,development,USD
1807,future_holdout,USD
1808,validation,USD
1809,development,USD
1810,validation,USD
1811,development,USD
1812,development,USD
1813,development,USD
1814,validation,USD
1815,development,USD
1816,development,USD
1817,validation,USD
1818,development,USD
1819,development,USD
1820,future_holdout,USD
1821,future_holdout,USD
1822,validation,USD
1823,validation,USD
1824,future_holdout,USD
1825,development,USD
1826,development,USD
1827,development,USD
1828,development,USD
1829,future_holdout,USD
1830,future_holdout,USD
1831,development,USD
1832,development,USD
1833,validation,USD
1834,validation,USD
1835,validation,USD
1836,future_holdout,USD
1837,future_holdout,USD
1838,development,USD
1839,development,USD
1840,validation,USD
1841,development,USD
1842,development,USD
1843,future_holdout,USD
1844,future_holdout,USD
1845,validation,USD
1846,development,USD
1847,validation,USD
1848,future_holdout,USD
1849,development,USD
1850,development,USD
1851,development,USD
1852,development,USD
1853,development,USD
1854,development,USD
1855,future_holdout,USD
1856,development,USD
1857,future_holdout,USD
1858,development,USD
1859,development,USD
1860,future_holdout,USD
1861,validation,USD
1862,future_holdout,USD
1863,development,USD
1864,development,USD
1865,development,USD
1866,future_holdout,USD
1867,development,USD
1868,development,USD
1869,development,USD
1870,development,USD
1871,development,USD
1872,future_holdout,USD
1873,development,USD
1874,development,USD
1875,future_holdout,USD
1876,development,USD
1877,development,USD
1878,development,USD
1879,development,USD
1880,validation,USD
1881,development,USD
1882,validation,USD
1883,validation,USD
1884,development,USD
1885,validation,USD
1886,validation,USD
1887,development,USD
1888,future_holdout,USD
1889,validation,USD
1890,development,USD
1891,future_holdout,USD
1892,development,USD
1893,development,USD
1894,validation,USD
1895,future_holdout,USD
1896,development,USD
1897,future_holdout,USD
1898,validation,USD
1899,future_holdout,USD
1900,future_holdout,USD
1901,validation,USD
1902,development,USD
1903,development,USD
1904,validation,USD
1905,validation,USD
1906,validation,USD
1907,validation,USD
1908,validation,USD
1909,development,USD
1910,development,USD
1911,development,USD
1912,future_holdout,USD
1913,development,USD
1914,development,USD
1915,validation,USD
1916,development,USD
1917,future_holdout,USD
1918,development,USD
1919,development,USD
1920,development,USD
1921,future_holdout,USD
1922,development,USD
1923,development,USD
1924,development,USD
1925,future_holdout,USD
1926,development,USD
1927,validation,USD
1928,validation,USD
1929,development,USD
1930,future_holdout,USD
1931,future_holdout,USD
1932,future_holdout,USD
1933,validation,USD
1934,validation,USD
1935,development,USD
1936,development,USD
1937,development,USD
1938,validation,USD
1939,validation,USD
1940,development,USD
1941,development,USD
1942,development,USD
1943,validation,USD
1944,validation,USD
1945,development,USD
1946,future_holdout,USD
1947,development,USD
1948,development,USD
1949,development,USD
1950,development,USD
1951,development,USD
1952,validation,USD
1953,development,USD
1954,development,USD
1955,development,USD
1956,future_holdout,USD
1957,development,USD
1958,validation,USD
1959,development,USD
1960,development,USD
1961,validation,USD
1962,development,USD
1963,validation,USD
1964,development,USD
1965,future_holdout,USD
1966,development,USD
1967,future_holdout,USD
1968,development,USD
1969,future_holdout,USD
1970,development,USD
1971,future_holdout,USD
1972,development,USD
1973,development,USD
1974,future_holdout,USD
1975,development,USD
1976,development,USD
1977,validation,USD
1978,development,USD
1979,validation,USD
1980,development,USD
1981,development,USD
1982,validation,USD
1983,development,USD
1984,validation,USD
1985,development,USD
1986,development,USD
1987,development,USD
1988,development,USD
1989,validation,USD
1990,validation,USD
1991,future_holdout,USD
1992,development,USD
1993,validation,USD
1994,development,USD
1995,validation,USD
1996,future_holdout,USD
1997,development,USD
1998,development,USD
1999,development,USD
2000,future_holdout,USD
2001,validation,USD
2002,development,USD
2003,development,USD
2004,development,USD
2005,future_holdout,USD
2006,development,USD
2007,future_holdout,USD
2008,validation,USD
2009,validation,USD
2010,development,USD
2011,future_holdout,USD
2012,future_holdout,USD
2013,development,USD
2014,future_holdout,USD
2015,development,USD
2016,development,USD
2017,future_holdout,USD
2018,development,USD
2019,future_holdout,USD
2020,validation,USD
2021,validation,USD
2022,validation,USD
2023,development,USD
2024,development,USD
2025,development,USD
2026,development,USD
2027,development,USD
2028,validation,USD
2029,future_holdout,USD
2030,development,USD
2031,future_holdout,USD
2032,development,USD
2033,development,USD
2034,development,USD
2035,development,USD
2036,future_holdout,USD
2037,validation,USD
2038,development,USD
2039,development,USD
2040,future_holdout,USD
2041,development,USD
2042,future_holdout,USD
2043,development,USD
2044,future_holdout,USD
2045,future_holdout,USD
2046,validation,USD
2047,development,USD
2048,validation,USD
2049,validation,USD
2050,development,USD
2051,development,USD
2052,future_holdout,USD
2053,development,USD
2054,validation,USD
2055,development,USD
2056,development,USD
2057,development,USD
2058,development,USD
2059,development,USD
2060,development,USD
2061,development,USD
2062,validation,USD
2063,development,USD
2064,development,USD
2065,development,USD
2066,validation,USD
2067,validation,USD
2068,future_holdout,USD
2069,development,USD
2070,future_holdout,USD
2071,development,USD
2072,future_holdout,USD
2073,future_holdout,USD
2074,development,USD
2075,validation,USD
2076,validation,USD
2077,development,USD
2078,development,USD
2079,development,USD
2080,validation,USD
2081,development,USD
2082,future_holdout,USD
2083,development,USD
2084,validation,USD
2085,future_holdout,USD
2086,development,USD
2087,validation,USD
2088,development,USD
2089,future_holdout,USD
2090,future_holdout,USD
2091,validation,USD
2092,development,USD
2093,validation,USD
2094,future_holdout,USD
2095,validation,USD
2096,future_holdout,USD
2097,validation,USD
2098,future_holdout,USD
2099,validation,USD
2100,future_holdout,USD
2101,future_holdout,USD
2102,future_holdout,USD
2103,validation,USD
2104,development,USD
2105,development,USD
2106,development,USD
2107,future_holdout,USD
2108,development,USD
2109,development,USD
2110,future_holdout,USD
2111,future_holdout,USD
2112,development,USD
2113,development,USD
2114,development,USD
2115,development,USD
2116,development,USD
2117,development,USD
2118,future_holdout,USD
2119,validation,USD
2120,development,USD
2121,development,USD
2122,development,USD
2123,development,USD
2124,development,USD
2125,development,USD
2126,development,USD
2127,validation,USD
2128,development,USD
2129,development,USD
2130,development,USD
2131,development,USD
2132,future_holdout,USD
2133,future_holdout,USD
2134,future_holdout,USD
2135,development,USD
2136,validation,USD
2137,future_holdout,USD
2138,development,USD
2139,development,USD
2140,validation,USD
2141,future_holdout,USD
2142,development,USD
2143,development,USD
2144,development,USD
2145,validation,USD
2146,development,USD
2147,future_holdout,USD
2148,development,USD
2149,future_holdout,USD
2150,future_holdout,USD
2151,validation,USD
2152,future_holdout,USD
2153,development,USD
2154,development,USD
2155,development,USD
2156,validation,USD
2157,future_holdout,USD
2158,validation,USD
2159,validation,USD
2160,validation,USD
2161,validation,USD
2162,development,USD
2163,future_holdout,USD
2164,validation,USD
2165,development,USD
2166,validation,USD
2167,future_holdout,USD
2168,development,USD
2169,validation,USD
2170,development,USD
2171,validation,USD
2172,development,USD
2173,future_holdout,USD
2174,future_holdout,USD
2175,future_holdout,USD
2176,validation,USD
2177,development,USD
2178,future_holdout,USD
2179,validation,USD
2180,development,USD
2181,development,USD
2182,future_holdout,USD
2183,future_holdout,USD
2184,future_holdout,USD
2185,development,USD
2186,validation,USD
2187,development,USD
2188,development,USD
2189,validation,USD
2190,development,USD
2191,future_holdout,USD
2192,development,USD
2193,development,USD
2194,development,USD
2195,development,USD
2196,development,USD
2197,development,USD
2198,validation,USD
2199,development,USD
2200,validation,USD
2201,development,USD
2202,development,USD
2203,future_holdout,USD
2204,development,USD
2205,development,USD
2206,development,USD
2207,development,USD
2208,development,USD
2209,development,USD
2210,validation,USD
2211,future_holdout,USD
2212,development,USD
2213,development,USD
2214,future_holdout,USD
2215,future_holdout,USD
2216,validation,USD
2217,development,USD
2218,development,USD
2219,validation,USD
2220,development,USD
2221,development,USD
2222,development,USD
2223,development,USD
2224,development,USD
2225,development,USD
2226,validation,USD
2227,validation,USD
2228,future_holdout,USD
2229,development,USD
2230,future_holdout,USD
2231,development,USD
2232,development,USD
2233,validation,USD
2234,validation,USD
2235,development,USD
2236,future_holdout,USD
2237,validation,USD
2238,future_holdout,USD
2239,future_holdout,USD
2240,development,USD
2241,development,USD
2242,development,USD
2243,future_holdout,USD
2244,development,USD
2245,future_holdout,USD
2246,future_holdout,USD
2247,validation,USD
2248,validation,USD
2249,development,USD
2250,development,USD
2251,development,USD
2252,development,USD
2253,development,USD
2254,validation,USD
2255,development,USD
2256,development,USD
2257,validation,USD
2258,development,USD
2259,development,USD
2260,development,USD
2261,validation,USD
2262,development,USD
2263,development,USD
2264,development,USD
2265,development,USD
2266,validation,USD
2267,future_holdout,USD
2268,development,USD
2269,development,USD
2270,validation,USD
2271,development,USD
2272,future_holdout,USD
2273,validation,USD
2274,future_holdout,USD
2275,development,USD
2276,validation,USD
2277,future_holdout,USD
2278,future_holdout,USD
2279,validation,USD
2280,future_holdout,USD
2281,validation,USD
2282,development,USD
2283,future_holdout,USD
2284,development,USD
2285,future_holdout,USD
2286,development,USD
2287,development,USD
2288,development,USD
2289,future_holdout,USD
2290,validation,USD
2291,development,USD
2292,development,USD
2293,future_holdout,USD
2294,validation,USD
2295,future_holdout,USD
2296,development,USD
2297,future_holdout,USD
2298,validation,USD
2299,future_holdout,USD
2300,validation,USD
2301,validation,USD
2302,validation,USD
2303,future_holdout,USD
2304,future_holdout,USD
2305,validation,USD
2306,future_holdout,USD
2307,development,USD
2308,development,USD
2309,development,USD
2310,development,USD
2311,development,USD
2312,future_holdout,USD
2313,development,USD
2314,development,USD
2315,development,USD
2316,development,USD
2317,development,USD
2318,validation,USD
2319,development,USD
2320,future_holdout,USD
2321,development,USD
2322,validation,USD
2323,validation,USD
2324,validation,USD
2325,development,USD
2326,future_holdout,USD
2327,future_holdout,USD
2328,future_holdout,USD
2329,future_holdout,USD
2330,validation,USD
2331,development,USD
2332,future_holdout,USD
2333,development,USD
2334,future_holdout,USD
2335,development,USD
2336,development,USD
2337,development,USD
2338,future_holdout,USD
2339,development,USD
2340,future_holdout,USD
2341,future_holdout,USD
2342,development,USD
2343,development,USD
2344,development,USD
2345,validation,USD
2346,development,USD
2347,development,USD
2348,future_holdout,USD
2349,future_holdout,USD
2350,validation,USD
2351,development,USD
2352,development,USD
2353,future_holdout,USD
2354,development,USD
2355,development,USD
2356,development,USD
2357,development,USD
2358,validation,USD
2359,development,USD
2360,development,USD
2361,validation,USD
2362,future_holdout,USD
2363,future_holdout,USD
2364,validation,USD
2365,development,USD
2366,future_holdout,USD
2367,validation,USD
2368,development,USD
2369,development,USD
2370,development,USD
2371,validation,USD
2372,validation,USD
2373,development,USD
2374,future_holdout,USD
2375,development,USD
2376,validation,USD
2377,future_holdout,USD
2378,development,USD
2379,development,USD
2380,future_holdout,USD
2381,validation,USD
2382,future_holdout,USD
2383,development,USD
2384,future_holdout,USD
2385,development,USD
2386,development,USD
2387,future_holdout,USD
2388,development,USD
2389,development,USD
2390,validation,USD
2391,development,USD
2392,development,USD
2393,future_holdout,USD
2394,development,USD
2395,development,USD
2396,validation,USD
2397,development,USD
2398,validation,USD
2399,validation,USD
2400,future_holdout,USD
2401,development,USD
2402,future_holdout,USD
2403,development,USD
2404,validation,USD
2405,development,USD
2406,development,USD
2407,validation,USD
2408,future_holdout,USD
2409,development,USD
2410,development,USD
2411,future_holdout,USD
2412,future_holdout,USD
2413,development,USD
2414,development,USD
2415,development,USD
2416,validation,USD
2417,future_holdout,USD
2418,validation,USD
2419,future_holdout,USD
2420,development,USD
2421,future_holdout,USD
2422,development,USD
2423,development,USD
2424,development,USD
2425,development,USD
2426,development,USD
2427,future_holdout,USD
2428,development,USD
2429,validation,USD
2430,validation,USD
2431,development,USD
2432,development,USD
2433,future_holdout,USD
2434,future_holdout,USD
2435,validation,USD
2436,validation,USD
2437,future_holdout,USD
2438,development,USD
2439,validation,USD
2440,validation,USD
2441,future_holdout,USD
2442,development,USD
2443,development,USD
2444,future_holdout,USD
2445,development,USD
2446,development,USD
2447,validation,USD
2448,development,USD
2449,future_holdout,USD
2450,development,USD
2451,future_holdout,USD
2452,development,USD
2453,development,USD
2454,development,USD
2455,development,USD
2456,validation,USD
2457,development,USD
2458,future_holdout,USD
2459,development,USD
2460,future_holdout,USD
2461,development,USD
2462,future_holdout,USD
2463,development,USD
2464,validation,USD
2465,future_holdout,USD
2466,validation,USD
2467,future_holdout,USD
2468,validation,USD
2469,development,USD
2470,development,USD
2471,development,USD
2472,development,USD
2473,development,USD
2474,development,USD
2475,validation,USD
2476,development,USD
2477,development,USD
2478,validation,USD
2479,development,USD
2480,validation,USD
2481,development,USD
2482,development,USD
2483,development,USD
2484,future_holdout,USD
2485,validation,USD
2486,validation,USD
2487,development,USD
2488,development,USD
2489,development,USD
2490,development,USD
2491,development,USD
2492,development,USD
2493,validation,USD
2494,future_holdout,USD
2495,validation,USD
2496,development,USD
2497,future_holdout,USD
2498,validation,USD
2499,development,USD
2500,validation,USD
2501,development,USD
2502,validation,USD
2503,validation,USD
2504,validation,USD
2505,future_holdout,USD
2506,development,USD
2507,validation,USD
2508,validation,USD
2509,development,USD
2510,development,USD
2511,future_holdout,USD
2512,future_holdout,USD
2513,future_holdout,USD
2514,development,USD
2515,development,USD
2516,future_holdout,USD
2517,validation,USD
2518,development,USD
2519,validation,USD
2520,validation,USD
2521,development,USD
2522,development,USD
2523,future_holdout,USD
2524,validation,USD
2525,development,USD
2526,development,USD
2527,development,USD
2528,development,USD
2529,validation,USD
2530,future_holdout,USD
2531,future_holdout,USD
2532,validation,USD
2533,future_holdout,USD
2534,development,USD
2535,development,USD
2536,validation,USD
2537,development,USD
2538,validation,USD
2539,development,USD
2540,future_holdout,USD
2541,future_holdout,USD
2542,validation,USD
2543,validation,USD
2544,development,USD
2545,development,USD
2546,future_holdout,USD
2547,future_holdout,USD
2548,future_holdout,USD
2549,development,USD
2550,validation,USD
2551,future_holdout,USD
2552,development,USD
2553,development,USD
2554,validation,USD
2555,development,USD
2556,development,USD
2557,future_holdout,USD
2558,future_holdout,USD
2559,development,USD
2560,development,USD
2561,future_holdout,USD
2562,development,USD
2563,development,USD
2564,development,USD
2565,future_holdout,USD
2566,future_holdout,USD
2567,validation,USD
2568,future_holdout,USD
2569,development,USD
2570,development,USD
2571,development,USD
2572,development,USD
2573,development,USD
2574,development,USD
2575,development,USD
2576,validation,USD
2577,development,USD
2578,future_holdout,USD
2579,development,USD
2580,validation,USD
2581,validation,USD
2582,validation,USD
2583,validation,USD
2584,future_holdout,USD
2585,development,USD
2586,development,USD
2587,development,USD
2588,development,USD
2589,development,USD
2590,validation,USD
2591,development,USD
2592,validation,USD
2593,future_holdout,USD
2594,future_holdout,USD
2595,future_holdout,USD
2596,future_holdout,USD
2597,development,USD
2598,future_holdout,USD
2599,validation,USD
2600,development,USD
2601,future_holdout,USD
2602,development,USD
2603,validation,USD
2604,future_holdout,USD
2605,development,USD
2606,future_holdout,USD
2607,development,USD
2608,development,USD
2609,development,USD
2610,future_holdout,USD
2611,development,USD
2612,development,USD
2613,validation,USD
2614,development,USD
2615,future_holdout,USD
2616,validation,USD
2617,development,USD
2618,validation,USD
2619,development,USD
2620,future_holdout,USD
2621,future_holdout,USD
2622,development,USD
2623,validation,USD
2624,validation,USD
2625,development,USD
2626,development,USD
2627,future_holdout,USD
2628,development,USD
2629,validation,USD
2630,development,USD
2631,validation,USD
2632,development,USD
2633,development,USD
2634,development,USD
2635,development,USD
2636,future_holdout,USD
2637,development,USD
2638,development,USD
2639,future_holdout,USD
2640,development,USD
2641,development,USD
2642,validation,USD
2643,future_holdout,USD
2644,future_holdout,USD
2645,validation,USD
2646,development,USD
2647,development,USD
2648,development,USD
2649,future_holdout,USD
2650,validation,USD
2651,development,USD
2652,development,USD
2653,development,USD
2654,development,USD
2655,validation,USD
2656,development,USD
2657,development,USD
2658,future_holdout,USD
2659,future_holdout,USD
2660,development,USD
2661,future_holdout,USD
2662,future_holdout,USD
2663,future_holdout,USD
2664,development,USD
2665,validation,USD
2666,development,USD
2667,development,USD
2668,validation,USD
2669,development,USD
2670,development,USD
2671,development,USD
2672,future_holdout,USD
2673,future_holdout,USD
2674,future_holdout,USD
2675,validation,USD
2676,future_holdout,USD
2677,validation,USD
2678,validation,USD
2679,development,USD
2680,development,USD
2681,validation,USD
2682,future_holdout,USD
2683,development,USD
2684,development,USD
2685,development,USD
2686,development,USD
2687,future_holdout,USD
2688,validation,USD
2689,future_holdout,USD
2690,validation,USD
2691,validation,USD
2692,validation,USD
2693,development,USD
2694,development,USD
2695,development,USD
2696,development,USD
2697,validation,USD
2698,future_holdout,USD
2699,development,USD
2700,development,USD
2701,development,USD
2702,development,USD
2703,development,USD
2704,development,USD
2705,future_holdout,USD
2706,development,USD
2707,future_holdout,USD
2708,development,USD
2709,development,USD
2710,development,USD
2711,validation,USD
2712,validation,USD
2713,future_holdout,USD
2714,future_holdout,USD
2715,development,USD
2716,development,USD
2717,future_holdout,USD
2718,development,USD
2719,development,USD
2720,future_holdout,USD
2721,development,USD
2722,development,USD
2723,validation,USD
2724,development,USD
2725,validation,USD
2726,future_holdout,USD
2727,future_holdout,USD
2728,development,USD
2729,validation,USD
2730,development,USD
2731,future_holdout,USD
2732,development,USD
2733,development,USD
2734,development,USD
2735,development,USD
2736,development,USD
2737,future_holdout,USD
2738,validation,USD
2739,development,USD
2740,future_holdout,USD
2741,development,USD
2742,future_holdout,USD
2743,development,USD
2744,future_holdout,USD
2745,future_holdout,USD
2746,validation,USD
2747,development,USD
2748,validation,USD
2749,validation,USD
2750,development,USD
2751,validation,USD
2752,development,USD
2753,development,USD
2754,development,USD
2755,future_holdout,USD
2756,validation,USD
2757,development,USD
2758,future_holdout,USD
2759,development,USD
2760,future_holdout,USD
2761,development,USD
2762,validation,USD
2763,future_holdout,USD
2764,validation,USD
2765,validation,USD
2766,development,USD
2767,validation,USD
2768,development,USD
2769,validation,USD
2770,development,USD
2771,validation,USD
2772,future_holdout,USD
2773,future_holdout,USD
2774,development,USD
2775,development,USD
2776,development,USD
2777,validation,USD
2778,validation,USD
2779,future_holdout,USD
2780,development,USD
2781,development,USD
2782,future_holdout,USD
2783,development,USD
2784,validation,USD
2785,future_holdout,USD
2786,development,USD
2787,development,USD
2788,validation,USD
2789,development,USD
2790,development,USD
2791,future_holdout,USD
2792,validation,USD
2793,development,USD
2794,development,USD
2795,development,USD
2796,future_holdout,USD
2797,development,USD
2798,validation,USD
2799,future_holdout,USD
2800,development,USD
2801,validation,USD
2802,validation,USD
2803,validation,USD
2804,development,USD
2805,future_holdout,USD
2806,validation,USD
2807,validation,USD
2808,future_holdout,USD
2809,future_holdout,USD
2810,validation,USD
2811,validation,USD
2812,validation,USD
2813,validation,USD
2814,development,USD
2815,development,USD
2816,validation,USD
2817,validation,USD
2818,validation,USD
2819,validation,USD
2820,development,USD
2821,validation,USD
2822,future_holdout,USD
2823,development,USD
2824,future_holdout,USD
2825,development,USD
2826,future_holdout,USD
2827,development,USD
2828,development,USD
2829,development,USD
2830,development,USD
2831,future_holdout,USD
2832,validation,USD
2833,future_holdout,USD
2834,development,USD
2835,validation,USD
2836,development,USD
2837,validation,USD
2838,future_holdout,USD
2839,development,USD
2840,future_holdout,USD
2841,validation,USD
2842,development,USD
2843,validation,USD
2844,development,USD
2845,development,USD
2846,future_holdout,USD
2847,validation,USD
2848,future_holdout,USD
2849,development,USD
2850,future_holdout,USD
2851,validation,USD
2852,development,USD
2853,development,USD
2854,future_holdout,USD
2855,development,USD
2856,future_holdout,USD
2857,future_holdout,USD
2858,future_holdout,USD
2859,validation,USD
2860,validation,USD
2861,future_holdout,USD
2862,development,USD
2863,development,USD
2864,development,USD
2865,future_holdout,USD
2866,future_holdout,USD
2867,validation,USD
2868,future_holdout,USD
2869,development,USD
2870,future_holdout,USD
2871,future_holdout,USD
2872,validation,USD
2873,future_holdout,USD
2874,future_holdout,USD
2875,future_holdout,USD
2876,development,USD
2877,validation,USD
2878,validation,USD
2879,future_holdout,USD
2880,validation,USD
2881,validation,USD
2882,future_holdout,USD
2883,development,USD
2884,validation,USD
2885,future_holdout,USD
2886,future_holdout,USD
2887,development,USD
2888,development,USD
2889,future_holdout,USD
2890,validation,USD
2891,validation,USD
2892,future_holdout,USD
2893,development,USD
2894,development,USD
2895,validation,USD
2896,future_holdout,USD
2897,development,USD
2898,development,USD
2899,development,USD
2900,development,USD
2901,future_holdout,USD
2902,validation,USD
2903,development,USD
2904,development,USD
2905,development,USD
2906,validation,USD
2907,development,USD
2908,development,USD
2909,development,USD
2910,development,USD
2911,future_holdout,USD
2912,development,USD
2913,future_holdout,USD
2914,development,USD
2915,development,USD
2916,validation,USD
2917,development,USD
2918,development,USD
2919,development,USD
2920,development,USD
2921,future_holdout,USD
2922,validation,USD
2923,future_holdout,USD
2924,validation,USD
2925,validation,USD
2926,development,USD
2927,validation,USD
2928,development,USD
2929,future_holdout,USD
2930,development,USD
2931,development,USD
2932,development,USD
2933,development,USD
2934,future_holdout,USD
2935,future_holdout,USD
2936,future_holdout,USD
2937,development,USD
2938,validation,USD
2939,development,USD
2940,development,USD
2941,future_holdout,USD
2942,future_holdout,USD
2943,validation,USD
2944,development,USD
2945,validation,USD
2946,validation,USD
2947,development,USD
2948,development,USD
2949,future_holdout,USD
2950,future_holdout,USD
2951,development,USD
2952,development,USD
2953,validation,USD
2954,development,USD
2955,development,USD
2956,validation,USD
2957,future_holdout,USD
2958,development,USD
2959,development,USD
2960,future_holdout,USD
2961,future_holdout,USD
2962,development,USD
2963,future_holdout,USD
2964,development,USD
2965,development,USD
2966,validation,USD
2967,development,USD
2968,development,USD
2969,validation,USD
2970,development,USD
2971,validation,USD
2972,future_holdout,USD
2973,future_holdout,USD
2974,development,USD
2975,future_holdout,USD
2976,validation,USD
2977,future_holdout,USD
2978,development,USD
2979,future_holdout,USD
2980,development,USD
2981,validation,USD
2982,future_holdout,USD
2983,development,USD
2984,development,USD
2985,development,USD
2986,validation,USD
2987,validation,USD
2988,development,USD
2989,validation,USD
2990,future_holdout,USD
2991,development,USD
2992,development,USD
2993,future_holdout,USD
2994,development,USD
2995,future_holdout,USD
2996,development,USD
2997,development,USD
2998,development,USD
2999,development,USD
3000,validation,USD
3001,development,USD
3002,validation,USD
3003,development,USD
3004,development,USD
3005,development,USD
3006,validation,USD
3007,validation,USD
3008,development,USD
3009,development,USD
3010,development,USD
3011,development,USD
3012,development,USD
3013,development,USD
3014,future_holdout,USD
3015,validation,USD
3016,development,USD
3017,validation,USD
3018,validation,USD
3019,future_holdout,USD
3020,future_holdout,USD
3021,future_holdout,USD
3022,future_holdout,USD
3023,development,USD
3024,validation,USD
3025,future_holdout,USD
3026,validation,USD
3027,future_holdout,USD
3028,future_holdout,USD
3029,development,USD
3030,development,USD
3031,future_holdout,USD
3032,validation,USD
3033,validation,USD
3034,future_holdout,USD
3035,development,USD
3036,validation,USD
3037,validation,USD
3038,future_holdout,USD
3039,validation,USD
3040,development,USD
3041,development,USD
3042,future_holdout,USD
3043,future_holdout,USD
3044,validation,USD
3045,development,USD
3046,validation,USD
3047,validation,USD
3048,development,USD
3049,development,USD
3050,future_holdout,USD
3051,development,USD
3052,future_holdout,USD
3053,development,USD
3054,future_holdout,USD
3055,development,USD
3056,development,USD
3057,development,USD
3058,future_holdout,USD
3059,development,USD
3060,future_holdout,USD
3061,validation,USD
3062,validation,USD
3063,development,USD
3064,future_holdout,USD
3065,future_holdout,USD
3066,development,USD
3067,future_holdout,USD
3068,future_holdout,USD
3069,future_holdout,USD
3070,development,USD
3071,future_holdout,USD
3072,development,USD
3073,validation,USD
3074,future_holdout,USD
3075,development,USD
3076,future_holdout,USD
3077,future_holdout,USD
3078,future_holdout,USD
3079,development,USD
3080,development,USD
3081,validation,USD
3082,development,USD
3083,validation,USD
3084,future_holdout,USD
3085,future_holdout,USD
3086,validation,USD
3087,development,USD
3088,development,USD
3089,validation,USD
3090,development,USD
3091,future_holdout,USD
3092,development,USD
3093,validation,USD
3094,validation,USD
3095,development,USD
3096,future_holdout,USD
3097,development,USD
3098,future_holdout,USD
3099,development,USD
3100,future_holdout,USD
3101,validation,USD
3102,validation,USD
3103,future_holdout,USD
3104,development,USD
3105,validation,USD
3106,development,USD
3107,development,USD
3108,future_holdout,USD
3109,development,USD
3110,validation,USD
3111,future_holdout,USD
3112,future_holdout,USD
3113,development,USD
3114,validation,USD
3115,validation,USD
3116,development,USD
3117,development,USD
3118,development,USD
3119,development,USD
3120,future_holdout,USD
3121,validation,USD
3122,validation,USD
3123,development,USD
3124,development,USD
3125,development,USD
3126,development,USD
3127,validation,USD
3128,development,USD
3129,development,USD
3130,development,USD
3131,validation,USD
3132,development,USD
3133,future_holdout,USD
3134,development,USD
3135,development,USD
3136,future_holdout,USD
3137,validation,USD
3138,future_holdout,USD
3139,future_holdout,USD
3140,development,USD
3141,development,USD
3142,future_holdout,USD
3143,validation,USD
3144,development,USD
3145,future_holdout,USD
3146,development,USD
3147,development,USD
3148,validation,USD
3149,future_holdout,USD
3150,development,USD
3151,future_holdout,USD
3152,future_holdout,USD
3153,validation,USD
3154,development,USD
3155,validation,USD
3156,validation,USD
3157,validation,USD
3158,development,USD
3159,future_holdout,USD
3160,validation,USD
3161,development,USD
3162,future_holdout,USD
3163,future_holdout,USD
3164,validation,USD
3165,development,USD
3166,validation,USD
3167,validation,USD
3168,development,USD
3169,development,USD
3170,future_holdout,USD
3171,development,USD
3172,validation,USD
3173,development,USD
3174,validation,USD
3175,development,USD
3176,validation,USD
3177,validation,USD
3178,future_holdout,USD
3179,development,USD
3180,development,USD
3181,development,USD
3182,development,USD
3183,validation,USD
3184,development,USD
3185,development,USD
3186,validation,USD
3187,development,USD
3188,development,USD
3189,validation,USD
3190,development,USD
3191,validation,USD
3192,development,USD
3193,validation,USD
3194,development,USD
3195,development,USD
3196,development,USD
3197,validation,USD
3198,future_holdout,USD
3199,validation,USD
3200,validation,USD
3201,future_holdout,USD
3202,validation,USD
3203,development,USD
3204,future_holdout,USD
3205,development,USD
3206,future_holdout,USD
3207,future_holdout,USD
3208,future_holdout,USD
3209,development,USD
3210,development,USD
3211,future_holdout,USD
3212,validation,USD
3213,validation,USD
3214,validation,USD
3215,future_holdout,USD
3216,validation,USD
3217,future_holdout,USD
3218,development,USD
3219,development,USD
3220,validation,USD
3221,development,USD
3222,development,USD
3223,development,USD
3224,development,USD
3225,development,USD
3226,validation,USD
3227,development,USD
3228,future_holdout,USD
3229,development,USD
3230,development,USD
3231,development,USD
3232,development,USD
3233,validation,USD
3234,development,USD
3235,development,USD
3236,development,USD
3237,development,USD
3238,development,USD
3239,future_holdout,USD
3240,development,USD
3241,validation,USD
3242,future_holdout,USD
3243,development,USD
3244,development,USD
3245,development,USD
3246,validation,USD
3247,validation,USD
3248,future_holdout,USD
3249,future_holdout,USD
3250,development,USD
3251,validation,USD
3252,future_holdout,USD
3253,development,USD
3254,development,USD
3255,development,USD
3256,development,USD
3257,development,USD
3258,validation,USD
3259,validation,USD
3260,development,USD
3261,future_holdout,USD
3262,development,USD
3263,development,USD
3264,future_holdout,USD
3265,validation,USD
3266,development,USD
3267,development,USD
3268,development,USD
3269,development,USD
3270,development,USD
3271,future_holdout,USD
3272,future_holdout,USD
3273,development,USD
3274,validation,USD
3275,development,USD
3276,validation,USD
3277,development,USD
3278,development,USD
3279,future_holdout,USD
3280,validation,USD
3281,future_holdout,USD
3282,development,USD
3283,development,USD
3284,validation,USD
3285,future_holdout,USD
3286,development,USD
3287,development,USD
3288,development,USD
3289,validation,USD
3290,development,USD
3291,future_holdout,USD
3292,future_holdout,USD
3293,development,USD
3294,development,USD
3295,development,USD
3296,development,USD
3297,validation,USD
3298,development,USD
3299,validation,USD
3300,development,USD
3301,development,USD
3302,development,USD
3303,validation,USD
3304,development,USD
3305,development,USD
3306,validation,USD
3307,validation,USD
3308,development,USD
3309,development,USD
3310,development,USD
3311,validation,USD
3312,validation,USD
3313,validation,USD
3314,future_holdout,USD
3315,development,USD
3316,development,USD
3317,development,USD
3318,future_holdout,USD
3319,development,USD
3320,development,USD
3321,development,USD
3322,validation,USD
3323,future_holdout,USD
3324,development,USD
3325,future_holdout,USD
3326,development,USD
3327,validation,USD
3328,future_holdout,USD
3329,development,USD
3330,development,USD
3331,future_holdout,USD
3332,future_holdout,USD
3333,validation,USD
3334,development,USD
3335,development,USD
3336,future_holdout,USD
3337,development,USD
3338,future_holdout,USD
3339,development,USD
3340,future_holdout,USD
3341,validation,USD
3342,validation,USD
3343,future_holdout,USD
3344,future_holdout,USD
3345,development,USD
3346,validation,USD
3347,development,USD
3348,future_holdout,USD
3349,development,USD
3350,development,USD
3351,future_holdout,USD
3352,validation,USD
3353,development,USD
3354,future_holdout,USD
3355,development,USD
3356,development,USD
3357,development,USD
3358,development,USD
3359,development,USD
3360,development,USD
3361,future_holdout,USD
3362,development,USD
3363,development,USD
3364,development,USD
3365,development,USD
3366,development,USD
3367,development,USD
3368,future_holdout,USD
3369,validation,USD
3370,development,USD
3371,development,USD
3372,future_holdout,USD
3373,validation,USD
3374,development,USD
3375,development,USD
3376,future_holdout,USD
3377,development,USD
3378,validation,USD
3379,validation,USD
3380,future_holdout,USD
3381,development,USD
3382,development,USD
3383,development,USD
3384,development,USD
3385,future_holdout,USD
3386,development,USD
3387,validation,USD
3388,validation,USD
3389,development,USD
3390,development,USD
3391,development,USD
3392,development,USD
3393,development,USD
3394,development,USD
3395,development,USD
3396,validation,USD
3397,validation,USD
3398,development,USD
3399,future_holdout,USD
3400,validation,USD
3401,development,USD
3402,development,USD
3403,development,USD
3404,validation,USD
3405,development,USD
3406,development,USD
3407,validation,USD
3408,development,USD
3409,development,USD
3410,future_holdout,USD
3411,development,USD
3412,development,USD
3413,validation,USD
3414,development,USD
3415,development,USD
3416,future_holdout,USD
3417,development,USD
3418,future_holdout,USD
3419,future_holdout,USD
3420,validation,USD
3421,development,USD
3422,future_holdout,USD
3423,future_holdout,USD
3424,development,USD
3425,validation,USD
3426,development,USD
3427,future_holdout,USD
3428,future_holdout,USD
3429,future_holdout,USD
3430,validation,USD
3431,development,USD
3432,development,USD
3433,development,USD
3434,future_holdout,USD
3435,development,USD
3436,development,USD
3437,development,USD
3438,validation,USD
3439,development,USD
3440,future_holdout,USD
3441,validation,USD
3442,validation,USD
3443,future_holdout,USD
3444,validation,USD
3445,future_holdout,USD
3446,future_holdout,USD
3447,development,USD
3448,development,USD
3449,future_holdout,USD
3450,future_holdout,USD
3451,development,USD
3452,future_holdout,USD
3453,development,USD
3454,future_holdout,USD
3455,validation,USD
3456,development,USD
3457,development,USD
3458,development,USD
3459,future_holdout,USD
3460,future_holdout,USD
3461,validation,USD
3462,development,USD
3463,development,USD
3464,development,USD
3465,development,USD
3466,validation,USD
3467,validation,USD
3468,validation,USD
3469,development,USD
3470,validation,USD
3471,validation,USD
3472,development,USD
3473,validation,USD
3474,development,USD
3475,development,USD
3476,validation,USD
3477,development,USD
3478,validation,USD
3479,development,USD
3480,validation,USD
3481,future_holdout,USD
3482,validation,USD
3483,development,USD
3484,validation,USD
3485,future_holdout,USD
3486,development,USD
3487,development,USD
3488,development,USD
3489,validation,USD
3490,development,USD
3491,development,USD
3492,development,USD
3493,future_holdout,USD
3494,development,USD
3495,development,USD
3496,development,USD
3497,validation,USD
3498,validation,USD
3499,development,USD
3500,validation,USD
3501,development,USD
3502,validation,USD
3503,validation,USD
3504,development,USD
3505,development,USD
3506,development,USD
3507,validation,USD
3508,development,USD
3509,development,USD
3510,validation,USD
3511,validation,USD
3512,validation,USD
3513,future_holdout,USD
3514,development,USD
3515,development,USD
3516,future_holdout,USD
3517,validation,USD
3518,future_holdout,USD
3519,validation,USD
3520,future_holdout,USD
3521,development,USD
3522,future_holdout,USD
3523,development,USD
3524,development,USD
3525,development,USD
3526,validation,USD
3527,validation,USD
3528,development,USD
3529,future_holdout,USD
3530,development,USD
3531,development,USD
3532,development,USD
3533,development,USD
3534,development,USD
3535,development,USD
3536,development,USD
3537,development,USD
3538,development,USD
3539,development,USD
3540,future_holdout,USD
3541,validation,USD
3542,validation,USD
3543,development,USD
3544,validation,USD
3545,development,USD
3546,development,USD
3547,validation,USD
3548,development,USD
3549,future_holdout,USD
3550,development,USD
3551,validation,USD
3552,development,USD
3553,development,USD
3554,validation,USD
3555,future_holdout,USD
3556,future_holdout,USD
3557,validation,USD
3558,development,USD
3559,development,USD
3560,validation,USD
3561,future_holdout,USD
3562,development,USD
3563,development,USD
3564,future_holdout,USD
3565,development,USD
3566,validation,USD
3567,development,USD
3568,validation,USD
3569,future_holdout,USD
3570,development,USD
3571,development,USD
3572,validation,USD
3573,development,USD
3574,development,USD
3575,validation,USD
3576,development,USD
3577,development,USD
3578,validation,USD
3579,validation,USD
3580,development,USD
3581,validation,USD
3582,future_holdout,USD
3583,future_holdout,USD
3584,development,USD
3585,development,USD
3586,future_holdout,USD
3587,future_holdout,USD
3588,future_holdout,USD
3589,validation,USD
3590,development,USD
3591,development,USD
3592,future_holdout,USD
3593,development,USD
3594,development,USD
3595,development,USD
3596,development,USD
3597,development,USD
3598,validation,USD
3599,development,USD
3600,future_holdout,USD
3601,development,USD
3602,development,USD
3603,development,USD
3604,development,USD
3605,validation,USD
3606,validation,USD
3607,validation,USD
3608,development,USD
3609,development,USD
3610,validation,USD
3611,development,USD
3612,development,USD
3613,validation,USD
3614,development,USD
3615,future_holdout,USD
3616,development,USD
3617,development,USD
3618,validation,USD
3619,future_holdout,USD
3620,validation,USD
3621,development,USD
3622,validation,USD
3623,development,USD
3624,development,USD
3625,development,USD
3626,validation,USD
3627,future_holdout,USD
3628,development,USD
3629,future_holdout,USD
3630,future_holdout,USD
3631,development,USD
3632,development,USD
3633,future_holdout,USD
3634,future_holdout,USD
3635,development,USD
3636,development,USD
3637,development,USD
3638,validation,USD
3639,validation,USD
3640,development,USD
3641,future_holdout,USD
3642,development,USD
3643,development,USD
3644,future_holdout,USD
3645,development,USD
3646,development,USD
3647,validation,USD
3648,validation,USD
3649,development,USD
3650,development,USD
3651,development,USD
3652,development,USD
3653,development,USD
3654,development,USD
3655,future_holdout,USD
3656,development,USD
3657,development,USD
3658,development,USD
3659,future_holdout,USD
3660,validation,USD
3661,development,USD
3662,future_holdout,USD
3663,future_holdout,USD
3664,validation,USD
3665,validation,USD
3666,development,USD
3667,validation,USD
3668,validation,USD
3669,validation,USD
3670,development,USD
3671,development,USD
3672,development,USD
3673,development,USD
3674,development,USD
3675,validation,USD
3676,future_holdout,USD
3677,development,USD
3678,validation,USD
3679,development,USD
3680,validation,USD
3681,development,USD
3682,validation,USD
3683,future_holdout,USD
3684,validation,USD
3685,development,USD
3686,development,USD
3687,development,USD
3688,development,USD
3689,development,USD
3690,validation,USD
3691,future_holdout,USD
3692,validation,USD
3693,development,USD
3694,future_holdout,USD
3695,validation,USD
3696,future_holdout,USD
3697,development,USD
3698,validation,USD
3699,validation,USD
3700,development,USD
3701,development,USD
3702,future_holdout,USD
3703,development,USD
3704,validation,USD
3705,development,USD
3706,future_holdout,USD
3707,development,USD
3708,validation,USD
3709,future_holdout,USD
3710,future_holdout,USD
3711,future_holdout,USD
3712,future_holdout,USD
3713,development,USD
3714,future_holdout,USD
3715,development,USD
3716,future_holdout,USD
3717,development,USD
3718,development,USD
3719,development,USD
3720,development,USD
3721,development,USD
3722,future_holdout,USD
3723,development,USD
3724,development,USD
3725,validation,USD
3726,development,USD
3727,future_holdout,USD
3728,validation,USD
3729,future_holdout,USD
3730,validation,USD
3731,development,USD
3732,validation,USD
3733,validation,USD
3734,validation,USD
3735,validation,USD
3736,validation,USD
3737,development,USD
3738,development,USD
3739,development,USD
3740,validation,USD
3741,validation,USD
3742,development,USD
3743,development,USD
3744,future_holdout,USD
3745,development,USD
3746,future_holdout,USD
3747,development,USD
3748,future_holdout,USD
3749,validation,USD
3750,development,USD
3751,development,USD
3752,validation,USD
3753,development,USD
3754,development,USD
3755,development,USD
3756,validation,USD
3757,future_holdout,USD
3758,development,USD
3759,validation,USD
3760,validation,USD
3761,future_holdout,USD
3762,development,USD
3763,development,USD
3764,future_holdout,USD
3765,development,USD
3766,validation,USD
3767,development,USD
3768,validation,USD
3769,development,USD
3770,future_holdout,USD
3771,development,USD
3772,development,USD
3773,future_holdout,USD
3774,development,USD
3775,future_holdout,USD
3776,future_holdout,USD
3777,future_holdout,USD
3778,development,USD
3779,validation,USD
3780,validation,USD
3781,development,USD
3782,development,USD
3783,development,USD
3784,development,USD
3785,future_holdout,USD
3786,development,USD
3787,future_holdout,USD
3788,future_holdout,USD
3789,development,USD
3790,future_holdout,USD
3791,future_holdout,USD
3792,validation,USD
3793,future_holdout,USD
3794,future_holdout,USD
3795,development,USD
3796,development,USD
3797,future_holdout,USD
3798,future_holdout,USD
3799,development,USD
3800,development,USD
3801,validation,USD
3802,development,USD
3803,future_holdout,USD
3804,future_holdout,USD
3805,development,USD
3806,future_holdout,USD
3807,development,USD
3808,development,USD
3809,development,USD
3810,development,USD
3811,validation,USD
3812,future_holdout,USD
3813,future_holdout,USD
3814,validation,USD
3815,future_holdout,USD
3816,future_holdout,USD
3817,development,USD
3818,validation,USD
3819,future_holdout,USD
3820,validation,USD
3821,future_holdout,USD
3822,future_holdout,USD
3823,development,USD
3824,validation,USD
3825,development,USD
3826,development,USD
3827,development,USD
3828,development,USD
3829,future_holdout,USD
3830,validation,USD
3831,development,USD
3832,development,USD
3833,development,USD
3834,validation,USD
3835,development,USD
3836,development,USD
3837,development,USD
3838,validation,USD
3839,future_holdout,USD
3840,future_holdout,USD
3841,development,USD
3842,development,USD
3843,future_holdout,USD
3844,future_holdout,USD
3845,development,USD
3846,development,USD
3847,future_holdout,USD
3848,development,USD
3849,validation,USD
3850,development,USD
3851,development,USD
3852,development,USD
3853,development,USD
3854,development,USD
3855,future_holdout,USD
3856,development,USD
3857,validation,USD
3858,validation,USD
3859,validation,USD
3860,development,USD
3861,validation,USD
3862,development,USD
3863,validation,USD
3864,development,USD
3865,development,USD
3866,validation,USD
3867,development,USD
3868,development,USD
3869,development,USD
3870,development,USD
3871,validation,USD
3872,development,USD
3873,development,USD
3874,validation,USD
3875,validation,USD
3876,development,USD
3877,development,USD
3878,future_holdout,USD
3879,development,USD
3880,future_holdout,USD
3881,development,USD
3882,validation,USD
3883,development,USD
3884,development,USD
3885,future_holdout,USD
3886,development,USD
3887,validation,USD
3888,validation,USD
3889,development,USD
3890,development,USD
3891,future_holdout,USD
3892,development,USD
3893,validation,USD
3894,future_holdout,USD
3895,development,USD
3896,future_holdout,USD
3897,development,USD
3898,future_holdout,USD
3899,development,USD
3900,validation,USD
3901,development,USD
3902,future_holdout,USD
3903,validation,USD
3904,future_holdout,USD
3905,development,USD
3906,future_holdout,USD
3907,future_holdout,USD
3908,development,USD
3909,development,USD
3910,development,USD
3911,development,USD
3912,future_holdout,USD
3913,development,USD
3914,development,USD
3915,development,USD
3916,validation,USD
3917,development,USD
3918,development,USD
3919,development,USD
3920,future_holdout,USD
3921,development,USD
3922,validation,USD
3923,validation,USD
3924,validation,USD
3925,validation,USD
3926,future_holdout,USD
3927,validation,USD
3928,development,USD
3929,development,USD
3930,development,USD
3931,future_holdout,USD
3932,future_holdout,USD
3933,development,USD
3934,future_holdout,USD
3935,validation,USD
3936,future_holdout,USD
3937,future_holdout,USD
3938,future_holdout,USD
3939,validation,USD
3940,future_holdout,USD
3941,future_holdout,USD
3942,validation,USD
3943,validation,USD
3944,development,USD
3945,future_holdout,USD
3946,validation,USD
3947,future_holdout,USD
3948,development,USD
3949,development,USD
3950,future_holdout,USD
3951,development,USD
3952,validation,USD
3953,validation,USD
3954,development,USD
3955,validation,USD
3956,development,USD
3957,future_holdout,USD
3958,future_holdout,USD
3959,development,USD
3960,development,USD
3961,development,USD
3962,development,USD
3963,validation,USD
3964,future_holdout,USD
3965,development,USD
3966,validation,USD
3967,development,USD
3968,development,USD
3969,development,USD
3970,future_holdout,USD
3971,development,USD
3972,future_holdout,USD
3973,development,USD
3974,future_holdout,USD
3975,development,USD
3976,future_holdout,USD
3977,future_holdout,USD
3978,development,USD
3979,validation,USD
3980,development,USD
3981,development,USD
3982,future_holdout,USD
3983,future_holdout,USD
3984,validation,USD
3985,development,USD
3986,future_holdout,USD
3987,development,USD
3988,development,USD
3989,future_holdout,USD
3990,validation,USD
3991,development,USD
3992,development,USD
3993,development,USD
3994,validation,USD
3995,development,USD
3996,development,USD
3997,validation,USD
3998,development,USD
3999,future_holdout,USD
4000,validation,USD
4001,development,USD
4002,future_holdout,USD
4003,future_holdout,USD
4004,validation,USD
4005,development,USD
4006,development,USD
4007,validation,USD
4008,development,USD
4009,development,USD
4010,future_holdout,USD
4011,future_holdout,USD
4012,future_holdout,USD
4013,development,USD
4014,validation,USD
4015,validation,USD
4016,development,USD
4017,development,USD
4018,development,USD
4019,development,USD
4020,development,USD
4021,validation,USD
4022,development,USD
4023,development,USD
4024,validation,USD
4025,future_holdout,USD
4026,future_holdout,USD
4027,validation,USD
4028,future_holdout,USD
4029,development,USD
4030,development,USD
4031,development,USD
4032,future_holdout,USD
4033,future_holdout,USD
4034,validation,USD
4035,development,USD
4036,development,USD
4037,development,USD
4038,validation,USD
4039,future_holdout,USD
4040,validation,USD
4041,future_holdout,USD
4042,development,USD
4043,development,USD
4044,validation,USD
4045,validation,USD
4046,development,USD
4047,development,USD
4048,future_holdout,USD
4049,development,USD
4050,validation,USD
4051,development,USD
4052,future_holdout,USD
4053,development,USD
4054,validation,USD
4055,development,USD
4056,development,USD
4057,development,USD
4058,development,USD
4059,validation,USD
4060,development,USD
4061,validation,USD
4062,development,USD
4063,validation,USD
4064,development,USD
4065,development,USD
4066,development,USD
4067,development,USD
4068,future_holdout,USD
4069,development,USD
4070,development,USD
4071,future_holdout,USD
4072,validation,USD
4073,development,USD
4074,development,USD
4075,development,USD
4076,validation,USD
4077,validation,USD
4078,development,USD
4079,development,USD
4080,development,USD
4081,development,USD
4082,development,USD
4083,development,USD
4084,future_holdout,USD
4085,future_holdout,USD
4086,future_holdout,USD
4087,development,USD
4088,development,USD
4089,development,USD
4090,development,USD
4091,development,USD
4092,development,USD
4093,development,USD
4094,validation,USD
4095,development,USD
4096,development,USD
4097,development,USD
4098,future_holdout,USD
4099,development,USD
4100,validation,USD
4101,development,USD
4102,development,USD
4103,development,USD
4104,development,USD
4105,validation,USD
4106,future_holdout,USD
4107,validation,USD
4108,validation,USD
4109,validation,USD
4110,development,USD
4111,future_holdout,USD
4112,future_holdout,USD
4113,future_holdout,USD
4114,development,USD
4115,development,USD
4116,future_holdout,USD
4117,development,USD
4118,development,USD
4119,future_holdout,USD
4120,development,USD
4121,future_holdout,USD
4122,development,USD
4123,development,USD
4124,validation,USD
4125,development,USD
4126,development,USD
4127,future_holdout,USD
4128,development,USD
4129,development,USD
4130,development,USD
4131,development,USD
4132,development,USD
4133,development,USD
4134,development,USD
4135,development,USD
4136,development,USD
4137,future_holdout,USD
4138,validation,USD
4139,development,USD
4140,future_holdout,USD
4141,development,USD
4142,development,USD
4143,development,USD
4144,future_holdout,USD
4145,validation,USD
4146,development,USD
4147,future_holdout,USD
4148,development,USD
4149,future_holdout,USD
4150,development,USD
4151,future_holdout,USD
4152,development,USD
4153,development,USD
4154,development,USD
4155,validation,USD
4156,development,USD
4157,development,USD
4158,development,USD
4159,future_holdout,USD
4160,validation,USD
4161,development,USD
4162,development,USD
4163,validation,USD
4164,development,USD
4165,validation,USD
4166,development,USD
4167,future_holdout,USD
4168,development,USD
4169,development,USD
4170,development,USD
4171,future_holdout,USD
4172,validation,USD
4173,future_holdout,USD
4174,development,USD
4175,validation,USD
4176,validation,USD
4177,future_holdout,USD
4178,development,USD
4179,future_holdout,USD
4180,future_holdout,USD
4181,development,USD
4182,development,USD
4183,development,USD
4184,validation,USD
4185,validation,USD
4186,development,USD
4187,future_holdout,USD
4188,development,USD
4189,development,USD
4190,development,USD
4191,development,USD
4192,development,USD
4193,validation,USD
4194,validation,USD
4195,development,USD
4196,future_holdout,USD
4197,development,USD
4198,development,USD
4199,development,USD
4200,development,USD
4201,development,USD
4202,development,USD
4203,future_holdout,USD
4204,validation,USD
4205,development,USD
4206,future_holdout,USD
4207,future_holdout,USD
4208,development,USD
4209,future_holdout,USD
4210,development,USD
4211,future_holdout,USD
4212,development,USD
4213,validation,USD
4214,future_holdout,USD
4215,development,USD
4216,validation,USD
4217,future_holdout,USD
4218,future_holdout,USD
4219,future_holdout,USD
4220,validation,USD
4221,validation,USD
4222,development,USD
4223,development,USD
4224,development,USD
4225,development,USD
4226,future_holdout,USD
4227,development,USD
4228,future_holdout,USD
4229,development,USD
4230,development,USD
4231,development,USD
4232,development,USD
4233,future_holdout,USD
4234,validation,USD
4235,development,USD
4236,validation,USD
4237,future_holdout,USD
4238,future_holdout,USD
4239,development,USD
4240,development,USD
4241,validation,USD
4242,development,USD
4243,development,USD
4244,development,USD
4245,future_holdout,USD
4246,development,USD
4247,development,USD
4248,development,USD
4249,validation,USD
4250,validation,USD
4251,development,USD
4252,development,USD
4253,future_holdout,USD
4254,future_holdout,USD
4255,development,USD
4256,validation,USD
4257,validation,USD
4258,development,USD
4259,future_holdout,USD
4260,development,USD
4261,development,USD
4262,validation,USD
4263,development,USD
4264,future_holdout,USD
4265,future_holdout,USD
4266,development,USD
4267,validation,USD
4268,development,USD
4269,development,USD
4270,development,USD
4271,development,USD
4272,development,USD
4273,validation,USD
4274,development,USD
4275,development,USD
4276,development,USD
4277,future_holdout,USD
4278,development,USD
4279,development,USD
4280,validation,USD
4281,development,USD
4282,validation,USD
4283,development,USD
4284,development,USD
4285,future_holdout,USD
4286,validation,USD
4287,development,USD
4288,future_holdout,USD
4289,validation,USD
4290,development,USD
4291,future_holdout,USD
4292,future_holdout,USD
4293,development,USD
4294,future_holdout,USD
4295,development,USD
4296,validation,USD
4297,development,USD
4298,development,USD
4299,validation,USD
4300,development,USD
4301,development,USD
4302,development,USD
4303,development,USD
4304,validation,USD
4305,future_holdout,USD
4306,validation,USD
4307,future_holdout,USD
4308,future_holdout,USD
4309,validation,USD
4310,validation,USD
4311,validation,USD
4312,future_holdout,USD
4313,future_holdout,USD
4314,future_holdout,USD
4315,validation,USD
4316,validation,USD
4317,development,USD
4318,development,USD
4319,development,USD
4320,development,USD
4321,development,USD
4322,validation,USD
4323,validation,USD
4324,future_holdout,USD
4325,development,USD
4326,validation,USD
4327,future_holdout,USD
4328,development,USD
4329,validation,USD
4330,development,USD
4331,development,USD
4332,validation,USD
4333,development,USD
4334,future_holdout,USD
4335,development,USD
4336,future_holdout,USD
4337,development,USD
4338,validation,USD
4339,development,USD
4340,development,USD
4341,future_holdout,USD
4342,future_holdout,USD
4343,future_holdout,USD
4344,validation,USD
4345,future_holdout,USD
4346,future_holdout,USD
4347,validation,USD
4348,development,USD
4349,validation,USD
4350,validation,USD
4351,development,USD
4352,future_holdout,USD
4353,future_holdout,USD
4354,future_holdout,USD
4355,development,USD
4356,future_holdout,USD
4357,validation,USD
4358,validation,USD
4359,development,USD
4360,development,USD
4361,development,USD
4362,validation,USD
4363,validation,USD
4364,validation,USD
4365,development,USD
4366,validation,USD
4367,development,USD
4368,development,USD
4369,validation,USD
4370,development,USD
4371,development,USD
4372,validation,USD
4373,development,USD
4374,validation,USD
4375,development,USD
4376,future_holdout,USD
4377,development,USD
4378,development,USD
4379,future_holdout,USD
4380,validation,USD
4381,development,USD
4382,development,USD
4383,validation,USD
4384,validation,USD
4385,validation,USD
4386,validation,USD
4387,future_holdout,USD
4388,development,USD
4389,validation,USD
4390,future_holdout,USD
4391,validation,USD
4392,development,USD
4393,validation,USD
4394,development,USD
4395,future_holdout,USD
4396,development,USD
4397,development,USD
4398,development,USD
4399,development,USD
4400,development,USD
4401,development,USD
4402,future_holdout,USD
4403,validation,USD
4404,development,USD
4405,development,USD
4406,development,USD
4407,future_holdout,USD
4408,development,USD
4409,future_holdout,USD
4410,future_holdout,USD
4411,development,USD
4412,future_holdout,USD
4413,development,USD
4414,development,USD
4415,development,USD
4416,development,USD
4417,validation,USD
4418,validation,USD
4419,development,USD
4420,future_holdout,USD
4421,development,USD
4422,development,USD
4423,development,USD
4424,development,USD
4425,development,USD
4426,future_holdout,USD
4427,validation,USD
4428,future_holdout,USD
4429,development,USD
4430,development,USD
4431,future_holdout,USD
4432,validation,USD
4433,validation,USD
4434,development,USD
4435,future_holdout,USD
4436,development,USD
4437,development,USD
4438,future_holdout,USD
4439,future_holdout,USD
4440,development,USD
4441,development,USD
4442,development,USD
4443,validation,USD
4444,development,USD
4445,development,USD
4446,future_holdout,USD
4447,development,USD
4448,development,USD
4449,development,USD
4450,development,USD
4451,future_holdout,USD
4452,development,USD
4453,future_holdout,USD
4454,validation,USD
4455,future_holdout,USD
4456,development,USD
4457,validation,USD
4458,future_holdout,USD
4459,future_holdout,USD
4460,development,USD
4461,development,USD
4462,development,USD
4463,development,USD
4464,future_holdout,USD
4465,future_holdout,USD
4466,validation,USD
4467,future_holdout,USD
4468,validation,USD
4469,development,USD
4470,validation,USD
4471,development,USD
4472,development,USD
4473,future_holdout,USD
4474,development,USD
4475,future_holdout,USD
4476,development,USD
4477,validation,USD
4478,future_holdout,USD
4479,future_holdout,USD
4480,future_holdout,USD
4481,development,USD
4482,validation,USD
4483,validation,USD
4484,development,USD
4485,validation,USD
4486,development,USD
4487,validation,USD
4488,development,USD
4489,validation,USD
4490,future_holdout,USD
4491,validation,USD
4492,future_holdout,USD
4493,development,USD
4494,development,USD
4495,future_holdout,USD
4496,development,USD
4497,development,USD
4498,future_holdout,USD
4499,development,USD
4500,development,USD
4501,validation,USD
4502,validation,USD
4503,development,USD
4504,development,USD
4505,development,USD
4506,development,USD
4507,future_holdout,USD
4508,validation,USD
4509,development,USD
4510,development,USD
4511,development,USD
4512,development,USD
4513,future_holdout,USD
4514,development,USD
4515,future_holdout,USD
4516,future_holdout,USD
4517,future_holdout,USD
4518,development,USD
4519,future_holdout,USD
4520,development,USD
4521,future_holdout,USD
4522,validation,USD
4523,development,USD
4524,development,USD
4525,validation,USD
4526,development,USD
4527,development,USD
4528,future_holdout,USD
4529,development,USD
4530,development,USD
4531,future_holdout,USD
4532,development,USD
4533,validation,USD
4534,future_holdout,USD
4535,development,USD
4536,validation,USD
4537,development,USD
4538,validation,USD
4539,future_holdout,USD
4540,development,USD
4541,development,USD
4542,validation,USD
4543,development,USD
4544,validation,USD
4545,validation,USD
4546,future_holdout,USD
4547,validation,USD
4548,validation,USD
4549,development,USD
4550,future_holdout,USD
4551,validation,USD
4552,development,USD
4553,future_holdout,USD
4554,validation,USD
4555,validation,USD
4556,validation,USD
4557,validation,USD
4558,future_holdout,USD
4559,development,USD
4560,development,USD
4561,future_holdout,USD
4562,development,USD
4563,development,USD
4564,future_holdout,USD
4565,future_holdout,USD
4566,development,USD
4567,development,USD
4568,development,USD
4569,development,USD
4570,future_holdout,USD
4571,development,USD
4572,future_holdout,USD
4573,development,USD
4574,future_holdout,USD
4575,validation,USD
4576,future_holdout,USD
4577,validation,USD
4578,development,USD
4579,development,USD
4580,development,USD
4581,development,USD
4582,future_holdout,USD
4583,validation,USD
4584,development,USD
4585,development,USD
4586,development,USD
4587,development,USD
4588,validation,USD
4589,development,USD
4590,development,USD
4591,development,USD
4592,validation,USD
4593,validation,USD
4594,development,USD
4595,development,USD
4596,development,USD
4597,development,USD
4598,development,USD
4599,future_holdout,USD
4600,validation,USD
4601,future_holdout,USD
4602,validation,USD
4603,validation,USD
4604,validation,USD
4605,development,USD
4606,development,USD
4607,development,USD
4608,validation,USD
4609,future_holdout,USD
4610,future_holdout,USD
4611,future_holdout,USD
4612,validation,USD
4613,validation,USD
4614,development,USD
4615,future_holdout,USD
4616,validation,USD
4617,future_holdout,USD
4618,development,USD
4619,development,USD
4620,development,USD
4621,future_holdout,USD
4622,validation,USD
4623,development,USD
4624,development,USD
4625,development,USD
4626,development,USD
4627,validation,USD
4628,future_holdout,USD
4629,validation,USD
4630,future_holdout,USD
4631,development,USD
4632,development,USD
4633,development,USD
4634,validation,USD
4635,future_holdout,USD
4636,development,USD
4637,development,USD
4638,development,USD
4639,future_holdout,USD
4640,future_holdout,USD
4641,validation,USD
4642,future_holdout,USD
4643,development,USD
4644,future_holdout,USD
4645,development,USD
4646,validation,USD
4647,development,USD
4648,development,USD
4649,development,USD
4650,development,USD
4651,development,USD
4652,development,USD
4653,future_holdout,USD
4654,development,USD
4655,development,USD
4656,validation,USD
4657,future_holdout,USD
4658,future_holdout,USD
4659,future_holdout,USD
4660,future_holdout,USD
4661,development,USD
4662,development,USD
4663,future_holdout,USD
4664,future_holdout,USD
4665,development,USD
4666,development,USD
4667,development,USD
4668,validation,USD
4669,development,USD
4670,validation,USD
4671,development,USD
4672,development,USD
4673,development,USD
4674,development,USD
4675,development,USD
4676,development,USD
4677,future_holdout,USD
4678,future_holdout,USD
4679,development,USD
4680,validation,USD
4681,development,USD
4682,development,USD
4683,future_holdout,USD
4684,development,USD
4685,development,USD
4686,validation,USD
4687,future_holdout,USD
4688,validation,USD
4689,future_holdout,USD
4690,future_holdout,USD
4691,development,USD
4692,development,USD
4693,future_holdout,USD
4694,validation,USD
4695,development,USD
4696,validation,USD
4697,development,USD
4698,development,USD
4699,development,USD
4700,development,USD
4701,development,USD
4702,validation,USD
4703,validation,USD
4704,development,USD
4705,validation,USD
4706,validation,USD
4707,future_holdout,USD
4708,validation,USD
4709,validation,USD
4710,future_holdout,USD
4711,future_holdout,USD
4712,development,USD
4713,development,USD
4714,development,USD
4715,development,USD
4716,development,USD
4717,development,USD
4718,future_holdout,USD
4719,development,USD
4720,validation,USD
4721,development,USD
4722,development,USD
4723,development,USD
4724,future_holdout,USD
4725,future_holdout,USD
4726,development,USD
4727,future_holdout,USD
4728,validation,USD
4729,future_holdout,USD
4730,development,USD
4731,development,USD
4732,development,USD
4733,future_holdout,USD
4734,future_holdout,USD
4735,validation,USD
4736,validation,USD
4737,future_holdout,USD
4738,development,USD
4739,development,USD
4740,future_holdout,USD
4741,development,USD
4742,future_holdout,USD
4743,development,USD
4744,validation,USD
4745,development,USD
4746,development,USD
4747,validation,USD
4748,development,USD
4749,future_holdout,USD
4750,development,USD
4751,future_holdout,USD
4752,development,USD
4753,validation,USD
4754,development,USD
4755,future_holdout,USD
4756,development,USD
4757,future_holdout,USD
4758,future_holdout,USD
4759,future_holdout,USD
4760,development,USD
4761,future_holdout,USD
4762,future_holdout,USD
4763,future_holdout,USD
4764,development,USD
4765,validation,USD
4766,development,USD
4767,validation,USD
4768,validation,USD
4769,development,USD
4770,development,USD
4771,development,USD
4772,validation,USD
4773,development,USD
4774,future_holdout,USD
4775,validation,USD
4776,development,USD
4777,development,USD
4778,development,USD
4779,development,USD
4780,development,USD
4781,development,USD
4782,validation,USD
4783,validation,USD
4784,development,USD
4785,validation,USD
4786,development,USD
4787,validation,USD
4788,validation,USD
4789,future_holdout,USD
4790,future_holdout,USD
4791,development,USD
4792,development,USD
4793,development,USD
4794,validation,USD
4795,future_holdout,USD
4796,development,USD
4797,development,USD
4798,development,USD
4799,future_holdout,USD
4800,validation,USD
4801,future_holdout,USD
4802,validation,USD
4803,validation,USD
4804,development,USD
4805,development,USD
4806,validation,USD
4807,development,USD
4808,development,USD
4809,future_holdout,USD
4810,development,USD
4811,development,USD
4812,validation,USD
4813,development,USD
4814,future_holdout,USD
4815,future_holdout,USD
4816,validation,USD
4817,development,USD
4818,validation,USD
4819,development,USD
4820,future_holdout,USD
4821,development,USD
4822,future_holdout,USD
4823,development,USD
4824,development,USD
4825,validation,USD
4826,future_holdout,USD
4827,future_holdout,USD
4828,development,USD
4829,validation,USD
4830,development,USD
4831,development,USD
4832,development,USD
4833,future_holdout,USD
4834,future_holdout,USD
4835,validation,USD
4836,development,USD
4837,future_holdout,USD
4838,validation,USD
4839,future_holdout,USD
4840,development,USD
4841,development,USD
4842,validation,USD
4843,future_holdout,USD
4844,future_holdout,USD
4845,development,USD
4846,future_holdout,USD
4847,development,USD
4848,development,USD
4849,development,USD
4850,development,USD
4851,development,USD
4852,future_holdout,USD
4853,development,USD
4854,development,USD
4855,validation,USD
4856,validation,USD
4857,development,USD
4858,validation,USD
4859,future_holdout,USD
4860,development,USD
4861,development,USD
4862,development,USD
4863,development,USD
4864,validation,USD
4865,development,USD
4866,development,USD
4867,future_holdout,USD
4868,development,USD
4869,future_holdout,USD
4870,development,USD
4871,validation,USD
4872,validation,USD
4873,future_holdout,USD
4874,development,USD
4875,validation,USD
4876,development,USD
4877,development,USD
4878,development,USD
4879,development,USD
4880,validation,USD
4881,development,USD
4882,validation,USD
4883,development,USD
4884,development,USD
4885,validation,USD
4886,development,USD
4887,validation,USD
4888,future_holdout,USD
4889,validation,USD
4890,development,USD
4891,validation,USD
4892,development,USD
4893,development,USD
4894,future_holdout,USD
4895,future_holdout,USD
4896,development,USD
4897,future_holdout,USD
4898,future_holdout,USD
4899,development,USD
4900,development,USD
4901,development,USD
4902,future_holdout,USD
4903,validation,USD
4904,development,USD
4905,development,USD
4906,development,USD
4907,development,USD
4908,validation,USD
4909,development,USD
4910,future_holdout,USD
4911,future_holdout,USD
4912,validation,USD
4913,development,USD
4914,development,USD
4915,development,USD
4916,future_holdout,USD
4917,development,USD
4918,future_holdout,USD
4919,development,USD
4920,development,USD
4921,future_holdout,USD
4922,future_holdout,USD
4923,future_holdout,USD
4924,development,USD
4925,validation,USD
4926,development,USD
4927,future_holdout,USD
4928,validation,USD
4929,future_holdout,USD
4930,future_holdout,USD
4931,validation,USD
4932,validation,USD
4933,future_holdout,USD
4934,development,USD
4935,future_holdout,USD
4936,development,USD
4937,development,USD
4938,validation,USD
4939,validation,USD
4940,future_holdout,USD
4941,development,USD
4942,development,USD
4943,development,USD
4944,development,USD
4945,validation,USD
4946,development,USD
4947,future_holdout,USD
4948,development,USD
4949,development,USD
4950,development,USD
4951,future_holdout,USD
4952,future_holdout,USD
4953,future_holdout,USD
4954,validation,USD
4955,development,USD
4956,validation,USD
4957,validation,USD
4958,validation,USD
4959,validation,USD
4960,future_holdout,USD
4961,future_holdout,USD
4962,future_holdout,USD
4963,validation,USD
4964,development,USD
4965,development,USD
4966,development,USD
4967,development,USD
4968,development,USD
4969,development,USD
4970,future_holdout,USD
4971,development,USD
4972,development,USD
4973,future_holdout,USD
4974,development,USD
4975,validation,USD
4976,development,USD
4977,future_holdout,USD
4978,future_holdout,USD
4979,development,USD
4980,validation,USD
4981,development,USD
4982,development,USD
4983,development,USD
4984,development,USD
4985,development,USD
4986,future_holdout,USD
4987,development,USD
4988,future_holdout,USD
4989,development,USD
4990,development,USD
4991,development,USD
4992,development,USD
4993,development,USD
4994,validation,USD
4995,development,USD
4996,validation,USD
4997,validation,USD
4998,validation,USD
4999,validation,USD
5000,development,USD
5001,future_holdout,USD
5002,future_holdout,USD
5003,validation,USD
5004,validation,USD
5005,validation,USD
5006,development,USD
5007,development,USD
5008,development,USD
5009,future_holdout,USD
5010,future_holdout,USD
5011,future_holdout,USD
5012,future_holdout,USD
5013,future_holdout,USD
5014,development,USD
5015,future_holdout,USD
5016,validation,USD
5017,development,USD
5018,development,USD
5019,development,USD
5020,development,USD
5021,validation,USD
5022,validation,USD
5023,validation,USD
5024,future_holdout,USD
5025,development,USD
5026,future_holdout,USD
5027,validation,USD
5028,development,USD
5029,validation,USD
5030,development,USD
5031,development,USD
5032,development,USD
5033,future_holdout,USD
5034,development,USD
5035,development,USD
5036,future_holdout,USD
5037,development,USD
5038,future_holdout,USD
5039,development,USD
5040,validation,USD
5041,validation,USD
5042,future_holdout,USD
5043,future_holdout,USD
5044,development,USD
5045,future_holdout,USD
5046,validation,USD
5047,development,USD
5048,development,USD
5049,development,USD
5050,future_holdout,USD
5051,development,USD
5052,future_holdout,USD
5053,future_holdout,USD
5054,development,USD
5055,development,USD
5056,future_holdout,USD
5057,development,USD
5058,validation,USD
5059,future_holdout,USD
5060,validation,USD
5061,future_holdout,USD
5062,development,USD
5063,validation,USD
5064,validation,USD
5065,development,USD
5066,development,USD
5067,development,USD
5068,validation,USD
5069,development,USD
5070,development,USD
5071,development,USD
5072,development,USD
5073,future_holdout,USD
5074,development,USD
5075,validation,USD
5076,validation,USD
5077,development,USD
5078,validation,USD
5079,development,USD
5080,validation,USD
5081,validation,USD
5082,development,USD
5083,future_holdout,USD
5084,development,USD
5085,validation,USD
5086,future_holdout,USD
5087,development,USD
5088,development,USD
5089,development,USD
5090,development,USD
5091,development,USD
5092,future_holdout,USD
5093,future_holdout,USD
5094,development,USD
5095,development,USD
5096,future_holdout,USD
5097,development,USD
5098,validation,USD
5099,development,USD
5100,validation,USD
5101,development,USD
5102,development,USD
5103,development,USD
5104,validation,USD
5105,validation,USD
5106,development,USD
5107,development,USD
5108,future_holdout,USD
5109,development,USD
5110,development,USD
5111,future_holdout,USD
5112,future_holdout,USD
5113,development,USD
5114,development,USD
5115,future_holdout,USD
5116,validation,USD
5117,development,USD
5118,development,USD
5119,development,USD
5120,future_holdout,USD
5121,future_holdout,USD
5122,future_holdout,USD
5123,future_holdout,USD
5124,development,USD
5125,development,USD
5126,validation,USD
5127,validation,USD
5128,development,USD
5129,validation,USD
5130,development,USD
5131,development,USD
5132,validation,USD
5133,development,USD
5134,future_holdout,USD
5135,development,USD
5136,validation,USD
5137,development,USD
5138,development,USD
5139,future_holdout,USD
5140,development,USD
5141,validation,USD
5142,development,USD
5143,development,USD
5144,development,USD
5145,validation,USD
5146,development,USD
5147,validation,USD
5148,validation,USD
5149,future_holdout,USD
5150,development,USD
5151,validation,USD
5152,development,USD
5153,validation,USD
5154,validation,USD
5155,development,USD
5156,validation,USD
5157,future_holdout,USD
5158,development,USD
5159,validation,USD
5160,development,USD
5161,development,USD
5162,development,USD
5163,development,USD
5164,validation,USD
5165,development,USD
5166,development,USD
5167,development,USD
5168,future_holdout,USD
5169,future_holdout,USD
5170,validation,USD
5171,development,USD
5172,development,USD
5173,future_holdout,USD
5174,development,USD
5175,development,USD
5176,future_holdout,USD
5177,development,USD
5178,future_holdout,USD
5179,validation,USD
5180,validation,USD
5181,validation,USD
5182,development,USD
5183,future_holdout,USD
5184,future_holdout,USD
5185,validation,USD
5186,development,USD
5187,validation,USD
5188,validation,USD
5189,future_holdout,USD
5190,development,USD
5191,future_holdout,USD
5192,development,USD
5193,development,USD
5194,development,USD
5195,development,USD
5196,validation,USD
5197,future_holdout,USD
5198,validation,USD
5199,development,USD
5200,development,USD
5201,development,USD
5202,development,USD
5203,validation,USD
5204,validation,USD
5205,development,USD
5206,development,USD
5207,development,USD
5208,validation,USD
5209,future_holdout,USD
5210,development,USD
5211,future_holdout,USD
5212,validation,USD
5213,future_holdout,USD
5214,validation,USD
5215,development,USD
5216,validation,USD
5217,validation,USD
5218,validation,USD
5219,future_holdout,USD
5220,future_holdout,USD
5221,validation,USD
5222,future_holdout,USD
5223,validation,USD
5224,validation,USD
5225,future_holdout,USD
5226,validation,USD
5227,future_holdout,USD
5228,future_holdout,USD
5229,future_holdout,USD
5230,validation,USD
5231,future_holdout,USD
5232,development,USD
5233,development,USD
5234,validation,USD
5235,development,USD
5236,future_holdout,USD
5237,development,USD
5238,development,USD
5239,future_holdout,USD
5240,development,USD
5241,future_holdout,USD
5242,development,USD
5243,future_holdout,USD
5244,development,USD
5245,development,USD
5246,future_holdout,USD
5247,development,USD
5248,development,USD
5249,development,USD
5250,development,USD
5251,validation,USD
5252,development,USD
5253,future_holdout,USD
5254,development,USD
5255,validation,USD
5256,validation,USD
5257,future_holdout,USD
5258,development,USD
5259,development,USD
5260,development,USD
5261,future_holdout,USD
5262,development,USD
5263,development,USD
5264,development,USD
5265,development,USD
5266,development,USD
5267,future_holdout,USD
5268,development,USD
5269,validation,USD
5270,future_holdout,USD
5271,development,USD
5272,validation,USD
5273,development,USD
5274,validation,USD
5275,development,USD
5276,future_holdout,USD
5277,future_holdout,USD
5278,development,USD
5279,validation,USD
5280,future_holdout,USD
5281,future_holdout,USD
5282,development,USD
5283,validation,USD
5284,development,USD
5285,validation,USD
5286,development,USD
5287,development,USD
5288,validation,USD
5289,development,USD
5290,development,USD
5291,future_holdout,USD
5292,development,USD
5293,development,USD
5294,validation,USD
5295,development,USD
5296,development,USD
5297,development,USD
5298,development,USD
5299,development,USD
5300,future_holdout,USD
5301,development,USD
5302,future_holdout,USD
5303,development,USD
5304,development,USD
5305,development,USD
5306,future_holdout,USD
5307,validation,USD
5308,validation,USD
5309,validation,USD
5310,future_holdout,USD
5311,development,USD
5312,validation,USD
5313,validation,USD
5314,validation,USD
5315,development,USD
5316,development,USD
5317,future_holdout,USD
5318,future_holdout,USD
5319,development,USD
5320,development,USD
5321,validation,USD
5322,validation,USD
5323,development,USD
5324,development,USD
5325,future_holdout,USD
5326,future_holdout,USD
5327,validation,USD
5328,development,USD
5329,future_holdout,USD
5330,future_holdout,USD
5331,development,USD
5332,development,USD
5333,development,USD
5334,validation,USD
5335,development,USD
5336,development,USD
5337,future_holdout,USD
5338,development,USD
5339,validation,USD
5340,future_holdout,USD
5341,development,USD
5342,development,USD
5343,development,USD
5344,development,USD
5345,development,USD
5346,development,USD
5347,validation,USD
5348,validation,USD
5349,development,USD
5350,development,USD
5351,validation,USD
5352,development,USD
5353,future_holdout,USD
5354,validation,USD
5355,development,USD
5356,development,USD
5357,development,USD
5358,development,USD
5359,future_holdout,USD
5360,development,USD
5361,future_holdout,USD
5362,development,USD
5363,development,USD
5364,development,USD
5365,development,USD
5366,development,USD
5367,development,USD
5368,development,USD
5369,validation,USD
5370,future_holdout,USD
5371,development,USD
5372,future_holdout,USD
5373,development,USD
5374,development,USD
5375,development,USD
5376,validation,USD
5377,development,USD
5378,future_holdout,USD
5379,future_holdout,USD
5380,development,USD
5381,future_holdout,USD
5382,development,USD
5383,validation,USD
5384,future_holdout,USD
5385,future_holdout,USD
5386,development,USD
5387,development,USD
5388,validation,USD
5389,validation,USD
5390,validation,USD
5391,validation,USD
5392,development,USD
5393,development,USD
5394,future_holdout,USD
5395,development,USD
5396,development,USD
5397,development,USD
5398,development,USD
5399,future_holdout,USD
5400,validation,USD
5401,development,USD
5402,development,USD
5403,development,USD
5404,development,USD
5405,future_holdout,USD
5406,development,USD
5407,development,USD
5408,future_holdout,USD
5409,validation,USD
5410,future_holdout,USD
5411,validation,USD
5412,future_holdout,USD
5413,validation,USD
5414,development,USD
5415,future_holdout,USD
5416,future_holdout,USD
5417,development,USD
5418,future_holdout,USD
5419,development,USD
5420,validation,USD
5421,validation,USD
5422,development,USD
5423,future_holdout,USD
5424,development,USD
5425,validation,USD
5426,future_holdout,USD
5427,validation,USD
5428,validation,USD
5429,development,USD
5430,validation,USD
5431,future_holdout,USD
5432,future_holdout,USD
5433,future_holdout,USD
5434,development,USD
5435,development,USD
5436,validation,USD
5437,development,USD
5438,development,USD
5439,validation,USD
5440,future_holdout,USD
5441,future_holdout,USD
5442,development,USD
5443,future_holdout,USD
5444,validation,USD
5445,validation,USD
5446,development,USD
5447,validation,USD
5448,development,USD
5449,development,USD
5450,development,USD
5451,future_holdout,USD
5452,development,USD
5453,development,USD
5454,future_holdout,USD
5455,development,USD
5456,validation,USD
5457,development,USD
5458,validation,USD
5459,development,USD
5460,validation,USD
5461,development,USD
5462,validation,USD
5463,development,USD
5464,future_holdout,USD
5465,development,USD
5466,development,USD
5467,development,USD
5468,development,USD
5469,future_holdout,USD
5470,development,USD
5471,validation,USD
5472,development,USD
5473,development,USD
5474,future_holdout,USD
5475,development,USD
5476,validation,USD
5477,validation,USD
5478,development,USD
5479,validation,USD
5480,future_holdout,USD
5481,future_holdout,USD
5482,development,USD
5483,development,USD
5484,validation,USD
5485,development,USD
5486,validation,USD
5487,development,USD
5488,validation,USD
5489,development,USD
5490,future_holdout,USD
5491,future_holdout,USD
5492,validation,USD
5493,future_holdout,USD
5494,future_holdout,USD
5495,development,USD
5496,development,USD
5497,development,USD
5498,validation,USD
5499,future_holdout,USD
5500,future_holdout,USD
5501,development,USD
5502,future_holdout,USD
5503,development,USD
5504,validation,USD
5505,future_holdout,USD
5506,validation,USD
5507,development,USD
5508,development,USD
5509,development,USD
5510,development,USD
5511,future_holdout,USD
5512,future_holdout,USD
5513,validation,USD
5514,validation,USD
5515,validation,USD
5516,future_holdout,USD
5517,development,USD
5518,development,USD
5519,validation,USD
5520,development,USD
5521,future_holdout,USD
5522,development,USD
5523,future_holdout,USD
5524,future_holdout,USD
5525,validation,USD
5526,development,USD
5527,validation,USD
5528,development,USD
5529,development,USD
5530,future_holdout,USD
5531,future_holdout,USD
5532,validation,USD
5533,development,USD
5534,future_holdout,USD
5535,development,USD
5536,future_holdout,USD
5537,future_holdout,USD
5538,validation,USD
5539,development,USD
5540,validation,USD
5541,validation,USD
5542,development,USD
5543,development,USD
5544,development,USD
5545,development,USD
5546,development,USD
5547,validation,USD
5548,development,USD
5549,development,USD
5550,development,USD
5551,future_holdout,USD
5552,development,USD
5553,development,USD
5554,future_holdout,USD
5555,development,USD
5556,future_holdout,USD
5557,development,USD
5558,future_holdout,USD
5559,future_holdout,USD
5560,development,USD
5561,development,USD
5562,development,USD
5563,development,USD
5564,future_holdout,USD
5565,development,USD
5566,development,USD
5567,future_holdout,USD
5568,validation,USD
5569,development,USD
5570,development,USD
5571,development,USD
5572,development,USD
5573,future_holdout,USD
5574,development,USD
5575,future_holdout,USD
5576,future_holdout,USD
5577,development,USD
5578,validation,USD
5579,development,USD
5580,development,USD
5581,validation,USD
5582,development,USD
5583,development,USD
5584,development,USD
5585,development,USD
5586,development,USD
5587,development,USD
5588,future_holdout,USD
5589,development,USD
5590,development,USD
5591,future_holdout,USD
5592,validation,USD
5593,validation,USD
5594,future_holdout,USD
5595,future_holdout,USD
5596,development,USD
5597,future_holdout,USD
5598,validation,USD
5599,development,USD
5600,development,USD
5601,validation,USD
5602,validation,USD
5603,validation,USD
5604,development,USD
5605,development,USD
5606,development,USD
5607,future_holdout,USD
5608,validation,USD
5609,future_holdout,USD
5610,development,USD
5611,development,USD
5612,development,USD
5613,development,USD
5614,development,USD
5615,future_holdout,USD
5616,future_holdout,USD
5617,future_holdout,USD
5618,validation,USD
5619,development,USD
5620,development,USD
5621,development,USD
5622,future_holdout,USD
5623,future_holdout,USD
5624,future_holdout,USD
5625,development,USD
5626,future_holdout,USD
5627,validation,USD
5628,development,USD
5629,validation,USD
5630,future_holdout,USD
5631,development,USD
5632,development,USD
5633,validation,USD
5634,development,USD
5635,future_holdout,USD
5636,future_holdout,USD
5637,development,USD
5638,future_holdout,USD
5639,validation,USD
5640,future_holdout,USD
5641,development,USD
5642,development,USD
5643,development,USD
5644,development,USD
5645,development,USD
5646,validation,USD
5647,development,USD
5648,development,USD
5649,development,USD
5650,development,USD
5651,development,USD
5652,development,USD
5653,validation,USD
5654,future_holdout,USD
5655,validation,USD
5656,development,USD
5657,validation,USD
5658,future_holdout,USD
5659,development,USD
5660,validation,USD
5661,future_holdout,USD
5662,validation,USD
5663,validation,USD
5664,validation,USD
5665,development,USD
5666,future_holdout,USD
5667,development,USD
5668,validation,USD
5669,future_holdout,USD
5670,future_holdout,USD
5671,validation,USD
5672,validation,USD
5673,development,USD
5674,validation,USD
5675,validation,USD
5676,future_holdout,USD
5677,future_holdout,USD
5678,development,USD
5679,development,USD
5680,development,USD
5681,development,USD
5682,future_holdout,USD
5683,development,USD
5684,development,USD
5685,development,USD
5686,development,USD
5687,development,USD
5688,validation,USD
5689,validation,USD
5690,development,USD
5691,future_holdout,USD
5692,future_holdout,USD
5693,future_holdout,USD
5694,validation,USD
5695,future_holdout,USD
5696,future_holdout,USD
5697,development,USD
5698,development,USD
5699,validation,USD
5700,development,USD
5701,development,USD
5702,validation,USD
5703,validation,USD
5704,development,USD
5705,validation,USD
5706,future_holdout,USD
5707,development,USD
5708,validation,USD
5709,development,USD
5710,development,USD
5711,development,USD
5712,future_holdout,USD
5713,development,USD
5714,future_holdout,USD
5715,validation,USD
5716,development,USD
5717,development,USD
5718,development,USD
5719,development,USD
5720,development,USD
5721,development,USD
5722,development,USD
5723,development,USD
5724,development,USD
5725,development,USD
5726,development,USD
5727,development,USD
5728,development,USD
5729,future_holdout,USD
5730,validation,USD
5731,development,USD
5732,validation,USD
5733,development,USD
5734,development,USD
5735,future_holdout,USD
5736,development,USD
5737,future_holdout,USD
5738,future_holdout,USD
5739,development,USD
5740,development,USD
5741,development,USD
5742,development,USD
5743,development,USD
5744,development,USD
5745,validation,USD
5746,validation,USD
5747,development,USD
5748,development,USD
5749,validation,USD
5750,validation,USD
5751,development,USD
5752,validation,USD
5753,future_holdout,USD
5754,validation,USD
5755,validation,USD
5756,development,USD
5757,validation,USD
5758,development,USD
5759,development,USD
5760,future_holdout,USD
5761,validation,USD
5762,development,USD
5763,development,USD
5764,development,USD
5765,validation,USD
5766,development,USD
5767,development,USD
5768,development,USD
5769,development,USD
5770,validation,USD
5771,development,USD
5772,future_holdout,USD
5773,development,USD
5774,validation,USD
5775,development,USD
5776,development,USD
5777,validation,USD
5778,development,USD
5779,development,USD
5780,development,USD
5781,future_holdout,USD
5782,development,USD
5783,development,USD
5784,future_holdout,USD
5785,development,USD
5786,validation,USD
5787,development,USD
5788,future_holdout,USD
5789,development,USD
5790,validation,USD
5791,future_holdout,USD
5792,future_holdout,USD
5793,future_holdout,USD
5794,development,USD
5795,future_holdout,USD
5796,validation,USD
5797,development,USD
5798,development,USD
5799,validation,USD
5800,future_holdout,USD
5801,development,USD
5802,future_holdout,USD
5803,future_holdout,USD
5804,development,USD
5805,validation,USD
5806,validation,USD
5807,development,USD
5808,development,USD
5809,development,USD
5810,development,USD
5811,development,USD
5812,development,USD
5813,development,USD
5814,validation,USD
5815,development,USD
5816,validation,USD
5817,development,USD
5818,development,USD
5819,future_holdout,USD
5820,development,USD
5821,validation,USD
5822,development,USD
5823,future_holdout,USD
5824,development,USD
5825,validation,USD
5826,future_holdout,USD
5827,development,USD
5828,future_holdout,USD
5829,development,USD
5830,development,USD
5831,validation,USD
5832,validation,USD
5833,future_holdout,USD
5834,development,USD
5835,development,USD
5836,development,USD
5837,future_holdout,USD
5838,development,USD
5839,validation,USD
5840,future_holdout,USD
5841,future_holdout,USD
5842,development,USD
5843,development,USD
5844,development,USD
5845,development,USD
5846,future_holdout,USD
5847,validation,USD
5848,development,USD
5849,future_holdout,USD
5850,development,USD
5851,future_holdout,USD
5852,development,USD
5853,validation,USD
5854,future_holdout,USD
5855,future_holdout,USD
5856,development,USD
5857,development,USD
5858,future_holdout,USD
5859,development,USD
5860,future_holdout,USD
5861,development,USD
5862,validation,USD
5863,development,USD
5864,validation,USD
5865,development,USD
5866,development,USD
5867,development,USD
5868,future_holdout,USD
5869,development,USD
5870,future_holdout,USD
5871,validation,USD
5872,development,USD
5873,validation,USD
5874,validation,USD
5875,development,USD
5876,development,USD
5877,development,USD
5878,future_holdout,USD
5879,development,USD
5880,validation,USD
5881,validation,USD
5882,development,USD
5883,development,USD
5884,development,USD
5885,development,USD
5886,development,USD
5887,development,USD
5888,development,USD
5889,development,USD
5890,development,USD
5891,future_holdout,USD
5892,validation,USD
5893,validation,USD
5894,validation,USD
5895,development,USD
5896,validation,USD
5897,development,USD
5898,development,USD
5899,future_holdout,USD
5900,development,USD
5901,development,USD
5902,validation,USD
5903,development,USD
5904,validation,USD
5905,validation,USD
5906,validation,USD
5907,validation,USD
5908,development,USD
5909,validation,USD
5910,future_holdout,USD
5911,development,USD
5912,future_holdout,USD
5913,development,USD
5914,development,USD
5915,validation,USD
5916,development,USD
5917,development,USD
5918,development,USD
5919,future_holdout,USD
5920,future_holdout,USD
5921,future_holdout,USD
5922,development,USD
5923,development,USD
5924,future_holdout,USD
5925,future_holdout,USD
5926,development,USD
5927,validation,USD
5928,validation,USD
5929,future_holdout,USD
5930,development,USD
5931,future_holdout,USD
5932,development,USD
5933,future_holdout,USD
5934,future_holdout,USD
5935,development,USD
5936,future_holdout,USD
5937,future_holdout,USD
5938,development,USD
5939,validation,USD
5940,future_holdout,USD
5941,validation,USD
5942,future_holdout,USD
5943,development,USD
5944,validation,USD
5945,development,USD
5946,development,USD
5947,validation,USD
5948,development,USD
5949,future_holdout,USD
5950,validation,USD
5951,development,USD
5952,validation,USD
5953,development,USD
5954,development,USD
5955,future_holdout,USD
5956,development,USD
5957,validation,USD
5958,development,USD
5959,development,USD
5960,future_holdout,USD
5961,development,USD
5962,development,USD
5963,development,USD
5964,future_holdout,USD
5965,development,USD
5966,development,USD
5967,future_holdout,USD
5968,development,USD
5969,development,USD
5970,development,USD
5971,future_holdout,USD
5972,validation,USD
5973,development,USD
5974,development,USD
5975,development,USD
5976,future_holdout,USD
5977,development,USD
5978,development,USD
5979,development,USD
5980,development,USD
5981,future_holdout,USD
5982,validation,USD
5983,development,USD
5984,future_holdout,USD
5985,development,USD
5986,development,USD
5987,development,USD
5988,validation,USD
5989,development,USD
5990,future_holdout,USD
5991,development,USD
5992,validation,USD
5993,development,USD
5994,development,USD
5995,validation,USD
5996,validation,USD
5997,development,USD
5998,validation,USD
5999,development,USD
6000,development,USD
6001,development,USD
6002,development,USD
6003,development,USD
6004,development,USD
6005,validation,USD
6006,future_holdout,USD
6007,future_holdout,USD
6008,validation,USD
6009,validation,USD
6010,development,USD
6011,validation,USD
6012,development,USD
6013,development,USD
6014,future_holdout,USD
6015,validation,USD
6016,development,USD
6017,development,USD
6018,validation,USD
6019,validation,USD
6020,future_holdout,USD
6021,validation,USD
6022,validation,USD
6023,development,USD
6024,development,USD
6025,future_holdout,USD
6026,development,USD
6027,future_holdout,USD
6028,future_holdout,USD
6029,validation,USD
6030,development,USD
6031,development,USD
6032,validation,USD
6033,future_holdout,USD
6034,development,USD
6035,validation,USD
6036,development,USD
6037,development,USD
6038,development,USD
6039,development,USD
6040,validation,USD
6041,development,USD
6042,development,USD
6043,development,USD
6044,future_holdout,USD
6045,future_holdout,USD
6046,development,USD
6047,development,USD
6048,development,USD
6049,future_holdout,USD
6050,future_holdout,USD
6051,validation,USD
6052,development,USD
6053,future_holdout,USD
6054,development,USD
6055,validation,USD
6056,development,USD
6057,validation,USD
6058,development,USD
6059,development,USD
6060,validation,USD
6061,validation,USD
6062,development,USD
6063,validation,USD
6064,development,USD
6065,validation,USD
6066,validation,USD
6067,validation,USD
6068,development,USD
6069,development,USD
6070,future_holdout,USD
6071,development,USD
6072,future_holdout,USD
6073,future_holdout,USD
6074,future_holdout,USD
6075,future_holdout,USD
6076,development,USD
6077,validation,USD
6078,validation,USD
6079,development,USD
6080,future_holdout,USD
6081,future_holdout,USD
6082,future_holdout,USD
6083,future_holdout,USD
6084,future_holdout,USD
6085,development,USD
6086,development,USD
6087,validation,USD
6088,validation,USD
6089,development,USD
6090,development,USD
6091,future_holdout,USD
6092,validation,USD
6093,development,USD
6094,validation,USD
6095,validation,USD
6096,future_holdout,USD
6097,development,USD
6098,development,USD
6099,development,USD
6100,development,USD
6101,validation,USD
6102,future_holdout,USD
6103,validation,USD
6104,development,USD
6105,validation,USD
6106,development,USD
6107,development,USD
6108,development,USD
6109,future_holdout,USD
6110,future_holdout,USD
6111,validation,USD
6112,validation,USD
6113,future_holdout,USD
6114,development,USD
6115,development,USD
6116,validation,USD
6117,development,USD
6118,development,USD
6119,development,USD
6120,development,USD
6121,validation,USD
6122,development,USD
6123,validation,USD
6124,development,USD
6125,development,USD
6126,development,USD
6127,development,USD
6128,validation,USD
6129,future_holdout,USD
6130,future_holdout,USD
6131,future_holdout,USD
6132,development,USD
6133,future_holdout,USD
6134,development,USD
6135,validation,USD
6136,future_holdout,USD
6137,future_holdout,USD
6138,validation,USD
6139,validation,USD
6140,development,USD
6141,development,USD
6142,development,USD
6143,development,USD
6144,development,USD
6145,validation,USD
6146,validation,USD
6147,validation,USD
6148,development,USD
6149,development,USD
6150,future_holdout,USD
6151,development,USD
6152,validation,USD
6153,future_holdout,USD
6154,development,USD
6155,validation,USD
6156,development,USD
6157,development,USD
6158,validation,USD
6159,validation,USD
6160,future_holdout,USD
6161,future_holdout,USD
6162,future_holdout,USD
6163,development,USD
6164,validation,USD
6165,development,USD
6166,future_holdout,USD
6167,future_holdout,USD
6168,future_holdout,USD
6169,validation,USD
6170,development,USD
6171,future_holdout,USD
6172,development,USD
6173,development,USD
6174,validation,USD
6175,validation,USD
6176,development,USD
6177,validation,USD
6178,development,USD
6179,future_holdout,USD
6180,future_holdout,USD
6181,development,USD
6182,development,USD
6183,validation,USD
6184,development,USD
6185,development,USD
6186,validation,USD
6187,development,USD
6188,development,USD
6189,future_holdout,USD
6190,development,USD
6191,development,USD
6192,validation,USD
6193,future_holdout,USD
6194,validation,USD
6195,validation,USD
6196,future_holdout,USD
6197,development,USD
6198,validation,USD
6199,development,USD
6200,development,USD
6201,development,USD
6202,development,USD
6203,development,USD
6204,validation,USD
6205,future_holdout,USD
6206,development,USD
6207,future_holdout,USD
6208,development,USD
6209,future_holdout,USD
6210,validation,USD
6211,validation,USD
6212,future_holdout,USD
6213,future_holdout,USD
6214,future_holdout,USD
6215,validation,USD
6216,development,USD
6217,development,USD
6218,development,USD
6219,development,USD
6220,development,USD
6221,development,USD
6222,development,USD
6223,validation,USD
6224,future_holdout,USD
6225,development,USD
6226,validation,USD
6227,future_holdout,USD
6228,validation,USD
6229,development,USD
6230,development,USD
6231,future_holdout,USD
6232,development,USD
6233,development,USD
6234,future_holdout,USD
6235,development,USD
6236,validation,USD
6237,development,USD
6238,validation,USD
6239,development,USD
6240,development,USD
6241,future_holdout,USD
6242,future_holdout,USD
6243,validation,USD
6244,future_holdout,USD
6245,development,USD
6246,validation,USD
6247,development,USD
6248,validation,USD
6249,validation,USD
6250,development,USD
6251,future_holdout,USD
6252,development,USD
6253,development,USD
6254,development,USD
6255,development,USD
6256,development,USD
6257,development,USD
6258,future_holdout,USD
6259,validation,USD
6260,development,USD
6261,development,USD
6262,future_holdout,USD
6263,validation,USD
6264,development,USD
6265,validation,USD
6266,validation,USD
6267,validation,USD
6268,development,USD
6269,future_holdout,USD
6270,validation,USD
6271,development,USD
6272,development,USD
6273,development,USD
6274,validation,USD
6275,validation,USD
6276,validation,USD
6277,development,USD
6278,development,USD
6279,future_holdout,USD
6280,development,USD
6281,validation,USD
6282,development,USD
6283,validation,USD
6284,development,USD
6285,development,USD
6286,future_holdout,USD
6287,future_holdout,USD
6288,validation,USD
6289,validation,USD
6290,validation,USD
6291,future_holdout,USD
6292,future_holdout,USD
6293,development,USD
6294,future_holdout,USD
6295,future_holdout,USD
6296,development,USD
6297,development,USD
6298,future_holdout,USD
6299,validation,USD
6300,development,USD
6301,development,USD
6302,future_holdout,USD
6303,development,USD
6304,future_holdout,USD
6305,future_holdout,USD
6306,future_holdout,USD
6307,future_holdout,USD
6308,development,USD
6309,future_holdout,USD
6310,development,USD
6311,development,USD
6312,development,USD
6313,development,USD
6314,future_holdout,USD
6315,future_holdout,USD
6316,development,USD
6317,development,USD
6318,validation,USD
6319,development,USD
6320,validation,USD
6321,validation,USD
6322,future_holdout,USD
6323,future_holdout,USD
6324,validation,USD
6325,validation,USD
6326,validation,USD
6327,development,USD
6328,validation,USD
6329,development,USD
6330,development,USD
6331,development,USD
6332,development,USD
6333,validation,USD
6334,future_holdout,USD
6335,development,USD
6336,validation,USD
6337,validation,USD
6338,validation,USD
6339,development,USD
6340,validation,USD
6341,future_holdout,USD
6342,future_holdout,USD
6343,validation,USD
6344,future_holdout,USD
6345,validation,USD
6346,validation,USD
6347,future_holdout,USD
6348,future_holdout,USD
6349,development,USD
6350,future_holdout,USD
6351,validation,USD
6352,future_holdout,USD
6353,validation,USD
6354,development,USD
6355,validation,USD
6356,development,USD
6357,development,USD
6358,development,USD
6359,validation,USD
6360,future_holdout,USD
6361,validation,USD
6362,development,USD
6363,development,USD
6364,future_holdout,USD
6365,development,USD
6366,future_holdout,USD
6367,validation,USD
6368,validation,USD
6369,development,USD
6370,development,USD
6371,validation,USD
6372,development,USD
6373,future_holdout,USD
6374,validation,USD
6375,development,USD
6376,validation,USD
6377,future_holdout,USD
6378,development,USD
6379,validation,USD
6380,development,USD
6381,validation,USD
6382,development,USD
6383,validation,USD
6384,future_holdout,USD
6385,future_holdout,USD
6386,future_holdout,USD
6387,development,USD
6388,development,USD
6389,validation,USD
6390,development,USD
6391,future_holdout,USD
6392,future_holdout,USD
6393,validation,USD
6394,development,USD
6395,validation,USD
6396,development,USD
6397,development,USD
6398,development,USD
6399,future_holdout,USD
6400,validation,USD
6401,future_holdout,USD
6402,development,USD
6403,future_holdout,USD
6404,future_holdout,USD
6405,future_holdout,USD
6406,development,USD
6407,validation,USD
6408,validation,USD
6409,future_holdout,USD
6410,development,USD
6411,validation,USD
6412,development,USD
6413,future_holdout,USD
6414,development,USD
6415,future_holdout,USD
6416,future_holdout,USD
6417,development,USD
6418,validation,USD
6419,validation,USD
6420,future_holdout,USD
6421,development,USD
6422,future_holdout,USD
6423,development,USD
6424,validation,USD
6425,development,USD
6426,validation,USD
6427,development,USD
6428,development,USD
6429,future_holdout,USD
6430,future_holdout,USD
6431,development,USD
6432,future_holdout,USD
6433,validation,USD
6434,development,USD
6435,development,USD
6436,development,USD
6437,development,USD
6438,development,USD
6439,future_holdout,USD
6440,development,USD
6441,future_holdout,USD
6442,future_holdout,USD
6443,validation,USD
6444,validation,USD
6445,future_holdout,USD
6446,development,USD
6447,validation,USD
6448,development,USD
6449,validation,USD
6450,future_holdout,USD
6451,validation,USD
6452,development,USD
6453,development,USD
6454,development,USD
6455,development,USD
6456,future_holdout,USD
6457,validation,USD
6458,validation,USD
6459,development,USD
6460,development,USD
6461,development,USD
6462,development,USD
6463,development,USD
6464,validation,USD
6465,development,USD
6466,future_holdout,USD
6467,future_holdout,USD
6468,validation,USD
6469,development,USD
6470,future_holdout,USD
6471,development,USD
6472,development,USD
6473,development,USD
6474,validation,USD
6475,development,USD
6476,development,USD
6477,future_holdout,USD
6478,development,USD
6479,future_holdout,USD
6480,development,USD
6481,validation,USD
6482,development,USD
6483,validation,USD
6484,validation,USD
6485,development,USD
6486,future_holdout,USD
6487,development,USD
6488,validation,USD
6489,development,USD
6490,development,USD
6491,future_holdout,USD
6492,development,USD
6493,validation,USD
6494,future_holdout,USD
6495,development,USD
6496,future_holdout,USD
6497,validation,USD
6498,validation,USD
6499,development,USD
6500,development,USD
6501,future_holdout,USD
6502,development,USD
6503,development,USD
6504,future_holdout,USD
6505,validation,USD
6506,validation,USD
6507,development,USD
6508,validation,USD
6509,development,USD
6510,future_holdout,USD
6511,development,USD
6512,development,USD
6513,development,USD
6514,development,USD
6515,development,USD
6516,validation,USD
6517,validation,USD
6518,development,USD
6519,validation,USD
6520,development,USD
6521,validation,USD
6522,future_holdout,USD
6523,validation,USD
6524,validation,USD
6525,validation,USD
6526,validation,USD
6527,development,USD
6528,development,USD
6529,future_holdout,USD
6530,development,USD
6531,future_holdout,USD
6532,validation,USD
6533,future_holdout,USD
6534,future_holdout,USD
6535,future_holdout,USD
6536,development,USD
6537,future_holdout,USD
6538,development,USD
6539,validation,USD
6540,development,USD
6541,development,USD
6542,development,USD
6543,development,USD
6544,development,USD
6545,validation,USD
6546,validation,USD
6547,validation,USD
6548,development,USD
6549,validation,USD
6550,validation,USD
6551,future_holdout,USD
6552,development,USD
6553,development,USD
6554,development,USD
6555,future_holdout,USD
6556,future_holdout,USD
6557,validation,USD
6558,future_holdout,USD
6559,development,USD
6560,development,USD
6561,validation,USD
6562,development,USD
6563,validation,USD
6564,development,USD
6565,development,USD
6566,validation,USD
6567,development,USD
6568,development,USD
6569,development,USD
6570,development,USD
6571,validation,USD
6572,future_holdout,USD
6573,development,USD
6574,future_holdout,USD
6575,future_holdout,USD
6576,development,USD
6577,development,USD
6578,development,USD
6579,validation,USD
6580,validation,USD
6581,development,USD
6582,development,USD
6583,future_holdout,USD
6584,development,USD
6585,validation,USD
6586,development,USD
6587,validation,USD
6588,future_holdout,USD
6589,development,USD
6590,development,USD
6591,development,USD
6592,development,USD
6593,validation,USD
6594,development,USD
6595,development,USD
6596,development,USD
6597,future_holdout,USD
6598,validation,USD
6599,development,USD
6600,development,USD
6601,development,USD
6602,development,USD
6603,validation,USD
6604,validation,USD
6605,development,USD
6606,development,USD
6607,validation,USD
6608,development,USD
6609,future_holdout,USD
6610,future_holdout,USD
6611,development,USD
6612,validation,USD
6613,development,USD
6614,future_holdout,USD
6615,validation,USD
6616,future_holdout,USD
6617,development,USD
6618,development,USD
6619,future_holdout,USD
6620,development,USD
6621,validation,USD
6622,future_holdout,USD
6623,development,USD
6624,future_holdout,USD
6625,future_holdout,USD
6626,development,USD
6627,validation,USD
6628,future_holdout,USD
6629,future_holdout,USD
6630,development,USD
6631,validation,USD
6632,future_holdout,USD
6633,future_holdout,USD
6634,development,USD
6635,development,USD
6636,development,USD
6637,development,USD
6638,future_holdout,USD
6639,validation,USD
6640,future_holdout,USD
6641,development,USD
6642,development,USD
6643,development,USD
6644,validation,USD
6645,development,USD
6646,validation,USD
6647,development,USD
6648,development,USD
6649,validation,USD
6650,development,USD
6651,validation,USD
6652,validation,USD
6653,development,USD
6654,validation,USD
6655,development,USD
6656,development,USD
6657,future_holdout,USD
6658,development,USD
6659,development,USD
6660,development,USD
6661,development,USD
6662,development,USD
6663,development,USD
6664,validation,USD
6665,development,USD
6666,development,USD
6667,development,USD
6668,future_holdout,USD
6669,validation,USD
6670,future_holdout,USD
6671,validation,USD
6672,validation,USD
6673,development,USD
6674,future_holdout,USD
6675,future_holdout,USD
6676,development,USD
6677,future_holdout,USD
6678,future_holdout,USD
6679,development,USD
6680,development,USD
6681,development,USD
6682,development,USD
6683,development,USD
6684,development,USD
6685,development,USD
6686,development,USD
6687,future_holdout,USD
6688,future_holdout,USD
6689,development,USD
6690,validation,USD
6691,future_holdout,USD
6692,validation,USD
6693,validation,USD
6694,validation,USD
6695,validation,USD
6696,development,USD
6697,development,USD
6698,development,USD
6699,validation,USD
6700,future_holdout,USD
6701,development,USD
6702,development,USD
6703,development,USD
6704,future_holdout,USD
6705,development,USD
6706,validation,USD
6707,development,USD
6708,development,USD
6709,future_holdout,USD
6710,validation,USD
6711,validation,USD
6712,validation,USD
6713,validation,USD
6714,future_holdout,USD
6715,development,USD
6716,development,USD
6717,development,USD
6718,validation,USD
6719,development,USD
6720,development,USD
6721,development,USD
6722,development,USD
6723,future_holdout,USD
6724,validation,USD
6725,development,USD
6726,development,USD
6727,future_holdout,USD
6728,validation,USD
6729,development,USD
6730,validation,USD
6731,future_holdout,USD
6732,development,USD
6733,development,USD
6734,future_holdout,USD
6735,development,USD
6736,validation,USD
6737,validation,USD
6738,future_holdout,USD
6739,development,USD
6740,development,USD
6741,validation,USD
6742,development,USD
6743,validation,USD
6744,development,USD
6745,validation,USD
6746,validation,USD
6747,future_holdout,USD
6748,future_holdout,USD
6749,validation,USD
6750,development,USD
6751,validation,USD
6752,future_holdout,USD
6753,future_holdout,USD
6754,development,USD
6755,development,USD
6756,development,USD
6757,validation,USD
6758,validation,USD
6759,future_holdout,USD
6760,validation,USD
6761,development,USD
6762,development,USD
6763,future_holdout,USD
6764,validation,USD
6765,future_holdout,USD
6766,development,USD
6767,future_holdout,USD
6768,future_holdout,USD
6769,development,USD
6770,development,USD
6771,development,USD
6772,future_holdout,USD
6773,development,USD
6774,development,USD
6775,validation,USD
6776,future_holdout,USD
6777,development,USD
6778,development,USD
6779,development,USD
6780,validation,USD
6781,development,USD
6782,development,USD
6783,validation,USD
6784,future_holdout,USD
6785,development,USD
6786,validation,USD
6787,development,USD
6788,development,USD
6789,development,USD
6790,future_holdout,USD
6791,future_holdout,USD
6792,validation,USD
6793,development,USD
6794,future_holdout,USD
6795,future_holdout,USD
6796,future_holdout,USD
6797,development,USD
6798,future_holdout,USD
6799,future_holdout,USD
6800,validation,USD
6801,development,USD
6802,validation,USD
6803,future_holdout,USD
6804,development,USD
6805,future_holdout,USD
6806,validation,USD
6807,future_holdout,USD
6808,development,USD
6809,future_holdout,USD
6810,future_holdout,USD
6811,development,USD
6812,validation,USD
6813,validation,USD
6814,future_holdout,USD
6815,future_holdout,USD
6816,future_holdout,USD
6817,development,USD
6818,development,USD
6819,validation,USD
6820,development,USD
6821,future_holdout,USD
6822,future_holdout,USD
6823,development,USD
6824,development,USD
6825,development,USD
6826,development,USD
6827,development,USD
6828,future_holdout,USD
6829,development,USD
6830,development,USD
6831,development,USD
6832,validation,USD
6833,validation,USD
6834,development,USD
6835,development,USD
6836,development,USD
6837,validation,USD
6838,validation,USD
6839,validation,USD
6840,future_holdout,USD
6841,development,USD
6842,future_holdout,USD
6843,development,USD
6844,validation,USD
6845,future_holdout,USD
6846,development,USD
6847,development,USD
6848,validation,USD
6849,future_holdout,USD
6850,development,USD
6851,development,USD
6852,future_holdout,USD
6853,future_holdout,USD
6854,future_holdout,USD
6855,validation,USD
6856,validation,USD
6857,validation,USD
6858,development,USD
6859,validation,USD
6860,development,USD
6861,future_holdout,USD
6862,development,USD
6863,development,USD
6864,development,USD
6865,development,USD
6866,validation,USD
6867,validation,USD
6868,validation,USD
6869,validation,USD
6870,validation,USD
6871,future_holdout,USD
6872,future_holdout,USD
6873,development,USD
6874,development,USD
6875,future_holdout,USD
6876,future_holdout,USD
6877,development,USD
6878,development,USD
6879,development,USD
6880,validation,USD
6881,development,USD
6882,validation,USD
6883,development,USD
6884,development,USD
6885,validation,USD
6886,future_holdout,USD
6887,validation,USD
6888,validation,USD
6889,development,USD
6890,validation,USD
6891,development,USD
6892,future_holdout,USD
6893,development,USD
6894,future_holdout,USD
6895,development,USD
6896,development,USD
6897,validation,USD
6898,future_holdout,USD
6899,future_holdout,USD
6900,development,USD
6901,validation,USD
6902,validation,USD
6903,development,USD
6904,future_holdout,USD
6905,validation,USD
6906,development,USD
6907,future_holdout,USD
6908,development,USD
6909,development,USD
6910,future_holdout,USD
6911,future_holdout,USD
6912,validation,USD
6913,development,USD
6914,development,USD
6915,future_holdout,USD
6916,development,USD
6917,future_holdout,USD
6918,development,USD
6919,development,USD
6920,validation,USD
6921,validation,USD
6922,validation,USD
6923,validation,USD
6924,future_holdout,USD
6925,future_holdout,USD
6926,development,USD
6927,development,USD
6928,development,USD
6929,validation,USD
6930,future_holdout,USD
6931,validation,USD
6932,development,USD
6933,future_holdout,USD
6934,development,USD
6935,development,USD
6936,future_holdout,USD
6937,validation,USD
6938,future_holdout,USD
6939,development,USD
6940,development,USD
6941,future_holdout,USD
6942,validation,USD
6943,validation,USD
6944,validation,USD
6945,development,USD
6946,development,USD
6947,development,USD
6948,development,USD
6949,development,USD
6950,future_holdout,USD
6951,future_holdout,USD
6952,future_holdout,USD
6953,validation,USD
6954,validation,USD
6955,development,USD
6956,validation,USD
6957,development,USD
6958,development,USD
6959,development,USD
6960,development,USD
6961,validation,USD
6962,future_holdout,USD
6963,future_holdout,USD
6964,future_holdout,USD
6965,future_holdout,USD
6966,validation,USD
6967,development,USD
6968,development,USD
6969,validation,USD
6970,future_holdout,USD
6971,validation,USD
6972,validation,USD
6973,validation,USD
6974,development,USD
6975,future_holdout,USD
6976,validation,USD
6977,development,USD
6978,validation,USD
6979,development,USD
6980,development,USD
6981,development,USD
6982,future_holdout,USD
6983,validation,USD
6984,development,USD
6985,future_holdout,USD
6986,future_holdout,USD
6987,future_holdout,USD
6988,future_holdout,USD
6989,development,USD
6990,validation,USD
6991,development,USD
6992,future_holdout,USD
6993,development,USD
6994,validation,USD
6995,development,USD
6996,future_holdout,USD
6997,development,USD
6998,development,USD
6999,development,USD
7000,development,USD
7001,validation,USD
7002,development,USD
7003,future_holdout,USD
7004,future_holdout,USD
7005,future_holdout,USD
7006,validation,USD
7007,development,USD
7008,development,USD
7009,development,USD
7010,future_holdout,USD
7011,validation,USD
7012,development,USD
7013,development,USD
7014,validation,USD
7015,validation,USD
7016,development,USD
7017,development,USD
7018,validation,USD
7019,validation,USD
7020,development,USD
7021,development,USD
7022,development,USD
7023,validation,USD
7024,development,USD
7025,validation,USD
7026,development,USD
7027,validation,USD
7028,development,USD
7029,future_holdout,USD
7030,development,USD
7031,development,USD
7032,development,USD
7033,future_holdout,USD
7034,validation,USD
7035,validation,USD
7036,validation,USD
7037,validation,USD
7038,development,USD
7039,future_holdout,USD
7040,development,USD
7041,development,USD
7042,development,USD
7043,validation,USD
7044,future_holdout,USD
7045,development,USD
7046,development,USD
7047,future_holdout,USD
7048,development,USD
7049,future_holdout,USD
7050,development,USD
7051,development,USD
7052,development,USD
7053,future_holdout,USD
7054,development,USD
7055,future_holdout,USD
7056,development,USD
7057,development,USD
7058,validation,USD
7059,development,USD
7060,development,USD
7061,future_holdout,USD
7062,future_holdout,USD
7063,development,USD
7064,future_holdout,USD
7065,development,USD
7066,development,USD
7067,future_holdout,USD
7068,future_holdout,USD
7069,development,USD
7070,future_holdout,USD
7071,development,USD
7072,future_holdout,USD
7073,validation,USD
7074,development,USD
7075,future_holdout,USD
7076,development,USD
7077,development,USD
7078,development,USD
7079,validation,USD
7080,development,USD
7081,future_holdout,USD
7082,development,USD
7083,validation,USD
7084,development,USD
7085,future_holdout,USD
7086,validation,USD
7087,future_holdout,USD
7088,development,USD
7089,development,USD
7090,future_holdout,USD
7091,validation,USD
7092,development,USD
7093,development,USD
7094,development,USD
7095,future_holdout,USD
7096,validation,USD
7097,development,USD
7098,development,USD
7099,development,USD
7100,validation,USD
7101,future_holdout,USD
7102,validation,USD
7103,future_holdout,USD
7104,future_holdout,USD
7105,development,USD
7106,development,USD
7107,validation,USD
7108,future_holdout,USD
7109,future_holdout,USD
7110,development,USD
7111,development,USD
7112,development,USD
7113,development,USD
7114,validation,USD
7115,validation,USD
7116,validation,USD
7117,future_holdout,USD
7118,development,USD
7119,validation,USD
7120,validation,USD
7121,development,USD
7122,validation,USD
7123,development,USD
7124,validation,USD
7125,development,USD
7126,validation,USD
7127,development,USD
7128,validation,USD
7129,future_holdout,USD
7130,development,USD
7131,validation,USD
7132,development,USD
7133,future_holdout,USD
7134,future_holdout,USD
7135,development,USD
7136,validation,USD
7137,validation,USD
7138,future_holdout,USD
7139,future_holdout,USD
7140,development,USD
7141,development,USD
7142,future_holdout,USD
7143,development,USD
7144,development,USD
7145,development,USD
7146,validation,USD
7147,future_holdout,USD
7148,validation,USD
7149,development,USD
7150,validation,USD
7151,future_holdout,USD
7152,development,USD
7153,development,USD
7154,development,USD
7155,future_holdout,USD
7156,future_holdout,USD
7157,development,USD
7158,development,USD
7159,validation,USD
7160,development,USD
7161,validation,USD
7162,development,USD
7163,future_holdout,USD
7164,development,USD
7165,development,USD
7166,future_holdout,USD
7167,development,USD
7168,validation,USD
7169,future_holdout,USD
7170,validation,USD
7171,validation,USD
7172,development,USD
7173,validation,USD
7174,development,USD
7175,development,USD
7176,development,USD
7177,development,USD
7178,future_holdout,USD
7179,development,USD
7180,validation,USD
7181,development,USD
7182,validation,USD
7183,development,USD
7184,development,USD
7185,development,USD
7186,future_holdout,USD
7187,development,USD
7188,validation,USD
7189,development,USD
7190,future_holdout,USD
7191,future_holdout,USD
7192,future_holdout,USD
7193,development,USD
7194,development,USD
7195,development,USD
7196,development,USD
7197,validation,USD
7198,validation,USD
7199,validation,USD
7200,future_holdout,USD
7201,future_holdout,USD
7202,validation,USD
7203,future_holdout,USD
7204,development,USD
7205,development,USD
7206,validation,USD
7207,validation,USD
7208,development,USD
7209,validation,USD
7210,development,USD
7211,development,USD
7212,development,USD
7213,validation,USD
7214,development,USD
7215,development,USD
7216,future_holdout,USD
7217,future_holdout,USD
7218,development,USD
7219,development,USD
7220,development,USD
7221,future_holdout,USD
7222,development,USD
7223,development,USD
7224,validation,USD
7225,development,USD
7226,future_holdout,USD
7227,validation,USD
7228,validation,USD
7229,future_holdout,USD
7230,development,USD
7231,future_holdout,USD
7232,future_holdout,USD
7233,future_holdout,USD
7234,future_holdout,USD
7235,development,USD
7236,validation,USD
7237,future_holdout,USD
7238,future_holdout,USD
7239,development,USD
7240,development,USD
7241,development,USD
7242,future_holdout,USD
7243,development,USD
7244,development,USD
7245,development,USD
7246,development,USD
7247,future_holdout,USD
7248,validation,USD
7249,development,USD
7250,validation,USD
7251,future_holdout,USD
7252,development,USD
7253,development,USD
7254,development,USD
7255,future_holdout,USD
7256,development,USD
7257,future_holdout,USD
7258,development,USD
7259,validation,USD
7260,development,USD
7261,future_holdout,USD
7262,development,USD
7263,future_holdout,USD
7264,development,USD
7265,development,USD
7266,validation,USD
7267,development,USD
7268,validation,USD
7269,development,USD
7270,future_holdout,USD
7271,development,USD
7272,validation,USD
7273,future_holdout,USD
7274,future_holdout,USD
7275,validation,USD
7276,development,USD
7277,validation,USD
7278,development,USD
7279,validation,USD
7280,validation,USD
7281,future_holdout,USD
7282,future_holdout,USD
7283,validation,USD
7284,development,USD
7285,future_holdout,USD
7286,development,USD
7287,development,USD
7288,development,USD
7289,future_holdout,USD
7290,development,USD
7291,future_holdout,USD
7292,validation,USD
7293,development,USD
7294,future_holdout,USD
7295,development,USD
7296,future_holdout,USD
7297,development,USD
7298,development,USD
7299,development,USD
7300,validation,USD
7301,future_holdout,USD
7302,development,USD
7303,future_holdout,USD
7304,development,USD
7305,validation,USD
7306,future_holdout,USD
7307,development,USD
7308,development,USD
7309,validation,USD
7310,future_holdout,USD
7311,development,USD
7312,future_holdout,USD
7313,development,USD
7314,validation,USD
7315,development,USD
7316,future_holdout,USD
7317,validation,USD
7318,validation,USD
7319,future_holdout,USD
7320,future_holdout,USD
7321,development,USD
7322,future_holdout,USD
7323,future_holdout,USD
7324,development,USD
7325,development,USD
7326,future_holdout,USD
7327,development,USD
7328,future_holdout,USD
7329,development,USD
7330,development,USD
7331,development,USD
7332,development,USD
7333,future_holdout,USD
7334,future_holdout,USD
7335,validation,USD
7336,development,USD
7337,future_holdout,USD
7338,development,USD
7339,future_holdout,USD
7340,development,USD
7341,validation,USD
7342,development,USD
7343,development,USD
7344,development,USD
7345,development,USD
7346,validation,USD
7347,development,USD
7348,validation,USD
7349,validation,USD
7350,development,USD
7351,development,USD
7352,development,USD
7353,future_holdout,USD
7354,development,USD
7355,validation,USD
7356,validation,USD
7357,development,USD
7358,development,USD
7359,future_holdout,USD
7360,development,USD
7361,development,USD
7362,development,USD
7363,validation,USD
7364,future_holdout,USD
7365,development,USD
7366,validation,USD
7367,development,USD
7368,development,USD
7369,validation,USD
7370,development,USD
7371,development,USD
7372,validation,USD
7373,future_holdout,USD
7374,development,USD
7375,development,USD
7376,future_holdout,USD
7377,development,USD
7378,development,USD
7379,development,USD
7380,validation,USD
7381,development,USD
7382,development,USD
7383,future_holdout,USD
7384,development,USD
7385,validation,USD
7386,development,USD
7387,development,USD
7388,development,USD
7389,development,USD
7390,future_holdout,USD
7391,development,USD
7392,future_holdout,USD
7393,future_holdout,USD
7394,development,USD
7395,development,USD
7396,development,USD
7397,development,USD
7398,future_holdout,USD
7399,development,USD
7400,development,USD
7401,future_holdout,USD
7402,validation,USD
7403,validation,USD
7404,development,USD
7405,validation,USD
7406,future_holdout,USD
7407,future_holdout,USD
7408,future_holdout,USD
7409,development,USD
7410,future_holdout,USD
7411,development,USD
7412,development,USD
7413,development,USD
7414,validation,USD
7415,future_holdout,USD
7416,future_holdout,USD
7417,validation,USD
7418,validation,USD
7419,future_holdout,USD
7420,future_holdout,USD
7421,development,USD
7422,development,USD
7423,development,USD
7424,development,USD
7425,development,USD
7426,development,USD
7427,development,USD
7428,development,USD
7429,development,USD
7430,validation,USD
7431,development,USD
7432,validation,USD
7433,development,USD
7434,development,USD
7435,development,USD
7436,future_holdout,USD
7437,validation,USD
7438,development,USD
7439,development,USD
7440,validation,USD
7441,development,USD
7442,development,USD
7443,future_holdout,USD
7444,development,USD
7445,validation,USD
7446,validation,USD
7447,development,USD
7448,future_holdout,USD
7449,development,USD
7450,future_holdout,USD
7451,validation,USD
7452,development,USD
7453,validation,USD
7454,development,USD
7455,validation,USD
7456,development,USD
7457,development,USD
7458,development,USD
7459,validation,USD
7460,development,USD
7461,validation,USD
7462,validation,USD
7463,development,USD
7464,future_holdout,USD
7465,future_holdout,USD
7466,development,USD
7467,development,USD
7468,future_holdout,USD
7469,future_holdout,USD
7470,validation,USD
7471,validation,USD
7472,development,USD
7473,future_holdout,USD
7474,development,USD
7475,validation,USD
7476,development,USD
7477,future_holdout,USD
7478,development,USD
7479,validation,USD
7480,future_holdout,USD
7481,future_holdout,USD
7482,development,USD
7483,development,USD
7484,validation,USD
7485,future_holdout,USD
7486,development,USD
7487,development,USD
7488,future_holdout,USD
7489,development,USD
7490,future_holdout,USD
7491,development,USD
7492,development,USD
7493,future_holdout,USD
7494,development,USD
7495,future_holdout,USD
7496,development,USD
7497,future_holdout,USD
7498,development,USD
7499,development,USD
7500,future_holdout,USD
7501,development,USD
7502,validation,USD
7503,development,USD
7504,future_holdout,USD
7505,development,USD
7506,validation,USD
7507,development,USD
7508,future_holdout,USD
7509,validation,USD
7510,validation,USD
7511,development,USD
7512,development,USD
7513,validation,USD
7514,development,USD
7515,development,USD
7516,development,USD
7517,future_holdout,USD
7518,development,USD
7519,validation,USD
7520,development,USD
7521,development,USD
7522,development,USD
7523,development,USD
7524,validation,USD
7525,development,USD
7526,development,USD
7527,development,USD
7528,validation,USD
7529,development,USD
7530,future_holdout,USD
7531,future_holdout,USD
7532,development,USD
7533,validation,USD
7534,future_holdout,USD
7535,validation,USD
7536,future_holdout,USD
7537,future_holdout,USD
7538,future_holdout,USD
7539,future_holdout,USD
7540,future_holdout,USD
7541,validation,USD
7542,validation,USD
7543,development,USD
7544,validation,USD
7545,development,USD
7546,validation,USD
7547,future_holdout,USD
7548,development,USD
7549,validation,USD
7550,validation,USD
7551,future_holdout,USD
7552,development,USD
7553,validation,USD
7554,validation,USD
7555,validation,USD
7556,validation,USD
7557,development,USD
7558,future_holdout,USD
7559,development,USD
7560,future_holdout,USD
7561,development,USD
7562,development,USD
7563,development,USD
7564,development,USD
7565,future_holdout,USD
7566,future_holdout,USD
7567,development,USD
7568,development,USD
7569,validation,USD
7570,validation,USD
7571,development,USD
7572,development,USD
7573,validation,USD
7574,validation,USD
7575,validation,USD
7576,future_holdout,USD
7577,validation,USD
7578,validation,USD
7579,validation,USD
7580,future_holdout,USD
7581,development,USD
7582,validation,USD
7583,validation,USD
7584,validation,USD
7585,future_holdout,USD
7586,development,USD
7587,validation,USD
7588,development,USD
7589,validation,USD
7590,validation,USD
7591,development,USD
7592,validation,USD
7593,validation,USD
7594,development,USD
7595,validation,USD
7596,validation,USD
7597,future_holdout,USD
7598,future_holdout,USD
7599,validation,USD
7600,development,USD
7601,development,USD
7602,future_holdout,USD
7603,future_holdout,USD
7604,development,USD
7605,development,USD
7606,future_holdout,USD
7607,development,USD
7608,development,USD
7609,development,USD
7610,development,USD
7611,development,USD
7612,validation,USD
7613,future_holdout,USD
7614,validation,USD
7615,future_holdout,USD
7616,future_holdout,USD
7617,development,USD
7618,development,USD
7619,validation,USD
7620,validation,USD
7621,validation,USD
7622,development,USD
7623,validation,USD
7624,development,USD
7625,development,USD
7626,future_holdout,USD
7627,development,USD
7628,validation,USD
7629,validation,USD
7630,validation,USD
7631,validation,USD
7632,development,USD
7633,validation,USD
7634,validation,USD
7635,development,USD
7636,development,USD
7637,validation,USD
7638,development,USD
7639,future_holdout,USD
7640,future_holdout,USD
7641,future_holdout,USD
7642,future_holdout,USD
7643,development,USD
7644,validation,USD
7645,validation,USD
7646,development,USD
7647,future_holdout,USD
7648,development,USD
7649,validation,USD
7650,future_holdout,USD
7651,validation,USD
7652,validation,USD
7653,future_holdout,USD
7654,validation,USD
7655,future_holdout,USD
7656,development,USD
7657,development,USD
7658,development,USD
7659,development,USD
7660,validation,USD
7661,future_holdout,USD
7662,development,USD
7663,future_holdout,USD
7664,development,USD
7665,development,USD
7666,future_holdout,USD
7667,future_holdout,USD
7668,development,USD
7669,development,USD
7670,development,USD
7671,development,USD
7672,development,USD
7673,validation,USD
7674,future_holdout,USD
7675,validation,USD
7676,future_holdout,USD
7677,future_holdout,USD
7678,development,USD
7679,validation,USD
7680,future_holdout,USD
7681,validation,USD
7682,validation,USD
7683,future_holdout,USD
7684,development,USD
7685,development,USD
7686,development,USD
7687,development,USD
7688,development,USD
7689,development,USD
7690,future_holdout,USD
7691,future_holdout,USD
7692,validation,USD
7693,future_holdout,USD
7694,validation,USD
7695,future_holdout,USD
7696,validation,USD
7697,development,USD
7698,validation,USD
7699,future_holdout,USD
7700,development,USD
7701,development,USD
7702,validation,USD
7703,development,USD
7704,development,USD
7705,development,USD
7706,development,USD
7707,development,USD
7708,development,USD
7709,validation,USD
7710,validation,USD
7711,development,USD
7712,development,USD
7713,development,USD
7714,development,USD
7715,development,USD
7716,future_holdout,USD
7717,development,USD
7718,future_holdout,USD
7719,validation,USD
7720,development,USD
7721,future_holdout,USD
7722,validation,USD
7723,future_holdout,USD
7724,future_holdout,USD
7725,development,USD
7726,development,USD
7727,validation,USD
7728,development,USD
7729,validation,USD
7730,development,USD
7731,future_holdout,USD
7732,development,USD
7733,development,USD
7734,future_holdout,USD
7735,development,USD
7736,development,USD
7737,future_holdout,USD
7738,validation,USD
7739,development,USD
7740,validation,USD
7741,future_holdout,USD
7742,development,USD
7743,future_holdout,USD
7744,future_holdout,USD
7745,validation,USD
7746,future_holdout,USD
7747,validation,USD
7748,validation,USD
7749,validation,USD
7750,validation,USD
7751,validation,USD
7752,future_holdout,USD
7753,development,USD
7754,development,USD
7755,development,USD
7756,validation,USD
7757,future_holdout,USD
7758,development,USD
7759,future_holdout,USD
7760,future_holdout,USD
7761,development,USD
7762,validation,USD
7763,future_holdout,USD
7764,validation,USD
7765,validation,USD
7766,development,USD
7767,development,USD
7768,future_holdout,USD
7769,future_holdout,USD
7770,development,USD
7771,validation,USD
7772,development,USD
7773,future_holdout,USD
7774,development,USD
7775,development,USD
7776,development,USD
7777,future_holdout,USD
7778,development,USD
7779,validation,USD
7780,development,USD
7781,future_holdout,USD
7782,validation,USD
7783,development,USD
7784,development,USD
7785,future_holdout,USD
7786,future_holdout,USD
7787,future_holdout,USD
7788,development,USD
7789,future_holdout,USD
7790,future_holdout,USD
7791,development,USD
7792,future_holdout,USD
7793,future_holdout,USD
7794,validation,USD
7795,development,USD
7796,development,USD
7797,development,USD
7798,development,USD
7799,development,USD
7800,development,USD
7801,development,USD
7802,future_holdout,USD
7803,development,USD
7804,validation,USD
7805,future_holdout,USD
7806,future_holdout,USD
7807,validation,USD
7808,development,USD
7809,development,USD
7810,development,USD
7811,validation,USD
7812,development,USD
7813,development,USD
7814,development,USD
7815,future_holdout,USD
7816,development,USD
7817,development,USD
7818,development,USD
7819,development,USD
7820,development,USD
7821,development,USD
7822,development,USD
7823,development,USD
7824,validation,USD
7825,future_holdout,USD
7826,validation,USD
7827,validation,USD
7828,validation,USD
7829,validation,USD
7830,development,USD
7831,future_holdout,USD
7832,development,USD
7833,development,USD
7834,future_holdout,USD
7835,development,USD
7836,future_holdout,USD
7837,development,USD
7838,development,USD
7839,development,USD
7840,development,USD
7841,development,USD
7842,development,USD
7843,future_holdout,USD
7844,future_holdout,USD
7845,future_holdout,USD
7846,development,USD
7847,development,USD
7848,development,USD
7849,development,USD
7850,future_holdout,USD
7851,development,USD
7852,validation,USD
7853,validation,USD
7854,future_holdout,USD
7855,development,USD
7856,development,USD
7857,future_holdout,USD
7858,validation,USD
7859,development,USD
7860,validation,USD
7861,validation,USD
7862,future_holdout,USD
7863,future_holdout,USD
7864,development,USD
7865,future_holdout,USD
7866,validation,USD
7867,development,USD
7868,validation,USD
7869,development,USD
7870,development,USD
7871,development,USD
7872,development,USD
7873,development,USD
7874,future_holdout,USD
7875,validation,USD
7876,development,USD
7877,validation,USD
7878,future_holdout,USD
7879,development,USD
7880,future_holdout,USD
7881,development,USD
7882,validation,USD
7883,future_holdout,USD
7884,development,USD
7885,development,USD
7886,validation,USD
7887,development,USD
7888,future_holdout,USD
7889,development,USD
7890,future_holdout,USD
7891,development,USD
7892,development,USD
7893,future_holdout,USD
7894,development,USD
7895,validation,USD
7896,development,USD
7897,future_holdout,USD
7898,validation,USD
7899,validation,USD
7900,development,USD
7901,development,USD
7902,development,USD
7903,future_holdout,USD
7904,future_holdout,USD
7905,development,USD
7906,future_holdout,USD
7907,future_holdout,USD
7908,validation,USD
7909,validation,USD
7910,validation,USD
7911,future_holdout,USD
7912,validation,USD
7913,future_holdout,USD
7914,future_holdout,USD
7915,development,USD
7916,development,USD
7917,future_holdout,USD
7918,development,USD
7919,development,USD
7920,development,USD
7921,development,USD
7922,development,USD
7923,validation,USD
7924,development,USD
7925,future_holdout,USD
7926,validation,USD
7927,validation,USD
7928,development,USD
7929,future_holdout,USD
7930,future_holdout,USD
7931,development,USD
7932,development,USD
7933,development,USD
7934,development,USD
7935,future_holdout,USD
7936,validation,USD
7937,development,USD
7938,development,USD
7939,future_holdout,USD
7940,development,USD
7941,validation,USD
7942,future_holdout,USD
7943,development,USD
7944,validation,USD
7945,validation,USD
7946,validation,USD
7947,development,USD
7948,validation,USD
7949,validation,USD
7950,validation,USD
7951,development,USD
7952,validation,USD
7953,future_holdout,USD
7954,validation,USD
7955,development,USD
7956,development,USD
7957,development,USD
7958,development,USD
7959,development,USD
7960,validation,USD
7961,development,USD
7962,development,USD
7963,future_holdout,USD
7964,development,USD
7965,development,USD
7966,validation,USD
7967,validation,USD
7968,development,USD
7969,development,USD
7970,development,USD
7971,development,USD
7972,validation,USD
7973,future_holdout,USD
7974,development,USD
7975,validation,USD
7976,future_holdout,USD
7977,development,USD
7978,validation,USD
7979,validation,USD
7980,development,USD
7981,development,USD
7982,validation,USD
7983,development,USD
7984,future_holdout,USD
7985,future_holdout,USD
7986,future_holdout,USD
7987,validation,USD
7988,validation,USD
7989,development,USD
7990,development,USD
7991,development,USD
7992,development,USD
7993,development,USD
7994,validation,USD
7995,future_holdout,USD
7996,development,USD
7997,development,USD
7998,development,USD
7999,validation,USD
8000,future_holdout,USD
8001,future_holdout,USD
8002,future_holdout,USD
8003,validation,USD
8004,validation,USD
8005,validation,USD
8006,validation,USD
8007,future_holdout,USD
8008,future_holdout,USD
8009,development,USD
8010,development,USD
8011,development,USD
8012,development,USD
8013,development,USD
8014,future_holdout,USD
8015,development,USD
8016,development,USD
8017,development,USD
8018,development,USD
8019,validation,USD
8020,validation,USD
8021,development,USD
8022,development,USD
8023,future_holdout,USD
8024,future_holdout,USD
8025,future_holdout,USD
8026,validation,USD
8027,future_holdout,USD
8028,development,USD
8029,validation,USD
8030,validation,USD
8031,development,USD
8032,development,USD
8033,development,USD
8034,development,USD
8035,future_holdout,USD
8036,validation,USD
8037,validation,USD
8038,validation,USD
8039,future_holdout,USD
8040,validation,USD
8041,validation,USD
8042,development,USD
8043,future_holdout,USD
8044,development,USD
8045,future_holdout,USD
8046,development,USD
8047,development,USD
8048,development,USD
8049,validation,USD
8050,future_holdout,USD
8051,development,USD
8052,validation,USD
8053,future_holdout,USD
8054,development,USD
8055,development,USD
8056,development,USD
8057,future_holdout,USD
8058,validation,USD
8059,development,USD
8060,development,USD
8061,development,USD
8062,future_holdout,USD
8063,future_holdout,USD
8064,development,USD
8065,development,USD
8066,development,USD
8067,future_holdout,USD
8068,validation,USD
8069,future_holdout,USD
8070,future_holdout,USD
8071,development,USD
8072,future_holdout,USD
8073,development,USD
8074,validation,USD
8075,development,USD
8076,validation,USD
8077,development,USD
8078,future_holdout,USD
8079,development,USD
8080,future_holdout,USD
8081,future_holdout,USD
8082,development,USD
8083,development,USD
8084,validation,USD
8085,future_holdout,USD
8086,validation,USD
8087,development,USD
8088,validation,USD
8089,development,USD
8090,development,USD
8091,development,USD
8092,validation,USD
8093,development,USD
8094,future_holdout,USD
8095,future_holdout,USD
8096,development,USD
8097,development,USD
8098,future_holdout,USD
8099,future_holdout,USD
8100,future_holdout,USD
8101,future_holdout,USD
8102,development,USD
8103,development,USD
8104,validation,USD
8105,future_holdout,USD
8106,development,USD
8107,validation,USD
8108,development,USD
8109,validation,USD
8110,future_holdout,USD
8111,validation,USD
8112,future_holdout,USD
8113,validation,USD
8114,future_holdout,USD
8115,future_holdout,USD
8116,development,USD
8117,development,USD
8118,development,USD
8119,future_holdout,USD
8120,development,USD
8121,future_holdout,USD
8122,validation,USD
8123,development,USD
8124,future_holdout,USD
8125,development,USD
8126,future_holdout,USD
8127,development,USD
8128,future_holdout,USD
8129,validation,USD
8130,development,USD
8131,development,USD
8132,development,USD
8133,development,USD
8134,development,USD
8135,validation,USD
8136,development,USD
8137,future_holdout,USD
8138,validation,USD
8139,validation,USD
8140,development,USD
8141,future_holdout,USD
8142,development,USD
8143,future_holdout,USD
8144,future_holdout,USD
8145,development,USD
8146,validation,USD
8147,validation,USD
8148,future_holdout,USD
8149,validation,USD
8150,development,USD
8151,development,USD
8152,development,USD
8153,future_holdout,USD
8154,development,USD
8155,future_holdout,USD
8156,future_holdout,USD
8157,development,USD
8158,development,USD
8159,future_holdout,USD
8160,validation,USD
8161,future_holdout,USD
8162,development,USD
8163,development,USD
8164,future_holdout,USD
8165,development,USD
8166,validation,USD
8167,development,USD
8168,validation,USD
8169,development,USD
8170,validation,USD
8171,validation,USD
8172,development,USD
8173,development,USD
8174,development,USD
8175,development,USD
8176,future_holdout,USD
8177,development,USD
8178,development,USD
8179,development,USD
8180,validation,USD
8181,development,USD
8182,development,USD
8183,validation,USD
8184,validation,USD
8185,development,USD
8186,validation,USD
8187,future_holdout,USD
8188,development,USD
8189,future_holdout,USD
8190,validation,USD
8191,future_holdout,USD
8192,development,USD
8193,validation,USD
8194,validation,USD
8195,validation,USD
8196,future_holdout,USD
8197,future_holdout,USD
8198,validation,USD
8199,future_holdout,USD
8200,development,USD
8201,development,USD
8202,validation,USD
8203,development,USD
8204,future_holdout,USD
8205,development,USD
8206,validation,USD
8207,validation,USD
8208,future_holdout,USD
8209,validation,USD
8210,development,USD
8211,development,USD
8212,validation,USD
8213,development,USD
8214,validation,USD
8215,development,USD
8216,validation,USD
8217,future_holdout,USD
8218,future_holdout,USD
8219,development,USD
8220,validation,USD
8221,development,USD
8222,validation,USD
8223,development,USD
8224,validation,USD
8225,future_holdout,USD
8226,future_holdout,USD
8227,future_holdout,USD
8228,validation,USD
8229,future_holdout,USD
8230,future_holdout,USD
8231,validation,USD
8232,development,USD
8233,development,USD
8234,development,USD
8235,development,USD
8236,validation,USD
8237,development,USD
8238,validation,USD
8239,development,USD
8240,future_holdout,USD
8241,development,USD
8242,future_holdout,USD
8243,validation,USD
8244,validation,USD
8245,development,USD
8246,future_holdout,USD
8247,development,USD
8248,development,USD
8249,development,USD
8250,validation,USD
8251,development,USD
8252,development,USD
8253,development,USD
8254,development,USD
8255,development,USD
8256,development,USD
8257,development,USD
8258,future_holdout,USD
8259,development,USD
8260,future_holdout,USD
8261,development,USD
8262,validation,USD
8263,future_holdout,USD
8264,development,USD
8265,validation,USD
8266,development,USD
8267,development,USD
8268,development,USD
8269,development,USD
8270,development,USD
8271,development,USD
8272,future_holdout,USD
8273,future_holdout,USD
8274,development,USD
8275,validation,USD
8276,development,USD
8277,future_holdout,USD
8278,validation,USD
8279,future_holdout,USD
8280,development,USD
8281,development,USD
8282,future_holdout,USD
8283,development,USD
8284,validation,USD
8285,development,USD
8286,future_holdout,USD
8287,development,USD
8288,development,USD
8289,validation,USD
8290,future_holdout,USD
8291,future_holdout,USD
8292,development,USD
8293,future_holdout,USD
8294,development,USD
8295,validation,USD
8296,future_holdout,USD
8297,future_holdout,USD
8298,future_holdout,USD
8299,development,USD
8300,validation,USD
8301,development,USD
8302,future_holdout,USD
8303,development,USD
8304,development,USD
8305,development,USD
8306,development,USD
8307,development,USD
8308,validation,USD
8309,future_holdout,USD
8310,development,USD
8311,development,USD
8312,development,USD
8313,validation,USD
8314,development,USD
8315,validation,USD
8316,development,USD
8317,future_holdout,USD
8318,validation,USD
8319,future_holdout,USD
8320,validation,USD
8321,validation,USD
8322,development,USD
8323,development,USD
8324,validation,USD
8325,development,USD
8326,development,USD
8327,development,USD
8328,development,USD
8329,validation,USD
8330,future_holdout,USD
8331,future_holdout,USD
8332,validation,USD
8333,future_holdout,USD
8334,development,USD
8335,development,USD
8336,validation,USD
8337,future_holdout,USD
8338,validation,USD
8339,validation,USD
8340,validation,USD
8341,development,USD
8342,validation,USD
8343,development,USD
8344,development,USD
8345,development,USD
8346,future_holdout,USD
8347,validation,USD
8348,development,USD
8349,development,USD
8350,future_holdout,USD
8351,validation,USD
8352,future_holdout,USD
8353,future_holdout,USD
8354,development,USD
8355,development,USD
8356,validation,USD
8357,development,USD
8358,validation,USD
8359,development,USD
8360,validation,USD
8361,validation,USD
8362,development,USD
8363,development,USD
8364,future_holdout,USD
8365,validation,USD
8366,development,USD
8367,validation,USD
8368,development,USD
8369,future_holdout,USD
8370,development,USD
8371,development,USD
8372,validation,USD
8373,future_holdout,USD
8374,development,USD
8375,development,USD
8376,validation,USD
8377,development,USD
8378,development,USD
8379,validation,USD
8380,future_holdout,USD
8381,future_holdout,USD
8382,validation,USD
8383,development,USD
8384,future_holdout,USD
8385,development,USD
8386,future_holdout,USD
8387,development,USD
8388,development,USD
8389,development,USD
8390,future_holdout,USD
8391,development,USD
8392,validation,USD
8393,future_holdout,USD
8394,development,USD
8395,validation,USD
8396,development,USD
8397,development,USD
8398,development,USD
8399,development,USD
8400,development,USD
8401,development,USD
8402,validation,USD
8403,development,USD
8404,future_holdout,USD
8405,development,USD
8406,development,USD
8407,future_holdout,USD
8408,development,USD
8409,development,USD
8410,development,USD
8411,development,USD
8412,validation,USD
8413,validation,USD
8414,validation,USD
8415,development,USD
8416,future_holdout,USD
8417,validation,USD
8418,validation,USD
8419,validation,USD
8420,future_holdout,USD
8421,future_holdout,USD
8422,development,USD
8423,validation,USD
8424,future_holdout,USD
8425,development,USD
8426,development,USD
8427,development,USD
8428,development,USD
8429,validation,USD
8430,validation,USD
8431,development,USD
8432,validation,USD
8433,development,USD
8434,future_holdout,USD
8435,future_holdout,USD
8436,future_holdout,USD
8437,development,USD
8438,validation,USD
8439,development,USD
8440,future_holdout,USD
8441,development,USD
8442,validation,USD
8443,development,USD
8444,validation,USD
8445,development,USD
8446,development,USD
8447,development,USD
8448,future_holdout,USD
8449,validation,USD
8450,development,USD
8451,development,USD
8452,development,USD
8453,development,USD
8454,development,USD
8455,development,USD
8456,development,USD
8457,future_holdout,USD
8458,future_holdout,USD
8459,future_holdout,USD
8460,validation,USD
8461,development,USD
8462,development,USD
8463,future_holdout,USD
8464,development,USD
8465,future_holdout,USD
8466,validation,USD
8467,development,USD
8468,validation,USD
8469,development,USD
8470,validation,USD
8471,development,USD
8472,future_holdout,USD
8473,development,USD
8474,validation,USD
8475,development,USD
8476,development,USD
8477,validation,USD
8478,development,USD
8479,development,USD
8480,validation,USD
8481,development,USD
8482,future_holdout,USD
8483,development,USD
8484,validation,USD
8485,validation,USD
8486,development,USD
8487,future_holdout,USD
8488,development,USD
8489,validation,USD
8490,future_holdout,USD
8491,validation,USD
8492,development,USD
8493,validation,USD
8494,development,USD
8495,development,USD
8496,development,USD
8497,development,USD
8498,validation,USD
8499,development,USD
8500,future_holdout,USD
8501,future_holdout,USD
8502,development,USD
8503,development,USD
8504,development,USD
8505,future_holdout,USD
8506,development,USD
8507,development,USD
8508,development,USD
8509,development,USD
8510,validation,USD
8511,development,USD
8512,development,USD
8513,validation,USD
8514,development,USD
8515,validation,USD
8516,development,USD
8517,development,USD
8518,validation,USD
8519,development,USD
8520,validation,USD
8521,development,USD
8522,future_holdout,USD
8523,development,USD
8524,future_holdout,USD
8525,validation,USD
8526,future_holdout,USD
8527,future_holdout,USD
8528,validation,USD
8529,future_holdout,USD
8530,validation,USD
8531,development,USD
8532,development,USD
8533,validation,USD
8534,development,USD
8535,development,USD
8536,future_holdout,USD
8537,future_holdout,USD
8538,development,USD
8539,development,USD
8540,development,USD
8541,validation,USD
8542,development,USD
8543,future_holdout,USD
8544,development,USD
8545,development,USD
8546,validation,USD
8547,future_holdout,USD
8548,future_holdout,USD
8549,validation,USD
8550,development,USD
8551,development,USD
8552,future_holdout,USD
8553,validation,USD
8554,development,USD
8555,future_holdout,USD
8556,future_holdout,USD
8557,development,USD
8558,development,USD
8559,validation,USD
8560,validation,USD
8561,development,USD
8562,development,USD
8563,development,USD
8564,development,USD
8565,development,USD
8566,future_holdout,USD
8567,development,USD
8568,future_holdout,USD
8569,development,USD
8570,validation,USD
8571,future_holdout,USD
8572,future_holdout,USD
8573,development,USD
8574,validation,USD
8575,development,USD
8576,future_holdout,USD
8577,development,USD
8578,development,USD
8579,development,USD
8580,development,USD
8581,development,USD
8582,validation,USD
8583,development,USD
8584,future_holdout,USD
8585,development,USD
8586,future_holdout,USD
8587,validation,USD
8588,development,USD
8589,development,USD
8590,future_holdout,USD
8591,development,USD
8592,development,USD
8593,future_holdout,USD
8594,validation,USD
8595,development,USD
8596,validation,USD
8597,development,USD
8598,future_holdout,USD
8599,validation,USD
8600,validation,USD
8601,development,USD
8602,future_holdout,USD
8603,development,USD
8604,validation,USD
8605,development,USD
8606,development,USD
8607,development,USD
8608,development,USD
8609,development,USD
8610,development,USD
8611,validation,USD
8612,development,USD
8613,development,USD
8614,future_holdout,USD
8615,development,USD
8616,development,USD
8617,development,USD
8618,validation,USD
8619,development,USD
8620,development,USD
8621,development,USD
8622,validation,USD
8623,future_holdout,USD
8624,development,USD
8625,development,USD
8626,development,USD
8627,development,USD
8628,development,USD
8629,development,USD
8630,validation,USD
8631,validation,USD
8632,development,USD
8633,development,USD
8634,development,USD
8635,future_holdout,USD
8636,development,USD
8637,development,USD
8638,future_holdout,USD
8639,development,USD
8640,development,USD
8641,development,USD
8642,development,USD
8643,future_holdout,USD
8644,future_holdout,USD
8645,validation,USD
8646,development,USD
8647,development,USD
8648,validation,USD
8649,validation,USD
8650,validation,USD
8651,validation,USD
8652,development,USD
8653,future_holdout,USD
8654,development,USD
8655,development,USD
8656,future_holdout,USD
8657,development,USD
8658,validation,USD
8659,future_holdout,USD
8660,development,USD
8661,future_holdout,USD
8662,development,USD
8663,development,USD
8664,validation,USD
8665,development,USD
8666,validation,USD
8667,future_holdout,USD
8668,development,USD
8669,development,USD
8670,validation,USD
8671,validation,USD
8672,future_holdout,USD
8673,development,USD
8674,validation,USD
8675,validation,USD
8676,validation,USD
8677,development,USD
8678,development,USD
8679,future_holdout,USD
8680,validation,USD
8681,future_holdout,USD
8682,validation,USD
8683,validation,USD
8684,future_holdout,USD
8685,development,USD
8686,validation,USD
8687,development,USD
8688,development,USD
8689,development,USD
8690,development,USD
8691,future_holdout,USD
8692,development,USD
8693,validation,USD
8694,validation,USD
8695,future_holdout,USD
8696,future_holdout,USD
8697,validation,USD
8698,development,USD
8699,development,USD
8700,development,USD
8701,development,USD
8702,future_holdout,USD
8703,development,USD
8704,development,USD
8705,development,USD
8706,future_holdout,USD
8707,development,USD
8708,future_holdout,USD
8709,future_holdout,USD
8710,development,USD
8711,validation,USD
8712,development,USD
8713,validation,USD
8714,development,USD
8715,future_holdout,USD
8716,development,USD
8717,validation,USD
8718,development,USD
8719,future_holdout,USD
8720,validation,USD
8721,validation,USD
8722,future_holdout,USD
8723,future_holdout,USD
8724,validation,USD
8725,future_holdout,USD
8726,development,USD
8727,future_holdout,USD
8728,future_holdout,USD
8729,validation,USD
8730,development,USD
8731,validation,USD
8732,validation,USD
8733,future_holdout,USD
8734,validation,USD
8735,development,USD
8736,future_holdout,USD
8737,development,USD
8738,development,USD
8739,development,USD
8740,development,USD
8741,future_holdout,USD
8742,development,USD
8743,future_holdout,USD
8744,future_holdout,USD
8745,development,USD
8746,development,USD
8747,development,USD
8748,validation,USD
8749,validation,USD
8750,future_holdout,USD
8751,future_holdout,USD
8752,development,USD
8753,development,USD
8754,development,USD
8755,development,USD
8756,validation,USD
8757,validation,USD
8758,validation,USD
8759,development,USD
8760,future_holdout,USD
8761,future_holdout,USD
8762,development,USD
8763,development,USD
8764,validation,USD
8765,development,USD
8766,development,USD
8767,development,USD
8768,validation,USD
8769,development,USD
8770,validation,USD
8771,validation,USD
8772,validation,USD
8773,development,USD
8774,development,USD
8775,development,USD
8776,future_holdout,USD
8777,validation,USD
8778,future_holdout,USD
8779,development,USD
8780,validation,USD
8781,development,USD
8782,development,USD
8783,validation,USD
8784,development,USD
8785,future_holdout,USD
8786,validation,USD
8787,development,USD
8788,validation,USD
8789,validation,USD
8790,future_holdout,USD
8791,validation,USD
8792,development,USD
8793,future_holdout,USD
8794,validation,USD
8795,development,USD
8796,future_holdout,USD
8797,future_holdout,USD
8798,validation,USD
8799,validation,USD
8800,validation,USD
8801,development,USD
8802,future_holdout,USD
8803,validation,USD
8804,future_holdout,USD
8805,future_holdout,USD
8806,development,USD
8807,development,USD
8808,development,USD
8809,validation,USD
8810,future_holdout,USD
8811,development,USD
8812,future_holdout,USD
8813,development,USD
8814,development,USD
8815,development,USD
8816,future_holdout,USD
8817,validation,USD
8818,development,USD
8819,future_holdout,USD
8820,development,USD
8821,validation,USD
8822,development,USD
8823,validation,USD
8824,validation,USD
8825,development,USD
8826,validation,USD
8827,development,USD
8828,validation,USD
8829,development,USD
8830,validation,USD
8831,validation,USD
8832,future_holdout,USD
8833,development,USD
8834,future_holdout,USD
8835,development,USD
8836,development,USD
8837,future_holdout,USD
8838,development,USD
8839,future_holdout,USD
8840,development,USD
8841,future_holdout,USD
8842,validation,USD
8843,development,USD
8844,development,USD
8845,validation,USD
8846,future_holdout,USD
8847,validation,USD
8848,future_holdout,USD
8849,future_holdout,USD
8850,development,USD
8851,development,USD
8852,development,USD
8853,validation,USD
8854,validation,USD
8855,development,USD
8856,future_holdout,USD
8857,future_holdout,USD
8858,future_holdout,USD
8859,future_holdout,USD
8860,development,USD
8861,development,USD
8862,development,USD
8863,development,USD
8864,development,USD
8865,future_holdout,USD
8866,development,USD
8867,future_holdout,USD
8868,development,USD
8869,development,USD
8870,validation,USD
8871,validation,USD
8872,development,USD
8873,future_holdout,USD
8874,validation,USD
8875,validation,USD
8876,validation,USD
8877,development,USD
8878,validation,USD
8879,validation,USD
8880,future_holdout,USD
8881,development,USD
8882,future_holdout,USD
8883,validation,USD
8884,validation,USD
8885,development,USD
8886,validation,USD
8887,validation,USD
8888,validation,USD
8889,development,USD
8890,future_holdout,USD
8891,future_holdout,USD
8892,future_holdout,USD
8893,development,USD
8894,validation,USD
8895,validation,USD
8896,development,USD
8897,development,USD
8898,development,USD
8899,development,USD
8900,validation,USD
8901,validation,USD
8902,validation,USD
8903,validation,USD
8904,future_holdout,USD
8905,future_holdout,USD
8906,future_holdout,USD
8907,future_holdout,USD
8908,validation,USD
8909,future_holdout,USD
8910,development,USD
8911,development,USD
8912,future_holdout,USD
8913,validation,USD
8914,future_holdout,USD
8915,future_holdout,USD
8916,development,USD
8917,development,USD
8918,development,USD
8919,development,USD
8920,future_holdout,USD
8921,validation,USD
8922,development,USD
8923,development,USD
8924,validation,USD
8925,development,USD
8926,development,USD
8927,validation,USD
8928,development,USD
8929,validation,USD
8930,development,USD
8931,development,USD
8932,validation,USD
8933,future_holdout,USD
8934,development,USD
8935,development,USD
8936,future_holdout,USD
8937,validation,USD
8938,future_holdout,USD
8939,future_holdout,USD
8940,validation,USD
8941,future_holdout,USD
8942,development,USD
8943,future_holdout,USD
8944,future_holdout,USD
8945,future_holdout,USD
8946,validation,USD
8947,validation,USD
8948,validation,USD
8949,validation,USD
8950,development,USD
8951,future_holdout,USD
8952,validation,USD
8953,development,USD
8954,future_holdout,USD
8955,development,USD
8956,development,USD
8957,development,USD
8958,future_holdout,USD
8959,validation,USD
8960,future_holdout,USD
8961,development,USD
8962,future_holdout,USD
8963,development,USD
8964,development,USD
8965,development,USD
8966,development,USD
8967,future_holdout,USD
8968,development,USD
8969,future_holdout,USD
8970,development,USD
8971,development,USD
8972,future_holdout,USD
8973,future_holdout,USD
8974,development,USD
8975,future_holdout,USD
8976,future_holdout,USD
8977,development,USD
8978,development,USD
8979,development,USD
8980,development,USD
8981,future_holdout,USD
8982,development,USD
8983,development,USD
8984,future_holdout,USD
8985,development,USD
8986,future_holdout,USD
8987,validation,USD
8988,development,USD
8989,development,USD
8990,validation,USD
8991,development,USD
8992,development,USD
8993,validation,USD
8994,future_holdout,USD
8995,future_holdout,USD
8996,validation,USD
8997,future_holdout,USD
8998,validation,USD
8999,development,USD
9000,future_holdout,USD
9001,development,USD
9002,development,USD
9003,validation,USD
9004,validation,USD
9005,development,USD
9006,development,USD
9007,development,USD
9008,development,USD
9009,validation,USD
9010,development,USD
9011,development,USD
9012,future_holdout,USD
9013,development,USD
9014,future_holdout,USD
9015,development,USD
9016,validation,USD
9017,validation,USD
9018,future_holdout,USD
9019,validation,USD
9020,development,USD
9021,validation,USD
9022,future_holdout,USD
9023,development,USD
9024,validation,USD
9025,validation,USD
9026,validation,USD
9027,development,USD
9028,future_holdout,USD
9029,future_holdout,USD
9030,development,USD
9031,development,USD
9032,development,USD
9033,development,USD
9034,validation,USD
9035,future_holdout,USD
9036,validation,USD
9037,development,USD
9038,validation,USD
9039,development,USD
9040,validation,USD
9041,development,USD
9042,development,USD
9043,development,USD
9044,development,USD
9045,future_holdout,USD
9046,validation,USD
9047,development,USD
9048,development,USD
9049,development,USD
9050,development,USD
9051,development,USD
9052,development,USD
9053,validation,USD
9054,development,USD
9055,validation,USD
9056,validation,USD
9057,validation,USD
9058,future_holdout,USD
9059,future_holdout,USD
9060,future_holdout,USD
9061,validation,USD
9062,future_holdout,USD
9063,development,USD
9064,development,USD
9065,development,USD
9066,development,USD
9067,development,USD
9068,development,USD
9069,development,USD
9070,validation,USD
9071,validation,USD
9072,development,USD
9073,development,USD
9074,validation,USD
9075,development,USD
9076,validation,USD
9077,development,USD
9078,development,USD
9079,development,USD
9080,validation,USD
9081,future_holdout,USD
9082,development,USD
9083,development,USD
9084,future_holdout,USD
9085,validation,USD
9086,validation,USD
9087,validation,USD
9088,future_holdout,USD
9089,development,USD
9090,future_holdout,USD
9091,future_holdout,USD
9092,future_holdout,USD
9093,development,USD
9094,validation,USD
9095,validation,USD
9096,development,USD
9097,future_holdout,USD
9098,development,USD
9099,future_holdout,USD
9100,development,USD
9101,development,USD
9102,development,USD
9103,future_holdout,USD
9104,development,USD
9105,future_holdout,USD
9106,validation,USD
9107,validation,USD
9108,validation,USD
9109,development,USD
9110,development,USD
9111,development,USD
9112,future_holdout,USD
9113,validation,USD
9114,development,USD
9115,validation,USD
9116,development,USD
9117,development,USD
9118,future_holdout,USD
9119,development,USD
9120,validation,USD
9121,future_holdout,USD
9122,future_holdout,USD
9123,development,USD
9124,future_holdout,USD
9125,development,USD
9126,development,USD
9127,development,USD
9128,future_holdout,USD
9129,development,USD
9130,development,USD
9131,development,USD
9132,development,USD
9133,validation,USD
9134,future_holdout,USD
9135,development,USD
9136,future_holdout,USD
9137,development,USD
9138,validation,USD
9139,development,USD
9140,future_holdout,USD
9141,validation,USD
9142,development,USD
9143,validation,USD
9144,development,USD
9145,validation,USD
9146,development,USD
9147,development,USD
9148,development,USD
9149,development,USD
9150,development,USD
9151,validation,USD
9152,development,USD
9153,development,USD
9154,development,USD
9155,development,USD
9156,future_holdout,USD
9157,validation,USD
9158,future_holdout,USD
9159,development,USD
9160,development,USD
9161,development,USD
9162,validation,USD
9163,future_holdout,USD
9164,validation,USD
9165,development,USD
9166,future_holdout,USD
9167,development,USD
9168,development,USD
9169,development,USD
9170,validation,USD
9171,development,USD
9172,future_holdout,USD
9173,validation,USD
9174,validation,USD
9175,future_holdout,USD
9176,development,USD
9177,development,USD
9178,future_holdout,USD
9179,validation,USD
9180,validation,USD
9181,development,USD
9182,validation,USD
9183,development,USD
9184,future_holdout,USD
9185,future_holdout,USD
9186,future_holdout,USD
9187,future_holdout,USD
9188,development,USD
9189,future_holdout,USD
9190,development,USD
9191,validation,USD
9192,future_holdout,USD
9193,development,USD
9194,validation,USD
9195,future_holdout,USD
9196,development,USD
9197,development,USD
9198,future_holdout,USD
9199,development,USD
9200,development,USD
9201,development,USD
9202,development,USD
9203,development,USD
9204,development,USD
9205,development,USD
9206,development,USD
9207,development,USD
9208,future_holdout,USD
9209,future_holdout,USD
9210,validation,USD
9211,validation,USD
9212,validation,USD
9213,development,USD
9214,development,USD
9215,validation,USD
9216,validation,USD
9217,future_holdout,USD
9218,validation,USD
9219,development,USD
9220,future_holdout,USD
9221,validation,USD
9222,development,USD
9223,future_holdout,USD
9224,development,USD
9225,validation,USD
9226,development,USD
9227,development,USD
9228,validation,USD
9229,development,USD
9230,validation,USD
9231,development,USD
9232,development,USD
9233,development,USD
9234,development,USD
9235,development,USD
9236,validation,USD
9237,validation,USD
9238,development,USD
9239,development,USD
9240,validation,USD
9241,development,USD
9242,future_holdout,USD
9243,development,USD
9244,validation,USD
9245,future_holdout,USD
9246,future_holdout,USD
9247,future_holdout,USD
9248,development,USD
9249,development,USD
9250,future_holdout,USD
9251,development,USD
9252,development,USD
9253,validation,USD
9254,validation,USD
9255,validation,USD
9256,development,USD
9257,development,USD
9258,future_holdout,USD
9259,development,USD
9260,development,USD
9261,validation,USD
9262,future_holdout,USD
9263,development,USD
9264,validation,USD
9265,development,USD
9266,development,USD
9267,validation,USD
9268,development,USD
9269,validation,USD
9270,future_holdout,USD
9271,validation,USD
9272,development,USD
9273,development,USD
9274,development,USD
9275,validation,USD
9276,development,USD
9277,validation,USD
9278,validation,USD
9279,future_holdout,USD
9280,validation,USD
9281,future_holdout,USD
9282,development,USD
9283,validation,USD
9284,validation,USD
9285,development,USD
9286,validation,USD
9287,future_holdout,USD
9288,development,USD
9289,development,USD
9290,future_holdout,USD
9291,validation,USD
9292,development,USD
9293,development,USD
9294,future_holdout,USD
9295,development,USD
9296,future_holdout,USD
9297,development,USD
9298,validation,USD
9299,development,USD
9300,validation,USD
9301,validation,USD
9302,future_holdout,USD
9303,validation,USD
9304,future_holdout,USD
9305,development,USD
9306,development,USD
9307,future_holdout,USD
9308,validation,USD
9309,future_holdout,USD
9310,future_holdout,USD
9311,validation,USD
9312,development,USD
9313,validation,USD
9314,future_holdout,USD
9315,development,USD
9316,development,USD
9317,development,USD
9318,development,USD
9319,future_holdout,USD
9320,validation,USD
9321,development,USD
9322,development,USD
9323,development,USD
9324,development,USD
9325,development,USD
9326,future_holdout,USD
9327,development,USD
9328,future_holdout,USD
9329,validation,USD
9330,development,USD
9331,development,USD
9332,development,USD
9333,development,USD
9334,development,USD
9335,development,USD
9336,validation,USD
9337,future_holdout,USD
9338,development,USD
9339,development,USD
9340,future_holdout,USD
9341,development,USD
9342,development,USD
9343,development,USD
9344,validation,USD
9345,development,USD
9346,validation,USD
9347,validation,USD
9348,development,USD
9349,development,USD
9350,development,USD
9351,future_holdout,USD
9352,development,USD
9353,development,USD
9354,validation,USD
9355,development,USD
9356,validation,USD
9357,development,USD
9358,future_holdout,USD
9359,development,USD
9360,development,USD
9361,future_holdout,USD
9362,development,USD
9363,future_holdout,USD
9364,development,USD
9365,future_holdout,USD
9366,development,USD
9367,development,USD
9368,validation,USD
9369,future_holdout,USD
9370,validation,USD
9371,validation,USD
9372,development,USD
9373,development,USD
9374,development,USD
9375,development,USD
9376,future_holdout,USD
9377,validation,USD
9378,development,USD
9379,development,USD
9380,future_holdout,USD
9381,development,USD
9382,future_holdout,USD
9383,validation,USD
9384,validation,USD
9385,development,USD
9386,future_holdout,USD
9387,validation,USD
9388,validation,USD
9389,future_holdout,USD
9390,development,USD
9391,development,USD
9392,validation,USD
9393,development,USD
9394,future_holdout,USD
9395,validation,USD
9396,validation,USD
9397,future_holdout,USD
9398,development,USD
9399,future_holdout,USD
9400,development,USD
9401,future_holdout,USD
9402,validation,USD
9403,validation,USD
9404,development,USD
9405,development,USD
9406,development,USD
9407,development,USD
9408,validation,USD
9409,validation,USD
9410,development,USD
9411,development,USD
9412,development,USD
9413,development,USD
9414,development,USD
9415,development,USD
9416,validation,USD
9417,development,USD
9418,future_holdout,USD
9419,future_holdout,USD
9420,development,USD
9421,development,USD
9422,future_holdout,USD
9423,validation,USD
9424,development,USD
9425,development,USD
9426,development,USD
9427,future_holdout,USD
9428,development,USD
9429,validation,USD
9430,development,USD
9431,future_holdout,USD
9432,validation,USD
9433,development,USD
9434,development,USD
9435,development,USD
9436,development,USD
9437,development,USD
9438,development,USD
9439,validation,USD
9440,future_holdout,USD
9441,validation,USD
9442,development,USD
9443,validation,USD
9444,validation,USD
9445,future_holdout,USD
9446,development,USD
9447,validation,USD
9448,future_holdout,USD
9449,development,USD
9450,future_holdout,USD
9451,development,USD
9452,future_holdout,USD
9453,development,USD
9454,validation,USD
9455,development,USD
9456,future_holdout,USD
9457,future_holdout,USD
9458,future_holdout,USD
9459,development,USD
9460,validation,USD
9461,future_holdout,USD
9462,validation,USD
9463,future_holdout,USD
9464,validation,USD
9465,development,USD
9466,future_holdout,USD
9467,development,USD
9468,development,USD
9469,validation,USD
9470,development,USD
9471,development,USD
9472,development,USD
9473,development,USD
9474,validation,USD
9475,validation,USD
9476,development,USD
9477,future_holdout,USD
9478,future_holdout,USD
9479,future_holdout,USD
9480,development,USD
9481,future_holdout,USD
9482,development,USD
9483,future_holdout,USD
9484,validation,USD
9485,future_holdout,USD
9486,future_holdout,USD
9487,future_holdout,USD
9488,development,USD
9489,validation,USD
9490,development,USD
9491,validation,USD
9492,validation,USD
9493,validation,USD
9494,future_holdout,USD
9495,future_holdout,USD
9496,future_holdout,USD
9497,validation,USD
9498,validation,USD
9499,development,USD
9500,validation,USD
9501,development,USD
9502,future_holdout,USD
9503,validation,USD
9504,development,USD
9505,development,USD
9506,development,USD
9507,validation,USD
9508,development,USD
9509,future_holdout,USD
9510,development,USD
9511,future_holdout,USD
9512,future_holdout,USD
9513,future_holdout,USD
9514,development,USD
9515,validation,USD
9516,development,USD
9517,future_holdout,USD
9518,development,USD
9519,validation,USD
9520,development,USD
9521,future_holdout,USD
9522,development,USD
9523,development,USD
9524,development,USD
9525,development,USD
9526,development,USD
9527,future_holdout,USD
9528,validation,USD
9529,future_holdout,USD
9530,future_holdout,USD
9531,development,USD
9532,future_holdout,USD
9533,future_holdout,USD
9534,development,USD
9535,validation,USD
9536,development,USD
9537,development,USD
9538,validation,USD
9539,development,USD
9540,development,USD
9541,validation,USD
9542,development,USD
9543,future_holdout,USD
9544,development,USD
9545,development,USD
9546,validation,USD
9547,future_holdout,USD
9548,future_holdout,USD
9549,validation,USD
9550,validation,USD
9551,development,USD
9552,validation,USD
9553,validation,USD
9554,development,USD
9555,future_holdout,USD
9556,development,USD
9557,development,USD
9558,development,USD
9559,development,USD
9560,development,USD
9561,validation,USD
9562,development,USD
9563,validation,USD
9564,development,USD
9565,validation,USD
9566,development,USD
9567,development,USD
9568,future_holdout,USD
9569,future_holdout,USD
9570,future_holdout,USD
9571,future_holdout,USD
9572,future_holdout,USD
9573,validation,USD
9574,development,USD
9575,development,USD
9576,validation,USD
9577,validation,USD
9578,validation,USD
9579,development,USD
9580,development,USD
9581,validation,USD
9582,development,USD
9583,validation,USD
9584,validation,USD
9585,validation,USD
9586,validation,USD
9587,future_holdout,USD
9588,development,USD
9589,development,USD
9590,validation,USD
9591,validation,USD
9592,development,USD
9593,development,USD
9594,future_holdout,USD
9595,future_holdout,USD
9596,future_holdout,USD
9597,validation,USD
9598,validation,USD
9599,development,USD
9600,validation,USD
9601,future_holdout,USD
9602,development,USD
9603,validation,USD
9604,validation,USD
9605,future_holdout,USD
9606,future_holdout,USD
9607,future_holdout,USD
9608,development,USD
9609,validation,USD
9610,future_holdout,USD
9611,development,USD
9612,development,USD
9613,validation,USD
9614,development,USD
9615,validation,USD
9616,development,USD
9617,development,USD
9618,development,USD
9619,validation,USD
9620,development,USD
9621,development,USD
9622,future_holdout,USD
9623,future_holdout,USD
9624,development,USD
9625,development,USD
9626,development,USD
9627,future_holdout,USD
9628,validation,USD
9629,development,USD
9630,validation,USD
9631,future_holdout,USD
9632,validation,USD
9633,future_holdout,USD
9634,development,USD
9635,development,USD
9636,development,USD
9637,development,USD
9638,development,USD
9639,development,USD
9640,development,USD
9641,future_holdout,USD
9642,validation,USD
9643,future_holdout,USD
9644,development,USD
9645,validation,USD
9646,validation,USD
9647,future_holdout,USD
9648,validation,USD
9649,development,USD
9650,validation,USD
9651,future_holdout,USD
9652,development,USD
9653,development,USD
9654,validation,USD
9655,future_holdout,USD
9656,development,USD
9657,validation,USD
9658,development,USD
9659,development,USD
9660,validation,USD
9661,development,USD
9662,development,USD
9663,development,USD
9664,validation,USD
9665,development,USD
9666,validation,USD
9667,validation,USD
9668,validation,USD
9669,development,USD
9670,future_holdout,USD
9671,development,USD
9672,development,USD
9673,development,USD
9674,validation,USD
9675,future_holdout,USD
9676,future_holdout,USD
9677,validation,USD
9678,development,USD
9679,development,USD
9680,development,USD
9681,validation,USD
9682,development,USD
9683,development,USD
9684,future_holdout,USD
9685,validation,USD
9686,development,USD
9687,development,USD
9688,development,USD
9689,future_holdout,USD
9690,development,USD
9691,validation,USD
9692,development,USD
9693,development,USD
9694,development,USD
9695,development,USD
9696,validation,USD
9697,future_holdout,USD
9698,future_holdout,USD
9699,development,USD
9700,development,USD
9701,development,USD
9702,future_holdout,USD
9703,development,USD
9704,development,USD
9705,development,USD
9706,future_holdout,USD
9707,development,USD
9708,development,USD
9709,development,USD
9710,validation,USD
9711,development,USD
9712,development,USD
9713,development,USD
9714,development,USD
9715,future_holdout,USD
9716,development,USD
9717,development,USD
9718,future_holdout,USD
9719,validation,USD
9720,future_holdout,USD
9721,development,USD
9722,validation,USD
9723,future_holdout,USD
9724,future_holdout,USD
9725,development,USD
9726,validation,USD
9727,development,USD
9728,development,USD
9729,validation,USD
9730,validation,USD
9731,validation,USD
9732,development,USD
9733,development,USD
9734,development,USD
9735,development,USD
9736,development,USD
9737,development,USD
9738,validation,USD
9739,development,USD
9740,development,USD
9741,validation,USD
9742,development,USD
9743,future_holdout,USD
9744,future_holdout,USD
9745,development,USD
9746,future_holdout,USD
9747,development,USD
9748,development,USD
9749,development,USD
9750,development,USD
9751,validation,USD
9752,development,USD
9753,development,USD
9754,validation,USD
9755,development,USD
9756,development,USD
9757,development,USD
9758,validation,USD
9759,validation,USD
9760,development,USD
9761,validation,USD
9762,development,USD
9763,future_holdout,USD
9764,validation,USD
9765,validation,USD
9766,development,USD
9767,future_holdout,USD
9768,development,USD
9769,future_holdout,USD
9770,development,USD
9771,development,USD
9772,development,USD
9773,validation,USD
9774,validation,USD
9775,development,USD
9776,development,USD
9777,development,USD
9778,validation,USD
9779,validation,USD
9780,validation,USD
9781,future_holdout,USD
9782,development,USD
9783,development,USD
9784,development,USD
9785,validation,USD
9786,development,USD
9787,future_holdout,USD
9788,development,USD
9789,development,USD
9790,future_holdout,USD
9791,future_holdout,USD
9792,future_holdout,USD
9793,development,USD
9794,development,USD
9795,development,USD
9796,development,USD
9797,validation,USD
9798,development,USD
9799,validation,USD
9800,development,USD
9801,development,USD
9802,validation,USD
9803,future_holdout,USD
9804,future_holdout,USD
9805,future_holdout,USD
9806,validation,USD
9807,validation,USD
9808,development,USD
9809,validation,USD
9810,development,USD
9811,development,USD
9812,validation,USD
9813,validation,USD
9814,future_holdout,USD
9815,validation,USD
9816,future_holdout,USD
9817,development,USD
9818,development,USD
9819,development,USD
9820,future_holdout,USD
9821,validation,USD
9822,development,USD
9823,development,USD
9824,validation,USD
9825,development,USD
9826,future_holdout,USD
9827,development,USD
9828,development,USD
9829,development,USD
9830,development,USD
9831,future_holdout,USD
9832,validation,USD
9833,development,USD
9834,future_holdout,USD
9835,development,USD
9836,development,USD
9837,development,USD
9838,development,USD
9839,future_holdout,USD
9840,development,USD
9841,development,USD
9842,development,USD
9843,future_holdout,USD
9844,validation,USD
9845,development,USD
9846,future_holdout,USD
9847,future_holdout,USD
9848,development,USD
9849,future_holdout,USD
9850,development,USD
9851,validation,USD
9852,validation,USD
9853,validation,USD
9854,validation,USD
9855,development,USD
9856,development,USD
9857,validation,USD
9858,development,USD
9859,development,USD
9860,validation,USD
9861,development,USD
9862,development,USD
9863,validation,USD
9864,development,USD
9865,development,USD
9866,development,USD
9867,validation,USD
9868,development,USD
9869,future_holdout,USD
9870,development,USD
9871,development,USD
9872,future_holdout,USD
9873,development,USD
9874,validation,USD
9875,validation,USD
9876,development,USD
9877,future_holdout,USD
9878,development,USD
9879,future_holdout,USD
9880,development,USD
9881,development,USD
9882,validation,USD
9883,development,USD
9884,future_holdout,USD
9885,future_holdout,USD
9886,development,USD
9887,development,USD
9888,validation,USD
9889,validation,USD
9890,future_holdout,USD
9891,development,USD
9892,validation,USD
9893,development,USD
9894,validation,USD
9895,future_holdout,USD
9896,development,USD
9897,validation,USD
9898,future_holdout,USD
9899,development,USD
9900,development,USD
9901,validation,USD
9902,development,USD
9903,development,USD
9904,future_holdout,USD
9905,future_holdout,USD
9906,validation,USD
9907,development,USD
9908,development,USD
9909,development,USD
9910,development,USD
9911,future_holdout,USD
9912,development,USD
9913,development,USD
9914,development,USD
9915,future_holdout,USD
9916,future_holdout,USD
9917,future_holdout,USD
9918,validation,USD
9919,development,USD
9920,future_holdout,USD
9921,validation,USD
9922,validation,USD
9923,validation,USD
9924,future_holdout,USD
9925,validation,USD
9926,development,USD
9927,future_holdout,USD
9928,development,USD
9929,future_holdout,USD
9930,future_holdout,USD
9931,validation,USD
9932,future_holdout,USD
9933,validation,USD
9934,development,USD
9935,development,USD
9936,development,USD
9937,development,USD
9938,future_holdout,USD
9939,development,USD
9940,future_holdout,USD
9941,development,USD
9942,future_holdout,USD
9943,development,USD
9944,development,USD
9945,validation,USD
9946,validation,USD
9947,validation,USD
9948,development,USD
9949,development,USD
9950,development,USD
9951,development,USD
9952,development,USD
9953,development,USD
9954,validation,USD
9955,development,USD
9956,development,USD
9957,development,USD
9958,development,USD
9959,development,USD
9960,development,USD
9961,development,USD
9962,future_holdout,USD
9963,development,USD
9964,validation,USD
9965,validation,USD
9966,development,USD
9967,validation,USD
9968,future_holdout,USD
9969,development,USD
9970,development,USD
9971,future_holdout,USD
9972,validation,USD
9973,development,USD
9974,validation,USD
9975,future_holdout,USD
9976,development,USD
9977,future_holdout,USD
9978,validation,USD
9979,future_holdout,USD
9980,validation,USD
9981,future_holdout,USD
9982,development,USD
9983,development,USD
9984,development,USD
9985,development,USD
9986,development,USD
9987,validation,USD
9988,validation,USD
9989,development,USD
9990,development,USD
9991,development,USD
9992,development,USD
9993,development,USD
9994,development,USD
9995,development,USD
9996,development,USD
9997,future_holdout,USD
9998,future_holdout,USD
9999,development,USD
10000,future_holdout,USD
