deal_created_date,lead_source,industry,company_size_band,deal_size_usd,sales_rep,sales_region,product_line,discount_requested_pct,competitor_involved,lead_score,decision_maker_engaged
2024-12-08,referral,finance,medium,25728.76,Rep 7,Region East,Suite,22.7,false,67,true
2024-06-20,webinar,manufacturing,large,63519.88,Rep 2,Region East,Platform,22.5,true,34,false
2025-10-01,referral,finance,large,61348.82,Rep 7,Region East,Suite,21.02,false,66,true
2025-02-08,referral,healthcare,small,8974.96,Rep 4,Region South,Platform,14.76,false,72,true
2024-11-29,referral,finance,enterprise,162384.34,Rep 6,Region East,Standalone,23.81,true,34,true
2024-08-17,organic,healthcare,medium,23983.57,Rep 6,Region Central,Standalone,3.66,false,53,false
2025-04-02,cold_call,finance,medium,27535.42,Rep 2,Region East,Standalone,23.64,false,70,true
2025-03-02,referral,manufacturing,medium,30049.52,Rep 1,Region Central,Platform,23.71,false,53,false
2025-01-28,cold_call,finance,small,8333.34,Rep 7,Region East,Platform,21.97,true,59,false
2024-07-25,referral,retail,medium,19030.42,Rep 1,Region West,Platform,26.89,true,44,true
2025-01-26,organic,retail,small,9836.2,Rep 4,Region West,Platform,3.96,false,55,false
2024-06-09,webinar,manufacturing,small,7345.79,Rep 8,Region Central,Platform,18.79,false,71,true
2024-12-17,webinar,manufacturing,large,53600.63,Rep 4,Region South,Suite,0.0,false,53,false
2024-09-27,organic,manufacturing,large,55989.27,Rep 2,Region West,Suite,9.95,false,71,true
2025-05-13,cold_call,manufacturing,small,9977.56,Rep 1,Region East,Platform,16.08,false,97,true
2024-05-13,referral,healthcare,medium,20715.12,Rep 2,Region Central,Platform,0.0,false,51,true
2024-11-06,cold_call,finance,small,8133.45,Rep 1,Region East,Platform,0.0,false,67,true
2025-03-06,cold_call,retail,large,74543.75,Rep 2,Region West,Platform,9.02,false,65,true
2025-01-31,webinar,manufacturing,medium,20385.3,Rep 7,Region West,Standalone,18.55,false,82,true
2024-06-04,referral,tech,medium,24494.63,Rep 8,Region South,Platform,0.0,false,84,false
2024-11-27,organic,healthcare,large,51174.03,Rep 7,Region Central,Platform,8.09,false,61,false
2025-03-02,paid,finance,large,44829.31,Rep 8,Region East,Standalone,14.76,true,57,false
2025-12-25,referral,tech,large,64021.71,Rep 3,Region West,Standalone,34.2,true,63,false
2024-12-16,paid,manufacturing,medium,25414.5,Rep 3,Region West,Platform,13.82,false,43,false
2024-03-15,referral,retail,small,7387.98,Rep 8,Region South,Platform,14.82,false,83,true
2025-05-08,referral,tech,medium,24463.07,Rep 6,Region West,Suite,22.19,true,42,false
2024-05-05,cold_call,tech,small,7860.47,Rep 2,Region East,Platform,17.68,false,99,true
2024-01-26,referral,manufacturing,enterprise,147169.14,Rep 2,Region South,Platform,21.7,false,58,true
2024-06-25,paid,tech,enterprise,150531.63,Rep 3,Region Central,Suite,10.33,false,92,true
2024-08-18,cold_call,manufacturing,small,7181.24,Rep 7,Region East,Platform,17.84,false,81,true
2024-01-20,webinar,finance,small,8597.59,Rep 6,Region East,Platform,12.38,false,58,false
2024-03-25,organic,healthcare,large,61797.47,Rep 7,Region West,Suite,19.37,true,56,false
2025-06-02,paid,tech,large,65619.93,Rep 8,Region South,Standalone,3.58,true,53,false
2025-09-28,referral,manufacturing,small,6564.1,Rep 5,Region South,Platform,21.04,false,80,true
2025-06-04,paid,tech,large,45472.2,Rep 1,Region West,Standalone,10.62,false,95,true
2024-04-08,cold_call,finance,small,6577.22,Rep 3,Region East,Platform,6.36,true,67,true
2025-07-24,cold_call,finance,large,57342.83,Rep 7,Region East,Platform,0.0,false,76,false
2024-06-06,referral,finance,large,58878.11,Rep 3,Region East,Platform,5.39,true,80,true
2024-02-06,webinar,finance,medium,25433.38,Rep 6,Region South,Platform,13.56,true,66,true
2024-06-04,paid,healthcare,small,10495.0,Rep 4,Region Central,Platform,14.34,true,61,false
2024-06-27,referral,healthcare,small,8636.99,Rep 4,Region East,Platform,9.77,false,59,false
2025-09-22,organic,tech,medium,22739.78,Rep 4,Region Central,Suite,12.22,true,53,false
2024-08-07,cold_call,healthcare,small,9980.15,Rep 8,Region South,Platform,17.02,false,52,false
2025-03-31,referral,healthcare,large,60431.45,Rep 1,Region South,Platform,8.04,true,49,false
2024-04-07,cold_call,retail,medium,21888.03,Rep 5,Region Central,Standalone,5.38,true,49,false
2024-08-21,organic,finance,medium,17962.01,Rep 8,Region East,Standalone,14.22,false,43,true
2024-12-11,webinar,manufacturing,small,6691.68,Rep 3,Region South,Platform,20.97,false,56,true
2025-04-09,paid,healthcare,large,41427.42,Rep 2,Region Central,Standalone,11.2,true,72,true
2025-04-26,organic,finance,medium,25498.38,Rep 1,Region East,Suite,13.68,true,30,false
2025-04-11,cold_call,manufacturing,medium,18086.0,Rep 8,Region West,Platform,2.27,false,68,true
2024-03-17,webinar,healthcare,medium,33162.24,Rep 5,Region East,Platform,12.97,true,59,true
2024-09-08,cold_call,manufacturing,enterprise,141312.56,Rep 2,Region East,Suite,14.59,false,53,false
2024-08-09,paid,retail,medium,26563.93,Rep 2,Region South,Suite,15.86,false,50,true
2024-07-23,paid,tech,small,7580.6,Rep 6,Region East,Platform,12.3,false,86,true
2024-02-15,organic,retail,large,65355.82,Rep 6,Region South,Standalone,12.67,false,48,false
2024-12-01,referral,finance,small,7832.62,Rep 5,Region East,Platform,4.22,false,50,false
2024-08-24,cold_call,healthcare,small,11333.85,Rep 3,Region East,Platform,6.82,true,31,false
2024-09-09,webinar,tech,medium,30733.5,Rep 7,Region South,Suite,10.04,false,67,true
2024-10-22,cold_call,retail,enterprise,138055.2,Rep 2,Region West,Platform,0.0,true,67,true
2024-12-08,organic,manufacturing,enterprise,123088.51,Rep 2,Region South,Suite,24.8,false,84,true
2025-12-18,organic,finance,small,10293.88,Rep 6,Region East,Platform,0.0,false,82,true
2025-10-08,organic,retail,large,78593.49,Rep 1,Region West,Platform,0.0,false,50,false
2025-06-19,webinar,retail,medium,24543.43,Rep 6,Region East,Suite,17.09,false,63,true
2024-11-09,referral,retail,large,41845.53,Rep 2,Region South,Standalone,13.94,false,65,true
2025-04-17,paid,healthcare,medium,19840.9,Rep 7,Region Central,Standalone,14.7,false,41,true
2024-07-30,webinar,tech,medium,30893.21,Rep 4,Region Central,Standalone,14.31,true,40,false
2025-08-24,referral,tech,medium,26773.9,Rep 8,Region East,Suite,16.64,false,78,true
2025-12-10,cold_call,tech,small,10096.39,Rep 5,Region Central,Platform,0.45,false,67,true
2024-05-23,paid,tech,small,8616.41,Rep 8,Region Central,Platform,9.53,true,85,true
2025-07-09,webinar,healthcare,medium,25729.97,Rep 8,Region East,Suite,6.88,false,49,false
2024-10-04,cold_call,manufacturing,medium,24167.54,Rep 1,Region West,Platform,2.01,false,53,true
2024-07-21,webinar,tech,small,7699.4,Rep 5,Region South,Platform,5.55,false,44,true
2025-05-17,webinar,healthcare,enterprise,162892.79,Rep 2,Region West,Platform,7.07,true,57,false
2024-03-10,referral,retail,medium,28290.25,Rep 1,Region East,Suite,18.88,false,54,false
2024-03-02,referral,retail,medium,22837.64,Rep 2,Region South,Standalone,12.6,true,46,true
2024-08-03,organic,finance,large,68683.53,Rep 3,Region East,Platform,0.0,false,73,true
2025-09-13,webinar,finance,large,52076.51,Rep 5,Region East,Standalone,14.13,true,52,false
2025-08-14,cold_call,retail,large,57333.34,Rep 7,Region East,Platform,8.35,false,70,true
2025-12-06,organic,finance,medium,19709.43,Rep 3,Region East,Standalone,16.74,false,75,true
2025-03-18,paid,manufacturing,enterprise,128818.63,Rep 2,Region South,Platform,5.82,false,46,true
2025-04-10,referral,tech,small,7913.93,Rep 6,Region Central,Platform,14.65,true,55,true
2025-07-13,referral,healthcare,small,7779.96,Rep 5,Region Central,Platform,18.91,true,71,true
2025-07-25,referral,manufacturing,medium,22415.89,Rep 3,Region South,Standalone,20.59,false,73,true
2024-06-09,cold_call,tech,large,54890.45,Rep 7,Region Central,Standalone,7.38,false,44,true
2025-08-12,referral,healthcare,medium,17138.63,Rep 2,Region West,Suite,22.21,false,66,true
2025-02-22,cold_call,finance,enterprise,131455.78,Rep 3,Region East,Standalone,9.66,false,28,false
2024-08-31,cold_call,finance,small,7113.02,Rep 4,Region East,Platform,0.0,false,55,false
2024-04-22,referral,tech,medium,22514.85,Rep 7,Region West,Standalone,14.75,false,58,false
2024-09-09,referral,finance,small,9146.63,Rep 8,Region East,Platform,11.77,true,35,false
2024-01-03,webinar,manufacturing,medium,26704.88,Rep 5,Region South,Suite,7.12,true,58,true
2024-08-24,referral,finance,medium,26376.57,Rep 5,Region East,Standalone,22.87,false,83,true
2024-01-16,referral,retail,enterprise,156631.66,Rep 2,Region West,Platform,17.27,false,73,true
2024-02-26,organic,finance,enterprise,122982.37,Rep 2,Region East,Platform,10.03,false,98,true
2025-09-06,referral,retail,medium,26700.02,Rep 4,Region South,Platform,23.29,false,40,true
2024-09-12,organic,healthcare,small,8089.48,Rep 2,Region South,Platform,12.42,false,83,true
2024-07-23,paid,retail,medium,25207.51,Rep 2,Region Central,Standalone,21.31,true,55,false
2025-02-17,cold_call,manufacturing,large,63890.57,Rep 4,Region West,Platform,3.93,true,64,true
2025-08-06,paid,manufacturing,enterprise,143700.53,Rep 2,Region East,Suite,0.0,false,56,true
2025-01-16,referral,retail,medium,20546.84,Rep 6,Region Central,Suite,25.07,false,64,false
2025-11-30,organic,manufacturing,enterprise,141866.67,Rep 7,Region South,Platform,13.18,false,81,true
2025-07-13,referral,tech,small,7366.23,Rep 4,Region East,Platform,18.85,false,74,true
2024-09-13,cold_call,tech,medium,26464.93,Rep 5,Region Central,Standalone,5.74,true,53,true
2025-12-09,cold_call,retail,small,9545.7,Rep 7,Region West,Platform,8.63,true,94,true
2024-03-24,cold_call,finance,small,7162.79,Rep 1,Region East,Platform,7.94,false,54,false
2025-06-20,cold_call,manufacturing,medium,17257.34,Rep 4,Region Central,Suite,10.69,false,44,true
2024-07-31,referral,healthcare,small,7182.35,Rep 6,Region West,Platform,28.08,false,60,true
2025-03-28,webinar,manufacturing,large,68691.6,Rep 1,Region East,Standalone,2.59,false,97,true
2025-11-11,referral,manufacturing,large,57720.17,Rep 2,Region South,Suite,1.8,true,74,true
2024-08-10,webinar,tech,enterprise,160885.52,Rep 1,Region Central,Platform,26.07,true,78,true
2024-10-26,organic,retail,medium,23215.07,Rep 6,Region Central,Platform,7.65,false,40,false
2025-03-08,webinar,tech,medium,24726.05,Rep 6,Region East,Standalone,5.28,true,49,false
2024-06-23,organic,retail,medium,27647.11,Rep 6,Region West,Standalone,5.28,false,55,false
2025-04-28,referral,finance,small,7295.01,Rep 4,Region East,Platform,22.86,false,59,false
2025-11-24,organic,retail,small,8682.22,Rep 7,Region East,Platform,2.04,true,61,false
2025-04-13,cold_call,finance,large,58950.31,Rep 5,Region East,Platform,25.86,true,56,false
2025-08-10,referral,finance,small,10132.71,Rep 5,Region East,Platform,30.45,false,86,true
2025-08-04,paid,tech,medium,20047.51,Rep 8,Region West,Platform,9.42,true,51,false
2024-03-23,cold_call,finance,large,55612.42,Rep 4,Region East,Platform,3.76,false,42,true
2024-12-23,referral,retail,small,7898.92,Rep 5,Region East,Platform,15.79,false,85,true
2024-03-11,referral,manufacturing,medium,24783.2,Rep 5,Region South,Standalone,18.12,false,56,false
2024-09-26,cold_call,manufacturing,large,56330.09,Rep 2,Region East,Platform,10.94,false,42,false
2025-04-18,webinar,retail,small,7644.48,Rep 3,Region Central,Platform,13.92,true,48,false
2024-10-02,paid,manufacturing,small,7879.54,Rep 5,Region East,Platform,19.56,true,98,true
2025-02-08,referral,healthcare,large,45516.09,Rep 2,Region Central,Suite,20.23,false,90,true
2024-11-03,cold_call,finance,small,9246.1,Rep 2,Region East,Platform,16.56,false,68,true
2024-04-24,cold_call,manufacturing,small,5130.64,Rep 4,Region South,Platform,9.75,false,74,true
2024-09-24,referral,manufacturing,large,60883.84,Rep 2,Region South,Platform,20.93,false,39,false
2025-06-26,referral,retail,large,61291.64,Rep 5,Region East,Suite,21.74,true,49,false
2025-06-21,referral,retail,large,73077.14,Rep 6,Region East,Platform,18.67,true,55,false
2024-12-30,cold_call,finance,small,10690.87,Rep 5,Region East,Platform,7.73,true,39,false
2025-09-29,paid,tech,small,10333.65,Rep 7,Region South,Standalone,14.08,true,91,true
2025-01-30,paid,tech,large,56904.65,Rep 6,Region South,Platform,2.94,true,65,true
2025-05-18,organic,retail,medium,24167.4,Rep 7,Region East,Suite,14.21,false,36,false
2025-10-26,webinar,manufacturing,large,44134.73,Rep 7,Region West,Standalone,8.68,false,45,false
2024-05-15,cold_call,retail,medium,25771.11,Rep 2,Region West,Suite,9.32,false,80,true
2024-03-08,referral,finance,small,10057.93,Rep 3,Region East,Platform,25.01,false,59,false
2025-08-15,referral,retail,small,3846.48,Rep 7,Region Central,Platform,28.29,false,56,false
2024-10-28,paid,manufacturing,small,10897.93,Rep 5,Region West,Platform,22.05,true,70,true
2025-12-29,referral,finance,enterprise,127060.27,Rep 2,Region South,Suite,14.62,true,60,false
2025-09-23,referral,manufacturing,medium,27637.8,Rep 4,Region South,Platform,20.18,true,45,true
2025-12-24,webinar,finance,large,50095.39,Rep 8,Region East,Standalone,12.42,true,59,true
2024-12-03,referral,manufacturing,large,66907.49,Rep 7,Region South,Standalone,7.87,true,95,true
2024-08-29,organic,retail,small,8608.28,Rep 5,Region East,Platform,19.77,false,36,false
2024-01-24,organic,tech,large,53574.33,Rep 3,Region East,Standalone,8.5,false,69,true
2024-07-17,referral,healthcare,medium,22252.95,Rep 6,Region Central,Suite,12.24,false,79,true
2024-01-17,paid,finance,medium,23136.19,Rep 3,Region East,Suite,9.19,true,40,true
2024-02-27,webinar,manufacturing,medium,25973.34,Rep 5,Region Central,Suite,0.0,false,68,true
2024-10-18,paid,retail,medium,23407.16,Rep 1,Region Central,Standalone,5.34,false,75,true
2024-05-01,webinar,tech,small,6235.33,Rep 8,Region East,Platform,14.55,false,81,true
2025-12-09,webinar,retail,small,8236.2,Rep 2,Region West,Platform,23.2,true,54,false
2024-11-05,webinar,finance,medium,23763.67,Rep 1,Region East,Platform,9.39,true,96,true
2024-07-14,referral,healthcare,small,6468.06,Rep 7,Region South,Platform,24.2,true,89,true
2025-12-25,paid,tech,large,62945.28,Rep 2,Region East,Platform,7.41,true,79,true
2024-05-29,organic,healthcare,medium,26453.82,Rep 7,Region Central,Platform,12.12,false,54,false
2024-06-18,webinar,healthcare,large,75230.7,Rep 3,Region East,Standalone,4.89,false,61,true
2025-03-04,organic,tech,large,78590.19,Rep 7,Region East,Standalone,8.63,false,78,true
2024-06-14,webinar,tech,medium,19554.62,Rep 3,Region South,Platform,6.34,false,46,true
2025-09-11,referral,finance,large,67181.98,Rep 6,Region East,Platform,20.44,true,44,false
2024-01-15,organic,healthcare,medium,24688.8,Rep 7,Region West,Platform,10.99,false,70,true
2024-01-17,referral,retail,large,53964.12,Rep 5,Region Central,Standalone,22.16,false,95,true
2024-08-09,webinar,manufacturing,enterprise,134714.27,Rep 7,Region West,Platform,26.49,false,72,true
2024-04-08,webinar,finance,medium,31184.03,Rep 2,Region East,Standalone,11.76,true,48,true
2024-01-25,cold_call,manufacturing,small,8472.65,Rep 4,Region West,Platform,13.09,false,69,true
2025-01-28,webinar,healthcare,medium,29058.1,Rep 7,Region South,Suite,9.29,true,40,false
2024-03-31,organic,finance,large,57715.49,Rep 3,Region East,Platform,14.6,false,97,true
2024-06-26,webinar,manufacturing,large,71767.0,Rep 1,Region West,Suite,7.31,false,57,false
2024-11-07,referral,healthcare,medium,27744.77,Rep 3,Region South,Platform,23.29,true,49,false
2024-01-12,cold_call,finance,medium,20317.38,Rep 5,Region East,Suite,13.19,false,79,true
2024-09-25,organic,tech,large,46054.21,Rep 4,Region South,Standalone,13.87,true,45,true
2024-02-10,referral,tech,enterprise,181303.41,Rep 2,Region East,Suite,25.0,false,50,true
2024-03-07,organic,finance,medium,29452.62,Rep 2,Region East,Standalone,9.09,true,44,false
2025-12-10,webinar,finance,enterprise,160821.6,Rep 2,Region East,Platform,6.36,true,80,true
2025-01-31,paid,tech,small,6435.68,Rep 6,Region West,Platform,10.95,true,32,false
2024-03-20,cold_call,retail,medium,32584.01,Rep 2,Region South,Platform,11.54,false,43,false
2024-08-24,webinar,tech,medium,27125.35,Rep 3,Region East,Standalone,9.91,false,69,true
2024-06-04,webinar,finance,enterprise,169399.48,Rep 2,Region East,Suite,5.48,false,39,false
2025-05-10,cold_call,tech,enterprise,136892.17,Rep 2,Region East,Platform,13.2,false,88,true
2024-10-05,organic,retail,medium,22929.62,Rep 8,Region Central,Standalone,4.19,true,60,true
2024-11-10,webinar,tech,small,6416.05,Rep 8,Region South,Platform,12.6,false,55,false
2024-04-05,webinar,retail,enterprise,145243.49,Rep 5,Region West,Suite,2.95,false,60,true
2024-02-11,webinar,tech,small,10120.18,Rep 2,Region Central,Platform,8.65,false,40,false
2024-05-01,cold_call,tech,enterprise,139189.83,Rep 8,Region Central,Suite,11.05,false,52,true
2025-01-31,cold_call,retail,medium,21710.87,Rep 3,Region South,Suite,4.07,false,37,false
2024-04-04,referral,healthcare,small,6839.82,Rep 1,Region East,Platform,21.03,false,82,true
2024-08-23,cold_call,retail,medium,33755.45,Rep 5,Region Central,Standalone,0.0,false,43,false
2024-03-06,paid,finance,small,7123.48,Rep 6,Region East,Platform,13.92,true,60,false
2024-01-22,webinar,manufacturing,small,7842.92,Rep 5,Region West,Platform,9.0,false,60,false
2025-05-20,referral,tech,large,41670.54,Rep 8,Region West,Platform,3.69,false,28,false
2025-12-22,cold_call,retail,enterprise,116676.37,Rep 2,Region West,Standalone,3.84,false,27,false
2025-08-21,cold_call,finance,large,50652.13,Rep 6,Region West,Standalone,0.0,true,91,true
2025-11-29,referral,finance,large,56831.21,Rep 3,Region East,Platform,1.81,false,56,false
2025-07-19,referral,manufacturing,medium,28997.16,Rep 1,Region Central,Standalone,18.31,false,67,true
2025-03-26,referral,healthcare,enterprise,175130.46,Rep 2,Region West,Standalone,1.91,false,68,true
2024-10-14,referral,manufacturing,small,9002.87,Rep 2,Region South,Platform,15.31,true,30,false
2025-11-30,referral,finance,medium,14201.14,Rep 8,Region West,Suite,23.5,true,95,true
2024-02-22,referral,finance,enterprise,152642.09,Rep 2,Region East,Suite,9.22,false,54,false
2024-04-02,referral,tech,medium,27071.2,Rep 4,Region West,Platform,16.42,true,55,true
2025-05-06,paid,retail,enterprise,122786.15,Rep 1,Region East,Suite,3.36,true,50,false
2025-09-30,referral,manufacturing,medium,23321.65,Rep 3,Region East,Platform,15.01,false,91,true
2025-03-23,referral,tech,large,53200.6,Rep 5,Region Central,Suite,24.08,false,51,false
2024-12-12,referral,retail,small,8884.91,Rep 1,Region Central,Platform,22.51,false,74,true
2025-05-22,cold_call,tech,enterprise,137122.53,Rep 2,Region West,Platform,6.38,false,50,true
2025-08-27,referral,finance,medium,28576.33,Rep 7,Region East,Standalone,9.9,false,63,false
2025-06-19,webinar,healthcare,large,60525.54,Rep 3,Region Central,Platform,4.91,false,40,true
2024-01-10,referral,manufacturing,large,58066.55,Rep 5,Region West,Platform,22.74,true,79,true
2024-07-17,webinar,finance,medium,31729.77,Rep 2,Region East,Platform,14.43,false,52,true
2024-05-07,referral,manufacturing,small,9563.78,Rep 4,Region Central,Platform,13.05,false,37,false
2025-01-01,referral,retail,small,9288.08,Rep 2,Region West,Platform,19.14,true,70,true
2024-12-13,webinar,retail,small,10277.8,Rep 4,Region Central,Platform,0.0,false,37,true
2024-08-03,paid,healthcare,large,59186.67,Rep 5,Region Central,Platform,5.11,true,57,true
2024-09-03,webinar,tech,enterprise,151338.96,Rep 2,Region South,Suite,29.19,false,91,true
2025-07-27,organic,tech,large,64105.16,Rep 3,Region West,Standalone,0.0,true,70,true
2024-09-12,paid,finance,small,7024.24,Rep 1,Region East,Platform,10.14,true,77,true
2024-06-07,referral,tech,large,41924.09,Rep 3,Region South,Suite,16.88,false,57,false
2025-08-16,webinar,retail,small,6579.96,Rep 2,Region Central,Platform,14.02,true,43,false
2025-04-27,paid,healthcare,small,7545.73,Rep 7,Region South,Platform,0.0,false,85,true
2025-06-25,organic,manufacturing,small,9355.93,Rep 1,Region Central,Platform,23.68,true,100,true
2024-12-03,referral,healthcare,large,71911.22,Rep 8,Region South,Suite,10.23,false,79,true
2025-09-02,organic,tech,large,50311.17,Rep 3,Region Central,Platform,8.77,false,50,true
2025-01-12,cold_call,manufacturing,medium,20229.37,Rep 6,Region Central,Suite,5.61,true,46,false
2024-12-31,webinar,retail,medium,32973.17,Rep 6,Region South,Suite,5.29,false,60,true
2024-05-18,organic,tech,medium,26362.09,Rep 5,Region Central,Standalone,6.27,true,57,false
2024-11-26,paid,finance,small,9105.39,Rep 7,Region East,Platform,16.62,false,59,false
2024-11-24,cold_call,finance,medium,32650.29,Rep 7,Region East,Platform,8.64,true,60,false
2025-01-02,webinar,tech,small,9180.68,Rep 3,Region East,Platform,10.67,true,70,true
2024-09-14,referral,tech,large,60519.83,Rep 3,Region East,Platform,15.61,true,95,true
2025-07-24,referral,finance,large,41386.56,Rep 2,Region East,Platform,2.1,false,100,true
2025-04-28,organic,tech,enterprise,140565.38,Rep 2,Region South,Platform,14.56,true,55,false
2025-07-04,referral,manufacturing,large,52283.97,Rep 8,Region Central,Platform,16.03,false,33,false
2025-11-22,cold_call,tech,small,9103.22,Rep 8,Region Central,Platform,10.21,false,36,false
2024-02-11,referral,retail,enterprise,125748.77,Rep 2,Region West,Platform,12.83,false,81,false
2024-10-03,referral,manufacturing,small,6117.65,Rep 8,Region East,Platform,3.36,false,58,false
2024-10-21,webinar,finance,small,8835.01,Rep 7,Region East,Platform,15.34,true,58,false
2025-08-22,referral,manufacturing,enterprise,124514.18,Rep 6,Region Central,Suite,19.6,false,71,true
2025-08-24,organic,finance,large,72746.7,Rep 1,Region East,Platform,12.92,true,43,false
2024-01-01,referral,healthcare,small,12766.87,Rep 2,Region West,Platform,18.39,false,32,false
2025-07-06,paid,retail,medium,22487.68,Rep 4,Region West,Standalone,17.83,false,40,true
2024-06-28,webinar,healthcare,medium,17705.49,Rep 6,Region East,Suite,11.37,false,44,true
2025-07-26,organic,tech,small,7486.32,Rep 5,Region West,Platform,9.0,false,17,false
2024-07-03,cold_call,manufacturing,medium,26825.83,Rep 6,Region West,Suite,27.42,false,36,true
2025-01-25,cold_call,healthcare,medium,18369.9,Rep 8,Region South,Suite,12.86,false,87,true
2025-05-28,referral,manufacturing,small,6088.33,Rep 5,Region Central,Platform,19.94,false,86,true
2024-07-13,cold_call,tech,enterprise,158373.94,Rep 2,Region South,Suite,6.39,false,46,false
2025-03-29,referral,healthcare,small,6661.22,Rep 1,Region Central,Platform,27.34,false,65,true
2025-09-04,webinar,manufacturing,large,59597.2,Rep 4,Region South,Standalone,11.88,true,60,true
2025-03-03,referral,finance,large,65578.74,Rep 5,Region East,Standalone,7.06,false,96,true
2025-10-12,webinar,finance,enterprise,148693.11,Rep 2,Region East,Standalone,10.98,false,94,true
2025-07-12,cold_call,tech,small,4396.24,Rep 8,Region East,Platform,4.55,false,91,true
2024-07-24,referral,healthcare,large,54128.28,Rep 1,Region Central,Standalone,10.66,false,66,true
2024-10-23,organic,manufacturing,medium,23810.28,Rep 2,Region East,Platform,14.14,false,92,true
2024-02-27,paid,finance,medium,23517.82,Rep 2,Region East,Standalone,12.1,true,70,true
2024-02-05,referral,healthcare,small,7323.85,Rep 5,Region Central,Platform,24.31,false,63,false
2024-06-01,referral,tech,medium,21467.63,Rep 7,Region Central,Suite,14.73,true,68,true
2025-02-08,organic,manufacturing,small,6067.14,Rep 7,Region East,Platform,12.99,false,66,true
2025-06-05,referral,healthcare,small,7547.16,Rep 1,Region East,Platform,19.64,true,30,true
2025-04-20,cold_call,finance,enterprise,180315.07,Rep 2,Region East,Suite,0.0,false,96,true
2024-01-06,referral,tech,medium,25496.25,Rep 5,Region South,Suite,21.67,true,72,true
2024-01-20,referral,healthcare,small,7229.88,Rep 1,Region West,Platform,20.11,true,49,true
2024-10-22,paid,manufacturing,medium,28497.57,Rep 3,Region East,Platform,5.82,false,52,false
2024-03-08,cold_call,finance,enterprise,151208.5,Rep 8,Region East,Standalone,13.8,true,77,true
2024-12-27,referral,finance,medium,26806.45,Rep 7,Region East,Platform,20.53,true,40,false
2025-11-09,referral,tech,medium,34036.29,Rep 6,Region East,Platform,9.11,false,80,true
2025-07-02,webinar,finance,small,8377.49,Rep 3,Region East,Platform,20.33,false,39,false
2025-11-29,paid,retail,small,7995.2,Rep 3,Region East,Platform,2.8,true,48,false
2025-10-01,paid,finance,large,50655.67,Rep 7,Region East,Platform,23.89,false,51,false
2024-01-30,referral,tech,enterprise,172264.43,Rep 2,Region West,Standalone,19.38,true,72,true
2025-05-31,referral,retail,small,9264.33,Rep 1,Region South,Platform,16.45,false,94,true
2024-02-17,cold_call,manufacturing,medium,32496.52,Rep 5,Region Central,Standalone,16.54,true,21,false
2024-02-16,organic,manufacturing,medium,28477.19,Rep 5,Region South,Suite,11.04,false,29,true
2024-11-19,organic,healthcare,large,60041.61,Rep 1,Region East,Platform,0.0,false,63,false
2024-09-01,referral,tech,large,60856.2,Rep 7,Region Central,Platform,24.87,true,86,true
2025-04-12,webinar,finance,medium,26229.76,Rep 3,Region East,Standalone,12.6,true,61,false
2024-03-13,webinar,retail,medium,29518.69,Rep 7,Region Central,Suite,9.57,false,72,true
2025-05-10,referral,tech,medium,22340.37,Rep 6,Region West,Standalone,22.39,false,31,false
2024-03-23,paid,tech,small,10061.78,Rep 1,Region West,Platform,0.0,false,67,true
2025-08-06,referral,tech,medium,28665.41,Rep 6,Region East,Suite,0.0,false,69,true
2025-05-25,webinar,manufacturing,large,65076.17,Rep 3,Region East,Suite,10.3,true,71,true
2025-05-15,webinar,manufacturing,medium,30174.83,Rep 1,Region Central,Platform,15.37,false,56,false
2025-09-09,referral,retail,small,8195.68,Rep 5,Region Central,Platform,17.15,false,32,false
2025-01-08,webinar,finance,medium,26285.32,Rep 3,Region East,Standalone,14.6,false,49,false
2024-01-29,cold_call,retail,medium,23868.95,Rep 3,Region East,Suite,12.53,false,45,false
2024-02-06,organic,tech,small,8818.1,Rep 2,Region Central,Platform,6.92,true,62,true
2024-01-21,referral,tech,medium,30862.46,Rep 5,Region South,Platform,21.23,false,60,false
2025-10-24,cold_call,retail,small,10058.12,Rep 1,Region East,Platform,11.39,false,78,true
2025-08-16,webinar,tech,medium,32203.16,Rep 1,Region Central,Suite,16.09,false,75,true
2024-02-10,cold_call,retail,small,11017.38,Rep 4,Region East,Platform,12.28,false,34,false
2024-09-27,referral,tech,small,8186.14,Rep 3,Region Central,Suite,24.52,false,56,true
2025-04-13,referral,retail,large,53977.56,Rep 4,Region West,Suite,5.35,true,99,true
2025-01-22,referral,healthcare,small,6281.7,Rep 4,Region East,Platform,21.71,true,61,true
2025-06-30,webinar,retail,small,3934.52,Rep 6,Region South,Platform,4.72,true,75,true
2024-12-16,paid,retail,medium,21285.02,Rep 1,Region South,Standalone,6.18,true,70,true
2025-05-03,paid,tech,small,10440.56,Rep 1,Region South,Platform,6.43,true,71,true
2025-08-10,paid,tech,large,71197.5,Rep 2,Region South,Platform,9.22,false,70,true
2025-05-06,referral,finance,medium,21318.43,Rep 8,Region East,Suite,26.0,true,50,false
2024-11-23,referral,finance,medium,22090.24,Rep 6,Region East,Platform,22.38,false,42,true
2024-03-26,referral,tech,small,7901.51,Rep 7,Region Central,Platform,23.64,true,75,true
2024-01-22,paid,tech,small,6380.94,Rep 2,Region East,Platform,6.95,false,40,true
2024-05-17,cold_call,tech,large,59850.44,Rep 5,Region Central,Platform,2.37,true,38,true
2024-01-31,webinar,tech,enterprise,125764.91,Rep 2,Region East,Platform,4.66,true,70,true
2024-08-19,paid,tech,enterprise,152097.24,Rep 3,Region Central,Platform,13.61,false,70,false
2025-12-15,cold_call,healthcare,medium,23776.84,Rep 3,Region South,Standalone,17.31,false,63,false
2024-09-23,referral,finance,enterprise,169551.85,Rep 2,Region East,Standalone,25.18,true,78,true
2025-08-09,referral,tech,medium,24091.43,Rep 1,Region South,Standalone,23.52,false,49,false
2024-02-17,webinar,finance,enterprise,121474.14,Rep 1,Region Central,Platform,12.23,false,54,true
2025-03-10,webinar,retail,small,7382.32,Rep 1,Region Central,Platform,12.25,false,89,true
2024-08-30,cold_call,retail,small,7021.56,Rep 2,Region West,Platform,3.34,false,100,true
2025-10-22,referral,retail,large,73782.14,Rep 6,Region East,Standalone,0.0,false,77,true
2024-12-30,webinar,healthcare,medium,19736.44,Rep 3,Region South,Platform,10.24,false,78,true
2025-05-20,cold_call,tech,small,7653.64,Rep 5,Region Central,Platform,7.0,false,71,true
2025-11-21,paid,retail,small,7932.05,Rep 6,Region East,Platform,10.12,false,59,true
2025-08-11,cold_call,tech,large,56533.02,Rep 3,Region West,Suite,7.73,true,95,true
2024-04-13,cold_call,tech,medium,20323.0,Rep 4,Region South,Suite,1.09,false,83,true
2025-08-20,organic,manufacturing,large,69840.69,Rep 2,Region East,Platform,0.0,true,49,true
2024-08-06,organic,finance,small,10814.77,Rep 5,Region East,Suite,6.04,true,39,false
2025-04-25,paid,retail,medium,21726.16,Rep 8,Region Central,Suite,2.42,false,49,true
2024-01-26,organic,manufacturing,medium,25621.64,Rep 3,Region East,Standalone,13.07,false,71,true
2025-04-03,referral,finance,small,9995.5,Rep 8,Region East,Platform,21.34,true,54,false
2025-07-09,cold_call,healthcare,small,8945.78,Rep 3,Region East,Platform,10.09,true,65,true
2024-01-11,paid,retail,medium,17787.19,Rep 5,Region East,Suite,3.74,false,38,false
2024-05-19,referral,healthcare,medium,29599.66,Rep 1,Region East,Suite,9.1,false,18,true
2025-08-28,cold_call,retail,medium,27849.27,Rep 5,Region East,Suite,5.84,true,37,true
2025-07-22,cold_call,finance,large,67938.22,Rep 6,Region West,Platform,0.0,true,56,true
2024-09-25,referral,manufacturing,small,6471.85,Rep 6,Region Central,Platform,23.69,true,49,true
2025-03-26,referral,tech,large,48244.28,Rep 5,Region East,Suite,10.31,false,76,true
2025-06-17,cold_call,healthcare,medium,19434.64,Rep 5,Region West,Standalone,9.94,true,39,false
2025-10-24,paid,tech,small,8610.82,Rep 6,Region Central,Platform,11.75,true,88,true
2025-12-18,cold_call,finance,large,60147.66,Rep 8,Region East,Standalone,0.13,true,12,false
2025-09-22,webinar,finance,large,62225.36,Rep 8,Region East,Standalone,7.48,true,64,true
2024-09-05,webinar,retail,small,7411.71,Rep 6,Region West,Suite,7.85,false,77,true
2024-06-15,cold_call,manufacturing,large,56470.19,Rep 8,Region Central,Platform,22.69,true,58,true
2024-06-27,paid,tech,small,7343.96,Rep 2,Region Central,Platform,14.34,false,33,true
2024-05-14,referral,finance,large,65815.67,Rep 7,Region East,Platform,18.6,false,84,true
2025-10-25,cold_call,retail,large,70056.15,Rep 7,Region South,Platform,15.89,true,56,true
2025-01-19,referral,tech,small,8452.87,Rep 5,Region South,Platform,25.89,false,76,true
2025-06-18,cold_call,tech,medium,22843.78,Rep 8,Region East,Platform,16.06,false,50,false
2024-12-16,organic,tech,large,48126.69,Rep 2,Region West,Standalone,21.75,false,56,false
2024-01-28,webinar,tech,small,6679.98,Rep 7,Region Central,Platform,17.19,false,84,true
2024-12-26,referral,healthcare,large,61980.35,Rep 1,Region East,Platform,28.79,false,77,true
2024-02-03,paid,tech,small,4971.38,Rep 3,Region South,Platform,17.96,false,40,false
2025-03-26,webinar,tech,medium,24002.53,Rep 8,Region East,Platform,11.36,false,63,false
2024-05-18,organic,tech,large,49944.64,Rep 8,Region Central,Platform,13.46,false,63,false
2024-05-07,referral,retail,large,43704.81,Rep 5,Region East,Platform,0.0,true,59,false
2025-02-21,paid,healthcare,medium,32348.26,Rep 8,Region East,Platform,10.72,false,78,true
2024-05-13,organic,retail,medium,27530.7,Rep 5,Region South,Suite,0.43,true,71,true
2025-01-31,webinar,manufacturing,large,45855.21,Rep 1,Region Central,Suite,14.6,false,48,true
2024-03-30,webinar,tech,small,10016.37,Rep 1,Region West,Suite,10.43,true,78,true
2024-06-11,cold_call,tech,medium,27826.64,Rep 3,Region Central,Standalone,14.22,true,78,true
2024-05-12,webinar,retail,enterprise,182202.3,Rep 6,Region South,Suite,10.43,false,57,false
2025-05-28,organic,finance,medium,23425.67,Rep 2,Region East,Suite,11.71,false,61,false
2025-04-04,referral,healthcare,medium,20120.76,Rep 7,Region South,Standalone,10.31,true,45,false
2024-10-20,organic,retail,small,7793.25,Rep 6,Region Central,Platform,4.86,false,52,false
2024-10-22,cold_call,retail,small,6941.88,Rep 7,Region West,Platform,13.39,false,90,true
2024-01-31,organic,healthcare,small,7947.1,Rep 7,Region South,Platform,13.79,false,57,false
2024-02-05,referral,tech,medium,19321.96,Rep 3,Region West,Standalone,21.37,true,51,false
2025-09-17,referral,tech,medium,23487.0,Rep 5,Region Central,Standalone,9.19,false,60,false
2024-07-27,organic,manufacturing,large,52698.2,Rep 6,Region South,Suite,0.62,true,59,true
2024-08-23,referral,tech,large,53584.6,Rep 1,Region West,Standalone,12.81,false,44,true
2025-07-26,cold_call,healthcare,small,6447.53,Rep 8,Region West,Platform,16.27,true,15,false
2025-12-26,organic,finance,small,6303.13,Rep 5,Region West,Platform,14.12,true,36,false
2025-03-12,webinar,finance,small,7398.0,Rep 1,Region East,Platform,15.09,false,67,true
2025-12-16,cold_call,healthcare,small,8816.99,Rep 3,Region Central,Platform,1.28,false,63,false
2024-08-11,cold_call,retail,enterprise,152604.21,Rep 2,Region East,Suite,13.21,false,26,false
2025-03-15,cold_call,retail,large,76868.15,Rep 1,Region South,Suite,9.55,true,57,true
2025-12-16,referral,retail,small,8366.99,Rep 8,Region West,Platform,18.09,true,56,false
2024-05-11,referral,retail,large,60551.51,Rep 7,Region South,Standalone,25.5,true,53,true
2025-05-29,paid,tech,enterprise,150204.33,Rep 2,Region East,Platform,12.74,false,89,true
2025-12-21,cold_call,tech,medium,27441.56,Rep 1,Region Central,Suite,0.0,false,40,true
2025-02-06,paid,healthcare,medium,24802.5,Rep 2,Region West,Standalone,4.65,false,63,false
2024-02-21,paid,healthcare,large,57149.31,Rep 5,Region West,Platform,17.17,false,35,true
2025-01-09,paid,retail,small,5194.88,Rep 2,Region South,Platform,5.23,false,45,true
2024-09-01,webinar,retail,enterprise,152797.86,Rep 2,Region East,Platform,12.33,false,54,false
2024-04-07,referral,tech,medium,29658.87,Rep 4,Region South,Standalone,4.13,false,75,true
2024-09-23,paid,tech,large,48374.52,Rep 7,Region East,Suite,11.13,true,59,false
2024-06-15,referral,finance,small,8833.52,Rep 1,Region East,Platform,31.93,true,56,false
2024-04-26,referral,manufacturing,medium,26287.62,Rep 7,Region East,Standalone,6.83,false,50,false
2024-06-25,paid,retail,medium,24773.51,Rep 6,Region East,Platform,16.32,true,46,false
2024-11-11,referral,finance,enterprise,137077.43,Rep 2,Region East,Suite,12.2,false,85,true
2025-07-30,cold_call,finance,enterprise,169677.06,Rep 2,Region East,Suite,0.0,true,59,false
2025-05-26,organic,tech,small,8528.09,Rep 7,Region South,Platform,8.26,false,56,false
2024-11-20,organic,healthcare,small,9755.74,Rep 4,Region West,Platform,16.69,false,92,true
2025-11-05,paid,finance,medium,26545.41,Rep 1,Region East,Standalone,7.24,false,50,false
2024-04-16,cold_call,tech,small,9531.04,Rep 5,Region Central,Platform,12.44,true,26,false
2025-08-29,cold_call,manufacturing,medium,25381.19,Rep 1,Region Central,Standalone,5.96,false,27,false
2024-12-30,cold_call,healthcare,small,7943.62,Rep 4,Region West,Platform,15.26,false,34,true
2024-01-27,webinar,retail,small,7089.47,Rep 4,Region South,Platform,15.19,false,38,false
2024-11-01,cold_call,retail,medium,21179.38,Rep 7,Region South,Standalone,10.94,true,59,true
2025-07-02,organic,healthcare,enterprise,136553.9,Rep 2,Region Central,Standalone,0.0,false,79,true
2024-08-12,referral,retail,medium,32518.36,Rep 2,Region East,Platform,21.23,false,70,true
2025-11-01,paid,finance,small,8329.2,Rep 6,Region East,Platform,20.17,false,92,true
2025-06-08,referral,healthcare,medium,26806.52,Rep 1,Region West,Suite,20.44,false,27,false
2024-03-10,webinar,tech,small,7166.36,Rep 1,Region East,Platform,0.0,false,75,true
2024-11-01,referral,healthcare,medium,24668.03,Rep 8,Region East,Standalone,0.0,true,100,true
2024-11-19,cold_call,tech,medium,27782.42,Rep 3,Region Central,Standalone,12.08,false,59,true
2025-12-21,cold_call,tech,small,6834.9,Rep 2,Region Central,Standalone,12.14,true,44,false
2025-01-24,paid,manufacturing,large,49103.07,Rep 6,Region East,Standalone,13.41,false,100,false
2025-06-08,organic,tech,small,8919.17,Rep 5,Region East,Platform,0.0,false,19,true
2025-01-29,referral,retail,small,9884.48,Rep 5,Region West,Platform,23.22,false,45,false
2025-05-01,cold_call,tech,enterprise,127677.66,Rep 2,Region West,Standalone,4.54,false,31,false
2024-12-10,cold_call,retail,small,10117.87,Rep 2,Region Central,Platform,11.04,true,35,false
2024-06-21,referral,finance,medium,22990.76,Rep 2,Region East,Standalone,0.0,true,55,true
2025-02-04,referral,manufacturing,medium,28248.47,Rep 2,Region East,Standalone,20.0,true,63,true
2024-03-04,paid,finance,large,45626.5,Rep 1,Region East,Standalone,0.0,false,46,true
2025-12-12,referral,tech,medium,33104.44,Rep 4,Region Central,Standalone,22.68,false,61,false
2025-11-20,referral,retail,large,59366.63,Rep 8,Region East,Platform,18.51,false,62,true
2025-05-29,webinar,healthcare,medium,25028.86,Rep 4,Region South,Suite,14.81,true,51,true
2025-07-14,referral,finance,large,60522.68,Rep 7,Region East,Platform,10.44,false,43,false
2025-10-03,referral,retail,medium,24843.33,Rep 1,Region Central,Platform,18.09,true,66,true
2024-08-01,paid,tech,medium,24236.26,Rep 6,Region Central,Suite,0.0,false,91,true
2025-07-13,paid,retail,enterprise,132482.39,Rep 2,Region South,Platform,4.62,true,45,false
2025-05-30,organic,tech,large,71248.17,Rep 7,Region East,Platform,16.51,true,86,true
2025-03-18,organic,manufacturing,small,6253.6,Rep 5,Region South,Platform,10.12,true,39,false
2025-05-03,referral,tech,large,65563.71,Rep 6,Region East,Standalone,25.85,false,54,false
2024-03-18,referral,retail,medium,24445.42,Rep 1,Region West,Suite,35.78,true,41,false
2025-02-21,referral,finance,small,9998.27,Rep 3,Region East,Platform,19.22,false,58,false
2025-12-23,referral,retail,small,10517.85,Rep 8,Region East,Platform,0.0,false,60,true
2024-02-27,referral,tech,small,8568.52,Rep 6,Region West,Platform,12.55,true,61,false
2024-02-13,paid,manufacturing,small,7656.46,Rep 8,Region South,Platform,0.01,false,84,true
2024-01-22,webinar,manufacturing,small,8435.68,Rep 3,Region West,Platform,7.47,false,53,false
2025-04-04,cold_call,manufacturing,small,6574.11,Rep 5,Region Central,Platform,6.09,true,71,true
2025-05-19,referral,tech,medium,20844.64,Rep 8,Region East,Platform,4.49,false,36,false
2025-02-13,referral,manufacturing,medium,29478.23,Rep 7,Region West,Platform,10.6,true,62,false
2025-04-28,paid,tech,medium,16560.76,Rep 1,Region Central,Standalone,13.77,false,59,true
2024-05-17,referral,retail,medium,25290.19,Rep 4,Region West,Standalone,21.69,true,63,false
2025-12-13,webinar,manufacturing,medium,19816.92,Rep 4,Region South,Platform,9.1,false,49,true
2025-10-03,cold_call,retail,medium,28309.77,Rep 2,Region Central,Platform,17.66,false,39,true
2024-12-29,paid,healthcare,small,6570.91,Rep 2,Region Central,Standalone,17.76,true,74,true
2025-01-02,webinar,tech,enterprise,176101.45,Rep 2,Region East,Platform,5.92,true,55,true
2025-09-30,organic,healthcare,medium,21955.61,Rep 8,Region West,Standalone,14.59,true,75,true
2025-09-28,cold_call,retail,large,64170.06,Rep 7,Region East,Standalone,14.81,false,44,false
2025-01-28,paid,retail,medium,21548.89,Rep 2,Region East,Platform,9.32,false,48,false
2025-03-22,webinar,healthcare,large,52907.56,Rep 7,Region South,Standalone,11.15,false,80,true
2024-05-03,webinar,tech,large,73681.48,Rep 4,Region South,Standalone,10.97,false,42,false
2024-08-31,organic,retail,small,9471.29,Rep 5,Region East,Platform,13.98,false,61,false
2025-12-20,webinar,manufacturing,large,49967.43,Rep 8,Region South,Suite,10.37,false,62,false
2025-12-02,organic,retail,small,8219.4,Rep 7,Region East,Platform,14.77,false,100,true
2024-08-12,webinar,healthcare,small,9748.92,Rep 8,Region West,Platform,9.97,true,47,true
2024-10-14,paid,finance,medium,21129.41,Rep 3,Region East,Suite,8.84,false,49,false
2025-04-24,referral,tech,small,9761.8,Rep 6,Region South,Platform,4.6,true,57,true
2024-07-26,paid,manufacturing,medium,20597.06,Rep 5,Region South,Standalone,23.25,false,56,true
2024-04-27,webinar,manufacturing,enterprise,143639.38,Rep 1,Region East,Suite,7.78,false,75,true
2025-03-19,referral,tech,large,55136.99,Rep 7,Region East,Standalone,22.77,true,41,false
2025-05-21,cold_call,retail,small,8651.64,Rep 4,Region East,Platform,8.45,false,89,true
2025-03-04,referral,manufacturing,enterprise,161284.57,Rep 2,Region South,Platform,28.08,false,62,false
2025-09-18,organic,retail,large,49690.64,Rep 5,Region West,Standalone,8.1,true,44,false
2025-09-17,paid,manufacturing,medium,27277.81,Rep 1,Region Central,Standalone,11.28,false,65,true
2025-11-08,referral,tech,medium,27450.59,Rep 2,Region South,Platform,24.15,true,56,false
2024-09-12,cold_call,tech,small,10294.96,Rep 3,Region South,Platform,5.61,true,75,true
2025-04-23,referral,retail,medium,23828.27,Rep 5,Region Central,Suite,12.61,false,37,true
2025-11-26,referral,manufacturing,medium,22669.28,Rep 2,Region South,Standalone,14.33,true,56,false
2024-12-27,organic,manufacturing,medium,29511.5,Rep 5,Region East,Standalone,9.65,false,71,true
2025-01-17,webinar,retail,enterprise,170655.22,Rep 2,Region East,Standalone,8.06,false,90,true
2024-11-18,referral,finance,medium,29973.96,Rep 4,Region East,Suite,31.79,false,36,true
2024-09-08,webinar,retail,medium,30693.53,Rep 1,Region West,Suite,14.67,true,78,true
2025-09-24,paid,healthcare,large,85009.35,Rep 2,Region South,Platform,8.02,false,45,true
2024-04-01,paid,tech,medium,22078.66,Rep 6,Region Central,Suite,22.14,false,83,true
2024-12-22,organic,tech,medium,20178.75,Rep 2,Region Central,Platform,13.72,false,57,false
2025-01-16,cold_call,tech,medium,30994.09,Rep 7,Region Central,Platform,6.94,false,21,true
2025-05-06,referral,finance,medium,22123.89,Rep 4,Region East,Standalone,22.81,true,59,true
2025-06-20,referral,finance,small,7077.99,Rep 8,Region East,Platform,20.5,false,82,true
2024-03-14,webinar,tech,enterprise,129572.41,Rep 2,Region Central,Standalone,6.75,true,44,false
2025-06-04,cold_call,tech,enterprise,134981.61,Rep 1,Region West,Standalone,17.87,false,72,true
2024-09-19,paid,manufacturing,enterprise,148240.01,Rep 2,Region West,Platform,14.51,false,26,false
2025-04-02,paid,finance,small,10103.14,Rep 1,Region East,Platform,28.47,false,72,true
2025-01-05,referral,retail,small,9557.64,Rep 2,Region Central,Platform,10.02,false,49,false
2025-07-07,referral,manufacturing,medium,28578.38,Rep 5,Region Central,Suite,16.51,true,40,true
2024-05-04,organic,finance,medium,28225.4,Rep 1,Region East,Standalone,3.35,false,32,true
2024-07-01,cold_call,retail,large,54082.12,Rep 6,Region West,Suite,13.34,true,60,false
2024-03-01,organic,tech,medium,16686.42,Rep 4,Region South,Platform,19.95,false,59,true
2025-09-11,organic,retail,medium,24289.79,Rep 2,Region West,Standalone,10.32,false,56,true
2025-06-14,paid,retail,large,59064.65,Rep 1,Region East,Standalone,13.36,true,77,true
2024-06-03,referral,manufacturing,medium,20364.64,Rep 5,Region South,Suite,21.03,false,36,false
2025-07-14,paid,tech,small,9002.85,Rep 5,Region South,Platform,15.88,false,66,true
2024-02-16,cold_call,retail,medium,26267.75,Rep 3,Region West,Suite,7.75,false,86,true
2024-03-07,referral,finance,small,8827.39,Rep 3,Region East,Platform,24.21,true,54,false
2024-12-06,cold_call,retail,small,11081.65,Rep 8,Region East,Platform,27.07,false,55,true
2025-11-06,referral,manufacturing,large,61622.49,Rep 8,Region South,Suite,15.08,false,67,true
2025-02-15,webinar,manufacturing,medium,20365.96,Rep 1,Region West,Standalone,13.35,true,30,false
2025-06-05,referral,finance,medium,21997.83,Rep 2,Region East,Standalone,5.71,true,47,false
2025-03-18,referral,manufacturing,large,63533.82,Rep 6,Region South,Standalone,26.59,false,48,true
2025-08-10,referral,retail,large,59398.46,Rep 6,Region East,Suite,0.0,true,43,true
2024-03-05,webinar,manufacturing,medium,16730.56,Rep 3,Region West,Suite,12.99,true,61,false
2024-10-05,paid,finance,medium,24580.5,Rep 4,Region East,Suite,5.98,false,28,false
2025-10-05,cold_call,healthcare,medium,23638.54,Rep 4,Region Central,Standalone,11.22,false,83,true
2025-06-24,referral,retail,medium,21276.83,Rep 4,Region West,Suite,17.42,false,73,true
2025-11-18,cold_call,tech,large,58808.34,Rep 5,Region East,Suite,8.96,true,59,true
2024-12-20,webinar,healthcare,small,7654.49,Rep 7,Region Central,Platform,2.01,false,64,true
2024-08-13,organic,tech,large,55712.67,Rep 6,Region East,Standalone,8.47,false,60,true
2025-05-16,cold_call,tech,small,7084.64,Rep 3,Region West,Platform,14.16,false,79,true
2024-09-13,referral,retail,medium,33254.22,Rep 4,Region East,Standalone,9.78,true,61,true
2025-05-12,paid,manufacturing,large,74480.3,Rep 3,Region Central,Suite,13.2,false,73,true
2025-04-04,cold_call,tech,small,7155.43,Rep 4,Region Central,Platform,16.09,false,5,false
2024-04-14,cold_call,retail,enterprise,182792.45,Rep 2,Region West,Suite,6.32,true,86,true
2025-01-02,cold_call,tech,medium,22900.79,Rep 5,Region Central,Suite,20.67,true,66,true
2024-11-18,webinar,retail,small,8161.72,Rep 1,Region Central,Platform,10.58,false,64,false
2024-06-16,webinar,manufacturing,medium,22988.33,Rep 4,Region South,Suite,10.33,true,35,false
2025-01-17,webinar,retail,medium,25097.45,Rep 3,Region South,Platform,10.44,false,100,true
2024-06-05,organic,retail,small,7173.95,Rep 5,Region Central,Platform,13.45,true,57,false
2024-07-30,organic,finance,large,82174.37,Rep 7,Region East,Standalone,12.21,false,74,true
2025-03-20,cold_call,tech,medium,27354.48,Rep 3,Region South,Standalone,15.94,false,74,true
2025-03-21,referral,retail,small,6253.2,Rep 4,Region East,Platform,23.23,false,41,false
2024-03-19,organic,retail,medium,27857.95,Rep 4,Region East,Standalone,12.06,true,40,true
2025-10-10,cold_call,tech,medium,19275.78,Rep 1,Region Central,Suite,14.8,false,92,true
2024-12-29,referral,retail,small,8808.89,Rep 5,Region East,Platform,24.82,false,63,false
2024-06-14,paid,retail,medium,25798.03,Rep 5,Region East,Platform,16.13,false,99,true
2025-04-07,webinar,healthcare,large,36383.54,Rep 8,Region Central,Suite,13.45,true,78,true
2024-07-04,organic,retail,small,9784.28,Rep 2,Region South,Platform,20.77,false,53,false
2024-07-19,cold_call,retail,small,7319.96,Rep 6,Region West,Platform,0.0,true,60,true
2025-03-22,cold_call,retail,enterprise,156914.87,Rep 1,Region West,Platform,14.13,false,41,false
2025-10-02,organic,retail,large,43010.34,Rep 5,Region South,Standalone,3.98,true,47,true
2024-10-21,webinar,tech,enterprise,177714.44,Rep 3,Region East,Platform,10.15,false,21,false
2024-09-11,webinar,tech,small,7399.47,Rep 2,Region West,Platform,11.55,false,44,false
2024-01-10,cold_call,finance,large,73420.36,Rep 5,Region East,Standalone,16.09,false,80,true
2025-01-12,paid,manufacturing,small,8383.02,Rep 7,Region Central,Platform,0.0,false,100,true
2024-10-31,webinar,retail,medium,27886.15,Rep 8,Region Central,Suite,15.17,false,46,false
2024-01-07,paid,manufacturing,small,6364.02,Rep 4,Region Central,Platform,14.94,true,33,false
2024-11-18,cold_call,finance,large,55449.16,Rep 6,Region East,Standalone,1.74,true,20,false
2025-08-01,referral,finance,small,8813.57,Rep 8,Region East,Platform,16.05,true,30,false
2024-10-11,referral,retail,medium,22479.52,Rep 4,Region West,Platform,20.85,false,62,false
2024-03-28,webinar,healthcare,small,5553.06,Rep 4,Region West,Platform,13.7,false,64,true
2024-02-15,webinar,retail,large,57592.89,Rep 3,Region East,Standalone,10.38,false,49,true
2024-07-31,paid,manufacturing,enterprise,139150.11,Rep 1,Region East,Platform,10.56,true,67,true
2024-09-11,paid,manufacturing,medium,28136.03,Rep 1,Region West,Platform,9.93,false,40,true
2025-02-04,organic,finance,medium,17112.88,Rep 1,Region East,Suite,12.67,false,41,false
2024-02-01,cold_call,healthcare,large,66521.63,Rep 1,Region South,Standalone,2.35,true,45,true
2024-06-23,referral,manufacturing,medium,22054.14,Rep 1,Region West,Platform,13.24,false,66,true
2024-05-30,webinar,retail,small,7234.82,Rep 7,Region South,Platform,6.35,true,39,false
2025-03-24,webinar,retail,small,5163.15,Rep 1,Region South,Platform,7.28,false,16,true
2025-08-18,webinar,healthcare,medium,19126.52,Rep 6,Region South,Suite,24.06,false,30,true
2024-10-27,cold_call,finance,medium,25101.61,Rep 4,Region East,Platform,12.26,true,88,true
2025-01-09,referral,tech,small,7971.68,Rep 8,Region East,Platform,9.43,false,72,true
2025-09-04,referral,manufacturing,enterprise,129535.55,Rep 2,Region East,Platform,20.03,true,27,true
2025-06-25,cold_call,tech,large,59952.64,Rep 2,Region West,Suite,4.75,true,51,false
2024-01-15,paid,manufacturing,medium,22381.87,Rep 8,Region South,Standalone,21.71,false,32,true
2024-12-21,cold_call,tech,medium,23309.07,Rep 8,Region West,Suite,16.51,true,42,false
2024-04-17,referral,tech,medium,21672.01,Rep 3,Region West,Suite,16.06,true,66,true
2025-05-04,paid,manufacturing,small,9402.88,Rep 6,Region Central,Platform,0.0,false,65,true
2024-01-21,webinar,finance,medium,21998.25,Rep 2,Region East,Standalone,10.36,false,59,false
2025-12-01,referral,retail,small,7515.92,Rep 2,Region Central,Platform,15.01,false,69,true
2025-12-09,webinar,tech,medium,25601.63,Rep 7,Region East,Suite,13.55,false,85,true
2025-06-16,webinar,tech,large,71493.0,Rep 3,Region South,Platform,10.94,true,40,false
2025-01-21,cold_call,healthcare,large,58856.93,Rep 5,Region Central,Platform,14.98,true,55,false
2024-01-04,webinar,healthcare,large,62674.79,Rep 3,Region South,Platform,7.46,true,63,true
2025-05-18,webinar,finance,large,68136.56,Rep 6,Region East,Suite,28.72,false,64,false
2025-04-04,webinar,manufacturing,small,5477.79,Rep 5,Region Central,Standalone,11.91,true,73,true
2024-07-25,referral,finance,small,7943.95,Rep 1,Region East,Platform,21.15,false,60,false
2024-09-21,organic,manufacturing,enterprise,166701.72,Rep 2,Region South,Suite,10.39,false,74,true
2025-04-30,paid,healthcare,small,6645.79,Rep 8,Region South,Platform,11.88,false,77,true
2024-08-16,referral,tech,medium,15789.71,Rep 8,Region Central,Suite,22.77,false,50,false
2025-08-03,webinar,retail,medium,26035.29,Rep 4,Region West,Suite,5.82,true,60,false
2025-11-06,organic,healthcare,medium,21301.61,Rep 5,Region West,Standalone,10.99,false,47,false
2025-06-17,referral,retail,large,49297.11,Rep 7,Region West,Standalone,27.02,false,46,true
2024-11-22,paid,retail,large,78386.45,Rep 5,Region Central,Platform,4.73,true,15,false
2025-09-24,organic,manufacturing,small,8998.33,Rep 4,Region South,Platform,9.39,false,60,false
2024-07-19,cold_call,manufacturing,small,7893.24,Rep 5,Region West,Platform,4.44,true,54,false
2025-03-06,referral,tech,enterprise,167108.35,Rep 2,Region West,Suite,20.86,true,75,true
2025-10-15,organic,healthcare,medium,30786.64,Rep 8,Region East,Suite,14.84,false,55,true
2024-08-14,webinar,manufacturing,small,6092.57,Rep 6,Region South,Platform,17.97,true,42,false
2024-08-11,referral,manufacturing,large,44637.73,Rep 6,Region Central,Suite,0.0,false,36,false
2024-03-13,referral,retail,small,11023.83,Rep 2,Region Central,Platform,21.6,true,100,true
2024-03-23,organic,finance,large,66643.73,Rep 4,Region East,Platform,10.73,false,98,true
2025-03-08,cold_call,tech,medium,26097.17,Rep 6,Region East,Standalone,13.04,true,63,true
2024-11-17,referral,tech,small,7665.25,Rep 2,Region South,Platform,33.26,true,33,false
2025-02-17,referral,manufacturing,small,7141.18,Rep 5,Region Central,Platform,21.42,true,80,true
2025-11-23,referral,retail,small,8365.07,Rep 8,Region West,Platform,9.77,false,47,false
2024-07-29,cold_call,manufacturing,medium,21499.56,Rep 6,Region East,Platform,3.05,false,38,false
2024-06-17,organic,healthcare,medium,20348.68,Rep 8,Region East,Platform,12.54,false,85,true
2024-05-03,webinar,tech,enterprise,148715.45,Rep 3,Region East,Platform,9.86,true,32,false
2025-11-15,referral,retail,large,43689.36,Rep 2,Region West,Standalone,6.57,true,24,false
2024-04-24,cold_call,tech,small,6405.6,Rep 3,Region Central,Platform,1.09,false,41,false
2025-01-02,paid,tech,medium,27086.0,Rep 1,Region Central,Standalone,22.47,false,89,true
2024-07-22,referral,tech,medium,21202.43,Rep 2,Region East,Standalone,21.75,false,59,true
2025-11-09,cold_call,healthcare,enterprise,126582.3,Rep 2,Region Central,Suite,15.01,true,84,true
2025-04-08,paid,tech,small,9619.16,Rep 6,Region South,Platform,13.76,false,81,true
2025-12-15,referral,retail,enterprise,119170.39,Rep 2,Region West,Standalone,17.96,false,63,false
2024-06-13,referral,finance,small,10499.55,Rep 1,Region East,Platform,21.37,false,75,false
2024-04-27,cold_call,manufacturing,small,8740.81,Rep 4,Region West,Platform,0.0,true,39,false
2024-08-28,organic,retail,medium,31332.9,Rep 6,Region South,Suite,12.64,false,61,true
2024-12-28,cold_call,tech,medium,22602.54,Rep 4,Region Central,Suite,7.78,false,70,true
2024-01-25,cold_call,manufacturing,large,57534.44,Rep 2,Region West,Suite,2.03,false,49,false
2024-11-21,referral,healthcare,small,7851.77,Rep 3,Region West,Platform,27.05,false,45,true
2025-08-12,paid,retail,small,9566.06,Rep 6,Region Central,Platform,15.28,false,68,false
2024-01-13,paid,manufacturing,large,74330.87,Rep 1,Region East,Suite,0.0,true,81,true
2025-05-25,referral,healthcare,medium,33166.99,Rep 7,Region South,Suite,20.1,false,53,true
2024-08-07,cold_call,retail,large,66792.5,Rep 7,Region South,Standalone,4.73,true,35,true
2024-11-17,referral,tech,small,7989.44,Rep 7,Region South,Platform,22.64,false,61,true
2025-03-06,referral,retail,enterprise,150812.93,Rep 4,Region Central,Suite,21.76,true,68,true
2025-08-08,webinar,healthcare,enterprise,124271.78,Rep 3,Region East,Suite,16.75,false,100,true
2024-02-29,webinar,tech,small,6596.66,Rep 2,Region East,Platform,25.4,true,70,true
2024-09-02,webinar,finance,medium,27602.83,Rep 7,Region East,Suite,9.96,true,55,false
2025-06-25,referral,healthcare,enterprise,154428.5,Rep 2,Region East,Standalone,19.35,false,29,false
2025-06-30,organic,finance,small,10288.29,Rep 4,Region East,Platform,12.85,false,60,false
2024-12-25,organic,finance,enterprise,130232.31,Rep 2,Region East,Suite,5.27,false,16,false
2024-09-10,organic,finance,enterprise,166578.16,Rep 2,Region East,Suite,12.68,true,35,false
2025-09-17,paid,finance,enterprise,109787.98,Rep 2,Region East,Platform,10.06,false,70,true
2025-09-12,referral,tech,large,44230.35,Rep 6,Region South,Suite,1.44,false,75,true
2025-10-01,referral,tech,medium,19299.49,Rep 8,Region South,Platform,28.58,false,79,true
2025-08-25,referral,finance,medium,30096.95,Rep 4,Region East,Standalone,22.48,false,63,true
2025-04-03,referral,manufacturing,small,8670.16,Rep 7,Region East,Platform,21.45,false,69,true
2024-06-19,webinar,tech,small,9282.35,Rep 4,Region West,Platform,17.09,false,52,true
2025-04-30,referral,manufacturing,large,72970.61,Rep 4,Region West,Standalone,26.76,true,84,true
2025-01-10,organic,finance,small,6876.35,Rep 5,Region East,Platform,7.81,false,98,true
2024-10-17,organic,tech,large,55483.25,Rep 6,Region South,Platform,0.0,false,61,true
2024-07-01,organic,manufacturing,small,7777.04,Rep 2,Region East,Platform,8.56,false,71,true
2025-05-31,paid,tech,enterprise,133598.91,Rep 2,Region South,Suite,13.94,true,51,true
2025-02-10,paid,finance,large,54586.33,Rep 5,Region East,Standalone,0.0,true,31,true
2024-08-06,referral,tech,enterprise,133269.73,Rep 5,Region Central,Platform,20.22,false,41,false
2024-10-08,organic,retail,medium,25366.94,Rep 2,Region East,Standalone,3.3,true,61,false
2025-11-18,cold_call,tech,medium,30051.94,Rep 4,Region East,Platform,20.22,false,35,false
2025-08-18,organic,finance,medium,28488.61,Rep 6,Region East,Platform,8.92,false,85,true
2024-02-08,referral,healthcare,small,8985.99,Rep 3,Region Central,Platform,23.69,false,62,false
2024-01-05,paid,tech,small,7504.57,Rep 8,Region South,Platform,7.79,false,66,true
2024-03-30,cold_call,finance,medium,24890.12,Rep 6,Region East,Suite,16.49,false,54,true
2025-04-19,referral,tech,large,55626.4,Rep 3,Region South,Standalone,19.01,false,58,true
2025-09-22,cold_call,finance,small,8067.7,Rep 1,Region East,Platform,9.02,false,100,true
2025-02-02,referral,finance,small,7248.9,Rep 6,Region East,Platform,20.4,false,50,true
2024-01-05,referral,manufacturing,small,7446.46,Rep 8,Region Central,Platform,22.04,true,54,false
2024-09-13,webinar,healthcare,medium,30236.52,Rep 1,Region West,Suite,17.45,true,47,false
2024-07-13,organic,healthcare,enterprise,111502.42,Rep 1,Region South,Suite,1.84,false,45,false
2024-06-06,webinar,finance,medium,19792.62,Rep 4,Region East,Standalone,2.84,true,24,false
2024-08-14,cold_call,finance,enterprise,144359.27,Rep 2,Region East,Suite,25.26,false,76,true
2024-02-04,webinar,healthcare,small,7367.14,Rep 5,Region West,Platform,3.52,false,94,true
2025-05-23,organic,healthcare,large,69607.56,Rep 8,Region Central,Standalone,8.75,true,45,false
2024-11-03,organic,finance,small,7138.31,Rep 5,Region East,Platform,11.94,true,72,true
2024-07-15,organic,finance,small,7132.09,Rep 2,Region East,Platform,12.43,true,39,true
2024-05-25,organic,manufacturing,small,9281.18,Rep 7,Region Central,Platform,6.08,false,51,true
2025-02-19,referral,healthcare,small,7579.09,Rep 1,Region South,Platform,26.74,true,50,true
2025-01-30,organic,finance,small,7970.88,Rep 1,Region East,Platform,0.0,false,51,false
2024-08-07,organic,healthcare,small,8048.86,Rep 2,Region Central,Platform,1.5,false,69,true
2024-08-19,paid,finance,medium,17133.05,Rep 5,Region East,Suite,14.58,true,86,true
2025-01-14,webinar,tech,small,9798.19,Rep 4,Region South,Platform,3.47,false,65,true
2025-08-12,cold_call,manufacturing,medium,22714.24,Rep 2,Region Central,Standalone,17.63,false,49,false
2025-02-15,organic,tech,medium,26341.17,Rep 3,Region East,Standalone,29.85,false,49,false
2025-02-03,paid,healthcare,medium,22432.21,Rep 6,Region Central,Platform,0.0,true,75,false
2025-01-25,webinar,tech,enterprise,160865.96,Rep 2,Region East,Suite,0.0,false,100,true
2025-04-24,organic,finance,enterprise,148986.48,Rep 2,Region East,Suite,22.04,false,100,true
2025-11-10,paid,tech,medium,24673.23,Rep 7,Region Central,Platform,0.0,false,60,false
2024-04-11,referral,retail,small,7795.26,Rep 8,Region West,Platform,19.98,true,80,true
2024-03-12,organic,manufacturing,large,81610.12,Rep 2,Region Central,Standalone,19.69,false,40,false
2025-03-03,referral,retail,large,61351.14,Rep 7,Region West,Standalone,28.28,true,83,true
2025-07-31,organic,finance,medium,25969.07,Rep 8,Region East,Suite,11.16,false,43,true
2024-07-23,paid,finance,medium,21346.26,Rep 5,Region West,Standalone,0.0,false,25,true
2024-10-26,referral,tech,medium,19908.93,Rep 6,Region Central,Platform,18.24,false,49,false
2025-05-23,cold_call,manufacturing,medium,29846.45,Rep 2,Region West,Suite,12.32,false,84,true
2025-08-17,webinar,tech,small,7460.37,Rep 8,Region West,Platform,12.49,true,54,false
2025-11-28,paid,finance,medium,28841.36,Rep 8,Region East,Platform,3.3,false,47,false
2025-10-06,referral,finance,small,8866.77,Rep 5,Region East,Platform,2.08,false,79,true
2024-09-15,organic,finance,medium,26376.73,Rep 4,Region East,Suite,14.02,false,53,false
2025-06-11,cold_call,tech,large,80443.35,Rep 7,Region West,Platform,0.0,false,45,false
2025-04-25,cold_call,tech,large,58542.17,Rep 1,Region East,Platform,14.13,false,78,true
2025-05-28,webinar,manufacturing,small,7767.71,Rep 6,Region East,Platform,18.5,true,30,false
2024-06-06,cold_call,tech,enterprise,134515.38,Rep 2,Region South,Platform,18.0,false,74,true
2025-01-12,organic,finance,small,10107.02,Rep 3,Region West,Platform,0.0,false,64,false
2024-11-13,paid,retail,small,7280.63,Rep 6,Region West,Platform,11.1,false,35,false
2024-11-08,webinar,manufacturing,medium,28422.97,Rep 6,Region East,Suite,1.64,false,79,true
2025-04-16,referral,manufacturing,medium,22781.43,Rep 4,Region South,Suite,0.57,true,54,true
2024-09-17,organic,retail,small,9957.89,Rep 7,Region East,Platform,13.26,false,85,true
2024-02-18,referral,manufacturing,small,7082.04,Rep 4,Region Central,Platform,0.18,true,56,false
2025-05-08,webinar,finance,small,8166.32,Rep 1,Region East,Platform,10.05,true,88,true
2025-04-11,paid,finance,small,7957.82,Rep 1,Region East,Platform,12.19,false,47,false
2025-09-02,referral,retail,medium,14522.56,Rep 5,Region East,Suite,25.95,false,88,true
2025-05-30,referral,finance,large,56787.74,Rep 4,Region East,Platform,21.41,false,75,true
2024-03-02,organic,tech,large,49199.86,Rep 7,Region Central,Suite,8.87,false,62,false
2025-10-16,webinar,manufacturing,small,8500.32,Rep 4,Region Central,Platform,25.27,false,75,true
2024-04-11,referral,retail,small,6426.88,Rep 6,Region West,Platform,22.82,false,39,false
2025-09-25,cold_call,finance,small,10056.62,Rep 7,Region East,Platform,12.46,false,42,true
2025-04-06,cold_call,tech,small,8245.75,Rep 4,Region Central,Platform,0.76,false,58,false
2024-01-07,referral,tech,medium,18383.54,Rep 5,Region South,Standalone,21.67,false,56,false
2025-04-19,webinar,healthcare,medium,23173.03,Rep 5,Region Central,Standalone,15.15,false,50,false
2025-07-26,referral,tech,small,8124.42,Rep 2,Region South,Platform,0.0,true,30,false
2024-03-18,webinar,tech,small,8292.88,Rep 1,Region East,Platform,0.0,false,100,true
2024-06-22,organic,healthcare,medium,25175.64,Rep 2,Region South,Standalone,15.53,false,74,false
2024-08-23,webinar,finance,small,8166.19,Rep 2,Region West,Platform,7.26,false,68,true
2025-03-18,referral,tech,medium,27888.63,Rep 6,Region South,Standalone,18.1,false,30,false
2025-09-19,cold_call,manufacturing,small,9782.64,Rep 8,Region South,Platform,21.0,true,58,true
2024-11-30,referral,retail,small,7861.88,Rep 3,Region South,Platform,25.55,true,55,false
2025-09-24,cold_call,healthcare,small,6377.0,Rep 1,Region East,Platform,7.66,false,57,true
2024-01-05,organic,manufacturing,medium,24244.23,Rep 1,Region Central,Suite,12.92,false,75,true
2024-10-09,referral,tech,large,47171.78,Rep 2,Region Central,Suite,11.43,false,63,true
2024-06-20,organic,retail,large,61469.99,Rep 8,Region Central,Platform,10.41,false,60,true
2024-01-15,referral,tech,medium,22376.0,Rep 8,Region East,Platform,4.92,false,85,true
2025-11-27,webinar,tech,enterprise,144958.61,Rep 2,Region South,Platform,18.82,true,100,true
2025-01-01,webinar,manufacturing,medium,29767.92,Rep 8,Region West,Platform,11.24,false,35,false
2025-09-04,organic,retail,medium,25933.4,Rep 7,Region South,Suite,16.41,true,50,false
2025-11-04,cold_call,finance,large,59654.68,Rep 7,Region East,Platform,4.4,false,59,false
2024-02-21,referral,retail,small,5400.3,Rep 1,Region West,Standalone,26.9,false,48,true
2024-12-01,organic,tech,medium,24732.35,Rep 6,Region Central,Suite,13.13,true,74,true
2025-10-26,webinar,healthcare,small,8479.31,Rep 6,Region South,Platform,26.5,true,30,true
2025-12-17,cold_call,healthcare,medium,23729.57,Rep 3,Region South,Suite,12.04,false,56,false
2025-02-27,cold_call,finance,medium,25959.58,Rep 8,Region East,Platform,9.89,true,64,false
2025-12-16,organic,manufacturing,large,51183.54,Rep 7,Region East,Standalone,11.25,true,44,false
2025-01-02,referral,finance,enterprise,136098.35,Rep 2,Region East,Suite,19.36,true,60,true
2024-04-02,cold_call,tech,small,10552.19,Rep 3,Region East,Platform,7.58,false,52,false
2024-05-05,paid,retail,small,7399.37,Rep 7,Region West,Platform,11.22,true,67,true
2024-04-25,referral,manufacturing,large,54150.67,Rep 6,Region Central,Standalone,19.4,true,72,true
2024-12-25,referral,retail,small,9232.14,Rep 7,Region Central,Platform,21.43,false,63,false
2025-10-25,cold_call,retail,small,7055.51,Rep 4,Region West,Platform,4.75,false,100,true
2024-07-16,referral,tech,small,7416.66,Rep 6,Region West,Platform,14.97,false,96,true
2024-02-07,organic,retail,large,65723.22,Rep 4,Region South,Suite,0.0,false,68,true
2025-07-20,referral,finance,large,70712.68,Rep 3,Region East,Platform,14.49,false,62,true
2024-11-06,webinar,finance,large,62301.91,Rep 3,Region East,Suite,0.0,false,37,false
2024-12-28,referral,retail,enterprise,126122.46,Rep 2,Region West,Standalone,8.11,false,60,false
2024-04-29,referral,tech,small,8730.42,Rep 5,Region West,Platform,9.99,false,34,false
2024-12-10,paid,retail,medium,30720.51,Rep 2,Region Central,Platform,9.0,true,83,true
2024-04-20,referral,retail,medium,16573.3,Rep 1,Region South,Standalone,19.58,true,74,true
2024-05-27,paid,finance,large,60131.42,Rep 6,Region East,Platform,5.35,false,58,false
2024-06-03,paid,tech,medium,26062.59,Rep 7,Region East,Platform,10.64,false,55,false
2024-06-30,organic,healthcare,medium,26121.66,Rep 6,Region West,Standalone,9.89,false,37,false
2025-11-14,referral,tech,enterprise,117490.56,Rep 2,Region East,Platform,18.26,true,72,true
2025-12-21,webinar,retail,large,53057.5,Rep 7,Region East,Platform,13.19,false,67,true
2025-01-25,referral,tech,large,66345.17,Rep 7,Region South,Suite,11.1,false,56,false
2024-04-15,organic,finance,small,8127.82,Rep 2,Region East,Platform,9.83,false,63,false
2025-11-20,referral,manufacturing,medium,28704.78,Rep 1,Region East,Platform,0.0,true,62,true
2024-05-17,paid,tech,small,5621.88,Rep 5,Region Central,Platform,22.6,true,27,false
2024-10-24,referral,retail,small,7755.52,Rep 4,Region East,Platform,9.32,false,73,true
2024-12-12,referral,finance,medium,30325.06,Rep 6,Region East,Platform,23.97,false,48,false
2024-06-26,referral,finance,small,6635.63,Rep 4,Region East,Platform,11.94,true,56,false
2025-04-08,referral,finance,large,62263.97,Rep 3,Region East,Suite,12.29,false,38,false
2024-12-19,paid,finance,small,7425.82,Rep 7,Region East,Platform,0.0,false,7,true
2024-07-17,webinar,tech,medium,26784.04,Rep 2,Region South,Platform,8.72,false,72,true
2025-07-28,paid,finance,medium,19051.8,Rep 2,Region East,Standalone,7.24,true,58,true
2025-12-17,paid,retail,medium,20441.88,Rep 6,Region Central,Standalone,8.64,false,48,false
2024-08-21,cold_call,healthcare,small,6125.18,Rep 2,Region East,Platform,3.73,true,47,true
2024-04-12,referral,tech,medium,26283.46,Rep 8,Region Central,Standalone,20.07,true,52,false
2025-08-22,referral,finance,enterprise,103298.19,Rep 3,Region West,Suite,35.77,false,82,true
2024-12-16,paid,healthcare,large,62774.84,Rep 5,Region Central,Standalone,16.42,false,39,false
2025-10-20,paid,retail,enterprise,137783.81,Rep 2,Region South,Platform,10.12,true,42,true
2025-09-25,referral,tech,medium,25169.27,Rep 5,Region East,Platform,13.68,false,33,false
2024-08-30,organic,retail,small,7775.96,Rep 1,Region West,Platform,12.84,false,44,false
2025-05-28,referral,tech,small,6806.06,Rep 4,Region West,Platform,23.34,false,15,false
2025-09-07,paid,tech,medium,28224.0,Rep 4,Region East,Platform,12.31,true,67,true
2024-08-24,webinar,manufacturing,enterprise,164757.65,Rep 8,Region Central,Suite,6.64,true,97,true
2024-11-22,cold_call,finance,medium,26659.43,Rep 6,Region East,Platform,10.26,false,59,true
2025-07-24,referral,tech,large,45779.74,Rep 8,Region South,Platform,1.61,true,78,true
2024-09-24,webinar,manufacturing,enterprise,122554.82,Rep 2,Region West,Suite,11.0,false,60,true
2025-05-22,webinar,retail,small,5689.42,Rep 4,Region South,Platform,15.83,false,30,false
2024-01-24,organic,tech,small,6659.7,Rep 8,Region West,Platform,7.14,false,38,false
2025-05-09,paid,finance,small,9059.45,Rep 2,Region East,Platform,8.12,false,64,true
2024-10-25,paid,finance,large,49432.7,Rep 3,Region East,Suite,14.82,false,94,true
2025-11-28,organic,manufacturing,large,59790.14,Rep 2,Region Central,Platform,10.87,false,67,true
2024-10-10,webinar,tech,small,10727.59,Rep 3,Region West,Platform,18.37,true,44,false
2025-12-21,webinar,healthcare,small,7052.96,Rep 1,Region West,Platform,0.0,true,55,false
2024-05-27,cold_call,manufacturing,large,64261.06,Rep 4,Region Central,Platform,15.9,false,33,true
2024-02-12,organic,tech,medium,25469.7,Rep 7,Region East,Suite,14.59,false,44,true
2025-06-07,webinar,finance,large,59789.18,Rep 5,Region East,Suite,10.89,false,46,true
2024-12-05,organic,retail,small,8523.72,Rep 2,Region Central,Platform,3.98,true,67,true
2025-10-29,paid,finance,large,58577.54,Rep 7,Region East,Standalone,17.23,false,27,false
2024-11-30,webinar,retail,medium,20784.07,Rep 8,Region South,Standalone,13.22,false,82,true
2024-08-25,referral,finance,large,48560.74,Rep 2,Region East,Suite,19.07,false,43,false
2024-12-11,cold_call,retail,small,8395.09,Rep 4,Region Central,Platform,3.49,false,92,true
2025-03-17,cold_call,finance,large,61584.76,Rep 4,Region West,Standalone,8.18,false,73,true
2025-12-11,referral,tech,small,7440.74,Rep 2,Region East,Platform,22.88,false,68,true
2025-06-30,organic,healthcare,small,7640.21,Rep 8,Region Central,Platform,13.44,false,93,true
2025-03-07,paid,healthcare,large,47750.6,Rep 3,Region West,Platform,3.59,true,50,true
2024-07-29,webinar,tech,large,59458.63,Rep 4,Region East,Platform,8.4,false,88,true
2025-06-01,cold_call,retail,large,56675.1,Rep 1,Region West,Standalone,5.51,false,52,false
2025-01-27,referral,manufacturing,medium,21815.48,Rep 2,Region Central,Suite,14.44,false,30,false
2024-10-19,referral,tech,large,51790.64,Rep 3,Region Central,Platform,23.73,false,50,false
2024-04-27,referral,finance,medium,30643.57,Rep 2,Region East,Standalone,5.45,false,67,true
2025-04-29,webinar,tech,large,63376.45,Rep 7,Region West,Suite,9.68,false,81,true
2025-10-09,webinar,finance,small,5891.69,Rep 6,Region East,Suite,14.07,false,36,true
2025-12-16,referral,manufacturing,small,5118.44,Rep 6,Region East,Platform,21.76,true,61,true
2025-05-22,paid,healthcare,enterprise,126717.14,Rep 2,Region South,Suite,14.89,true,56,true
2024-09-21,webinar,retail,small,9175.38,Rep 5,Region West,Platform,3.42,true,69,true
2025-09-21,cold_call,tech,enterprise,142409.22,Rep 2,Region West,Suite,0.0,true,61,false
2024-07-05,paid,retail,small,7657.44,Rep 8,Region West,Platform,17.78,false,65,true
2025-10-30,cold_call,manufacturing,medium,24531.18,Rep 8,Region East,Platform,7.66,true,47,true
2025-11-26,cold_call,manufacturing,small,7717.85,Rep 3,Region Central,Suite,2.83,false,48,true
2024-10-01,paid,finance,small,8289.81,Rep 7,Region East,Platform,17.64,false,61,false
2025-04-21,cold_call,tech,medium,22805.66,Rep 7,Region West,Platform,12.93,false,62,false
2024-04-13,referral,finance,medium,22717.5,Rep 7,Region East,Standalone,0.18,true,68,true
2025-05-23,webinar,tech,large,63825.13,Rep 1,Region West,Suite,0.0,true,84,true
2024-12-19,referral,tech,medium,18834.76,Rep 7,Region East,Standalone,25.99,true,93,true
2024-03-10,organic,manufacturing,large,50017.9,Rep 7,Region West,Suite,4.06,true,45,false
2025-03-28,referral,manufacturing,small,6452.68,Rep 8,Region West,Platform,12.36,true,60,true
2024-07-23,webinar,finance,large,68439.12,Rep 3,Region East,Platform,10.95,false,47,false
2024-11-28,referral,tech,medium,29113.29,Rep 1,Region West,Standalone,0.0,false,42,true
2025-07-14,referral,retail,large,65065.21,Rep 8,Region West,Suite,16.77,false,37,false
2025-10-14,paid,finance,large,67737.04,Rep 3,Region East,Suite,0.0,false,84,true
2025-09-01,webinar,retail,small,7896.52,Rep 4,Region East,Platform,4.32,true,82,true
2025-04-02,webinar,manufacturing,large,68465.27,Rep 1,Region West,Platform,25.89,true,87,true
2024-12-19,cold_call,finance,small,9508.81,Rep 4,Region East,Platform,13.83,true,80,true
2024-08-15,webinar,tech,small,9315.75,Rep 8,Region South,Platform,26.68,true,77,true
2025-06-23,cold_call,healthcare,large,45566.59,Rep 6,Region East,Standalone,1.85,false,73,true
2024-02-19,referral,finance,small,7688.11,Rep 1,Region East,Platform,18.59,false,84,true
2024-12-21,referral,tech,medium,25297.51,Rep 3,Region Central,Platform,12.1,false,68,true
2025-07-23,cold_call,retail,small,7389.13,Rep 2,Region South,Platform,11.2,true,78,true
2025-05-29,paid,manufacturing,enterprise,145914.06,Rep 2,Region Central,Platform,7.25,false,32,false
2024-09-02,webinar,finance,large,55366.21,Rep 5,Region East,Standalone,30.08,true,78,true
2024-09-04,webinar,healthcare,medium,23517.67,Rep 6,Region East,Standalone,17.7,false,56,true
2025-02-01,referral,manufacturing,large,68811.97,Rep 7,Region South,Suite,28.21,false,70,true
2024-07-13,referral,finance,enterprise,149314.48,Rep 2,Region East,Platform,23.3,true,73,false
2024-12-07,cold_call,tech,large,72420.1,Rep 7,Region Central,Suite,13.69,true,82,true
2024-09-03,webinar,finance,small,6574.99,Rep 6,Region East,Platform,12.1,true,76,true
2025-02-24,referral,retail,medium,28154.73,Rep 7,Region Central,Suite,10.32,false,65,true
2025-04-28,referral,retail,medium,25522.81,Rep 5,Region West,Platform,0.0,false,87,true
2025-11-26,cold_call,tech,large,60298.02,Rep 1,Region Central,Suite,10.31,false,59,true
2025-05-03,cold_call,manufacturing,large,55384.38,Rep 1,Region Central,Standalone,15.11,true,37,false
2025-01-27,webinar,tech,medium,14481.66,Rep 7,Region East,Platform,4.53,false,55,false
2024-12-22,webinar,tech,medium,23446.11,Rep 4,Region East,Platform,11.85,false,53,false
2025-05-31,referral,retail,medium,22789.87,Rep 1,Region Central,Platform,24.18,false,49,false
2024-12-30,referral,retail,large,68019.38,Rep 3,Region Central,Platform,9.87,false,22,false
2025-08-24,organic,finance,medium,18686.09,Rep 4,Region South,Suite,3.27,true,39,true
2024-12-18,organic,manufacturing,large,58282.23,Rep 3,Region East,Platform,14.87,true,83,true
2024-11-03,cold_call,manufacturing,large,53261.3,Rep 6,Region Central,Platform,15.47,false,50,false
2025-11-15,cold_call,tech,small,9251.0,Rep 3,Region South,Platform,0.48,false,29,false
2025-05-18,webinar,retail,medium,21159.76,Rep 1,Region South,Standalone,15.56,true,35,false
2024-03-02,cold_call,tech,large,45418.05,Rep 7,Region Central,Suite,1.81,true,82,false
2024-06-20,paid,tech,small,7550.62,Rep 1,Region West,Suite,5.15,true,62,true
2024-07-01,paid,tech,medium,25904.4,Rep 5,Region East,Standalone,0.0,false,41,true
2024-10-18,referral,tech,small,6292.51,Rep 4,Region Central,Platform,30.54,false,59,false
2024-07-25,cold_call,retail,small,12105.96,Rep 8,Region East,Suite,10.42,true,34,false
2024-10-01,organic,finance,large,70288.6,Rep 8,Region East,Standalone,0.0,true,46,false
2024-07-21,organic,tech,enterprise,97461.42,Rep 2,Region East,Standalone,8.28,true,57,false
2024-06-27,paid,tech,small,9396.45,Rep 5,Region West,Platform,12.58,false,64,false
2025-11-11,organic,tech,medium,22444.42,Rep 8,Region West,Suite,3.05,false,91,true
2024-06-10,webinar,tech,small,8965.34,Rep 3,Region Central,Platform,3.27,true,55,false
2024-04-21,webinar,tech,medium,22128.7,Rep 8,Region West,Platform,12.67,false,58,false
2025-10-02,paid,retail,small,11074.1,Rep 3,Region East,Platform,6.76,false,66,true
2024-02-22,organic,healthcare,small,8305.32,Rep 5,Region Central,Platform,19.24,true,73,true
2025-05-29,cold_call,finance,small,9288.64,Rep 8,Region East,Platform,11.63,false,34,false
2025-03-25,webinar,retail,small,7004.02,Rep 8,Region West,Platform,2.21,false,69,true
2024-03-11,paid,manufacturing,enterprise,147918.24,Rep 2,Region West,Platform,8.46,false,47,true
2024-10-05,referral,manufacturing,medium,20633.48,Rep 2,Region South,Platform,16.07,false,38,false
2024-11-15,cold_call,healthcare,medium,27517.49,Rep 4,Region Central,Standalone,8.76,true,90,true
2025-05-12,organic,manufacturing,small,7458.19,Rep 5,Region Central,Platform,6.85,false,47,true
2025-10-17,referral,manufacturing,medium,25242.47,Rep 6,Region West,Standalone,18.56,false,55,false
2024-09-27,referral,retail,enterprise,150210.21,Rep 2,Region Central,Standalone,14.03,true,74,true
2024-02-04,referral,tech,small,8612.21,Rep 5,Region East,Platform,0.0,true,79,true
2024-04-26,webinar,tech,large,55764.91,Rep 7,Region South,Platform,10.06,false,44,false
2025-08-14,referral,retail,medium,27938.35,Rep 4,Region East,Suite,3.99,false,3,false
2025-09-02,referral,retail,medium,21678.09,Rep 2,Region Central,Standalone,10.48,true,69,true
2024-11-24,referral,tech,enterprise,148130.05,Rep 2,Region South,Standalone,27.04,true,88,true
2024-07-05,referral,retail,medium,32720.19,Rep 4,Region Central,Suite,0.0,false,19,false
2024-01-21,organic,healthcare,enterprise,146671.17,Rep 2,Region West,Standalone,12.19,true,100,true
2024-07-12,organic,tech,large,69236.52,Rep 6,Region Central,Platform,0.0,true,69,true
2025-04-27,webinar,finance,enterprise,111832.74,Rep 2,Region East,Standalone,14.92,true,0,true
2024-08-02,organic,tech,large,62763.96,Rep 1,Region South,Standalone,6.9,true,44,false
2024-07-15,paid,retail,small,8657.42,Rep 7,Region West,Platform,16.24,true,47,false
2025-09-16,paid,manufacturing,enterprise,113577.5,Rep 5,Region West,Standalone,2.03,false,84,true
2024-08-18,referral,manufacturing,medium,20692.54,Rep 5,Region South,Standalone,0.0,true,67,true
2024-01-17,paid,retail,enterprise,167232.95,Rep 8,Region South,Suite,10.08,true,9,true
2024-08-03,referral,retail,small,10426.86,Rep 4,Region West,Platform,22.14,true,59,false
2024-03-02,paid,retail,small,8058.04,Rep 4,Region South,Platform,15.44,true,75,true
2025-04-28,organic,tech,enterprise,157336.25,Rep 2,Region East,Platform,3.98,true,53,true
2025-09-08,referral,manufacturing,enterprise,145004.87,Rep 6,Region East,Standalone,6.54,false,74,true
2025-04-05,paid,retail,large,47524.49,Rep 8,Region West,Platform,17.7,false,25,true
2024-06-19,cold_call,manufacturing,medium,23326.25,Rep 5,Region West,Suite,15.56,false,40,false
2024-06-06,organic,finance,medium,18386.68,Rep 6,Region East,Suite,7.23,false,56,false
2025-04-09,referral,tech,medium,26098.71,Rep 5,Region Central,Suite,18.17,false,63,false
2025-03-10,cold_call,finance,large,67888.88,Rep 7,Region East,Standalone,4.45,false,76,true
2025-03-22,cold_call,tech,medium,24898.27,Rep 2,Region South,Suite,10.39,true,54,true
2024-01-21,paid,manufacturing,large,50616.8,Rep 3,Region East,Suite,14.43,false,53,false
2025-05-02,organic,tech,small,6725.63,Rep 5,Region Central,Platform,9.83,true,35,false
2025-06-12,referral,tech,medium,26682.4,Rep 8,Region Central,Standalone,25.35,true,64,false
2025-05-26,referral,manufacturing,small,8004.29,Rep 3,Region Central,Platform,24.1,true,71,true
2025-10-15,webinar,finance,medium,22781.96,Rep 6,Region East,Suite,15.02,false,54,false
2025-09-02,cold_call,retail,medium,30748.45,Rep 8,Region East,Suite,7.42,false,74,true
2025-02-28,cold_call,manufacturing,enterprise,151401.66,Rep 8,Region Central,Standalone,3.68,false,36,true
2024-02-18,referral,finance,large,75250.75,Rep 4,Region East,Standalone,27.71,false,70,true
2024-03-18,organic,manufacturing,small,8278.91,Rep 4,Region South,Platform,17.93,true,52,false
2025-11-23,cold_call,retail,medium,13533.59,Rep 8,Region Central,Platform,0.64,false,48,false
2024-03-20,referral,tech,enterprise,139413.85,Rep 2,Region South,Platform,19.01,false,31,false
2024-03-02,referral,retail,medium,31448.87,Rep 7,Region East,Platform,5.52,false,52,true
2025-05-28,organic,tech,medium,25913.93,Rep 3,Region South,Standalone,16.35,false,72,true
2024-10-11,paid,retail,large,37572.61,Rep 6,Region Central,Suite,5.51,false,38,true
2025-03-19,webinar,healthcare,small,8328.97,Rep 3,Region Central,Platform,15.3,true,29,true
2024-07-10,paid,tech,small,8926.15,Rep 7,Region Central,Platform,25.4,true,20,true
2025-08-04,referral,manufacturing,enterprise,144571.66,Rep 2,Region West,Suite,15.19,false,48,true
2025-08-15,organic,manufacturing,large,56895.59,Rep 7,Region East,Standalone,4.47,false,50,false
2025-10-13,referral,retail,enterprise,154745.58,Rep 2,Region Central,Standalone,18.92,false,71,true
2024-08-09,referral,retail,small,7721.8,Rep 8,Region Central,Platform,11.32,true,62,false
2024-11-25,paid,tech,small,7392.52,Rep 3,Region South,Platform,2.28,true,66,true
2025-05-18,referral,manufacturing,enterprise,124658.05,Rep 2,Region South,Platform,26.05,false,47,false
2024-10-31,webinar,manufacturing,medium,35549.14,Rep 2,Region Central,Platform,5.1,true,64,false
2024-07-05,cold_call,healthcare,medium,29723.36,Rep 6,Region South,Platform,0.0,true,56,true
2024-01-27,webinar,retail,medium,22127.26,Rep 4,Region Central,Suite,10.28,false,70,true
2024-09-25,paid,retail,medium,30587.79,Rep 6,Region West,Suite,21.54,false,29,false
2024-11-23,referral,healthcare,medium,28274.5,Rep 3,Region South,Suite,0.0,true,32,true
2025-11-25,referral,tech,enterprise,157132.62,Rep 2,Region South,Standalone,0.0,false,100,true
2025-06-30,webinar,healthcare,enterprise,134909.7,Rep 2,Region South,Standalone,20.2,false,88,false
2025-02-25,referral,finance,small,7935.5,Rep 3,Region East,Platform,21.68,true,89,true
2024-08-14,webinar,healthcare,medium,18892.26,Rep 6,Region Central,Standalone,6.1,false,62,true
2025-09-11,webinar,retail,enterprise,136874.96,Rep 2,Region Central,Standalone,6.68,false,14,false
2024-07-26,paid,finance,medium,27762.86,Rep 8,Region East,Standalone,12.77,true,66,true
2025-07-15,webinar,healthcare,small,8421.49,Rep 7,Region East,Platform,4.92,false,59,false
2025-05-31,cold_call,manufacturing,small,6505.62,Rep 7,Region South,Platform,12.05,true,82,true
2025-05-06,cold_call,tech,small,5743.78,Rep 6,Region Central,Platform,12.65,false,80,true
2025-10-31,organic,manufacturing,medium,22207.37,Rep 6,Region East,Standalone,13.57,true,75,true
2024-11-09,cold_call,tech,medium,23419.53,Rep 6,Region West,Suite,14.81,false,72,true
2025-09-14,cold_call,tech,enterprise,154598.0,Rep 3,Region South,Standalone,0.0,false,68,true
2024-12-17,referral,healthcare,enterprise,146957.73,Rep 2,Region West,Platform,9.2,true,88,true
2024-05-07,referral,finance,small,10548.39,Rep 1,Region East,Platform,21.57,false,44,false
2025-04-26,referral,retail,medium,18959.01,Rep 4,Region East,Suite,9.78,false,36,false
2025-09-01,referral,healthcare,medium,19785.13,Rep 6,Region East,Standalone,24.55,false,72,true
2024-12-12,referral,retail,large,48861.47,Rep 6,Region West,Platform,11.8,false,86,true
2024-04-05,referral,finance,enterprise,151305.95,Rep 2,Region East,Platform,4.33,false,68,true
2024-04-07,referral,manufacturing,small,9290.83,Rep 6,Region South,Platform,13.95,false,45,false
2024-05-07,referral,retail,small,6576.13,Rep 4,Region East,Platform,19.07,false,44,false
2024-02-27,cold_call,tech,small,8265.87,Rep 7,Region Central,Platform,8.81,true,53,false
2024-12-03,paid,tech,large,54587.24,Rep 2,Region West,Standalone,0.0,false,49,false
2025-04-23,cold_call,healthcare,medium,30664.65,Rep 8,Region East,Platform,5.23,true,58,false
2024-08-22,organic,retail,large,61987.39,Rep 6,Region West,Platform,13.29,true,61,true
2024-04-16,webinar,tech,enterprise,111061.84,Rep 2,Region East,Platform,14.05,false,59,false
2025-09-01,paid,healthcare,small,5729.74,Rep 3,Region East,Platform,0.0,false,38,false
2024-07-07,webinar,tech,large,74863.78,Rep 3,Region South,Platform,0.0,true,60,true
2025-06-12,webinar,tech,small,6473.45,Rep 4,Region East,Platform,6.62,false,73,true
2024-07-02,cold_call,finance,medium,22016.51,Rep 4,Region East,Suite,13.74,false,100,true
2024-05-01,referral,retail,medium,27241.44,Rep 7,Region Central,Platform,21.88,true,92,true
2025-04-19,organic,retail,large,51006.31,Rep 4,Region East,Platform,4.33,false,98,true
2024-06-25,webinar,finance,small,9152.62,Rep 1,Region East,Platform,14.61,false,52,false
2024-04-15,referral,retail,large,49635.03,Rep 6,Region Central,Standalone,19.41,false,72,false
2024-03-16,referral,tech,medium,25159.05,Rep 4,Region East,Platform,21.54,false,88,true
2025-05-27,cold_call,tech,small,8394.74,Rep 2,Region South,Platform,10.59,true,100,true
2024-06-24,webinar,tech,medium,26757.03,Rep 8,Region Central,Platform,29.26,true,42,false
2024-04-08,referral,manufacturing,small,7204.68,Rep 5,Region East,Platform,7.92,false,59,true
2024-12-18,referral,retail,medium,22764.58,Rep 7,Region Central,Platform,32.7,true,80,true
2024-02-05,paid,tech,medium,24143.48,Rep 8,Region West,Platform,6.79,false,88,true
2025-10-18,webinar,healthcare,enterprise,136979.52,Rep 2,Region South,Standalone,7.83,true,100,true
2024-11-01,organic,retail,enterprise,127514.28,Rep 2,Region South,Suite,14.55,true,44,false
2024-09-12,cold_call,tech,small,5746.19,Rep 2,Region East,Platform,3.8,false,63,true
2024-05-07,referral,healthcare,medium,26463.99,Rep 4,Region Central,Standalone,4.97,false,71,true
2024-03-24,cold_call,tech,large,47174.48,Rep 7,Region Central,Platform,14.19,true,73,true
2024-12-21,referral,retail,medium,26542.53,Rep 5,Region West,Standalone,10.02,true,42,false
2024-09-15,referral,finance,medium,30380.0,Rep 6,Region East,Standalone,19.1,true,27,true
2024-12-05,referral,retail,large,76357.87,Rep 6,Region South,Standalone,24.94,false,70,true
2024-09-22,cold_call,retail,small,7058.12,Rep 1,Region West,Platform,0.0,false,69,true
2025-01-07,paid,retail,small,7561.86,Rep 3,Region East,Platform,9.57,false,63,true
2024-01-27,paid,healthcare,large,61280.85,Rep 2,Region South,Standalone,27.59,true,51,false
2025-03-20,referral,manufacturing,medium,20914.72,Rep 2,Region Central,Suite,18.77,false,40,false
2024-05-02,organic,tech,medium,32419.5,Rep 3,Region East,Suite,6.33,false,58,true
2025-08-21,cold_call,retail,enterprise,155934.0,Rep 2,Region East,Platform,15.68,false,63,false
2024-05-26,paid,manufacturing,enterprise,131434.67,Rep 2,Region East,Standalone,13.7,true,62,true
2024-04-30,webinar,finance,small,8188.26,Rep 8,Region East,Platform,17.68,false,32,true
2025-12-03,webinar,healthcare,medium,24650.25,Rep 6,Region Central,Standalone,19.64,false,67,true
2024-02-29,referral,healthcare,medium,23276.14,Rep 4,Region South,Standalone,19.75,false,91,true
2024-02-17,cold_call,retail,large,61926.84,Rep 8,Region West,Standalone,1.66,false,56,false
2024-04-27,paid,retail,medium,23158.61,Rep 1,Region East,Platform,7.8,false,89,true
2025-02-28,organic,finance,medium,23047.65,Rep 8,Region East,Standalone,11.04,false,60,true
2024-01-14,referral,finance,small,5933.98,Rep 3,Region Central,Platform,0.0,false,51,true
2024-04-30,webinar,retail,medium,26804.03,Rep 4,Region East,Standalone,0.0,false,58,false
2025-10-26,organic,finance,enterprise,192368.82,Rep 2,Region East,Suite,4.98,false,33,false
2025-11-15,cold_call,healthcare,small,6534.35,Rep 5,Region East,Suite,10.94,false,51,false
2025-08-31,referral,tech,medium,23548.6,Rep 8,Region East,Suite,9.91,false,50,true
2025-06-03,cold_call,finance,large,64438.89,Rep 8,Region East,Suite,8.93,false,59,false
2025-07-11,webinar,tech,enterprise,152049.79,Rep 2,Region South,Standalone,11.61,false,66,true
2025-05-02,referral,finance,medium,27849.37,Rep 6,Region East,Standalone,10.16,true,50,true
2025-01-03,paid,finance,medium,25904.2,Rep 1,Region East,Standalone,22.37,true,54,false
2024-09-01,paid,tech,medium,26901.74,Rep 2,Region South,Suite,2.83,true,31,false
2025-07-21,webinar,retail,enterprise,152701.6,Rep 2,Region East,Standalone,13.31,true,51,false
2024-08-16,webinar,finance,large,37310.62,Rep 7,Region East,Standalone,14.09,true,45,true
2025-04-15,webinar,finance,small,10479.57,Rep 6,Region East,Platform,12.91,false,8,true
2025-02-25,cold_call,finance,small,10539.5,Rep 7,Region East,Platform,16.63,true,81,true
2024-04-24,referral,manufacturing,large,76724.45,Rep 8,Region South,Standalone,16.35,true,81,true
2024-10-12,webinar,retail,small,5689.87,Rep 5,Region South,Platform,38.93,true,97,true
2024-11-03,paid,healthcare,enterprise,149440.62,Rep 2,Region South,Suite,11.46,false,65,true
2025-09-20,organic,retail,large,82513.06,Rep 5,Region Central,Platform,2.31,false,30,false
2024-01-01,cold_call,manufacturing,medium,21659.33,Rep 3,Region South,Platform,9.45,false,79,true
2025-02-05,cold_call,finance,medium,23893.82,Rep 4,Region East,Platform,14.85,false,31,false
2025-07-27,cold_call,tech,small,7501.71,Rep 5,Region Central,Platform,13.69,false,41,false
2025-07-19,cold_call,retail,small,8452.3,Rep 4,Region South,Platform,14.56,false,70,true
2025-01-25,webinar,healthcare,medium,31157.88,Rep 1,Region South,Platform,5.62,false,42,true
2025-10-03,paid,retail,medium,22365.57,Rep 3,Region South,Platform,6.9,false,59,false
2025-03-14,organic,healthcare,medium,21445.27,Rep 7,Region South,Standalone,11.18,true,76,true
2024-08-28,referral,finance,large,63199.39,Rep 6,Region East,Suite,2.09,false,40,false
2024-08-23,paid,retail,small,6813.05,Rep 3,Region South,Platform,14.24,false,92,true
2025-02-24,referral,manufacturing,medium,28413.45,Rep 8,Region South,Platform,27.51,false,29,true
2025-05-18,organic,tech,large,70486.64,Rep 1,Region West,Standalone,0.0,false,93,true
2025-08-21,referral,healthcare,enterprise,122986.93,Rep 3,Region West,Suite,23.83,false,62,false
2024-04-05,paid,finance,medium,25858.34,Rep 3,Region East,Platform,9.83,false,76,true
2025-05-01,paid,healthcare,medium,22825.18,Rep 2,Region East,Platform,10.22,false,35,false
2024-02-05,organic,finance,small,8624.43,Rep 5,Region East,Platform,17.69,false,83,true
2024-02-21,cold_call,manufacturing,medium,30002.96,Rep 7,Region South,Platform,12.31,false,30,false
2024-06-17,paid,tech,enterprise,145069.15,Rep 2,Region East,Suite,20.59,true,30,false
2024-03-15,cold_call,healthcare,medium,25519.67,Rep 3,Region Central,Standalone,9.48,false,48,false
2025-03-30,webinar,finance,large,40823.06,Rep 8,Region East,Suite,3.49,false,50,false
2024-02-14,referral,tech,large,44483.41,Rep 4,Region West,Standalone,9.37,true,49,false
2025-02-14,cold_call,healthcare,large,79470.36,Rep 8,Region South,Platform,9.35,false,61,false
2025-12-13,organic,tech,small,7696.48,Rep 3,Region Central,Platform,11.58,true,14,false
2025-02-17,referral,manufacturing,small,7095.29,Rep 8,Region East,Platform,27.38,true,14,false
2025-01-07,webinar,tech,medium,29168.76,Rep 1,Region South,Standalone,16.17,false,59,false
2025-12-18,cold_call,tech,medium,27709.77,Rep 4,Region East,Suite,4.33,true,32,false
2025-11-13,referral,retail,enterprise,178474.81,Rep 2,Region East,Platform,21.79,true,68,true
2024-09-23,organic,manufacturing,small,5555.1,Rep 7,Region East,Platform,9.72,false,42,false
2024-04-12,paid,tech,medium,32626.34,Rep 5,Region South,Standalone,3.28,true,75,true
2024-07-04,referral,finance,small,12954.2,Rep 7,Region East,Platform,26.54,true,54,false
2024-10-14,referral,healthcare,medium,18841.46,Rep 8,Region South,Suite,17.16,true,63,true
2025-05-10,referral,tech,small,7507.15,Rep 5,Region Central,Platform,22.83,false,70,true
2024-01-02,referral,tech,medium,22476.47,Rep 1,Region Central,Standalone,3.15,true,55,true
2025-12-01,organic,tech,medium,27603.1,Rep 5,Region West,Standalone,11.54,true,51,false
2024-04-07,organic,retail,enterprise,158003.88,Rep 2,Region West,Platform,10.73,false,74,true
2024-01-29,referral,tech,medium,28862.52,Rep 7,Region Central,Suite,11.04,true,51,false
2025-04-18,webinar,healthcare,medium,26306.94,Rep 8,Region Central,Standalone,20.24,false,64,false
2025-08-02,referral,healthcare,small,7700.06,Rep 5,Region Central,Platform,24.68,false,21,false
2025-09-07,organic,manufacturing,small,3921.09,Rep 2,Region Central,Platform,11.36,false,58,false
2025-05-15,cold_call,retail,small,8082.07,Rep 1,Region East,Platform,3.55,true,42,true
2025-02-27,paid,retail,medium,23898.55,Rep 4,Region East,Platform,0.62,true,69,true
2025-01-28,webinar,manufacturing,medium,22656.6,Rep 3,Region Central,Standalone,0.0,false,95,true
2025-10-31,referral,tech,large,75577.04,Rep 5,Region South,Platform,18.1,true,53,false
2025-06-13,paid,tech,medium,29402.29,Rep 5,Region South,Suite,17.0,false,61,true
2025-02-04,referral,finance,enterprise,177083.79,Rep 8,Region East,Suite,22.46,false,35,true
2025-09-28,paid,manufacturing,medium,19559.7,Rep 5,Region Central,Platform,15.06,false,61,false
2024-08-08,cold_call,tech,small,6758.4,Rep 5,Region South,Platform,23.49,true,57,false
2025-10-03,cold_call,finance,medium,30413.87,Rep 3,Region East,Platform,5.18,true,69,true
2025-11-17,cold_call,finance,small,6162.73,Rep 7,Region East,Platform,8.05,false,67,true
2024-10-12,cold_call,manufacturing,large,67970.02,Rep 6,Region Central,Platform,0.76,false,94,true
2024-10-24,cold_call,tech,medium,28135.73,Rep 1,Region Central,Suite,17.33,true,78,true
2024-04-18,referral,retail,large,61850.36,Rep 3,Region South,Suite,16.43,false,55,false
2025-09-29,webinar,retail,small,8150.39,Rep 1,Region East,Platform,11.55,false,79,true
2024-02-13,cold_call,tech,small,10720.54,Rep 8,Region East,Platform,6.41,false,78,true
2025-06-24,referral,manufacturing,large,57503.4,Rep 5,Region Central,Platform,22.19,false,77,true
2025-01-27,paid,manufacturing,enterprise,149276.57,Rep 2,Region West,Standalone,16.53,false,69,true
2024-12-09,webinar,retail,large,72274.98,Rep 6,Region Central,Platform,6.43,false,92,true
2025-07-16,webinar,retail,medium,23519.81,Rep 4,Region Central,Standalone,0.0,false,56,true
2025-08-17,referral,healthcare,small,9378.65,Rep 7,Region West,Platform,10.99,false,65,true
2024-10-17,cold_call,tech,medium,24773.71,Rep 2,Region Central,Platform,4.26,true,64,true
2025-01-13,organic,healthcare,small,7751.16,Rep 6,Region West,Platform,15.74,false,49,false
2024-05-30,referral,retail,enterprise,142466.92,Rep 2,Region South,Platform,22.4,false,52,false
2025-04-28,cold_call,tech,medium,25334.2,Rep 1,Region South,Suite,11.45,true,67,true
2025-10-22,referral,tech,large,47463.33,Rep 3,Region Central,Standalone,18.47,false,58,false
2024-06-24,organic,manufacturing,enterprise,137213.85,Rep 2,Region West,Platform,15.48,true,58,false
2025-09-17,paid,tech,enterprise,148587.77,Rep 2,Region West,Standalone,7.76,true,72,true
2025-04-22,organic,healthcare,enterprise,92271.13,Rep 2,Region Central,Suite,2.42,false,60,true
2024-11-03,referral,finance,large,75381.31,Rep 7,Region East,Platform,4.58,true,87,true
2024-05-28,referral,retail,enterprise,176379.99,Rep 6,Region East,Suite,3.19,true,98,true
2024-03-23,organic,retail,large,74904.83,Rep 5,Region West,Platform,3.75,false,75,true
2024-09-08,cold_call,manufacturing,enterprise,158810.47,Rep 2,Region South,Standalone,11.99,false,84,true
2024-06-10,paid,healthcare,small,7326.97,Rep 6,Region East,Platform,8.09,true,34,false
2024-12-03,webinar,retail,small,10234.67,Rep 1,Region East,Platform,13.54,false,48,true
2024-05-13,referral,healthcare,medium,28589.63,Rep 5,Region South,Standalone,16.61,false,32,false
2024-05-21,cold_call,finance,medium,26776.11,Rep 2,Region East,Suite,14.38,true,70,true
2024-10-23,organic,manufacturing,medium,25970.59,Rep 4,Region Central,Standalone,11.56,false,48,true
2024-09-12,cold_call,manufacturing,small,9210.29,Rep 1,Region South,Platform,15.06,false,64,false
2025-12-26,organic,tech,enterprise,168490.83,Rep 4,Region West,Platform,13.6,false,45,true
2024-07-11,referral,healthcare,small,9208.61,Rep 1,Region West,Platform,7.51,false,62,true
2025-07-15,referral,finance,small,8414.36,Rep 6,Region Central,Platform,27.68,false,30,false
2025-07-15,paid,retail,small,7101.67,Rep 5,Region South,Platform,2.19,false,72,true
2024-07-19,cold_call,tech,large,53507.42,Rep 4,Region West,Platform,14.3,false,31,true
2024-09-26,referral,retail,medium,24235.73,Rep 8,Region East,Platform,7.89,true,39,false
2025-01-14,referral,healthcare,large,64369.64,Rep 6,Region East,Standalone,4.62,false,59,false
2024-09-19,referral,healthcare,medium,27419.21,Rep 7,Region Central,Suite,16.13,true,72,true
2024-03-24,referral,retail,medium,19258.42,Rep 2,Region East,Suite,0.0,true,31,false
2025-01-25,referral,finance,medium,30541.38,Rep 2,Region East,Platform,11.56,false,55,false
2024-03-24,referral,finance,medium,20762.16,Rep 5,Region East,Platform,23.22,false,48,true
2024-07-12,webinar,healthcare,small,7000.69,Rep 5,Region Central,Platform,3.56,false,71,true
2025-08-20,organic,manufacturing,enterprise,152691.48,Rep 2,Region Central,Standalone,2.45,false,30,false
2025-07-07,referral,healthcare,small,8453.43,Rep 6,Region West,Platform,26.76,true,77,true
2024-07-09,paid,tech,large,46699.54,Rep 6,Region South,Standalone,13.76,true,71,true
2025-10-15,paid,healthcare,small,6549.34,Rep 1,Region South,Platform,6.61,false,56,true
2024-07-08,cold_call,tech,medium,23617.34,Rep 1,Region West,Platform,13.33,true,47,false
2025-11-20,organic,retail,small,8841.58,Rep 4,Region West,Platform,0.88,true,62,false
2024-02-29,referral,finance,small,9154.93,Rep 6,Region East,Platform,16.96,false,53,false
2024-09-28,webinar,finance,small,5973.35,Rep 4,Region East,Platform,10.56,true,30,false
2025-03-15,paid,tech,enterprise,130399.54,Rep 2,Region West,Standalone,5.29,false,50,false
2025-07-22,webinar,healthcare,large,56607.87,Rep 6,Region Central,Suite,2.49,true,32,false
2025-05-14,referral,healthcare,medium,23439.08,Rep 6,Region West,Suite,24.67,false,60,true
2025-06-02,organic,retail,small,6365.15,Rep 8,Region Central,Platform,8.17,true,70,true
2024-12-09,paid,healthcare,medium,24705.95,Rep 5,Region Central,Suite,9.26,false,71,true
2025-11-15,cold_call,retail,large,52642.64,Rep 4,Region West,Suite,9.89,false,100,true
2024-05-18,organic,manufacturing,large,61875.76,Rep 6,Region East,Standalone,7.24,false,78,true
2024-08-09,referral,tech,small,9365.99,Rep 8,Region West,Platform,14.08,false,55,false
2024-12-25,referral,healthcare,medium,36199.26,Rep 7,Region East,Platform,13.92,true,55,true
2024-04-27,cold_call,retail,medium,28263.15,Rep 6,Region West,Platform,17.53,true,21,true
2025-08-26,paid,manufacturing,small,8887.51,Rep 8,Region West,Platform,18.33,false,100,true
2025-05-20,referral,tech,enterprise,156634.2,Rep 7,Region South,Suite,21.42,true,68,true
2025-01-08,cold_call,manufacturing,large,66314.72,Rep 8,Region Central,Standalone,6.0,false,92,true
2025-06-11,paid,tech,enterprise,157412.56,Rep 2,Region East,Standalone,8.86,false,79,true
2024-03-15,cold_call,manufacturing,medium,23236.63,Rep 6,Region Central,Platform,12.54,true,73,true
2024-08-16,referral,manufacturing,large,41431.51,Rep 2,Region Central,Platform,24.41,true,83,true
2025-05-06,organic,retail,large,61889.5,Rep 7,Region Central,Standalone,9.44,false,56,true
2024-11-03,referral,tech,small,7151.66,Rep 2,Region East,Platform,19.78,false,69,true
2025-03-29,paid,retail,small,8123.47,Rep 2,Region Central,Platform,6.54,false,54,false
2024-06-29,paid,healthcare,medium,25592.07,Rep 1,Region West,Standalone,3.41,true,90,false
2025-03-15,cold_call,tech,medium,31271.5,Rep 7,Region West,Suite,15.78,false,40,false
2025-08-01,organic,manufacturing,large,67118.61,Rep 7,Region West,Platform,12.59,false,53,false
2025-03-30,referral,tech,large,73656.07,Rep 8,Region South,Platform,24.56,true,81,true
2024-02-22,referral,tech,small,9544.19,Rep 6,Region South,Platform,29.45,false,100,true
2025-09-28,organic,tech,medium,26097.68,Rep 6,Region East,Platform,0.0,true,62,false
2024-09-14,referral,healthcare,medium,24866.95,Rep 6,Region West,Suite,19.43,false,48,false
2024-09-13,organic,finance,enterprise,157577.3,Rep 2,Region East,Platform,13.01,false,44,false
2025-02-25,referral,retail,medium,24030.61,Rep 5,Region South,Platform,0.83,true,51,true
2024-11-25,cold_call,retail,small,8758.8,Rep 3,Region West,Platform,8.49,true,54,false
2025-01-30,webinar,finance,small,7472.75,Rep 1,Region East,Platform,10.38,true,61,true
2024-07-11,organic,finance,small,9796.34,Rep 7,Region East,Platform,15.84,true,67,true
2025-01-21,organic,retail,large,63039.12,Rep 7,Region East,Standalone,14.13,true,57,false
2025-12-11,referral,manufacturing,small,7543.36,Rep 4,Region East,Platform,20.89,false,74,true
2025-10-24,referral,finance,large,56715.34,Rep 7,Region East,Standalone,9.86,false,80,true
2025-10-07,referral,finance,medium,22926.9,Rep 2,Region East,Suite,19.56,false,70,true
2024-06-01,referral,healthcare,small,7623.02,Rep 2,Region Central,Platform,2.73,false,41,true
2024-05-21,referral,retail,medium,28685.67,Rep 8,Region East,Suite,9.09,true,24,true
2024-03-04,organic,tech,small,6500.19,Rep 3,Region South,Platform,8.18,true,47,false
2025-06-28,paid,finance,small,5417.13,Rep 7,Region East,Platform,29.73,false,53,false
2024-08-06,referral,healthcare,medium,25893.73,Rep 7,Region South,Suite,22.0,false,90,true
2025-12-17,referral,retail,small,7129.33,Rep 8,Region East,Platform,16.24,true,8,false
2025-01-30,referral,retail,medium,27137.22,Rep 6,Region Central,Standalone,19.64,false,34,false
2024-12-09,cold_call,healthcare,large,63403.22,Rep 6,Region West,Standalone,7.47,true,91,true
2024-12-25,referral,tech,large,75077.31,Rep 7,Region East,Platform,18.73,false,74,true
2024-07-26,webinar,retail,medium,26526.68,Rep 3,Region Central,Platform,14.79,false,51,true
2024-05-16,organic,tech,medium,20106.01,Rep 2,Region South,Suite,12.95,false,29,false
2025-07-19,organic,tech,medium,24326.13,Rep 2,Region West,Platform,12.6,false,78,true
2025-09-27,referral,finance,large,62534.33,Rep 3,Region East,Standalone,21.24,false,22,true
2025-03-08,webinar,manufacturing,medium,27434.61,Rep 5,Region South,Standalone,12.52,false,35,false
2025-10-28,paid,retail,small,7570.99,Rep 6,Region Central,Platform,0.0,false,81,true
2025-06-20,referral,finance,small,10576.05,Rep 6,Region East,Platform,14.55,false,51,false
2025-02-10,organic,retail,enterprise,159646.36,Rep 2,Region Central,Platform,4.52,false,76,true
2024-06-09,referral,healthcare,large,60800.28,Rep 4,Region South,Suite,1.92,true,90,true
2025-12-11,organic,finance,small,8428.16,Rep 5,Region East,Platform,10.9,true,48,false
2025-06-13,cold_call,healthcare,small,8799.79,Rep 5,Region East,Platform,1.4,false,45,false
2025-05-10,referral,healthcare,medium,19573.77,Rep 8,Region East,Standalone,19.63,false,58,false
2024-08-07,cold_call,healthcare,medium,25526.48,Rep 7,Region Central,Standalone,3.08,false,43,true
2024-04-23,webinar,tech,medium,20465.01,Rep 2,Region East,Suite,6.61,false,80,true
2025-06-15,webinar,healthcare,large,68641.17,Rep 7,Region West,Platform,14.36,false,51,true
2025-06-04,webinar,tech,medium,22994.12,Rep 7,Region Central,Suite,14.36,false,64,false
2025-08-05,organic,tech,enterprise,159264.73,Rep 2,Region Central,Platform,4.04,false,51,false
2025-04-22,webinar,manufacturing,small,9187.45,Rep 3,Region Central,Platform,10.49,false,59,false
2025-12-16,paid,healthcare,small,8827.85,Rep 2,Region Central,Platform,4.3,false,49,false
2024-12-29,paid,retail,medium,33000.52,Rep 2,Region Central,Standalone,12.29,true,13,false
2024-09-24,paid,manufacturing,medium,27690.27,Rep 4,Region South,Suite,14.1,false,79,true
2024-10-13,referral,tech,medium,27974.58,Rep 8,Region East,Standalone,19.86,true,19,false
2025-12-05,paid,retail,medium,27576.34,Rep 1,Region South,Platform,24.22,false,60,false
2025-02-24,organic,tech,large,68432.62,Rep 4,Region Central,Standalone,16.52,false,42,true
2024-10-26,referral,tech,large,62735.04,Rep 8,Region Central,Standalone,19.84,false,41,true
2024-03-22,referral,manufacturing,small,6460.96,Rep 4,Region South,Platform,27.98,false,51,true
2024-11-09,referral,manufacturing,medium,24707.26,Rep 2,Region East,Suite,23.56,false,56,false
2025-05-21,webinar,tech,medium,22895.25,Rep 5,Region South,Platform,7.09,false,72,true
2025-06-04,cold_call,retail,small,8551.82,Rep 4,Region Central,Platform,5.33,false,39,false
2025-09-24,webinar,healthcare,medium,27404.65,Rep 7,Region West,Standalone,11.67,false,75,true
2024-11-09,referral,retail,enterprise,106956.06,Rep 1,Region South,Standalone,16.93,false,48,false
2025-01-29,cold_call,finance,small,9061.82,Rep 4,Region East,Platform,9.47,true,83,true
2025-07-13,referral,healthcare,small,7982.29,Rep 1,Region Central,Platform,23.0,false,36,false
2024-07-16,paid,manufacturing,large,70359.61,Rep 1,Region Central,Platform,21.25,true,33,false
2024-05-21,paid,retail,large,62832.85,Rep 5,Region West,Suite,7.14,false,68,true
2025-08-29,cold_call,retail,small,4303.84,Rep 6,Region South,Platform,0.0,false,41,true
2024-07-03,referral,manufacturing,enterprise,151222.07,Rep 2,Region South,Platform,18.36,true,64,false
2025-03-02,paid,tech,medium,24914.57,Rep 5,Region West,Platform,10.75,false,55,true
2024-11-21,paid,manufacturing,medium,27389.2,Rep 1,Region Central,Suite,9.83,true,86,true
2025-05-06,cold_call,healthcare,small,5111.25,Rep 3,Region East,Platform,0.0,false,39,false
2025-03-28,webinar,retail,large,41321.48,Rep 5,Region Central,Platform,5.42,false,43,false
2025-05-21,cold_call,healthcare,small,9711.76,Rep 6,Region West,Platform,9.81,false,38,false
2025-07-17,paid,tech,small,5829.21,Rep 6,Region West,Platform,4.89,true,70,true
2025-07-11,cold_call,finance,small,8876.14,Rep 1,Region East,Platform,4.84,true,69,true
2025-01-31,referral,finance,medium,25589.44,Rep 6,Region East,Platform,20.64,false,47,false
2025-12-20,cold_call,retail,small,6946.91,Rep 1,Region East,Platform,4.44,false,64,false
2025-07-08,paid,manufacturing,medium,19951.99,Rep 1,Region East,Standalone,3.11,true,64,false
2024-08-23,cold_call,manufacturing,small,7188.31,Rep 7,Region South,Platform,6.43,false,63,false
2025-11-11,paid,retail,enterprise,163352.41,Rep 2,Region West,Suite,6.38,false,53,true
2024-08-28,referral,manufacturing,large,66429.97,Rep 6,Region East,Standalone,0.0,false,57,false
2024-02-17,referral,finance,large,51679.29,Rep 6,Region East,Standalone,24.61,true,73,true
2025-03-24,cold_call,finance,small,4731.83,Rep 7,Region East,Platform,5.47,false,33,true
2025-01-12,webinar,retail,medium,26439.07,Rep 1,Region South,Platform,2.99,false,45,true
2025-11-08,referral,tech,large,58771.29,Rep 6,Region South,Suite,19.11,true,32,false
2024-09-22,organic,finance,large,55536.91,Rep 2,Region East,Platform,5.94,true,75,true
2024-07-04,webinar,healthcare,medium,21018.88,Rep 1,Region Central,Standalone,7.82,true,35,true
2025-07-12,webinar,tech,enterprise,185811.49,Rep 2,Region East,Suite,0.0,false,54,true
2025-04-04,organic,finance,medium,19687.26,Rep 1,Region East,Suite,15.41,false,56,false
2025-03-20,cold_call,healthcare,medium,29849.58,Rep 7,Region East,Standalone,13.45,false,38,false
2024-08-26,referral,manufacturing,large,44555.04,Rep 7,Region West,Platform,9.2,false,70,true
2025-03-31,referral,healthcare,medium,28954.27,Rep 4,Region Central,Platform,17.99,false,58,false
2025-07-13,cold_call,tech,medium,27632.51,Rep 3,Region Central,Standalone,5.93,false,1,false
2024-05-24,webinar,healthcare,large,81023.28,Rep 3,Region East,Standalone,17.93,false,51,false
2025-07-11,organic,retail,small,7889.94,Rep 8,Region West,Platform,15.27,true,32,false
2025-12-28,organic,healthcare,medium,25190.92,Rep 7,Region West,Standalone,12.64,true,17,false
2024-04-19,organic,tech,small,8122.78,Rep 6,Region West,Platform,8.43,false,57,false
2024-06-30,organic,retail,enterprise,171046.38,Rep 2,Region East,Platform,17.92,false,9,false
2025-09-16,referral,tech,medium,20203.73,Rep 4,Region West,Suite,18.14,true,61,true
2024-07-06,cold_call,retail,medium,27115.14,Rep 8,Region West,Platform,11.6,true,57,true
2025-12-24,webinar,healthcare,medium,23467.88,Rep 5,Region South,Suite,15.42,true,96,true
2025-09-24,referral,manufacturing,large,78979.84,Rep 8,Region East,Platform,12.54,false,74,true
2025-07-25,webinar,tech,small,8788.71,Rep 3,Region West,Platform,15.08,true,48,false
2025-12-05,referral,retail,small,6880.88,Rep 6,Region West,Platform,6.3,false,50,false
2025-12-29,referral,manufacturing,small,10660.3,Rep 8,Region Central,Platform,9.37,true,73,true
2024-05-08,webinar,manufacturing,small,7481.21,Rep 8,Region Central,Platform,5.2,false,52,false
2025-03-24,webinar,manufacturing,medium,27598.48,Rep 2,Region East,Suite,10.54,false,49,false
2025-05-05,referral,finance,small,7329.38,Rep 4,Region East,Platform,29.89,false,77,true
2024-07-25,organic,retail,medium,26593.97,Rep 1,Region West,Platform,0.0,true,27,true
2024-06-07,paid,tech,medium,21790.06,Rep 2,Region Central,Platform,13.69,false,52,true
2025-09-17,cold_call,tech,small,10842.29,Rep 6,Region East,Platform,11.48,false,50,true
2024-07-08,cold_call,tech,small,8293.04,Rep 3,Region East,Platform,5.94,true,83,true
2024-10-18,cold_call,tech,small,7427.6,Rep 8,Region East,Platform,1.73,false,70,true
2024-03-26,cold_call,healthcare,large,62445.24,Rep 6,Region West,Suite,13.69,true,31,false
2024-04-01,cold_call,healthcare,small,5800.41,Rep 4,Region South,Platform,1.46,false,100,true
2024-07-16,referral,manufacturing,medium,28030.25,Rep 2,Region South,Platform,0.0,false,61,false
2024-07-16,referral,manufacturing,small,10079.21,Rep 4,Region Central,Platform,4.69,false,75,false
2024-10-31,referral,finance,large,64148.67,Rep 4,Region East,Platform,8.03,true,100,false
2024-12-22,webinar,tech,medium,25456.69,Rep 1,Region Central,Suite,13.75,false,48,false
2025-04-25,referral,manufacturing,small,8176.32,Rep 7,Region West,Platform,8.36,false,61,true
2025-11-25,cold_call,manufacturing,medium,28324.0,Rep 1,Region West,Suite,1.58,true,46,false
2024-11-04,webinar,tech,large,61671.75,Rep 5,Region East,Platform,2.72,false,48,true
2025-03-26,referral,manufacturing,small,6808.17,Rep 2,Region Central,Platform,11.43,false,51,false
2024-10-06,paid,finance,small,7536.35,Rep 8,Region East,Platform,16.72,true,20,true
2025-12-08,paid,retail,enterprise,152831.8,Rep 2,Region Central,Standalone,12.56,true,60,true
2025-10-04,referral,manufacturing,medium,26325.85,Rep 8,Region Central,Standalone,19.06,false,54,true
2024-11-23,cold_call,retail,medium,26453.02,Rep 8,Region East,Suite,5.27,false,100,true
2025-11-27,referral,finance,large,57927.96,Rep 8,Region East,Standalone,20.29,false,67,true
2025-07-04,cold_call,tech,enterprise,150230.76,Rep 2,Region East,Platform,14.78,true,100,true
2025-08-08,referral,manufacturing,medium,25857.9,Rep 1,Region West,Platform,20.55,false,89,true
2025-09-13,referral,tech,medium,21291.26,Rep 7,Region West,Suite,20.9,false,94,true
2024-07-11,webinar,healthcare,medium,27350.41,Rep 6,Region East,Platform,9.2,false,71,true
2024-09-21,referral,finance,small,9063.14,Rep 7,Region East,Platform,18.7,true,37,true
2025-10-24,organic,finance,small,6779.8,Rep 2,Region East,Platform,12.48,false,66,true
2024-04-16,referral,manufacturing,medium,31091.07,Rep 2,Region West,Platform,5.87,false,40,false
2024-01-19,referral,healthcare,small,8925.81,Rep 4,Region West,Platform,25.97,false,40,false
2025-05-09,referral,manufacturing,medium,33079.26,Rep 6,Region East,Standalone,20.99,false,57,true
2025-06-21,organic,manufacturing,medium,23180.33,Rep 3,Region Central,Standalone,10.27,false,48,true
2025-04-25,referral,healthcare,medium,20856.73,Rep 1,Region East,Standalone,19.95,false,70,true
2025-01-13,webinar,tech,enterprise,121487.4,Rep 7,Region West,Standalone,13.74,true,60,false
2024-04-15,webinar,healthcare,large,63762.4,Rep 2,Region Central,Suite,7.65,false,51,false
2024-03-20,cold_call,manufacturing,small,8551.53,Rep 3,Region Central,Platform,11.28,false,32,true
2025-11-05,cold_call,finance,medium,22069.12,Rep 8,Region East,Platform,9.1,true,79,true
2025-02-20,webinar,healthcare,small,6874.45,Rep 8,Region Central,Platform,5.77,true,34,true
2024-07-15,referral,finance,small,5102.14,Rep 1,Region East,Platform,1.23,false,58,false
2025-06-13,referral,tech,enterprise,118547.76,Rep 2,Region South,Platform,20.15,false,82,true
2024-04-20,referral,retail,small,6784.15,Rep 5,Region West,Standalone,2.08,true,20,true
2024-06-13,cold_call,healthcare,medium,28577.82,Rep 6,Region West,Standalone,3.12,false,47,true
2024-08-01,webinar,manufacturing,small,8465.55,Rep 2,Region West,Platform,4.54,false,80,true
2024-05-17,organic,tech,small,5810.21,Rep 7,Region South,Platform,1.27,true,71,true
2024-06-19,referral,retail,medium,22584.51,Rep 6,Region Central,Platform,14.35,false,63,false
2024-10-08,referral,manufacturing,medium,32555.08,Rep 1,Region West,Platform,11.91,false,46,false
2025-08-10,paid,healthcare,large,35261.14,Rep 6,Region East,Suite,9.9,false,39,true
2024-11-12,cold_call,retail,medium,32785.39,Rep 8,Region West,Suite,12.95,false,54,true
2024-08-02,cold_call,healthcare,small,9182.41,Rep 5,Region Central,Platform,8.34,false,47,true
2025-03-27,cold_call,tech,small,9202.93,Rep 6,Region West,Platform,14.46,false,60,false
2025-01-29,referral,tech,small,13024.8,Rep 2,Region West,Suite,28.92,false,52,false
2025-06-20,cold_call,healthcare,small,6492.3,Rep 6,Region East,Platform,13.18,true,100,true
2024-01-16,referral,manufacturing,medium,20881.5,Rep 4,Region East,Standalone,12.81,false,61,true
2025-05-19,referral,tech,small,10424.78,Rep 5,Region Central,Platform,21.41,false,28,false
2025-12-15,webinar,healthcare,large,79850.37,Rep 6,Region West,Platform,0.0,false,19,false
2024-03-14,referral,finance,medium,29378.57,Rep 3,Region East,Platform,18.6,false,54,true
2024-04-07,referral,tech,enterprise,172892.29,Rep 2,Region Central,Suite,23.35,true,47,true
2025-06-10,referral,finance,small,8755.91,Rep 3,Region East,Platform,21.19,false,75,true
2024-08-17,organic,finance,enterprise,143250.03,Rep 8,Region East,Standalone,15.75,true,56,true
2025-11-23,webinar,tech,small,6342.78,Rep 2,Region Central,Platform,10.85,false,52,false
2024-06-05,webinar,finance,enterprise,136263.51,Rep 7,Region East,Standalone,0.0,false,64,false
2025-02-13,cold_call,retail,medium,24898.98,Rep 7,Region East,Suite,14.97,true,47,false
2025-07-29,organic,retail,small,7524.51,Rep 7,Region South,Platform,11.63,false,75,true
2024-05-16,webinar,healthcare,small,5847.24,Rep 1,Region South,Platform,19.08,false,48,false
2025-03-01,referral,tech,enterprise,104251.7,Rep 3,Region West,Suite,23.1,true,75,true
2025-10-16,organic,healthcare,small,9056.53,Rep 1,Region East,Platform,13.06,true,59,true
2024-10-17,referral,healthcare,small,7213.64,Rep 4,Region Central,Platform,0.0,false,86,true
2024-01-31,cold_call,manufacturing,medium,26207.52,Rep 1,Region Central,Platform,15.19,true,69,true
2024-09-14,referral,manufacturing,medium,22752.8,Rep 7,Region South,Platform,2.29,false,61,false
2025-10-27,cold_call,tech,medium,20401.37,Rep 4,Region East,Platform,13.55,false,51,false
2025-03-19,cold_call,tech,enterprise,135130.31,Rep 2,Region East,Suite,10.64,false,15,true
2025-02-27,referral,finance,enterprise,157337.26,Rep 5,Region East,Standalone,30.52,false,65,true
2025-01-08,paid,tech,small,9018.8,Rep 4,Region Central,Platform,13.99,false,28,false
2024-02-06,referral,healthcare,small,4464.58,Rep 5,Region South,Platform,10.44,true,63,true
2024-02-10,referral,retail,large,64089.24,Rep 8,Region East,Standalone,20.37,true,85,true
2025-09-14,referral,manufacturing,medium,19777.16,Rep 7,Region South,Suite,18.63,true,42,false
2025-02-11,webinar,healthcare,medium,25649.65,Rep 3,Region East,Standalone,10.45,false,69,true
2025-09-23,referral,tech,small,7042.24,Rep 4,Region West,Platform,19.8,false,26,false
2024-12-19,cold_call,finance,medium,23722.08,Rep 4,Region East,Platform,16.73,false,54,true
2025-01-18,referral,manufacturing,small,8018.99,Rep 2,Region Central,Platform,33.65,false,70,true
2025-08-05,referral,tech,medium,16748.6,Rep 5,Region West,Platform,18.68,true,60,false
2024-02-15,paid,retail,medium,24141.71,Rep 8,Region South,Standalone,15.03,true,46,false
2024-08-08,paid,retail,small,9818.66,Rep 2,Region Central,Platform,16.88,false,92,true
2025-08-23,referral,manufacturing,medium,23199.5,Rep 7,Region West,Platform,24.64,false,40,false
2025-01-18,cold_call,tech,enterprise,105139.76,Rep 2,Region Central,Standalone,17.86,true,10,true
2025-05-22,cold_call,finance,medium,25546.53,Rep 6,Region East,Suite,19.44,false,86,true
2025-05-17,organic,tech,large,48680.57,Rep 7,Region West,Standalone,20.97,true,67,true
2024-05-12,paid,healthcare,large,49735.75,Rep 1,Region Central,Suite,13.26,false,51,true
2024-07-26,cold_call,healthcare,small,8705.06,Rep 8,Region West,Platform,9.13,false,66,true
2024-12-31,organic,tech,large,73209.39,Rep 1,Region Central,Standalone,13.87,false,62,false
2025-08-29,referral,healthcare,small,6776.15,Rep 2,Region West,Platform,19.58,false,58,true
2025-06-10,cold_call,finance,enterprise,170236.36,Rep 2,Region East,Platform,11.85,true,81,true
2025-12-29,referral,finance,enterprise,132748.11,Rep 2,Region East,Suite,9.41,false,77,true
2024-09-06,cold_call,tech,large,62283.11,Rep 6,Region Central,Standalone,7.53,false,83,false
2024-11-27,referral,healthcare,medium,32241.97,Rep 6,Region West,Suite,20.57,false,71,true
2025-09-16,referral,finance,large,55388.73,Rep 8,Region East,Platform,25.94,true,74,true
2024-07-12,referral,healthcare,medium,20455.33,Rep 8,Region Central,Platform,19.44,true,65,true
2024-03-18,cold_call,retail,medium,23810.72,Rep 6,Region West,Suite,8.45,false,99,true
2024-12-22,referral,retail,small,9888.91,Rep 4,Region West,Platform,29.6,false,61,false
2025-04-27,referral,tech,large,63043.15,Rep 8,Region East,Suite,24.17,false,57,true
2025-06-08,cold_call,tech,medium,19764.68,Rep 2,Region Central,Standalone,24.46,true,90,true
2025-09-20,organic,retail,medium,22390.37,Rep 4,Region South,Suite,3.81,false,68,true
2024-01-11,organic,healthcare,small,8834.58,Rep 6,Region South,Suite,22.9,false,56,true
2025-08-16,referral,finance,enterprise,143936.02,Rep 2,Region East,Standalone,18.43,false,46,false
2025-04-17,paid,finance,enterprise,137874.09,Rep 2,Region West,Standalone,8.39,false,100,true
2025-10-08,cold_call,healthcare,large,57328.88,Rep 3,Region Central,Platform,15.03,true,100,true
2024-07-02,organic,healthcare,small,9552.84,Rep 7,Region East,Platform,10.55,true,54,false
2024-08-04,paid,retail,enterprise,126849.69,Rep 2,Region East,Suite,6.28,true,32,false
2024-05-06,paid,retail,large,48924.4,Rep 7,Region East,Platform,15.7,true,72,true
2025-10-16,paid,healthcare,large,79969.36,Rep 3,Region East,Platform,15.73,false,66,true
2024-09-12,referral,tech,small,8473.25,Rep 5,Region Central,Platform,7.86,true,60,false
2025-03-30,webinar,manufacturing,medium,26217.91,Rep 7,Region East,Standalone,9.41,false,83,true
2025-01-11,paid,finance,small,5335.41,Rep 5,Region East,Platform,13.82,true,64,false
2024-03-24,referral,finance,medium,22859.01,Rep 4,Region East,Standalone,18.83,false,62,false
2025-10-01,referral,manufacturing,large,62482.12,Rep 8,Region South,Suite,23.32,false,93,true
2024-08-26,cold_call,tech,small,8711.71,Rep 7,Region West,Platform,4.43,true,29,true
2024-11-25,referral,retail,small,8606.66,Rep 3,Region East,Platform,33.23,true,59,true
2025-03-11,paid,manufacturing,small,8394.21,Rep 4,Region South,Platform,0.0,true,36,false
2025-08-09,paid,finance,small,11843.71,Rep 1,Region East,Platform,12.8,false,67,true
2024-02-08,paid,manufacturing,enterprise,169716.52,Rep 2,Region South,Platform,13.38,false,64,true
2025-01-28,referral,tech,large,70533.63,Rep 3,Region South,Standalone,15.38,false,22,false
2024-03-07,paid,retail,medium,22839.5,Rep 1,Region Central,Platform,14.15,false,70,true
2025-02-09,cold_call,healthcare,enterprise,157129.28,Rep 2,Region West,Standalone,15.64,true,68,true
2025-12-30,referral,healthcare,medium,24111.19,Rep 1,Region West,Standalone,7.17,true,78,true
2025-12-01,webinar,healthcare,small,7898.19,Rep 4,Region East,Platform,9.6,false,91,true
2025-10-31,referral,retail,medium,20043.19,Rep 7,Region East,Suite,4.78,true,47,true
2025-12-24,organic,tech,small,7897.56,Rep 8,Region Central,Platform,6.71,true,47,false
2024-08-01,referral,retail,small,5167.09,Rep 3,Region West,Platform,17.19,false,33,true
2025-03-29,referral,retail,large,51618.18,Rep 1,Region East,Standalone,18.9,false,3,false
2024-07-18,referral,retail,medium,24459.74,Rep 4,Region East,Suite,6.67,false,75,true
2024-08-23,organic,finance,small,6568.5,Rep 4,Region East,Platform,6.06,true,66,true
2024-11-17,referral,tech,small,6989.16,Rep 7,Region East,Platform,6.07,false,82,true
2024-01-28,webinar,manufacturing,medium,27069.04,Rep 6,Region West,Standalone,5.68,true,33,true
2025-01-18,cold_call,manufacturing,large,50846.92,Rep 3,Region West,Standalone,20.93,false,86,true
2024-05-04,cold_call,tech,enterprise,118180.24,Rep 2,Region South,Standalone,9.78,true,75,true
2025-11-08,referral,tech,small,7894.91,Rep 7,Region Central,Platform,7.85,true,79,true
2025-03-01,webinar,tech,small,7129.66,Rep 2,Region West,Platform,8.21,true,45,false
2025-08-27,organic,finance,medium,36686.03,Rep 3,Region East,Suite,16.28,false,35,false
2024-12-04,paid,manufacturing,medium,24192.87,Rep 1,Region Central,Suite,2.62,false,55,true
2024-08-21,referral,healthcare,large,37199.36,Rep 3,Region East,Platform,16.39,false,63,false
2025-12-04,organic,tech,small,9056.11,Rep 5,Region South,Platform,14.34,false,47,true
2025-05-28,referral,finance,medium,22840.94,Rep 7,Region East,Platform,25.02,true,76,true
2024-09-21,paid,tech,large,71151.17,Rep 2,Region South,Platform,9.61,true,53,false
2025-06-11,paid,retail,large,53983.38,Rep 7,Region West,Platform,8.47,false,87,true
2024-05-30,referral,manufacturing,medium,26833.17,Rep 5,Region West,Standalone,19.17,false,64,false
2024-11-08,organic,finance,large,57272.66,Rep 4,Region East,Standalone,1.31,false,20,false
2024-08-31,referral,retail,medium,25589.01,Rep 4,Region South,Suite,19.51,false,70,true
2024-07-16,cold_call,tech,large,75121.46,Rep 5,Region West,Platform,7.1,false,41,false
2024-09-06,webinar,tech,large,42640.1,Rep 3,Region South,Platform,18.16,false,100,true
2025-02-15,cold_call,retail,small,7996.8,Rep 2,Region West,Platform,10.33,false,59,true
2024-09-17,organic,healthcare,small,6621.34,Rep 8,Region South,Platform,2.05,true,69,true
2024-06-18,organic,retail,medium,30345.81,Rep 1,Region East,Platform,18.72,true,32,false
2024-10-02,webinar,manufacturing,large,75415.18,Rep 5,Region East,Platform,20.75,false,18,false
2024-08-30,webinar,retail,medium,32419.19,Rep 2,Region Central,Suite,8.75,true,70,true
2025-05-27,organic,healthcare,small,7775.33,Rep 4,Region East,Platform,11.69,true,56,true
2025-12-07,cold_call,finance,large,69892.77,Rep 3,Region East,Platform,15.18,true,95,true
2024-05-15,cold_call,retail,small,9690.25,Rep 5,Region East,Platform,14.16,false,55,false
2025-07-12,referral,retail,small,6801.41,Rep 3,Region East,Platform,21.07,false,82,true
2024-01-19,cold_call,healthcare,enterprise,112069.18,Rep 4,Region West,Platform,9.92,false,54,false
2025-04-16,referral,manufacturing,small,8280.11,Rep 2,Region South,Platform,14.94,true,64,false
2025-04-07,webinar,finance,medium,24737.73,Rep 7,Region East,Suite,3.3,false,62,true
2025-10-30,webinar,finance,large,56176.64,Rep 8,Region East,Platform,26.97,true,77,true
2024-05-30,paid,tech,small,7587.32,Rep 7,Region Central,Platform,8.57,true,57,false
2024-12-19,webinar,healthcare,enterprise,162733.48,Rep 2,Region Central,Platform,14.66,false,70,true
2024-08-12,cold_call,finance,enterprise,154092.36,Rep 2,Region East,Suite,1.28,false,41,false
2024-12-11,paid,finance,large,62015.36,Rep 2,Region East,Platform,13.74,false,45,true
2024-05-06,webinar,tech,small,5093.86,Rep 1,Region East,Platform,0.44,false,56,false
2024-12-10,paid,tech,medium,29163.45,Rep 1,Region West,Standalone,6.25,false,66,true
2025-09-25,referral,tech,enterprise,140977.96,Rep 2,Region South,Platform,22.27,true,87,true
2024-04-08,paid,manufacturing,large,40214.74,Rep 8,Region South,Suite,6.97,false,76,true
2025-04-19,referral,manufacturing,small,5999.76,Rep 3,Region Central,Platform,25.41,true,60,false
2024-12-28,organic,retail,small,8163.17,Rep 4,Region South,Platform,17.66,false,56,false
2024-11-06,referral,retail,small,7435.22,Rep 3,Region West,Platform,22.05,false,84,true
2025-07-15,webinar,tech,medium,25568.5,Rep 8,Region East,Platform,18.84,true,68,true
2025-04-17,cold_call,finance,large,88981.44,Rep 6,Region East,Suite,13.91,true,46,false
2024-03-23,cold_call,healthcare,small,7310.34,Rep 7,Region West,Platform,6.9,true,82,true
2025-08-16,referral,retail,medium,20101.89,Rep 4,Region West,Platform,0.0,false,56,false
2024-05-28,referral,retail,small,9384.33,Rep 8,Region East,Platform,2.47,false,45,true
2025-12-24,referral,manufacturing,medium,17767.01,Rep 3,Region West,Standalone,12.8,true,63,false
2024-01-12,cold_call,manufacturing,medium,30092.47,Rep 6,Region South,Suite,21.21,true,59,true
2024-10-10,paid,manufacturing,medium,30131.81,Rep 8,Region West,Suite,14.2,true,65,true
2024-10-08,organic,healthcare,small,8805.32,Rep 7,Region Central,Platform,16.59,false,49,false
2024-02-25,referral,retail,small,7251.75,Rep 7,Region South,Platform,19.77,false,38,true
2025-12-01,organic,tech,medium,34459.92,Rep 4,Region South,Suite,8.88,false,42,true
2024-11-10,referral,tech,small,8292.8,Rep 6,Region Central,Platform,18.11,true,53,true
2024-01-21,cold_call,healthcare,small,7340.62,Rep 4,Region West,Platform,19.59,true,45,false
2024-06-09,webinar,retail,small,7593.59,Rep 5,Region East,Platform,0.0,false,100,true
2025-12-04,webinar,healthcare,medium,20462.43,Rep 1,Region East,Platform,8.57,false,59,false
2024-03-03,referral,tech,small,7802.52,Rep 5,Region East,Platform,19.55,false,20,false
2024-03-14,referral,healthcare,small,7696.42,Rep 5,Region South,Platform,29.61,false,100,true
2025-12-28,referral,retail,large,37975.9,Rep 2,Region South,Standalone,21.93,true,0,true
2025-05-26,referral,healthcare,small,10251.87,Rep 8,Region Central,Platform,13.04,false,61,true
2024-03-17,organic,finance,medium,27774.51,Rep 2,Region East,Standalone,2.71,false,71,true
2025-10-16,paid,manufacturing,small,7040.39,Rep 8,Region West,Platform,10.72,false,47,false
2025-06-10,organic,healthcare,small,6007.37,Rep 5,Region Central,Platform,16.58,false,50,true
2024-03-13,webinar,healthcare,small,5555.59,Rep 5,Region Central,Platform,0.0,false,54,true
2025-05-15,organic,manufacturing,large,76470.05,Rep 4,Region Central,Platform,23.11,false,100,true
2025-01-16,referral,finance,small,8463.77,Rep 1,Region East,Platform,21.26,false,62,false
2025-07-02,referral,retail,medium,29719.63,Rep 6,Region East,Standalone,1.55,true,28,true
2024-01-05,cold_call,retail,medium,29743.12,Rep 3,Region West,Standalone,11.42,false,59,false
2024-01-08,organic,manufacturing,medium,28372.44,Rep 4,Region West,Standalone,8.11,true,71,true
2025-03-09,paid,healthcare,small,9743.04,Rep 6,Region Central,Platform,16.08,false,24,false
2024-11-03,organic,finance,small,9734.62,Rep 8,Region East,Platform,17.07,false,92,true
2025-01-24,referral,retail,large,58059.57,Rep 5,Region Central,Platform,22.87,false,50,true
2024-02-09,referral,finance,large,50206.82,Rep 2,Region East,Suite,21.52,true,60,false
2025-09-23,organic,tech,enterprise,150600.35,Rep 2,Region Central,Platform,17.19,false,64,true
2024-06-14,referral,healthcare,medium,28370.72,Rep 2,Region Central,Platform,10.25,false,71,true
2025-04-02,cold_call,finance,small,7469.27,Rep 6,Region East,Platform,9.16,false,74,true
2025-11-20,webinar,manufacturing,medium,30215.51,Rep 8,Region West,Standalone,14.08,false,100,true
2024-03-21,referral,tech,large,35473.36,Rep 5,Region South,Platform,17.47,false,76,true
2025-02-28,organic,retail,medium,23667.11,Rep 5,Region Central,Suite,11.04,true,48,false
2025-09-22,organic,retail,enterprise,201891.82,Rep 2,Region South,Platform,8.05,true,41,false
2024-05-02,referral,tech,enterprise,166249.74,Rep 4,Region South,Standalone,17.14,true,40,true
2025-11-19,cold_call,manufacturing,small,7824.53,Rep 3,Region East,Platform,16.11,true,48,false
2025-05-06,cold_call,healthcare,medium,26317.56,Rep 8,Region East,Standalone,0.0,false,81,true
2025-10-19,referral,finance,small,8834.07,Rep 7,Region East,Platform,21.55,false,27,false
2024-04-19,referral,retail,medium,27277.57,Rep 5,Region East,Standalone,22.06,false,64,false
2024-06-15,organic,healthcare,small,8236.16,Rep 6,Region East,Platform,13.23,false,55,false
2024-07-02,referral,healthcare,small,9848.63,Rep 2,Region Central,Platform,2.68,true,81,true
2024-08-18,cold_call,healthcare,medium,27928.84,Rep 2,Region Central,Suite,2.28,true,17,true
2024-07-04,referral,retail,large,79248.76,Rep 4,Region Central,Suite,24.02,false,52,false
2025-12-06,cold_call,finance,small,7431.67,Rep 4,Region East,Platform,16.01,false,60,false
2025-07-19,webinar,finance,enterprise,115788.19,Rep 2,Region East,Standalone,11.95,false,61,false
2024-02-25,organic,tech,small,7321.51,Rep 7,Region Central,Platform,0.0,true,36,false
2024-01-24,webinar,tech,medium,22789.81,Rep 3,Region East,Suite,11.55,false,65,true
2025-03-23,referral,tech,medium,12003.7,Rep 7,Region Central,Platform,4.01,false,62,false
2024-03-04,webinar,retail,medium,21633.41,Rep 6,Region West,Standalone,15.71,true,87,true
2025-12-13,cold_call,finance,small,9380.46,Rep 4,Region East,Platform,12.43,false,54,false
2025-08-19,webinar,manufacturing,small,6178.87,Rep 5,Region East,Platform,2.85,false,75,true
2025-02-20,referral,manufacturing,enterprise,176048.82,Rep 2,Region East,Platform,34.88,false,60,false
2025-09-22,referral,tech,small,6723.13,Rep 1,Region West,Platform,19.89,false,46,false
2025-10-15,referral,healthcare,small,7814.82,Rep 1,Region West,Platform,14.45,true,53,true
2025-08-23,webinar,tech,large,59534.33,Rep 7,Region Central,Standalone,3.07,false,86,true
2025-08-21,referral,retail,small,5715.57,Rep 1,Region Central,Platform,0.0,true,86,true
2025-06-13,referral,retail,medium,25557.5,Rep 5,Region South,Suite,21.28,false,90,true
2025-04-29,organic,manufacturing,small,8001.57,Rep 4,Region Central,Platform,2.64,true,64,true
2025-10-29,paid,tech,large,53879.32,Rep 3,Region South,Suite,5.49,false,78,true
2024-05-24,referral,tech,small,9759.36,Rep 4,Region Central,Platform,21.74,false,97,true
2025-03-21,organic,finance,medium,27073.25,Rep 2,Region East,Platform,15.48,true,59,false
2024-12-20,paid,healthcare,medium,28023.83,Rep 7,Region Central,Standalone,10.42,false,73,true
2024-07-20,referral,healthcare,medium,31294.2,Rep 6,Region Central,Standalone,24.63,true,40,false
2024-07-04,webinar,retail,large,70497.8,Rep 6,Region Central,Suite,11.6,true,23,true
2024-10-25,organic,retail,enterprise,152006.62,Rep 2,Region West,Standalone,11.13,true,76,true
2024-09-24,referral,retail,large,53528.43,Rep 3,Region East,Standalone,27.62,false,73,true
2025-02-14,referral,finance,small,7107.51,Rep 4,Region East,Platform,21.38,false,39,false
2024-09-08,organic,retail,large,61991.12,Rep 5,Region South,Platform,8.98,false,55,false
2025-09-19,cold_call,retail,medium,25875.9,Rep 4,Region West,Standalone,11.11,false,59,false
2024-12-04,cold_call,finance,large,62587.62,Rep 6,Region East,Standalone,11.07,false,65,true
2024-11-01,organic,finance,small,9417.93,Rep 3,Region East,Platform,4.98,true,57,false
2024-08-07,referral,healthcare,small,7689.36,Rep 5,Region South,Platform,19.16,false,53,false
2025-12-15,paid,tech,large,64090.13,Rep 5,Region South,Platform,0.0,false,73,true
2024-12-24,organic,finance,medium,23420.29,Rep 8,Region East,Platform,4.12,false,60,false
2025-03-04,paid,tech,small,10086.62,Rep 6,Region West,Platform,7.03,false,25,true
2024-06-06,webinar,healthcare,medium,25379.12,Rep 2,Region West,Suite,6.51,false,58,false
2025-03-29,webinar,finance,medium,35146.19,Rep 6,Region South,Platform,10.26,false,43,true
2024-05-24,referral,tech,medium,29268.34,Rep 5,Region West,Suite,22.01,false,35,false
2024-10-27,webinar,healthcare,medium,27529.39,Rep 4,Region East,Platform,10.89,true,83,true
2024-08-10,paid,manufacturing,small,7489.44,Rep 5,Region East,Platform,2.25,true,69,true
2024-03-10,webinar,finance,small,8763.14,Rep 2,Region East,Platform,9.51,true,61,false
2025-11-05,referral,tech,small,6744.75,Rep 8,Region West,Platform,18.64,false,81,true
2024-08-02,referral,tech,large,57754.17,Rep 8,Region Central,Suite,13.45,false,63,false
2024-09-15,webinar,retail,large,60672.84,Rep 1,Region Central,Platform,0.0,true,39,false
2024-06-06,cold_call,manufacturing,large,70744.1,Rep 1,Region East,Platform,7.34,false,42,false
2024-10-08,paid,tech,enterprise,127431.66,Rep 2,Region East,Standalone,10.77,false,51,false
2025-06-13,paid,manufacturing,large,59333.54,Rep 7,Region Central,Platform,10.03,true,54,false
2025-12-06,cold_call,manufacturing,large,60026.29,Rep 4,Region South,Platform,5.4,false,11,false
2024-01-16,referral,manufacturing,large,54905.01,Rep 2,Region East,Suite,0.61,false,53,true
2024-04-29,referral,healthcare,large,50153.04,Rep 6,Region South,Suite,19.5,false,99,true
2025-07-09,referral,tech,medium,24316.8,Rep 7,Region South,Suite,19.42,true,71,true
2025-01-12,webinar,healthcare,large,82302.58,Rep 6,Region West,Platform,14.11,false,89,true
2024-08-13,webinar,finance,medium,26807.8,Rep 3,Region East,Platform,8.35,false,44,false
2025-12-15,organic,tech,medium,28064.32,Rep 4,Region South,Platform,12.01,false,55,false
2024-10-16,cold_call,retail,small,7077.34,Rep 1,Region South,Platform,7.42,true,69,true
2025-09-15,referral,tech,large,72393.8,Rep 4,Region West,Standalone,18.62,true,88,false
2024-08-11,paid,retail,small,8234.11,Rep 7,Region East,Platform,11.58,true,87,true
2024-10-03,organic,tech,medium,22441.74,Rep 1,Region South,Standalone,14.05,false,67,true
2024-03-24,cold_call,tech,small,7834.76,Rep 5,Region South,Platform,15.39,false,48,false
2025-10-14,webinar,tech,large,60366.69,Rep 4,Region East,Platform,13.53,false,74,true
2025-11-12,referral,manufacturing,medium,28921.25,Rep 7,Region Central,Standalone,32.02,true,46,false
2025-11-05,organic,tech,large,56370.69,Rep 2,Region East,Suite,10.95,false,84,true
2024-03-24,cold_call,healthcare,small,8916.87,Rep 1,Region Central,Platform,9.38,true,46,false
2025-04-29,organic,retail,medium,21756.55,Rep 5,Region East,Standalone,17.36,false,87,true
2025-06-17,cold_call,retail,small,8057.38,Rep 5,Region Central,Platform,3.65,false,63,false
2025-10-18,paid,healthcare,medium,31146.43,Rep 8,Region South,Suite,6.46,true,26,false
2024-02-18,paid,manufacturing,enterprise,163518.25,Rep 2,Region West,Standalone,10.98,true,41,false
2024-03-15,paid,retail,large,43284.0,Rep 3,Region East,Platform,10.34,false,75,true
2024-05-20,cold_call,tech,small,8329.11,Rep 5,Region East,Platform,0.0,false,40,false
2024-02-19,organic,tech,medium,29010.02,Rep 7,Region West,Standalone,15.15,true,94,true
2025-05-28,cold_call,retail,medium,29040.35,Rep 1,Region West,Standalone,7.6,false,55,false
2025-12-10,referral,tech,medium,34245.89,Rep 4,Region Central,Suite,21.68,false,46,false
2025-10-23,referral,tech,medium,24613.67,Rep 2,Region West,Standalone,11.97,false,43,false
2024-02-26,cold_call,finance,small,5572.54,Rep 5,Region East,Platform,16.55,true,40,false
2025-08-09,paid,tech,medium,22023.22,Rep 3,Region West,Platform,0.0,false,66,true
2024-06-28,cold_call,finance,large,65896.3,Rep 4,Region East,Platform,11.21,false,47,true
2024-04-30,paid,tech,enterprise,147789.72,Rep 2,Region South,Standalone,12.53,false,34,false
2024-01-05,organic,tech,small,7057.72,Rep 8,Region Central,Platform,16.99,true,64,false
2025-10-12,referral,retail,large,63529.02,Rep 5,Region East,Standalone,20.69,false,28,false
2024-05-31,referral,healthcare,small,10079.16,Rep 6,Region East,Platform,8.66,false,63,false
2024-04-09,webinar,tech,medium,26418.1,Rep 1,Region Central,Platform,9.17,false,82,true
2024-02-25,referral,retail,small,10151.54,Rep 4,Region Central,Platform,13.17,false,70,true
2024-06-08,referral,healthcare,small,8494.28,Rep 5,Region West,Platform,18.82,false,66,true
2025-06-15,referral,retail,medium,25280.56,Rep 5,Region West,Platform,12.44,false,33,false
2024-10-04,cold_call,manufacturing,medium,28825.49,Rep 5,Region Central,Standalone,0.36,true,58,true
2025-02-17,cold_call,finance,large,58145.17,Rep 3,Region East,Standalone,8.95,false,71,true
2025-03-25,organic,manufacturing,small,6387.66,Rep 4,Region West,Platform,16.93,true,65,true
2025-10-30,organic,tech,small,8454.8,Rep 3,Region Central,Platform,0.0,true,40,true
2024-10-08,webinar,tech,enterprise,167509.29,Rep 2,Region East,Platform,10.31,true,64,false
2024-04-14,referral,tech,small,6694.49,Rep 5,Region South,Platform,18.73,true,88,true
2025-04-24,referral,manufacturing,small,10322.53,Rep 3,Region Central,Platform,24.5,false,62,false
2025-09-29,referral,retail,small,7383.67,Rep 8,Region East,Platform,22.02,true,75,true
2025-05-24,webinar,retail,small,8455.26,Rep 4,Region South,Platform,15.53,false,73,true
2024-05-24,cold_call,healthcare,medium,23259.49,Rep 4,Region South,Platform,27.95,true,64,false
2025-04-09,webinar,tech,large,43400.5,Rep 2,Region East,Standalone,0.0,false,71,false
2024-12-23,webinar,manufacturing,small,10321.95,Rep 7,Region West,Platform,6.05,true,65,true
2024-10-02,referral,healthcare,large,48037.75,Rep 2,Region Central,Standalone,22.4,true,69,true
2025-09-15,paid,healthcare,enterprise,177238.38,Rep 2,Region East,Platform,10.89,true,66,true
2024-01-09,cold_call,healthcare,medium,23464.5,Rep 6,Region Central,Platform,0.0,false,71,true
2024-10-17,referral,retail,medium,28710.14,Rep 7,Region West,Suite,30.14,false,81,true
2025-07-12,referral,tech,large,69709.22,Rep 6,Region West,Standalone,14.04,true,51,true
2025-03-31,referral,finance,medium,23531.06,Rep 5,Region East,Suite,22.31,true,78,true
2025-04-04,organic,tech,medium,29043.29,Rep 4,Region South,Standalone,26.98,false,55,true
2024-11-23,cold_call,manufacturing,small,7441.66,Rep 1,Region West,Platform,16.68,false,60,false
2024-07-09,referral,tech,enterprise,174916.59,Rep 2,Region West,Suite,20.0,false,78,true
2025-05-14,referral,retail,medium,24540.23,Rep 8,Region South,Suite,22.13,false,39,true
2024-03-31,cold_call,manufacturing,medium,20033.97,Rep 4,Region Central,Standalone,12.63,true,29,false
2024-05-14,webinar,retail,small,6471.56,Rep 6,Region South,Platform,8.84,false,40,false
2024-09-28,referral,retail,enterprise,132034.51,Rep 2,Region Central,Suite,22.94,false,75,true
2025-02-23,referral,finance,small,6066.82,Rep 3,Region East,Platform,8.59,true,81,true
2025-08-08,paid,retail,large,56167.86,Rep 6,Region South,Standalone,13.04,false,79,true
2024-04-27,paid,healthcare,medium,26570.74,Rep 6,Region East,Platform,0.43,false,81,true
2025-05-24,cold_call,retail,large,60748.79,Rep 8,Region West,Platform,16.99,true,30,false
2024-03-03,organic,finance,medium,27057.47,Rep 6,Region East,Suite,16.03,false,85,true
2025-07-21,paid,healthcare,medium,26868.27,Rep 1,Region Central,Standalone,6.47,false,24,true
2025-12-31,organic,tech,large,52964.54,Rep 4,Region West,Standalone,3.06,false,72,true
2025-05-10,cold_call,finance,small,8298.81,Rep 3,Region East,Platform,15.71,true,44,false
2024-05-06,organic,finance,medium,32635.9,Rep 1,Region East,Standalone,25.86,true,67,true
2024-03-07,cold_call,healthcare,medium,19779.99,Rep 1,Region West,Suite,21.58,false,56,true
2024-02-27,referral,finance,small,11437.57,Rep 2,Region East,Platform,18.24,false,65,true
2024-09-20,organic,retail,small,7963.23,Rep 7,Region East,Platform,5.8,false,99,true
2024-01-10,webinar,retail,medium,27482.9,Rep 4,Region Central,Standalone,6.33,false,67,true
2025-06-09,cold_call,manufacturing,medium,33463.53,Rep 8,Region East,Suite,15.19,false,62,false
2025-09-13,organic,healthcare,medium,29310.1,Rep 2,Region South,Standalone,9.91,false,49,false
2025-05-08,organic,finance,enterprise,121204.96,Rep 2,Region East,Suite,10.0,true,80,true
2025-05-11,paid,manufacturing,medium,23229.17,Rep 4,Region West,Platform,10.4,true,32,false
2024-02-22,paid,manufacturing,medium,22472.04,Rep 2,Region Central,Suite,9.81,false,80,true
2024-08-08,cold_call,healthcare,large,72532.54,Rep 5,Region West,Suite,13.99,false,55,true
2024-12-27,referral,retail,small,9155.06,Rep 7,Region Central,Platform,23.57,true,59,false
2025-07-07,paid,tech,small,7549.5,Rep 4,Region Central,Platform,4.89,false,44,true
2025-05-17,referral,healthcare,small,7259.1,Rep 6,Region South,Platform,9.29,false,91,true
2025-11-16,organic,healthcare,small,9467.37,Rep 1,Region South,Platform,3.64,true,39,false
2025-08-18,organic,healthcare,enterprise,178500.48,Rep 7,Region East,Standalone,11.8,false,60,true
2024-11-28,webinar,tech,large,55134.9,Rep 3,Region West,Standalone,10.55,false,62,false
2025-05-19,webinar,manufacturing,small,8238.61,Rep 5,Region East,Platform,7.88,false,83,true
2024-04-25,referral,tech,medium,27166.21,Rep 2,Region West,Platform,19.04,false,70,true
2025-08-27,referral,manufacturing,medium,18387.61,Rep 2,Region West,Suite,15.4,false,86,true
2025-11-12,organic,retail,medium,24492.16,Rep 6,Region East,Standalone,3.3,true,60,false
2025-06-28,referral,manufacturing,medium,31189.39,Rep 7,Region Central,Standalone,26.04,false,22,false
2025-02-22,referral,healthcare,large,65494.3,Rep 3,Region West,Suite,5.86,false,67,true
2024-01-21,cold_call,manufacturing,small,9822.53,Rep 6,Region Central,Platform,5.44,true,64,false
2025-02-07,organic,healthcare,medium,30583.22,Rep 8,Region South,Platform,0.02,false,100,true
2025-11-15,paid,healthcare,small,10664.63,Rep 3,Region West,Platform,16.43,true,43,true
2025-05-29,paid,healthcare,enterprise,138573.19,Rep 5,Region Central,Standalone,12.89,true,53,true
2024-02-08,referral,tech,large,44361.89,Rep 4,Region South,Suite,2.65,false,75,true
2025-09-08,referral,finance,large,65545.88,Rep 7,Region East,Suite,28.8,false,55,false
2025-04-26,referral,tech,small,5570.98,Rep 1,Region South,Platform,24.82,false,59,true
2025-08-25,webinar,tech,small,8717.87,Rep 5,Region East,Platform,0.15,true,42,false
2024-04-21,referral,retail,enterprise,121838.69,Rep 2,Region East,Suite,20.56,false,74,true
2025-03-28,organic,healthcare,large,61508.6,Rep 6,Region West,Platform,15.79,false,50,false
2025-03-13,referral,finance,large,62131.11,Rep 8,Region East,Platform,33.63,true,81,false
2025-02-18,paid,tech,small,5858.85,Rep 6,Region Central,Platform,13.32,false,92,true
2025-07-31,organic,healthcare,enterprise,167900.99,Rep 2,Region East,Platform,8.18,false,98,true
2024-06-14,webinar,healthcare,small,8225.07,Rep 1,Region West,Platform,17.38,true,70,true
2024-03-31,referral,healthcare,medium,20959.67,Rep 8,Region East,Standalone,27.93,false,67,true
2024-11-26,referral,tech,large,71076.31,Rep 2,Region South,Standalone,19.02,false,56,true
2024-07-13,paid,retail,medium,22253.99,Rep 8,Region South,Suite,12.48,true,50,false
2025-10-05,organic,tech,medium,23781.35,Rep 3,Region West,Platform,13.0,true,47,false
2024-11-27,referral,finance,medium,25572.43,Rep 4,Region East,Standalone,24.6,false,54,false
2025-07-04,referral,tech,medium,16581.78,Rep 2,Region West,Platform,10.64,true,64,false
2024-01-23,webinar,tech,medium,22636.91,Rep 2,Region East,Suite,9.83,false,69,true
2024-07-23,paid,finance,large,49659.03,Rep 3,Region East,Platform,0.08,true,43,false
2024-04-05,referral,finance,large,67133.79,Rep 2,Region East,Suite,0.53,true,59,true
2025-01-04,webinar,retail,small,7027.32,Rep 5,Region East,Platform,21.71,false,53,true
2024-10-16,referral,healthcare,small,9501.72,Rep 3,Region Central,Platform,22.42,true,100,true
2024-05-26,referral,retail,enterprise,168571.59,Rep 2,Region East,Suite,26.54,true,74,false
2025-01-19,referral,retail,medium,26095.3,Rep 6,Region East,Platform,13.94,false,36,false
2025-04-09,organic,tech,medium,26210.56,Rep 1,Region South,Suite,1.2,false,70,true
2025-04-29,cold_call,tech,medium,26344.25,Rep 3,Region Central,Suite,6.39,false,61,false
2025-09-12,webinar,healthcare,large,50637.25,Rep 2,Region South,Suite,2.45,true,64,true
2025-09-16,organic,tech,enterprise,141944.79,Rep 2,Region South,Platform,5.57,true,70,true
2024-07-18,paid,manufacturing,large,49687.16,Rep 4,Region West,Suite,9.76,false,73,true
2025-11-27,paid,finance,large,68351.02,Rep 2,Region East,Platform,5.03,false,59,false
2025-03-31,referral,finance,small,9005.39,Rep 5,Region East,Platform,12.63,false,60,false
2024-12-06,referral,manufacturing,large,73726.57,Rep 4,Region South,Suite,21.5,false,45,false
2025-12-13,referral,healthcare,small,5979.39,Rep 7,Region South,Platform,11.39,false,68,true
2025-01-26,referral,healthcare,large,63057.34,Rep 2,Region Central,Suite,21.92,true,69,true
2024-04-16,paid,tech,medium,24582.53,Rep 7,Region West,Suite,2.02,false,72,true
2024-06-07,organic,tech,large,66046.94,Rep 2,Region West,Suite,2.89,false,83,true
2024-02-21,cold_call,healthcare,medium,30078.09,Rep 1,Region West,Standalone,16.97,true,49,false
2025-03-02,referral,retail,small,6220.65,Rep 7,Region East,Platform,0.0,true,46,false
2024-04-29,cold_call,retail,large,69535.38,Rep 3,Region Central,Suite,7.12,false,61,true
2024-01-08,referral,healthcare,large,64419.92,Rep 7,Region South,Platform,21.47,false,87,true
2024-10-29,paid,finance,small,5930.86,Rep 7,Region East,Platform,12.58,false,47,false
2024-11-27,webinar,healthcare,small,9435.1,Rep 4,Region East,Platform,3.65,false,44,false
2025-07-19,organic,tech,small,8891.24,Rep 4,Region Central,Platform,4.18,true,67,true
2025-05-21,webinar,finance,medium,30384.74,Rep 2,Region East,Standalone,0.22,true,70,true
2025-09-06,referral,healthcare,medium,31002.56,Rep 1,Region East,Standalone,21.98,true,45,false
2025-10-20,referral,healthcare,large,58041.38,Rep 4,Region Central,Standalone,23.29,true,20,false
2024-04-16,organic,finance,small,9693.58,Rep 5,Region East,Platform,17.11,true,100,true
2024-10-03,referral,healthcare,large,57603.32,Rep 7,Region East,Platform,4.6,false,75,true
2024-10-09,referral,healthcare,medium,29424.02,Rep 2,Region Central,Standalone,10.47,false,53,false
2025-01-19,cold_call,healthcare,medium,22284.23,Rep 6,Region Central,Platform,20.35,false,32,true
2025-05-22,webinar,manufacturing,large,55586.84,Rep 7,Region East,Suite,5.82,false,47,true
2025-01-07,referral,retail,small,9386.03,Rep 5,Region West,Platform,18.18,false,65,true
2024-12-22,cold_call,tech,small,9167.34,Rep 6,Region West,Platform,7.88,true,13,false
2024-06-08,referral,retail,medium,22714.96,Rep 4,Region West,Platform,10.96,true,51,true
2025-11-05,webinar,retail,small,9819.73,Rep 7,Region Central,Platform,3.5,true,48,true
2025-11-05,cold_call,finance,medium,21580.03,Rep 7,Region East,Standalone,3.5,false,44,true
2024-06-20,webinar,healthcare,large,47537.61,Rep 5,Region South,Platform,14.3,true,59,false
2024-09-23,referral,tech,small,9191.79,Rep 3,Region South,Platform,19.7,false,48,true
2025-12-31,organic,finance,enterprise,166863.62,Rep 2,Region East,Platform,14.36,false,34,false
2024-02-12,referral,retail,enterprise,160012.91,Rep 2,Region West,Platform,14.69,false,53,false
2025-01-19,organic,retail,small,6535.99,Rep 3,Region Central,Platform,20.33,false,73,true
2024-11-10,referral,finance,medium,25181.66,Rep 5,Region East,Platform,13.48,false,67,true
2025-03-13,cold_call,retail,medium,26595.23,Rep 6,Region West,Standalone,22.65,false,82,true
2024-03-04,paid,tech,enterprise,171508.76,Rep 2,Region East,Suite,8.77,true,32,false
2025-07-04,referral,tech,enterprise,122537.86,Rep 2,Region West,Platform,21.31,false,71,true
2024-05-28,referral,tech,small,7727.24,Rep 5,Region South,Platform,27.6,false,63,false
2025-03-21,referral,manufacturing,small,7470.71,Rep 7,Region Central,Platform,14.49,false,63,true
2024-12-28,referral,retail,enterprise,150343.95,Rep 2,Region West,Platform,24.48,false,61,true
2025-04-27,webinar,finance,medium,24339.14,Rep 5,Region East,Suite,3.31,false,71,true
2024-08-06,referral,healthcare,small,5311.43,Rep 2,Region West,Platform,15.86,false,59,false
2024-02-22,paid,finance,large,74818.63,Rep 7,Region East,Platform,0.0,false,74,true
2024-05-07,referral,healthcare,medium,25982.46,Rep 3,Region East,Suite,2.01,true,70,true
2025-01-16,referral,finance,small,6397.55,Rep 5,Region West,Standalone,4.12,false,68,true
2025-01-29,referral,healthcare,enterprise,186952.71,Rep 3,Region East,Suite,20.01,true,55,false
2025-06-30,referral,tech,small,7057.02,Rep 4,Region South,Platform,10.26,false,39,true
2025-08-04,referral,finance,small,7455.99,Rep 8,Region East,Platform,18.07,false,98,true
2025-04-26,organic,tech,medium,27957.31,Rep 7,Region Central,Suite,9.39,false,65,true
2024-08-15,webinar,finance,medium,23482.11,Rep 3,Region East,Standalone,10.03,false,87,true
2025-05-07,cold_call,retail,small,8637.78,Rep 1,Region South,Platform,6.27,false,47,false
2024-04-20,referral,finance,large,68008.61,Rep 4,Region Central,Suite,19.21,false,57,false
2024-11-16,organic,retail,small,11010.67,Rep 6,Region Central,Platform,5.92,false,70,true
2025-12-20,referral,retail,medium,22991.55,Rep 8,Region East,Platform,1.13,false,64,true
2025-04-04,webinar,healthcare,small,9860.61,Rep 1,Region East,Platform,1.79,false,32,false
2025-12-30,organic,finance,large,92063.23,Rep 2,Region East,Standalone,22.07,false,65,true
2025-04-12,paid,tech,medium,19319.12,Rep 2,Region Central,Platform,14.23,false,66,false
2025-04-05,referral,tech,medium,25155.53,Rep 8,Region South,Platform,26.23,false,53,false
2024-05-02,paid,retail,small,10765.69,Rep 3,Region West,Platform,16.98,false,47,false
2025-05-02,cold_call,finance,medium,19867.17,Rep 8,Region East,Platform,24.78,false,46,false
2025-03-21,referral,healthcare,small,5800.79,Rep 5,Region South,Platform,8.07,true,42,false
2025-04-27,paid,manufacturing,large,65309.61,Rep 8,Region East,Suite,17.4,false,50,false
2024-03-05,paid,finance,medium,19425.92,Rep 7,Region East,Platform,9.25,false,45,false
2025-04-06,paid,tech,small,8666.21,Rep 4,Region East,Platform,13.59,false,39,true
2025-05-30,referral,retail,medium,23893.26,Rep 2,Region South,Standalone,18.96,false,88,true
2024-09-21,referral,manufacturing,small,9568.12,Rep 2,Region West,Platform,20.33,true,0,true
2024-05-18,referral,retail,medium,23896.27,Rep 5,Region West,Platform,4.52,true,31,true
2025-08-08,referral,tech,medium,23281.9,Rep 6,Region South,Suite,2.25,false,62,true
2025-08-25,referral,finance,small,6558.0,Rep 1,Region East,Platform,7.38,false,47,false
2024-04-28,referral,retail,enterprise,135294.25,Rep 2,Region Central,Suite,22.96,true,75,true
2025-10-31,referral,manufacturing,large,53582.4,Rep 8,Region East,Standalone,27.78,false,38,false
2024-06-02,webinar,tech,large,62552.84,Rep 7,Region South,Platform,10.41,false,62,true
2024-09-11,referral,manufacturing,small,8791.66,Rep 6,Region Central,Platform,15.84,true,61,false
2024-09-02,webinar,tech,small,7659.09,Rep 7,Region West,Platform,10.16,false,52,false
2025-10-07,referral,tech,small,10613.68,Rep 4,Region East,Standalone,17.91,true,37,true
2024-09-03,organic,tech,medium,23928.35,Rep 8,Region East,Suite,10.69,true,19,false
2024-06-20,webinar,retail,enterprise,125093.73,Rep 2,Region West,Suite,0.0,true,54,false
2024-08-07,organic,healthcare,small,10600.98,Rep 6,Region East,Platform,0.0,false,54,false
2024-11-16,referral,tech,medium,26641.49,Rep 5,Region West,Suite,11.4,false,79,true
2024-12-01,paid,tech,enterprise,144682.05,Rep 2,Region South,Platform,26.38,true,34,true
2024-08-20,webinar,manufacturing,enterprise,181896.32,Rep 2,Region Central,Platform,10.99,false,89,true
2024-04-22,organic,tech,small,5518.38,Rep 7,Region East,Platform,12.27,true,86,true
2025-09-16,paid,tech,medium,23219.87,Rep 4,Region East,Platform,10.76,true,50,true
2025-05-29,referral,tech,enterprise,175509.43,Rep 2,Region South,Platform,6.39,false,69,true
2025-02-19,cold_call,healthcare,medium,23400.08,Rep 5,Region South,Standalone,10.08,true,66,true
2025-12-24,referral,tech,small,10551.91,Rep 5,Region South,Platform,21.3,false,73,true
2025-11-12,paid,manufacturing,large,58798.17,Rep 8,Region West,Suite,12.4,false,70,true
2025-06-20,organic,retail,medium,20877.64,Rep 3,Region East,Platform,6.79,true,42,false
2025-04-18,cold_call,healthcare,large,48408.33,Rep 6,Region East,Standalone,0.0,true,40,true
2025-11-15,referral,retail,large,58253.83,Rep 8,Region West,Suite,20.73,false,87,true
2024-06-21,paid,tech,large,79402.77,Rep 4,Region South,Platform,17.31,false,78,false
2025-06-21,paid,retail,medium,29027.39,Rep 4,Region South,Suite,22.38,false,100,true
2024-03-04,referral,finance,large,75672.78,Rep 7,Region East,Suite,12.66,true,100,true
2024-06-24,cold_call,retail,enterprise,129664.12,Rep 2,Region West,Suite,9.83,false,67,true
2024-08-31,paid,finance,large,68425.07,Rep 4,Region East,Suite,21.93,false,41,false
2024-11-19,webinar,retail,small,12715.51,Rep 3,Region Central,Standalone,12.36,true,38,true
2024-05-09,cold_call,healthcare,medium,21036.55,Rep 6,Region South,Standalone,6.02,false,65,true
2024-07-05,referral,retail,small,8627.36,Rep 1,Region South,Platform,18.18,true,67,true
2025-09-24,paid,tech,small,8284.31,Rep 5,Region West,Platform,10.35,true,26,false
2024-05-25,paid,manufacturing,medium,28646.48,Rep 6,Region East,Standalone,15.88,false,61,true
2025-03-06,organic,tech,medium,24691.59,Rep 2,Region Central,Suite,10.35,false,72,true
2024-01-19,referral,retail,medium,24906.77,Rep 5,Region Central,Suite,10.84,false,48,false
2024-03-02,webinar,retail,medium,22519.14,Rep 3,Region South,Standalone,11.06,true,25,false
2025-04-25,referral,healthcare,large,58582.08,Rep 8,Region West,Standalone,10.89,false,50,true
2024-12-27,webinar,manufacturing,enterprise,142783.0,Rep 2,Region South,Suite,26.21,false,49,false
2024-09-05,webinar,healthcare,small,6839.04,Rep 6,Region South,Platform,15.45,true,73,true
2024-07-23,referral,healthcare,medium,24562.5,Rep 3,Region West,Suite,18.95,false,1,true
2024-05-10,referral,manufacturing,small,6515.97,Rep 2,Region East,Suite,21.41,true,25,true
2024-11-12,cold_call,retail,medium,22326.42,Rep 3,Region East,Platform,0.0,false,71,true
2024-09-08,cold_call,tech,enterprise,166677.46,Rep 2,Region Central,Platform,16.83,false,60,false
2025-08-07,cold_call,tech,large,68276.8,Rep 2,Region West,Standalone,10.94,true,89,true
2024-01-14,organic,manufacturing,medium,24138.0,Rep 7,Region West,Standalone,6.93,false,88,true
2024-01-03,referral,tech,medium,19247.35,Rep 4,Region South,Suite,7.26,true,54,false
2025-12-25,referral,manufacturing,enterprise,92511.16,Rep 2,Region West,Standalone,11.05,false,55,false
2025-02-08,organic,finance,small,10282.38,Rep 4,Region West,Platform,6.78,true,47,false
2025-06-25,organic,retail,small,10285.45,Rep 5,Region South,Platform,23.86,false,64,true
2025-12-26,organic,retail,large,44975.8,Rep 5,Region Central,Standalone,13.37,false,61,false
2025-06-14,referral,healthcare,large,63634.7,Rep 2,Region West,Platform,14.96,false,63,true
2025-12-10,paid,healthcare,medium,17823.58,Rep 6,Region Central,Standalone,11.84,true,65,true
2025-04-21,cold_call,tech,small,7556.74,Rep 3,Region West,Platform,7.25,false,53,false
2024-01-13,referral,tech,small,7212.65,Rep 2,Region East,Platform,12.67,false,72,true
2024-10-01,referral,manufacturing,enterprise,124889.92,Rep 2,Region West,Platform,21.67,true,63,false
2024-05-20,cold_call,finance,medium,30707.05,Rep 4,Region East,Standalone,7.38,false,32,true
2025-04-22,webinar,finance,large,54155.53,Rep 7,Region East,Platform,13.91,false,50,true
2025-07-20,cold_call,manufacturing,small,8265.81,Rep 2,Region Central,Platform,7.44,false,83,true
2024-11-09,webinar,retail,enterprise,150351.93,Rep 2,Region West,Platform,4.04,false,69,true
2025-03-15,organic,manufacturing,small,9091.62,Rep 5,Region East,Platform,11.05,true,43,false
2025-06-10,referral,tech,enterprise,151270.96,Rep 2,Region Central,Suite,18.56,true,64,true
2025-09-23,referral,healthcare,medium,24774.02,Rep 8,Region East,Suite,9.82,true,75,true
2024-10-08,paid,finance,medium,25384.29,Rep 2,Region East,Platform,13.32,true,85,true
2025-05-15,webinar,tech,small,7612.45,Rep 4,Region West,Platform,8.6,false,16,true
2024-12-01,webinar,retail,enterprise,156408.38,Rep 7,Region West,Platform,13.11,false,32,true
2024-08-29,organic,retail,small,7301.61,Rep 7,Region West,Platform,4.78,false,51,false
2024-01-07,cold_call,manufacturing,small,8694.89,Rep 7,Region West,Platform,1.3,false,76,false
2025-10-29,referral,tech,small,8417.86,Rep 8,Region South,Platform,5.1,false,53,false
2024-11-12,referral,healthcare,medium,26074.28,Rep 2,Region South,Suite,15.76,true,13,false
2025-01-18,referral,finance,medium,31105.81,Rep 5,Region East,Suite,18.02,true,75,true
2025-09-29,webinar,finance,medium,28153.71,Rep 3,Region East,Platform,8.48,false,64,false
2024-02-19,referral,finance,small,8289.54,Rep 8,Region East,Platform,19.2,true,55,true
2025-04-14,referral,finance,large,59133.2,Rep 7,Region East,Standalone,20.45,true,26,false
2025-02-23,cold_call,tech,small,6781.87,Rep 2,Region Central,Platform,15.91,false,56,false
2024-12-26,referral,tech,medium,30131.67,Rep 3,Region Central,Platform,25.79,false,89,true
2024-10-06,referral,tech,small,6111.73,Rep 6,Region East,Platform,21.46,true,51,false
2025-09-27,cold_call,retail,large,52662.56,Rep 1,Region West,Standalone,8.11,true,69,true
2024-10-09,organic,retail,small,9208.61,Rep 1,Region West,Platform,10.13,false,36,false
2025-10-13,referral,finance,small,9319.12,Rep 8,Region East,Platform,28.68,false,60,false
2025-06-26,referral,tech,enterprise,143364.72,Rep 2,Region West,Platform,9.42,false,33,true
2024-06-24,organic,manufacturing,medium,18698.15,Rep 5,Region Central,Standalone,11.86,true,23,false
2024-05-08,organic,manufacturing,medium,26548.39,Rep 7,Region South,Platform,12.34,false,49,false
2024-06-18,referral,retail,small,8126.23,Rep 2,Region East,Platform,16.68,true,54,true
2025-01-05,cold_call,retail,small,9665.35,Rep 1,Region South,Platform,1.77,true,80,true
2024-10-01,webinar,finance,small,6949.29,Rep 2,Region East,Platform,12.14,false,61,false
2025-10-12,referral,tech,small,10997.31,Rep 3,Region Central,Platform,3.38,true,35,false
2024-04-19,organic,tech,medium,22979.55,Rep 1,Region Central,Standalone,13.0,false,71,true
2025-11-22,referral,healthcare,small,7715.49,Rep 1,Region South,Platform,20.1,true,68,true
2025-01-19,organic,retail,medium,30668.88,Rep 4,Region West,Standalone,13.39,false,41,false
2024-06-26,referral,manufacturing,large,52190.01,Rep 5,Region West,Standalone,19.52,true,83,true
2025-07-21,cold_call,tech,small,4789.49,Rep 7,Region Central,Standalone,0.71,false,47,false
2024-06-08,cold_call,tech,medium,27232.12,Rep 2,Region East,Standalone,0.0,false,81,true
2025-09-09,paid,manufacturing,small,6610.93,Rep 7,Region West,Standalone,9.77,false,98,true
2024-06-25,referral,healthcare,large,76899.69,Rep 1,Region South,Suite,11.85,false,36,false
2024-12-05,webinar,retail,medium,26068.07,Rep 7,Region West,Standalone,5.42,true,52,true
2024-02-28,paid,manufacturing,medium,24232.33,Rep 1,Region East,Suite,22.7,false,46,true
2024-10-03,cold_call,healthcare,large,68377.42,Rep 5,Region East,Standalone,4.75,false,71,true
2025-08-05,referral,retail,small,8647.46,Rep 2,Region Central,Platform,9.61,true,61,false
2025-07-19,organic,retail,medium,26694.69,Rep 1,Region Central,Platform,14.89,false,36,false
2025-03-28,organic,healthcare,small,6250.48,Rep 3,Region East,Platform,10.7,true,56,false
2024-05-02,webinar,tech,small,10398.05,Rep 4,Region West,Platform,1.69,true,72,true
2024-12-10,referral,manufacturing,medium,26466.79,Rep 7,Region East,Suite,7.09,false,70,true
2024-10-10,organic,retail,large,72139.14,Rep 6,Region South,Platform,21.79,false,80,true
2024-01-29,webinar,manufacturing,medium,17004.99,Rep 2,Region West,Suite,9.89,false,63,false
2025-09-09,webinar,healthcare,small,7251.2,Rep 4,Region West,Platform,10.08,false,42,true
2025-03-25,referral,manufacturing,small,10589.84,Rep 1,Region West,Platform,26.55,false,45,true
2024-05-22,cold_call,healthcare,medium,24329.03,Rep 4,Region South,Platform,11.68,false,91,true
2024-02-10,referral,tech,medium,29419.13,Rep 3,Region Central,Platform,14.69,false,37,true
2025-01-27,organic,healthcare,medium,27035.4,Rep 2,Region Central,Platform,14.58,false,31,false
2025-12-20,referral,tech,large,69373.56,Rep 7,Region West,Standalone,19.65,false,53,true
2024-07-16,cold_call,healthcare,small,8985.22,Rep 8,Region East,Platform,9.04,true,74,true
2024-07-19,referral,tech,large,65078.34,Rep 5,Region Central,Suite,23.83,false,37,false
2024-07-03,webinar,manufacturing,small,6218.01,Rep 2,Region Central,Platform,4.94,false,76,true
2025-01-27,organic,finance,small,11372.03,Rep 6,Region East,Platform,10.31,false,80,true
2024-11-29,webinar,retail,large,72098.02,Rep 3,Region South,Suite,5.51,false,97,true
2024-10-06,cold_call,finance,small,9578.79,Rep 2,Region West,Platform,11.24,false,35,true
2024-05-16,organic,healthcare,medium,22737.99,Rep 4,Region West,Standalone,9.74,false,45,false
2024-11-08,organic,tech,enterprise,122294.03,Rep 4,Region South,Platform,13.5,true,70,true
2024-06-07,organic,manufacturing,medium,39530.71,Rep 6,Region East,Suite,5.58,false,50,false
2025-01-19,paid,tech,enterprise,140569.29,Rep 2,Region Central,Suite,21.12,true,67,true
2025-01-25,paid,healthcare,medium,32804.24,Rep 5,Region East,Platform,15.31,true,66,true
2024-09-04,cold_call,manufacturing,small,7521.78,Rep 1,Region South,Platform,18.53,false,57,true
2024-03-03,cold_call,healthcare,medium,23971.32,Rep 2,Region East,Suite,10.39,true,62,false
2024-08-26,referral,finance,medium,33248.82,Rep 7,Region East,Suite,15.3,false,50,true
2025-05-23,referral,manufacturing,small,5772.58,Rep 1,Region Central,Platform,29.82,true,8,false
2024-04-17,webinar,finance,small,7146.26,Rep 1,Region East,Platform,22.27,false,64,false
2024-11-20,webinar,tech,enterprise,158551.81,Rep 2,Region East,Platform,13.34,false,51,false
2024-03-18,organic,retail,medium,19669.8,Rep 5,Region South,Platform,17.68,false,25,true
2024-12-16,cold_call,tech,small,6807.06,Rep 5,Region Central,Platform,12.77,false,61,false
2025-02-08,referral,retail,small,9570.82,Rep 5,Region South,Platform,23.97,true,78,true
2025-02-24,referral,tech,enterprise,170870.55,Rep 2,Region South,Platform,14.62,false,30,false
2024-06-04,paid,tech,medium,24854.27,Rep 5,Region South,Standalone,1.52,true,55,true
2025-12-08,referral,tech,large,50250.41,Rep 2,Region West,Standalone,21.22,true,50,false
2024-11-12,organic,finance,small,8388.49,Rep 2,Region East,Platform,11.25,true,51,false
2024-08-18,referral,tech,medium,27655.2,Rep 1,Region South,Suite,20.78,false,92,true
2024-04-14,referral,tech,small,10854.3,Rep 8,Region South,Platform,26.93,false,45,false
2024-02-06,referral,tech,large,49657.64,Rep 8,Region East,Suite,19.09,true,33,true
2024-06-25,organic,tech,large,55251.1,Rep 3,Region East,Suite,7.63,true,84,true
2025-03-15,referral,healthcare,large,49355.68,Rep 3,Region South,Platform,5.6,false,77,true
2025-09-26,cold_call,healthcare,small,7688.54,Rep 7,Region South,Platform,3.58,true,33,false
2024-10-28,organic,finance,medium,19373.2,Rep 5,Region East,Standalone,0.0,false,54,false
2025-12-19,paid,tech,medium,27215.85,Rep 5,Region South,Suite,10.92,false,71,true
2024-03-22,cold_call,retail,small,8349.13,Rep 3,Region South,Platform,6.1,true,78,true
2024-01-23,webinar,retail,small,9447.14,Rep 4,Region Central,Platform,11.57,true,35,true
2025-10-28,paid,retail,small,9292.34,Rep 2,Region South,Platform,5.97,true,73,true
2025-09-23,paid,tech,small,10061.02,Rep 2,Region West,Platform,17.85,false,54,true
2025-03-19,referral,tech,large,82673.19,Rep 7,Region East,Platform,29.71,false,66,true
2024-02-12,paid,finance,small,8732.27,Rep 8,Region East,Platform,11.69,true,39,false
2024-06-24,referral,tech,enterprise,184559.27,Rep 2,Region Central,Suite,19.29,true,59,true
2025-08-28,referral,retail,medium,28057.89,Rep 2,Region West,Standalone,1.16,false,70,true
2024-07-23,paid,finance,enterprise,189622.97,Rep 2,Region East,Platform,7.36,false,68,true
2024-03-10,organic,finance,small,7565.83,Rep 5,Region East,Platform,15.42,false,27,false
2024-11-14,referral,finance,large,49916.43,Rep 7,Region East,Platform,18.91,true,47,false
2025-11-02,paid,healthcare,enterprise,165591.13,Rep 3,Region South,Suite,0.0,true,58,false
2025-10-11,referral,retail,medium,30708.33,Rep 2,Region Central,Suite,24.94,false,25,true
2025-01-03,organic,healthcare,large,53253.97,Rep 7,Region West,Suite,17.47,true,54,true
2025-06-04,organic,tech,large,58035.15,Rep 5,Region East,Suite,12.45,true,68,true
2025-04-10,organic,retail,small,8512.76,Rep 7,Region East,Platform,13.57,false,74,true
2025-09-05,cold_call,tech,enterprise,152505.58,Rep 2,Region East,Platform,1.39,false,61,true
2025-09-04,organic,healthcare,enterprise,163056.34,Rep 2,Region Central,Standalone,14.77,false,100,true
2025-06-11,referral,retail,small,6806.82,Rep 3,Region South,Platform,19.22,true,47,true
2025-05-11,referral,manufacturing,small,6532.82,Rep 1,Region East,Suite,18.32,false,35,false
2024-03-12,organic,retail,enterprise,108493.87,Rep 2,Region West,Platform,17.83,false,74,true
2025-11-27,webinar,finance,enterprise,157116.25,Rep 4,Region East,Suite,2.14,true,45,false
2024-08-06,referral,tech,enterprise,153020.62,Rep 2,Region West,Suite,22.3,false,70,true
2024-11-23,cold_call,healthcare,large,62938.99,Rep 8,Region Central,Platform,13.6,false,77,true
2025-11-18,paid,retail,medium,22632.48,Rep 5,Region West,Platform,23.89,true,70,true
2024-11-14,organic,retail,large,69066.38,Rep 7,Region West,Suite,7.92,false,55,false
2025-05-28,webinar,tech,medium,21318.44,Rep 1,Region West,Suite,11.51,true,45,true
2025-01-12,webinar,manufacturing,medium,20470.3,Rep 6,Region East,Suite,13.84,true,42,false
2025-09-14,cold_call,tech,enterprise,186007.13,Rep 2,Region West,Standalone,10.85,false,44,true
2024-04-12,webinar,healthcare,small,10157.24,Rep 7,Region Central,Platform,7.59,false,83,true
2024-06-16,referral,retail,small,7343.57,Rep 3,Region South,Platform,19.51,true,73,false
2024-06-16,referral,tech,small,8489.2,Rep 6,Region Central,Platform,7.12,false,60,false
2025-12-24,organic,finance,enterprise,149048.31,Rep 2,Region East,Suite,16.16,false,82,true
2025-10-27,paid,manufacturing,small,7178.48,Rep 6,Region East,Platform,14.66,false,48,false
2025-04-04,referral,healthcare,enterprise,177761.34,Rep 6,Region Central,Platform,25.15,false,42,true
2025-12-07,webinar,tech,medium,28520.43,Rep 4,Region West,Standalone,20.09,false,73,true
2024-04-04,referral,retail,medium,15560.99,Rep 2,Region South,Standalone,25.28,true,59,false
2025-02-20,organic,tech,small,9263.19,Rep 7,Region Central,Platform,4.93,false,62,false
2025-01-22,referral,healthcare,small,5832.86,Rep 6,Region Central,Platform,26.85,false,0,true
2024-05-30,referral,finance,medium,14707.28,Rep 3,Region East,Standalone,18.9,false,85,true
2024-07-07,referral,retail,large,48340.7,Rep 6,Region East,Suite,8.2,true,67,true
2024-03-23,referral,finance,small,7865.48,Rep 2,Region East,Platform,11.77,true,67,true
2025-10-24,referral,finance,small,8559.84,Rep 2,Region East,Platform,19.13,false,26,false
2025-02-16,paid,retail,medium,27538.25,Rep 1,Region South,Standalone,4.65,true,38,false
2025-11-17,cold_call,retail,small,5213.69,Rep 3,Region South,Platform,0.35,true,52,false
2025-12-03,cold_call,finance,small,8423.68,Rep 3,Region East,Platform,5.83,true,58,false
2024-08-30,organic,tech,large,59531.5,Rep 1,Region Central,Standalone,12.44,true,40,false
2024-01-13,cold_call,manufacturing,medium,27334.35,Rep 6,Region West,Suite,7.08,false,63,true
2024-11-28,paid,tech,small,6609.68,Rep 4,Region Central,Platform,5.28,false,52,true
2025-04-15,organic,healthcare,large,60742.92,Rep 4,Region Central,Suite,6.48,false,76,true
2024-10-21,webinar,tech,large,68846.86,Rep 6,Region East,Platform,11.55,true,77,true
2024-01-29,paid,tech,medium,29811.52,Rep 5,Region Central,Suite,5.4,true,65,true
2025-04-06,cold_call,tech,large,46086.38,Rep 8,Region West,Suite,13.8,false,66,true
2025-04-23,organic,finance,large,58299.24,Rep 6,Region East,Standalone,17.18,false,40,false
2024-03-17,cold_call,tech,small,7998.55,Rep 8,Region South,Platform,2.33,true,68,true
2024-06-21,organic,tech,enterprise,139632.62,Rep 2,Region West,Suite,6.66,true,45,false
2024-03-18,cold_call,tech,small,8895.04,Rep 8,Region Central,Platform,12.28,false,52,false
2024-09-04,referral,retail,medium,28157.76,Rep 2,Region East,Suite,1.35,false,44,false
2024-05-17,paid,manufacturing,medium,29059.01,Rep 3,Region Central,Suite,5.61,true,58,true
2024-03-12,paid,manufacturing,enterprise,152806.44,Rep 6,Region Central,Platform,6.37,false,24,true
2025-08-11,referral,healthcare,small,8379.19,Rep 7,Region East,Platform,0.0,false,29,false
2024-04-23,referral,tech,large,67169.82,Rep 7,Region West,Platform,18.72,false,43,false
2025-01-14,paid,retail,medium,30317.07,Rep 5,Region Central,Standalone,0.0,false,0,false
2025-07-22,organic,retail,small,9013.65,Rep 2,Region Central,Platform,10.5,true,84,true
2024-03-21,organic,healthcare,enterprise,153237.61,Rep 2,Region East,Platform,0.0,false,58,false
2025-12-06,paid,retail,small,9734.25,Rep 5,Region West,Platform,2.38,true,64,true
2025-09-28,organic,retail,small,9840.12,Rep 6,Region South,Platform,7.71,true,39,true
2024-04-19,referral,healthcare,large,54730.27,Rep 6,Region East,Standalone,12.9,true,69,true
2025-04-07,webinar,retail,large,53642.0,Rep 6,Region West,Standalone,17.03,false,100,true
2025-01-25,referral,healthcare,small,7376.93,Rep 4,Region Central,Platform,23.28,false,47,false
2025-12-08,paid,retail,enterprise,147258.2,Rep 2,Region West,Standalone,16.23,false,48,true
2025-02-28,cold_call,healthcare,small,7992.69,Rep 4,Region West,Platform,9.18,true,47,false
2025-10-08,referral,healthcare,medium,19442.4,Rep 3,Region West,Platform,7.09,false,50,false
2024-08-17,referral,retail,small,9333.29,Rep 2,Region East,Platform,4.1,false,53,false
2024-07-27,paid,retail,enterprise,147739.73,Rep 2,Region East,Standalone,6.61,true,93,true
2024-03-26,referral,tech,enterprise,134794.14,Rep 2,Region West,Suite,8.32,true,54,true
2024-04-05,referral,manufacturing,enterprise,165902.23,Rep 7,Region South,Platform,18.87,false,95,true
2025-11-16,referral,tech,medium,28536.24,Rep 1,Region West,Standalone,21.29,false,77,true
2024-12-18,referral,tech,medium,31636.61,Rep 1,Region Central,Standalone,22.6,true,74,true
2024-01-15,referral,retail,small,7360.85,Rep 7,Region South,Platform,0.56,true,65,true
2024-04-11,paid,finance,small,6549.61,Rep 3,Region East,Platform,5.86,true,71,true
2024-01-05,organic,retail,large,53816.49,Rep 1,Region South,Suite,13.34,false,46,false
2025-12-20,organic,manufacturing,medium,21434.92,Rep 6,Region East,Suite,14.91,false,61,false
2025-05-30,cold_call,manufacturing,large,74007.07,Rep 3,Region Central,Standalone,0.0,false,36,true
2024-03-26,cold_call,retail,small,5482.01,Rep 4,Region West,Platform,7.67,false,58,false
2025-03-14,paid,finance,large,66858.22,Rep 5,Region East,Standalone,22.26,false,61,false
2025-08-28,webinar,finance,small,7545.28,Rep 7,Region East,Platform,8.59,false,31,false
2025-09-30,cold_call,tech,small,8199.8,Rep 1,Region East,Platform,11.34,false,89,true
2025-07-08,referral,retail,small,9366.6,Rep 8,Region East,Platform,26.93,true,27,true
2024-02-23,cold_call,retail,small,8297.55,Rep 8,Region South,Platform,3.45,false,43,true
2024-11-17,referral,retail,large,63658.08,Rep 5,Region East,Suite,23.78,true,81,true
2025-02-22,organic,tech,medium,21471.15,Rep 4,Region West,Standalone,8.76,false,37,true
2024-12-30,organic,manufacturing,large,65928.35,Rep 5,Region Central,Suite,5.22,true,51,true
2025-01-25,cold_call,finance,small,7474.73,Rep 8,Region East,Platform,8.54,false,39,false
2025-02-11,referral,tech,small,7786.69,Rep 4,Region East,Platform,27.12,true,54,true
2024-05-22,paid,retail,large,59350.0,Rep 1,Region Central,Standalone,11.49,false,39,false
2025-09-16,referral,finance,medium,30954.04,Rep 8,Region East,Standalone,19.97,true,60,false
2024-05-16,webinar,manufacturing,small,6713.59,Rep 2,Region West,Platform,10.32,true,35,true
2024-10-31,referral,manufacturing,enterprise,127479.89,Rep 2,Region South,Suite,19.0,false,89,true
2025-08-11,cold_call,manufacturing,enterprise,135665.12,Rep 2,Region East,Standalone,11.15,false,46,true
2025-12-25,webinar,tech,medium,26747.97,Rep 1,Region East,Standalone,13.62,false,27,true
2024-12-04,referral,finance,medium,23785.85,Rep 4,Region East,Suite,19.48,false,61,false
2025-11-01,referral,tech,medium,28919.05,Rep 6,Region West,Platform,15.51,true,89,true
2024-11-27,organic,retail,small,8828.12,Rep 8,Region South,Platform,12.35,false,61,false
2025-12-19,webinar,retail,small,8021.33,Rep 1,Region East,Platform,7.0,false,29,true
2024-08-11,referral,retail,large,61464.88,Rep 7,Region South,Suite,26.94,true,46,true
2025-05-24,referral,healthcare,enterprise,144725.74,Rep 2,Region Central,Standalone,9.37,false,15,true
2025-04-26,cold_call,manufacturing,medium,22022.67,Rep 2,Region West,Platform,2.64,true,94,true
2024-02-20,paid,finance,small,8270.69,Rep 2,Region East,Platform,7.02,false,38,true
2025-01-08,paid,tech,small,9579.35,Rep 2,Region South,Platform,10.71,false,48,false
2024-08-01,paid,retail,medium,20596.88,Rep 6,Region Central,Suite,6.49,false,33,false
2024-09-15,webinar,tech,small,8719.06,Rep 2,Region Central,Platform,11.16,false,40,false
2025-04-03,cold_call,manufacturing,enterprise,144557.16,Rep 2,Region Central,Platform,14.12,false,100,true
2024-11-17,referral,healthcare,small,7516.0,Rep 8,Region West,Platform,24.53,false,86,true
2025-04-16,cold_call,finance,small,8635.67,Rep 5,Region East,Platform,11.96,true,49,false
2024-10-08,webinar,manufacturing,large,66318.94,Rep 1,Region South,Standalone,4.77,false,34,false
2024-07-08,cold_call,healthcare,small,7832.18,Rep 7,Region Central,Platform,4.42,true,49,false
2024-08-04,referral,retail,medium,30457.06,Rep 6,Region Central,Suite,9.47,false,66,true
2025-08-26,referral,tech,large,59302.4,Rep 7,Region East,Standalone,8.71,false,66,false
2025-12-10,referral,tech,large,36880.74,Rep 5,Region West,Platform,15.23,false,46,true
2024-06-18,webinar,finance,medium,27789.31,Rep 2,Region East,Standalone,0.0,false,90,true
2025-01-27,paid,tech,large,33890.53,Rep 4,Region South,Suite,9.89,false,60,true
2024-09-28,paid,manufacturing,large,57129.77,Rep 6,Region West,Standalone,5.64,false,61,false
2025-12-07,cold_call,retail,large,65032.24,Rep 7,Region South,Suite,6.76,false,84,false
2025-08-17,referral,healthcare,large,68189.11,Rep 2,Region West,Suite,10.44,true,47,false
2025-07-20,paid,manufacturing,small,7974.69,Rep 6,Region South,Platform,14.48,false,63,true
2025-12-28,cold_call,finance,small,8748.67,Rep 5,Region East,Platform,13.77,false,53,true
2025-11-13,paid,healthcare,small,4592.43,Rep 3,Region East,Platform,3.91,true,45,true
2024-09-05,organic,retail,large,75078.75,Rep 8,Region West,Platform,2.28,true,72,true
2024-05-05,organic,healthcare,large,67497.91,Rep 3,Region East,Platform,16.34,false,68,true
2024-06-30,organic,retail,small,8799.08,Rep 4,Region East,Platform,9.99,false,30,false
2024-09-06,webinar,healthcare,medium,23092.31,Rep 4,Region South,Standalone,2.44,false,54,false
2024-04-24,paid,healthcare,medium,21638.09,Rep 2,Region South,Standalone,20.78,false,57,false
2025-11-20,referral,finance,small,6851.04,Rep 6,Region East,Platform,22.33,false,54,false
2024-07-12,referral,tech,small,5278.59,Rep 5,Region West,Platform,18.57,false,31,false
2024-08-15,cold_call,healthcare,small,6068.12,Rep 7,Region East,Platform,18.1,false,64,true
2024-05-30,cold_call,healthcare,medium,27536.89,Rep 3,Region Central,Suite,2.14,false,100,true
2024-06-02,organic,retail,medium,24063.08,Rep 5,Region Central,Standalone,6.25,false,42,true
2024-09-28,webinar,manufacturing,large,67558.94,Rep 3,Region East,Standalone,12.39,false,69,false
2024-03-27,cold_call,retail,medium,18719.23,Rep 7,Region Central,Standalone,6.88,false,77,false
2025-10-11,cold_call,manufacturing,large,64688.59,Rep 5,Region Central,Standalone,19.21,false,54,false
2025-06-16,paid,retail,small,9987.2,Rep 1,Region East,Platform,2.04,false,67,true
2025-10-06,webinar,manufacturing,large,55936.51,Rep 8,Region Central,Suite,9.46,false,85,true
2025-04-07,paid,manufacturing,small,7316.99,Rep 1,Region East,Platform,5.99,false,48,true
2024-10-10,referral,finance,large,69160.94,Rep 1,Region East,Platform,25.04,true,65,true
2025-10-25,organic,retail,medium,27210.42,Rep 1,Region East,Platform,5.33,false,100,true
2024-09-12,webinar,tech,small,5601.66,Rep 5,Region South,Platform,16.13,true,33,false
2024-09-05,referral,tech,large,63571.61,Rep 3,Region West,Suite,22.4,false,66,true
2024-10-27,paid,finance,enterprise,145211.0,Rep 2,Region East,Platform,21.22,false,61,true
2025-06-17,referral,manufacturing,small,7763.7,Rep 8,Region East,Platform,24.06,true,85,true
2024-01-25,cold_call,retail,medium,22510.82,Rep 2,Region West,Platform,12.34,false,48,false
2024-10-03,webinar,manufacturing,small,6891.17,Rep 6,Region West,Platform,5.0,false,95,true
2024-05-06,cold_call,tech,enterprise,162764.39,Rep 2,Region West,Standalone,6.01,true,60,false
2024-09-09,organic,healthcare,large,51927.69,Rep 3,Region Central,Standalone,14.74,false,31,false
2025-10-02,paid,tech,small,8339.1,Rep 5,Region East,Platform,12.89,true,71,true
2024-02-07,referral,manufacturing,enterprise,158791.54,Rep 2,Region East,Platform,4.54,false,45,false
2025-01-19,referral,healthcare,small,7936.84,Rep 1,Region East,Platform,10.28,false,49,false
2025-05-01,cold_call,retail,medium,27555.4,Rep 7,Region South,Suite,16.38,true,40,false
2024-10-10,referral,manufacturing,medium,28353.57,Rep 2,Region East,Platform,18.22,true,68,true
2024-01-05,organic,tech,medium,23503.66,Rep 2,Region Central,Suite,17.35,true,89,true
2024-11-20,paid,finance,medium,23022.87,Rep 7,Region East,Suite,23.74,true,45,true
2024-12-16,webinar,retail,large,49023.89,Rep 6,Region East,Suite,17.01,false,38,false
2025-12-15,organic,retail,small,6014.49,Rep 4,Region West,Platform,9.72,false,72,true
2025-07-30,referral,retail,large,51798.64,Rep 6,Region East,Standalone,21.73,true,75,true
2025-12-02,cold_call,healthcare,small,9169.83,Rep 6,Region Central,Platform,6.91,false,25,false
2025-10-14,organic,retail,enterprise,130299.38,Rep 2,Region South,Suite,14.12,false,34,false
2025-10-16,organic,retail,medium,24565.24,Rep 6,Region South,Suite,0.0,false,68,true
2024-05-14,organic,retail,medium,27748.12,Rep 2,Region Central,Standalone,2.76,false,57,false
2024-10-11,cold_call,manufacturing,medium,23091.56,Rep 5,Region South,Suite,17.96,true,58,true
2025-09-21,webinar,manufacturing,small,7614.88,Rep 6,Region West,Platform,7.58,false,68,true
2025-06-07,webinar,retail,large,59932.03,Rep 3,Region Central,Standalone,10.89,false,64,false
2025-01-26,webinar,healthcare,large,59039.1,Rep 1,Region East,Suite,6.86,false,81,true
2025-05-09,webinar,retail,medium,20186.61,Rep 8,Region West,Standalone,11.09,true,54,true
2024-03-27,cold_call,manufacturing,small,8481.55,Rep 1,Region East,Platform,4.41,false,32,false
2024-07-01,referral,healthcare,large,31849.25,Rep 4,Region East,Suite,11.29,false,57,false
2025-06-19,webinar,retail,large,78534.09,Rep 7,Region East,Standalone,15.16,false,93,true
2024-02-05,paid,tech,small,8772.53,Rep 1,Region West,Platform,17.21,false,96,true
2025-02-13,webinar,tech,large,56407.53,Rep 4,Region South,Suite,7.32,false,70,true
2024-12-26,organic,finance,small,8836.93,Rep 1,Region East,Platform,9.43,false,87,true
2025-11-27,referral,retail,medium,22516.88,Rep 1,Region East,Standalone,17.52,false,73,true
2024-08-22,organic,retail,large,72914.23,Rep 2,Region Central,Standalone,8.6,false,72,true
2024-03-13,referral,tech,medium,20764.08,Rep 3,Region Central,Standalone,9.21,false,16,true
2024-10-14,referral,tech,large,54125.77,Rep 7,Region South,Suite,23.56,false,83,true
2025-05-21,organic,finance,large,54048.54,Rep 8,Region East,Suite,2.68,false,64,false
2024-06-11,organic,healthcare,enterprise,138741.57,Rep 2,Region East,Standalone,3.19,false,63,false
2025-11-29,cold_call,healthcare,small,7601.26,Rep 1,Region East,Platform,12.07,false,31,false
2024-08-22,cold_call,healthcare,small,8029.34,Rep 4,Region Central,Platform,13.0,false,71,true
2024-10-18,webinar,retail,medium,21654.78,Rep 5,Region South,Standalone,13.5,false,56,false
2025-11-15,cold_call,finance,small,5859.41,Rep 8,Region East,Platform,2.03,false,51,false
2024-08-22,referral,finance,small,9717.78,Rep 6,Region East,Platform,2.35,false,66,true
2024-12-27,referral,tech,small,11002.36,Rep 6,Region South,Platform,21.53,false,55,false
2025-11-03,referral,tech,medium,27220.35,Rep 5,Region West,Suite,10.31,false,73,true
2025-10-28,webinar,finance,medium,34225.03,Rep 6,Region East,Platform,10.51,false,44,false
2025-03-19,paid,tech,medium,25386.08,Rep 5,Region East,Platform,13.98,true,27,true
2024-09-14,paid,retail,medium,23185.34,Rep 2,Region West,Standalone,5.8,false,92,true
2024-03-08,referral,retail,medium,22879.72,Rep 1,Region South,Standalone,1.25,false,51,false
2025-06-09,cold_call,tech,large,56755.87,Rep 2,Region East,Standalone,0.11,true,73,true
2024-01-10,paid,retail,medium,26187.04,Rep 4,Region West,Platform,18.5,false,68,true
2024-05-30,webinar,healthcare,medium,23386.26,Rep 5,Region Central,Platform,0.0,true,43,true
2024-05-14,referral,retail,medium,22142.85,Rep 4,Region Central,Platform,5.57,false,37,true
2024-07-27,referral,tech,medium,15897.75,Rep 2,Region Central,Suite,6.7,false,93,true
2024-10-02,organic,manufacturing,large,61373.42,Rep 5,Region South,Suite,16.9,false,56,false
2025-02-19,referral,retail,enterprise,170764.09,Rep 2,Region East,Suite,5.12,false,69,true
2025-12-14,referral,retail,enterprise,146030.96,Rep 4,Region Central,Suite,18.89,true,55,false
2024-07-07,webinar,tech,small,10617.96,Rep 3,Region Central,Platform,20.65,false,53,false
2024-12-15,cold_call,tech,medium,22761.04,Rep 2,Region South,Standalone,0.0,false,57,false
2025-03-11,webinar,tech,enterprise,162487.86,Rep 2,Region Central,Standalone,0.0,true,100,true
2024-10-20,cold_call,manufacturing,small,8184.69,Rep 3,Region East,Platform,23.95,false,55,false
2024-08-29,paid,retail,large,50553.37,Rep 5,Region West,Platform,14.28,false,50,false
2025-08-13,cold_call,healthcare,large,52686.82,Rep 1,Region West,Platform,15.48,true,55,false
2024-03-16,referral,healthcare,small,8082.41,Rep 2,Region West,Platform,11.5,false,75,true
2025-05-13,referral,manufacturing,medium,17765.48,Rep 6,Region East,Standalone,13.42,false,47,false
2025-11-18,webinar,finance,enterprise,130955.02,Rep 1,Region East,Platform,0.17,false,61,false
2025-02-05,referral,healthcare,medium,25106.41,Rep 6,Region West,Suite,14.75,false,65,true
2024-07-14,paid,healthcare,large,69128.68,Rep 3,Region East,Suite,5.38,true,49,false
2024-10-13,cold_call,healthcare,large,63712.03,Rep 7,Region East,Standalone,17.68,false,74,true
2024-04-05,organic,manufacturing,enterprise,164603.76,Rep 6,Region East,Suite,7.69,false,60,false
2024-03-06,referral,retail,medium,27753.61,Rep 4,Region West,Standalone,23.56,false,53,false
2025-09-15,webinar,tech,medium,28112.64,Rep 5,Region West,Suite,9.34,false,51,false
2024-03-22,webinar,finance,medium,24424.58,Rep 5,Region East,Standalone,2.24,false,81,true
2024-11-08,webinar,tech,small,7622.92,Rep 3,Region East,Platform,7.06,false,71,true
2025-11-12,webinar,finance,small,10623.21,Rep 6,Region East,Platform,7.1,false,69,true
2025-11-25,referral,finance,small,8862.57,Rep 2,Region East,Platform,20.12,true,71,true
2024-05-15,referral,retail,medium,18252.23,Rep 2,Region Central,Standalone,27.65,true,51,false
2024-10-06,cold_call,tech,small,8708.22,Rep 2,Region East,Platform,16.33,true,46,false
2024-10-08,organic,healthcare,small,6980.88,Rep 2,Region East,Platform,4.1,false,77,true
2024-04-01,cold_call,finance,large,58891.85,Rep 5,Region East,Suite,13.01,false,45,false
2025-10-03,organic,tech,medium,23433.56,Rep 1,Region East,Platform,9.45,false,72,true
2024-05-02,referral,manufacturing,small,7651.29,Rep 6,Region Central,Platform,1.5,true,82,true
2025-04-28,organic,manufacturing,small,7605.9,Rep 1,Region South,Platform,13.53,true,17,false
2024-01-25,cold_call,retail,medium,27079.87,Rep 5,Region South,Platform,1.63,false,63,false
2024-08-22,paid,tech,small,9211.52,Rep 1,Region East,Platform,9.1,true,40,false
2024-05-07,webinar,retail,small,9015.25,Rep 7,Region West,Platform,1.8,false,47,false
2024-08-11,cold_call,finance,large,60126.1,Rep 6,Region East,Suite,10.69,false,52,false
2024-10-30,paid,finance,medium,22364.25,Rep 8,Region East,Standalone,7.93,false,32,false
2024-11-16,paid,healthcare,small,7600.01,Rep 1,Region West,Platform,11.45,false,95,true
2025-10-03,paid,tech,small,7586.42,Rep 8,Region East,Platform,14.69,false,49,false
2024-01-07,webinar,tech,medium,27273.63,Rep 3,Region Central,Suite,0.0,true,72,true
2025-04-26,cold_call,retail,enterprise,182653.11,Rep 2,Region Central,Platform,0.97,false,41,true
2024-07-25,cold_call,finance,small,9178.08,Rep 5,Region East,Platform,16.35,false,73,true
2024-12-17,referral,finance,small,9326.86,Rep 2,Region East,Platform,13.47,true,30,false
2025-04-20,paid,tech,large,57265.14,Rep 5,Region West,Platform,16.06,false,73,true
2024-08-27,cold_call,tech,small,7941.3,Rep 5,Region Central,Platform,4.6,false,73,true
2025-09-26,paid,manufacturing,enterprise,142541.05,Rep 5,Region Central,Platform,7.7,false,51,false
2024-07-11,referral,healthcare,small,10145.91,Rep 8,Region Central,Platform,18.75,false,17,true
2025-05-11,organic,tech,small,7059.9,Rep 4,Region West,Platform,17.39,true,53,false
2025-08-18,paid,finance,medium,23117.98,Rep 8,Region East,Standalone,3.42,false,46,true
2025-05-21,webinar,tech,small,6995.05,Rep 7,Region Central,Platform,16.82,true,7,true
2025-12-28,paid,finance,enterprise,147540.51,Rep 2,Region East,Suite,14.7,true,56,true
2025-08-18,cold_call,tech,large,67574.52,Rep 8,Region Central,Standalone,7.95,false,54,false
2024-07-02,referral,tech,medium,21297.96,Rep 3,Region East,Platform,22.33,true,38,true
2024-05-24,webinar,healthcare,medium,20514.32,Rep 5,Region West,Suite,9.29,true,55,false
2024-08-12,referral,healthcare,large,62983.28,Rep 3,Region South,Standalone,15.44,false,54,false
2025-04-02,referral,tech,small,8821.95,Rep 3,Region South,Platform,21.6,false,65,true
2025-10-14,referral,manufacturing,small,6087.92,Rep 4,Region West,Platform,22.72,true,42,true
2024-08-17,referral,finance,medium,26952.19,Rep 7,Region East,Suite,19.16,true,64,false
2025-11-24,referral,tech,small,7465.3,Rep 7,Region South,Platform,18.26,true,42,false
2024-06-07,referral,healthcare,medium,27631.5,Rep 6,Region South,Suite,21.0,false,74,true
2025-05-06,cold_call,retail,medium,20924.79,Rep 7,Region South,Platform,2.51,true,51,false
2024-06-03,organic,healthcare,large,59003.78,Rep 6,Region Central,Suite,0.0,true,72,true
2024-08-26,referral,finance,enterprise,119811.54,Rep 5,Region East,Suite,20.36,false,69,true
2024-08-24,organic,manufacturing,enterprise,156437.25,Rep 2,Region South,Standalone,18.58,true,72,true
2024-08-19,paid,manufacturing,medium,26367.98,Rep 3,Region West,Suite,8.62,false,66,true
2025-07-07,paid,tech,medium,24729.3,Rep 4,Region Central,Suite,16.02,true,100,true
2025-04-26,referral,healthcare,small,7483.54,Rep 2,Region East,Platform,20.53,false,53,false
2024-01-31,referral,retail,large,50624.18,Rep 6,Region East,Suite,9.03,false,74,true
2025-04-02,organic,retail,small,7302.7,Rep 4,Region Central,Platform,12.21,true,35,false
2025-03-25,referral,retail,small,6347.18,Rep 6,Region South,Platform,25.13,true,34,true
2025-04-24,referral,retail,small,8279.41,Rep 2,Region West,Platform,24.28,false,45,false
2024-03-05,cold_call,tech,large,52244.9,Rep 6,Region Central,Suite,19.55,false,94,true
2025-03-09,organic,finance,small,7048.8,Rep 3,Region East,Platform,0.0,false,44,false
2024-03-02,webinar,finance,large,63909.28,Rep 7,Region East,Platform,7.03,false,74,true
2024-12-20,paid,manufacturing,large,63033.12,Rep 5,Region Central,Standalone,10.2,false,39,false
2025-03-22,webinar,tech,small,9016.16,Rep 1,Region Central,Standalone,3.88,false,26,false
2024-10-04,organic,tech,medium,26460.07,Rep 3,Region South,Platform,3.79,true,44,true
2024-05-27,cold_call,healthcare,small,8174.61,Rep 6,Region Central,Platform,8.44,false,0,true
2024-07-07,webinar,tech,medium,20611.62,Rep 6,Region South,Suite,14.18,false,50,false
2024-08-17,referral,tech,enterprise,189879.25,Rep 2,Region West,Standalone,28.22,false,73,true
2024-04-28,organic,tech,medium,27127.88,Rep 8,Region East,Platform,9.86,false,40,true
2025-08-01,referral,finance,enterprise,157911.46,Rep 2,Region East,Suite,24.28,true,40,true
2025-11-24,organic,tech,small,5814.85,Rep 3,Region Central,Platform,15.92,false,9,false
2024-09-29,webinar,tech,large,64086.03,Rep 5,Region South,Suite,13.56,true,55,true
2024-01-24,paid,tech,medium,21631.47,Rep 6,Region East,Platform,4.31,true,83,true
2025-07-08,organic,healthcare,enterprise,150410.56,Rep 2,Region East,Suite,6.43,true,89,true
2024-05-25,organic,manufacturing,large,55594.06,Rep 5,Region South,Standalone,13.96,false,97,true
2024-12-03,organic,retail,large,41064.08,Rep 1,Region Central,Standalone,8.83,false,42,false
2024-11-05,webinar,manufacturing,small,6936.91,Rep 2,Region Central,Platform,15.0,true,68,true
2025-03-14,referral,tech,small,8445.35,Rep 1,Region Central,Platform,22.54,false,51,false
2024-10-12,webinar,healthcare,large,64882.46,Rep 2,Region Central,Platform,0.88,true,23,false
2024-05-01,cold_call,retail,medium,30254.9,Rep 5,Region Central,Platform,14.14,true,62,false
2024-09-19,cold_call,retail,large,51041.35,Rep 7,Region West,Platform,14.53,true,36,false
2024-09-01,webinar,finance,medium,26224.7,Rep 5,Region East,Platform,6.94,true,66,true
2025-06-25,organic,finance,medium,15554.55,Rep 1,Region East,Platform,16.01,false,67,true
2024-04-21,referral,healthcare,enterprise,120700.14,Rep 2,Region Central,Standalone,13.97,true,70,true
2024-08-06,referral,manufacturing,small,8825.3,Rep 8,Region South,Platform,22.61,false,66,true
2024-03-24,organic,retail,medium,17162.02,Rep 5,Region South,Platform,15.43,false,78,true
2025-11-10,organic,finance,small,6305.0,Rep 7,Region East,Platform,0.0,true,66,true
2024-05-02,paid,retail,small,7287.53,Rep 7,Region East,Platform,0.0,false,63,false
2025-03-18,cold_call,tech,medium,17781.24,Rep 2,Region West,Suite,15.53,true,35,false
2025-06-04,organic,tech,medium,18059.6,Rep 4,Region West,Suite,0.0,false,71,true
2025-12-01,organic,finance,medium,17249.38,Rep 7,Region East,Standalone,6.19,true,65,true
2024-01-28,cold_call,retail,medium,25544.44,Rep 7,Region West,Standalone,13.58,false,52,true
2025-01-24,referral,finance,large,52925.45,Rep 7,Region East,Suite,19.64,true,33,false
2024-04-12,referral,tech,small,9892.37,Rep 1,Region West,Platform,13.6,false,65,true
2025-12-06,referral,tech,small,8611.51,Rep 1,Region South,Platform,13.67,true,59,true
2025-09-16,webinar,tech,small,8742.27,Rep 4,Region South,Platform,6.15,true,57,true
2024-05-25,paid,retail,enterprise,130634.68,Rep 2,Region Central,Platform,14.74,false,44,true
2025-04-24,referral,healthcare,large,46104.8,Rep 2,Region East,Suite,19.59,true,52,false
2025-10-27,referral,healthcare,large,69403.13,Rep 1,Region West,Standalone,18.11,false,89,true
2024-01-22,referral,tech,large,57030.1,Rep 5,Region South,Standalone,13.74,false,53,true
2024-11-19,cold_call,healthcare,large,56072.82,Rep 6,Region South,Platform,5.61,false,90,true
2024-11-14,organic,tech,small,7295.66,Rep 3,Region East,Platform,16.06,true,15,false
2025-08-30,paid,finance,medium,17470.0,Rep 2,Region East,Platform,17.81,false,54,false
2024-05-13,organic,finance,medium,27594.66,Rep 2,Region East,Standalone,5.91,false,99,false
2025-09-27,referral,tech,medium,24947.63,Rep 6,Region East,Standalone,22.2,false,48,true
2024-09-03,paid,finance,medium,14017.24,Rep 6,Region East,Suite,14.21,false,27,true
2024-04-27,cold_call,tech,medium,29783.61,Rep 5,Region Central,Suite,6.54,true,70,true
2024-10-15,cold_call,finance,small,6241.58,Rep 2,Region East,Platform,11.37,true,39,false
2025-09-27,organic,finance,small,10462.28,Rep 7,Region East,Platform,11.57,false,64,true
2025-02-03,paid,retail,large,46170.59,Rep 4,Region South,Standalone,15.65,true,53,true
2024-01-14,cold_call,manufacturing,small,8756.51,Rep 7,Region Central,Platform,11.11,false,39,false
2024-01-07,paid,tech,small,8870.66,Rep 5,Region East,Platform,15.02,false,31,true
2025-12-28,webinar,tech,small,9285.32,Rep 4,Region South,Platform,6.13,false,62,false
2025-12-19,webinar,retail,small,7223.76,Rep 7,Region South,Platform,0.0,true,63,false
2024-03-25,organic,finance,large,65655.99,Rep 5,Region East,Platform,8.06,true,70,true
2025-08-08,referral,manufacturing,enterprise,168877.47,Rep 6,Region Central,Platform,18.58,true,84,true
2025-03-16,referral,manufacturing,small,10838.06,Rep 7,Region Central,Platform,7.58,false,74,true
2025-10-03,referral,retail,medium,18895.69,Rep 5,Region South,Platform,9.5,false,17,false
2025-12-04,webinar,manufacturing,medium,23805.48,Rep 6,Region South,Standalone,7.34,false,68,true
2025-06-29,referral,finance,large,81090.49,Rep 1,Region East,Standalone,3.76,false,94,true
2024-11-15,referral,retail,small,7910.09,Rep 7,Region West,Platform,28.92,false,31,false
2025-12-19,cold_call,healthcare,small,10890.19,Rep 2,Region West,Platform,15.23,false,58,true
2025-09-07,organic,finance,medium,23938.09,Rep 2,Region East,Suite,28.95,false,48,false
2024-08-18,referral,finance,small,7904.64,Rep 5,Region East,Platform,10.95,false,66,false
2025-04-24,paid,finance,enterprise,134101.84,Rep 1,Region East,Platform,16.76,false,100,true
2024-06-12,cold_call,tech,large,68334.24,Rep 3,Region East,Standalone,14.25,true,59,false
2024-08-12,webinar,manufacturing,medium,22909.95,Rep 8,Region South,Standalone,10.25,false,81,true
2024-02-19,cold_call,retail,large,56095.9,Rep 7,Region South,Standalone,16.02,true,24,false
2024-07-29,organic,tech,small,8997.55,Rep 5,Region West,Platform,15.02,false,54,false
2025-01-03,organic,finance,enterprise,174363.63,Rep 2,Region East,Platform,13.54,false,58,false
2025-04-14,referral,retail,small,7063.96,Rep 4,Region East,Platform,18.43,false,71,true
2025-03-05,paid,retail,enterprise,139605.89,Rep 1,Region West,Platform,14.88,true,57,true
2025-11-27,webinar,retail,small,8344.4,Rep 7,Region Central,Platform,0.0,false,82,true
2024-04-16,referral,retail,medium,16329.18,Rep 5,Region West,Suite,0.0,true,52,true
2024-09-09,organic,retail,small,7480.13,Rep 6,Region South,Platform,0.57,false,73,true
2024-09-26,referral,tech,enterprise,150513.41,Rep 3,Region East,Platform,10.01,false,37,false
2024-07-10,referral,healthcare,small,6452.65,Rep 1,Region West,Platform,35.83,false,33,false
2025-07-13,webinar,manufacturing,small,8856.03,Rep 1,Region East,Platform,0.67,false,8,false
2025-07-11,referral,manufacturing,medium,21256.06,Rep 3,Region East,Standalone,25.51,false,51,false
2025-03-05,organic,manufacturing,small,9750.38,Rep 3,Region South,Platform,20.58,false,100,true
2025-10-13,webinar,retail,enterprise,154236.08,Rep 2,Region West,Standalone,9.76,false,65,true
2024-12-13,webinar,tech,medium,25520.98,Rep 7,Region Central,Platform,10.29,true,69,true
2024-06-30,paid,manufacturing,small,9977.42,Rep 4,Region South,Platform,11.83,false,76,true
2025-04-21,referral,finance,large,61752.19,Rep 2,Region East,Standalone,13.21,true,54,true
2024-06-28,organic,manufacturing,small,9442.32,Rep 7,Region South,Platform,6.18,true,57,false
2024-09-21,webinar,healthcare,small,6055.82,Rep 8,Region East,Platform,10.45,false,29,true
2025-07-15,webinar,retail,enterprise,147186.27,Rep 2,Region East,Standalone,1.6,false,39,true
2025-11-14,cold_call,retail,large,66859.25,Rep 7,Region South,Standalone,3.24,false,60,true
2024-02-11,referral,tech,medium,26036.76,Rep 6,Region South,Platform,0.0,false,48,false
2025-10-30,organic,retail,small,7657.94,Rep 7,Region West,Platform,7.56,false,59,true
2024-09-03,webinar,retail,small,8247.11,Rep 8,Region South,Platform,7.65,false,40,true
2025-01-07,paid,tech,small,10330.99,Rep 7,Region West,Platform,14.26,true,73,true
2024-07-04,referral,tech,small,4893.42,Rep 4,Region West,Platform,11.56,false,56,true
2024-06-28,referral,retail,small,7651.63,Rep 1,Region South,Platform,10.13,false,51,true
2025-02-08,cold_call,tech,enterprise,157999.85,Rep 2,Region South,Suite,24.97,true,49,true
2024-04-19,referral,finance,small,5853.31,Rep 2,Region East,Platform,19.44,true,77,true
2025-05-04,referral,finance,small,8117.61,Rep 6,Region East,Platform,7.45,true,53,false
2025-07-15,organic,finance,medium,31377.25,Rep 2,Region East,Platform,8.73,true,53,false
2025-09-01,cold_call,retail,small,6479.77,Rep 5,Region Central,Platform,21.39,false,71,true
2025-08-28,organic,manufacturing,small,9190.0,Rep 1,Region Central,Platform,17.74,false,59,true
2024-03-15,referral,retail,medium,21201.09,Rep 4,Region East,Platform,6.4,false,44,false
2024-10-27,cold_call,healthcare,small,7325.17,Rep 3,Region Central,Platform,10.96,true,41,true
2025-02-09,organic,retail,medium,29419.55,Rep 2,Region East,Standalone,10.56,true,87,true
2025-08-28,paid,retail,small,6102.68,Rep 1,Region South,Platform,7.28,false,67,true
2024-12-22,cold_call,retail,small,7937.08,Rep 5,Region South,Platform,11.99,true,66,true
2024-07-17,organic,manufacturing,small,6741.29,Rep 1,Region West,Platform,19.25,false,39,true
2024-12-12,organic,healthcare,small,4447.15,Rep 1,Region East,Platform,6.25,true,66,true
2025-01-29,referral,healthcare,small,8941.68,Rep 3,Region East,Platform,18.9,true,44,false
2024-10-28,cold_call,tech,enterprise,181414.68,Rep 2,Region East,Suite,0.0,true,55,false
2025-08-13,paid,retail,small,5600.32,Rep 8,Region Central,Platform,2.35,true,98,true
2025-09-20,cold_call,finance,medium,32920.94,Rep 6,Region East,Platform,10.7,false,100,true
2025-10-08,organic,manufacturing,medium,31368.06,Rep 2,Region East,Platform,10.47,false,45,true
2024-09-27,organic,retail,medium,25960.88,Rep 8,Region West,Platform,0.03,true,55,true
2024-07-18,cold_call,finance,small,8543.76,Rep 2,Region East,Platform,1.73,true,50,false
2025-07-14,organic,retail,large,56248.96,Rep 5,Region East,Suite,15.34,false,51,false
2025-04-09,webinar,retail,large,70829.26,Rep 7,Region Central,Platform,8.62,false,47,false
2025-11-21,referral,finance,small,9924.96,Rep 1,Region East,Platform,0.88,true,49,false
2024-03-14,paid,retail,medium,24615.36,Rep 4,Region Central,Standalone,18.03,false,41,false
2024-07-01,paid,tech,small,7133.01,Rep 3,Region South,Platform,13.24,true,68,true
2025-04-02,webinar,finance,small,9138.87,Rep 2,Region East,Platform,7.85,true,87,true
2025-01-30,cold_call,retail,small,6795.57,Rep 2,Region Central,Platform,16.61,false,76,true
2025-11-29,referral,retail,small,10583.82,Rep 4,Region South,Platform,7.92,true,56,false
2024-09-05,paid,retail,small,7305.94,Rep 7,Region West,Platform,17.95,false,63,false
2025-07-27,cold_call,healthcare,large,51696.93,Rep 6,Region South,Suite,6.53,true,23,false
2024-01-17,referral,retail,large,34139.79,Rep 8,Region West,Suite,5.07,false,86,true
2024-11-27,referral,retail,medium,26576.24,Rep 8,Region East,Platform,24.58,true,78,true
2024-02-22,webinar,healthcare,small,10206.08,Rep 7,Region East,Platform,5.69,false,73,true
2024-04-10,referral,finance,small,9657.88,Rep 6,Region East,Platform,19.24,true,51,true
2024-11-09,cold_call,retail,large,63731.64,Rep 4,Region West,Standalone,28.92,false,81,true
2025-04-09,webinar,healthcare,large,55027.93,Rep 6,Region East,Suite,13.49,true,99,true
2024-01-30,paid,retail,medium,24441.74,Rep 2,Region West,Standalone,16.73,true,52,false
2024-10-11,paid,tech,large,58543.37,Rep 2,Region East,Platform,3.25,false,49,false
2025-03-01,referral,manufacturing,small,8302.98,Rep 1,Region Central,Platform,14.84,true,94,true
2024-12-08,webinar,tech,medium,14661.52,Rep 6,Region South,Standalone,15.68,false,84,true
2025-04-24,referral,tech,small,8404.06,Rep 1,Region South,Platform,12.45,true,40,false
2025-04-22,referral,retail,small,7801.02,Rep 8,Region East,Platform,7.66,true,60,false
2024-09-09,organic,tech,small,9756.06,Rep 8,Region South,Platform,10.05,true,76,true
2024-12-11,organic,retail,medium,28493.29,Rep 3,Region Central,Platform,0.82,false,83,true
2024-07-27,cold_call,finance,medium,29757.59,Rep 4,Region East,Suite,8.23,false,69,true
2024-11-13,cold_call,retail,small,8699.86,Rep 8,Region East,Platform,15.13,true,45,false
2025-01-05,paid,retail,enterprise,110151.15,Rep 6,Region South,Standalone,0.0,false,65,true
2025-08-27,organic,manufacturing,large,51655.18,Rep 8,Region South,Standalone,7.59,false,56,false
2025-10-20,referral,manufacturing,large,49049.03,Rep 1,Region West,Platform,18.03,true,53,false
2025-04-27,webinar,tech,small,7726.45,Rep 7,Region East,Platform,17.65,false,67,true
2025-04-09,paid,manufacturing,large,67974.59,Rep 1,Region East,Standalone,0.0,false,41,true
2024-01-17,referral,finance,small,3819.65,Rep 2,Region East,Platform,25.91,false,22,false
2024-12-06,referral,tech,small,7811.08,Rep 4,Region West,Platform,0.0,true,37,false
2024-09-19,organic,finance,large,64069.84,Rep 6,Region East,Platform,1.16,false,66,true
2025-02-22,referral,finance,medium,25254.18,Rep 7,Region East,Standalone,10.25,true,75,true
2024-12-23,paid,finance,small,6943.37,Rep 7,Region East,Platform,11.54,false,71,true
2024-03-25,cold_call,manufacturing,medium,27750.82,Rep 5,Region South,Platform,13.51,true,49,true
2024-07-30,referral,retail,large,43289.4,Rep 6,Region Central,Platform,20.58,true,65,true
2025-05-25,organic,tech,enterprise,144011.56,Rep 2,Region South,Platform,0.0,false,58,false
2024-05-29,paid,tech,small,11250.59,Rep 4,Region South,Platform,10.22,false,100,true
2024-04-25,paid,tech,medium,22058.14,Rep 5,Region West,Suite,17.0,true,35,false
2025-07-04,cold_call,retail,large,58867.27,Rep 5,Region Central,Platform,5.51,false,70,true
2024-09-30,referral,retail,small,8917.27,Rep 1,Region South,Platform,20.26,false,14,false
2025-01-14,cold_call,healthcare,small,5878.39,Rep 8,Region Central,Platform,5.95,false,47,true
2024-05-08,paid,tech,medium,23667.95,Rep 3,Region South,Platform,16.99,true,56,false
2024-03-14,cold_call,healthcare,small,8230.3,Rep 1,Region South,Platform,5.79,false,56,false
2025-06-06,referral,healthcare,medium,27654.35,Rep 4,Region South,Platform,19.58,false,51,false
2025-01-21,webinar,healthcare,medium,25317.77,Rep 6,Region Central,Suite,9.72,false,57,true
2024-10-08,cold_call,manufacturing,medium,24132.88,Rep 4,Region South,Suite,8.23,true,59,false
2024-01-10,webinar,finance,medium,27263.29,Rep 3,Region East,Platform,9.42,false,56,true
2025-07-15,organic,tech,small,5863.3,Rep 7,Region Central,Platform,6.6,true,53,true
2025-02-17,cold_call,retail,large,51762.18,Rep 5,Region East,Platform,2.48,false,46,false
2025-09-30,organic,retail,large,45447.22,Rep 1,Region South,Suite,9.52,false,51,true
2024-02-13,organic,tech,small,6947.02,Rep 4,Region West,Platform,8.68,false,75,true
2025-09-20,organic,finance,small,9691.4,Rep 3,Region East,Platform,4.37,false,60,false
2025-02-26,organic,tech,small,8257.29,Rep 3,Region Central,Platform,10.54,false,4,false
2025-03-15,organic,tech,medium,26348.04,Rep 8,Region West,Standalone,17.63,false,79,true
2025-01-30,referral,retail,small,7971.87,Rep 8,Region Central,Platform,28.53,false,73,true
2025-03-12,organic,finance,small,7892.26,Rep 4,Region East,Platform,11.66,false,61,false
2024-11-30,paid,finance,large,73801.57,Rep 3,Region East,Suite,5.38,false,55,false
2025-08-11,organic,tech,medium,26820.64,Rep 4,Region South,Standalone,1.58,true,71,true
2025-11-29,organic,finance,small,8722.64,Rep 7,Region East,Platform,23.69,false,67,true
2025-05-19,webinar,tech,enterprise,153051.71,Rep 2,Region West,Standalone,0.0,false,68,true
2024-06-24,referral,retail,enterprise,185526.89,Rep 2,Region South,Platform,11.51,true,32,false
2025-02-09,cold_call,retail,medium,21572.92,Rep 2,Region South,Platform,12.27,false,62,true
2025-01-25,webinar,tech,small,9640.88,Rep 3,Region Central,Platform,11.79,false,53,true
2024-10-17,paid,manufacturing,small,6672.52,Rep 6,Region East,Platform,13.78,true,56,false
2024-03-10,webinar,tech,small,7070.17,Rep 4,Region South,Platform,9.29,false,63,false
2025-03-04,paid,healthcare,large,66902.73,Rep 8,Region East,Suite,6.63,true,29,false
2024-08-19,organic,retail,medium,29458.9,Rep 4,Region South,Standalone,9.16,false,65,true
2025-10-04,cold_call,manufacturing,small,7073.37,Rep 7,Region Central,Platform,5.97,false,56,false
2025-04-18,webinar,healthcare,small,7731.91,Rep 5,Region East,Platform,14.87,false,65,true
2024-08-27,organic,retail,large,67534.19,Rep 5,Region South,Platform,9.1,true,87,true
2025-03-05,cold_call,finance,small,8561.66,Rep 8,Region East,Platform,12.97,false,68,true
2024-12-09,webinar,manufacturing,medium,21157.7,Rep 8,Region Central,Platform,7.21,false,87,true
2025-04-24,organic,retail,medium,29988.56,Rep 8,Region South,Platform,0.54,true,54,false
2024-07-09,paid,retail,medium,23920.02,Rep 1,Region Central,Standalone,6.7,true,78,true
2024-02-10,cold_call,finance,medium,22909.19,Rep 8,Region East,Standalone,14.13,false,61,true
2025-02-20,referral,tech,small,6809.41,Rep 7,Region East,Platform,21.22,false,88,true
2024-07-10,cold_call,finance,small,8679.14,Rep 1,Region East,Platform,19.02,true,79,true
2025-06-09,cold_call,retail,large,66899.12,Rep 3,Region East,Platform,16.27,true,57,true
2025-01-10,paid,tech,medium,22126.96,Rep 1,Region West,Standalone,14.67,true,61,false
2025-11-26,paid,retail,enterprise,123721.37,Rep 2,Region South,Platform,9.77,true,74,true
2025-03-27,organic,finance,large,40481.49,Rep 4,Region East,Suite,9.37,false,73,true
2024-06-12,webinar,healthcare,large,65308.39,Rep 2,Region South,Platform,8.36,false,68,true
2025-07-12,organic,healthcare,small,7997.25,Rep 8,Region South,Platform,8.89,false,45,true
2024-08-27,organic,retail,medium,27954.95,Rep 8,Region West,Suite,20.79,false,93,true
2025-08-22,paid,tech,large,52766.09,Rep 4,Region Central,Standalone,4.76,true,59,true
2025-02-25,referral,tech,small,10569.7,Rep 7,Region South,Platform,20.66,true,43,false
2025-09-26,referral,finance,large,57322.25,Rep 3,Region East,Standalone,20.26,true,32,false
2025-05-01,referral,retail,medium,29395.76,Rep 8,Region West,Suite,1.66,false,64,true
2024-03-12,organic,finance,small,7650.79,Rep 5,Region East,Platform,13.78,false,43,false
2024-04-16,referral,manufacturing,large,63045.83,Rep 5,Region West,Standalone,12.97,false,77,true
2024-03-10,referral,retail,medium,31025.85,Rep 4,Region East,Suite,21.88,false,38,false
2025-05-06,organic,tech,large,76048.64,Rep 7,Region South,Standalone,7.12,true,52,false
2024-01-21,webinar,retail,medium,28893.92,Rep 4,Region West,Standalone,3.58,false,74,true
2024-02-01,cold_call,retail,medium,34146.73,Rep 6,Region East,Platform,0.0,true,29,true
2025-09-24,webinar,finance,enterprise,170567.34,Rep 2,Region East,Suite,0.0,false,77,true
2025-10-27,webinar,tech,large,58594.46,Rep 2,Region East,Standalone,9.03,true,86,true
2025-09-04,cold_call,healthcare,medium,24084.66,Rep 1,Region Central,Platform,13.5,false,48,false
2025-02-23,paid,retail,enterprise,173918.45,Rep 2,Region West,Standalone,12.62,true,49,true
2024-05-30,webinar,tech,medium,28523.77,Rep 2,Region East,Suite,16.51,false,51,true
2025-04-10,referral,manufacturing,small,7581.06,Rep 3,Region Central,Platform,18.3,false,65,true
2024-02-28,cold_call,retail,small,7688.31,Rep 5,Region Central,Platform,7.03,false,37,true
2025-12-26,referral,retail,medium,27547.45,Rep 4,Region South,Platform,18.26,false,83,true
2024-09-12,webinar,finance,medium,21098.17,Rep 5,Region East,Platform,7.54,false,59,false
2025-12-08,organic,retail,small,7141.55,Rep 4,Region Central,Platform,10.49,true,56,false
2025-01-30,paid,retail,medium,20352.83,Rep 3,Region Central,Platform,7.68,false,41,false
2024-01-26,cold_call,manufacturing,large,67816.9,Rep 8,Region South,Platform,11.54,false,74,true
2025-01-01,cold_call,tech,medium,26193.18,Rep 1,Region South,Suite,2.94,true,89,true
2025-11-30,paid,manufacturing,small,9520.45,Rep 1,Region East,Platform,7.56,true,60,false
2025-10-05,organic,finance,small,6044.16,Rep 4,Region East,Platform,6.36,false,41,false
2024-07-08,referral,manufacturing,small,8685.32,Rep 2,Region East,Platform,20.19,true,47,false
2025-02-05,referral,manufacturing,medium,23365.25,Rep 1,Region East,Suite,10.79,true,58,false
2024-03-06,organic,finance,medium,21161.09,Rep 5,Region East,Standalone,0.16,true,77,true
2025-01-06,cold_call,finance,large,70949.56,Rep 5,Region West,Standalone,5.99,false,35,false
2025-04-04,webinar,tech,large,54898.3,Rep 2,Region South,Standalone,14.34,true,78,true
2024-04-19,referral,finance,large,72421.22,Rep 1,Region East,Platform,27.68,true,49,true
2024-10-21,referral,healthcare,large,61803.59,Rep 8,Region South,Suite,16.61,false,58,true
2024-07-14,organic,tech,large,77688.11,Rep 7,Region South,Platform,4.65,false,64,true
2024-05-09,cold_call,finance,medium,28572.73,Rep 8,Region East,Standalone,5.35,true,3,false
2025-07-15,referral,retail,medium,28692.03,Rep 8,Region West,Standalone,19.51,false,54,true
2025-11-26,referral,finance,small,9561.78,Rep 4,Region East,Platform,18.13,false,77,true
2024-02-11,referral,healthcare,small,7441.51,Rep 5,Region Central,Platform,17.37,false,54,false
2024-01-03,referral,finance,medium,25298.24,Rep 3,Region East,Standalone,3.08,false,80,true
2025-07-05,organic,finance,medium,23716.43,Rep 3,Region East,Platform,7.36,false,54,false
2025-11-28,referral,tech,large,64024.25,Rep 6,Region South,Platform,0.0,false,44,true
2024-01-07,cold_call,finance,large,58820.48,Rep 3,Region East,Platform,9.73,false,18,true
2024-04-30,cold_call,manufacturing,small,6897.81,Rep 8,Region Central,Platform,12.15,true,37,true
2025-02-19,webinar,retail,medium,24049.03,Rep 2,Region West,Standalone,15.13,true,47,false
2024-06-10,organic,tech,large,57074.59,Rep 8,Region West,Platform,17.27,false,82,true
2024-02-22,webinar,finance,medium,22921.57,Rep 4,Region East,Standalone,10.88,true,41,true
2025-01-16,referral,healthcare,small,6140.07,Rep 7,Region East,Platform,22.07,false,42,false
2025-12-02,paid,retail,small,8649.01,Rep 3,Region East,Platform,8.81,true,58,true
2025-01-31,organic,tech,large,57268.86,Rep 7,Region East,Suite,0.18,false,44,false
2025-01-21,webinar,tech,large,65741.1,Rep 7,Region East,Standalone,15.78,false,44,false
2024-02-16,webinar,tech,small,10007.63,Rep 7,Region Central,Platform,4.27,false,63,false
2024-05-23,paid,healthcare,small,8233.66,Rep 2,Region East,Platform,4.86,false,100,true
2025-12-21,organic,retail,small,7937.38,Rep 3,Region Central,Platform,0.0,false,66,true
2024-09-24,referral,healthcare,small,6636.67,Rep 7,Region West,Platform,25.06,false,91,true
2024-12-20,cold_call,retail,small,7064.93,Rep 4,Region East,Platform,0.0,false,56,false
2024-12-06,paid,manufacturing,small,7286.5,Rep 4,Region West,Platform,16.43,true,62,false
2025-08-05,organic,healthcare,small,7382.37,Rep 2,Region Central,Platform,2.33,false,69,true
2025-11-30,paid,manufacturing,large,51740.39,Rep 6,Region East,Suite,0.0,false,99,true
2025-10-21,paid,finance,small,9091.64,Rep 3,Region East,Platform,14.18,false,90,true
2024-10-13,organic,finance,enterprise,151412.46,Rep 2,Region East,Standalone,15.09,true,61,true
2025-05-19,cold_call,tech,large,53372.56,Rep 1,Region Central,Platform,4.77,false,71,true
2025-08-15,webinar,manufacturing,large,49717.28,Rep 3,Region Central,Standalone,7.85,true,48,true
2024-07-19,referral,manufacturing,small,7383.67,Rep 6,Region West,Platform,10.73,true,51,false
2024-09-06,organic,finance,large,54770.95,Rep 7,Region East,Suite,11.98,true,45,false
2025-10-31,webinar,tech,small,6195.69,Rep 1,Region Central,Platform,14.86,false,64,false
2024-02-15,referral,retail,medium,28489.09,Rep 3,Region Central,Suite,2.26,false,22,false
2024-10-05,organic,tech,medium,26934.57,Rep 4,Region East,Standalone,18.95,true,24,true
2024-05-01,webinar,finance,medium,27938.7,Rep 7,Region East,Standalone,12.73,false,32,false
2024-07-29,organic,healthcare,large,50450.49,Rep 1,Region West,Platform,22.91,false,75,false
2025-08-13,referral,retail,large,69448.71,Rep 4,Region Central,Platform,23.37,false,96,true
2025-12-11,webinar,finance,small,8758.42,Rep 1,Region East,Platform,13.59,true,20,true
2025-09-11,referral,manufacturing,medium,23529.83,Rep 1,Region West,Platform,22.25,true,45,true
2024-02-27,referral,tech,small,6789.38,Rep 7,Region West,Platform,22.11,false,60,false
2025-06-19,paid,healthcare,medium,27393.95,Rep 5,Region Central,Platform,8.96,false,57,false
2024-08-27,webinar,tech,medium,26829.52,Rep 2,Region Central,Suite,21.56,false,67,true
2024-06-03,paid,healthcare,enterprise,142150.55,Rep 2,Region South,Suite,17.78,false,58,false
2024-11-23,webinar,healthcare,medium,26589.89,Rep 4,Region Central,Standalone,11.86,false,81,true
2025-04-19,organic,finance,large,74245.19,Rep 4,Region East,Standalone,12.07,false,54,false
2025-03-12,organic,manufacturing,large,44637.0,Rep 8,Region West,Platform,23.33,false,21,false
2024-09-12,webinar,tech,large,70012.16,Rep 2,Region West,Suite,15.48,true,71,true
2024-10-07,paid,finance,medium,21303.93,Rep 8,Region East,Standalone,25.61,true,39,false
2024-09-07,cold_call,manufacturing,small,9494.63,Rep 7,Region South,Platform,17.79,true,53,false
2024-02-06,cold_call,tech,enterprise,183545.89,Rep 2,Region South,Suite,7.56,false,60,false
2025-05-19,webinar,tech,small,7647.52,Rep 3,Region Central,Platform,3.12,true,41,false
2025-12-25,cold_call,tech,small,5059.01,Rep 8,Region West,Platform,10.49,false,66,true
2024-02-02,organic,finance,large,56757.96,Rep 7,Region East,Suite,17.95,true,67,true
2025-03-29,paid,tech,enterprise,150086.06,Rep 2,Region East,Standalone,0.0,true,85,true
2024-03-08,paid,manufacturing,enterprise,163141.59,Rep 2,Region South,Platform,17.77,true,54,true
2025-09-19,webinar,finance,large,69944.85,Rep 5,Region East,Platform,13.43,false,28,true
2025-02-01,webinar,retail,small,7195.48,Rep 7,Region West,Platform,18.25,false,35,false
2025-07-23,referral,finance,small,5027.09,Rep 7,Region East,Platform,17.43,true,69,true
2024-01-11,referral,manufacturing,large,44420.68,Rep 4,Region South,Standalone,20.34,false,50,true
2025-10-05,organic,finance,medium,30305.01,Rep 1,Region East,Suite,26.61,false,35,true
2024-06-10,organic,manufacturing,medium,27063.4,Rep 8,Region East,Standalone,11.39,true,59,true
2024-01-20,referral,tech,enterprise,130584.7,Rep 2,Region South,Platform,18.73,false,72,true
2024-12-08,paid,finance,enterprise,136339.63,Rep 2,Region East,Suite,6.43,true,91,true
2024-06-16,referral,manufacturing,large,49645.67,Rep 3,Region Central,Platform,19.65,true,35,true
2024-11-22,referral,healthcare,small,7366.78,Rep 4,Region West,Platform,18.67,true,76,true
2024-04-03,cold_call,healthcare,enterprise,155205.67,Rep 2,Region East,Suite,0.0,false,71,true
2024-07-15,cold_call,tech,enterprise,160674.26,Rep 2,Region West,Platform,0.0,true,55,true
2025-01-26,referral,finance,medium,30011.99,Rep 1,Region East,Suite,27.68,false,62,true
2024-03-23,cold_call,retail,small,8523.05,Rep 7,Region East,Platform,25.76,true,67,true
2025-07-03,webinar,healthcare,large,59753.32,Rep 7,Region East,Standalone,6.46,false,83,true
2024-04-19,cold_call,tech,enterprise,137693.25,Rep 2,Region Central,Suite,10.0,false,56,true
2024-12-12,referral,healthcare,small,7181.31,Rep 5,Region Central,Platform,0.0,false,82,true
2024-03-27,webinar,manufacturing,large,28920.93,Rep 8,Region East,Suite,12.23,false,29,false
2025-03-08,organic,manufacturing,small,6421.71,Rep 6,Region Central,Platform,0.97,false,56,false
2024-02-08,cold_call,finance,small,6036.79,Rep 5,Region East,Platform,8.12,false,45,false
2024-10-05,cold_call,tech,medium,18701.04,Rep 2,Region Central,Suite,5.67,false,34,false
2024-12-11,paid,manufacturing,medium,26643.26,Rep 5,Region Central,Standalone,9.55,false,75,true
2024-07-01,referral,retail,small,6830.27,Rep 6,Region South,Platform,4.63,false,72,true
2024-08-26,referral,retail,medium,20884.0,Rep 3,Region Central,Suite,9.79,false,49,true
2025-09-30,webinar,healthcare,large,56834.95,Rep 4,Region East,Suite,9.44,false,42,false
2024-01-21,referral,manufacturing,medium,19045.52,Rep 8,Region West,Platform,23.58,false,44,false
2025-07-26,cold_call,tech,medium,24675.4,Rep 6,Region East,Platform,12.72,false,65,true
2024-04-16,referral,tech,medium,28287.89,Rep 7,Region West,Platform,19.43,false,46,false
2024-03-27,organic,healthcare,large,63199.52,Rep 6,Region Central,Standalone,14.03,false,61,false
2025-05-03,referral,healthcare,small,10298.63,Rep 7,Region East,Standalone,18.6,false,86,true
2024-08-26,referral,manufacturing,enterprise,136810.83,Rep 2,Region South,Suite,20.92,true,58,false
2024-01-16,cold_call,finance,large,44704.11,Rep 4,Region East,Platform,13.99,true,71,true
2024-07-17,webinar,retail,medium,18795.7,Rep 3,Region Central,Standalone,16.78,false,24,false
2024-08-24,paid,tech,small,9703.34,Rep 7,Region South,Platform,11.16,false,65,true
2025-11-25,webinar,tech,small,7017.89,Rep 3,Region South,Platform,10.27,false,60,true
2024-11-19,cold_call,healthcare,large,58150.68,Rep 1,Region East,Suite,0.0,false,56,true
2025-11-04,webinar,finance,medium,30313.46,Rep 2,Region East,Standalone,14.94,true,58,false
2024-03-15,cold_call,healthcare,large,49093.21,Rep 4,Region East,Platform,0.0,false,67,true
2025-11-07,referral,tech,large,69256.58,Rep 8,Region Central,Standalone,20.35,true,62,false
2025-09-23,paid,retail,large,53079.01,Rep 8,Region West,Platform,2.14,true,56,true
2025-12-25,referral,retail,small,8382.79,Rep 2,Region East,Platform,18.18,false,49,false
2025-09-21,paid,finance,small,9620.87,Rep 3,Region East,Platform,7.72,false,52,false
2025-10-08,paid,healthcare,medium,18288.61,Rep 4,Region Central,Standalone,8.09,false,72,true
2024-01-02,organic,retail,large,66679.92,Rep 3,Region South,Standalone,17.12,true,46,false
2024-05-09,webinar,finance,enterprise,131575.52,Rep 2,Region East,Platform,13.9,false,56,false
2025-02-12,paid,retail,enterprise,149130.09,Rep 2,Region South,Platform,19.33,false,86,true
2024-01-10,organic,healthcare,large,67049.36,Rep 6,Region West,Standalone,6.98,true,77,true
2024-12-09,paid,finance,medium,21874.23,Rep 2,Region East,Standalone,0.0,true,39,false
2024-05-20,webinar,finance,medium,19067.53,Rep 1,Region East,Platform,3.27,false,65,true
2024-03-21,webinar,healthcare,large,74903.64,Rep 1,Region East,Standalone,0.0,false,74,true
2025-09-08,referral,finance,medium,22748.83,Rep 8,Region East,Suite,18.9,true,62,false
2025-12-18,webinar,manufacturing,small,10040.18,Rep 7,Region West,Platform,17.35,false,39,false
2024-03-21,referral,healthcare,large,76592.16,Rep 6,Region East,Suite,8.44,true,54,false
2024-06-02,webinar,tech,enterprise,114929.74,Rep 2,Region South,Platform,9.83,false,33,false
2024-05-31,organic,manufacturing,large,61733.98,Rep 2,Region East,Suite,2.23,false,37,true
2024-09-10,paid,finance,large,45968.89,Rep 6,Region East,Suite,12.42,false,32,false
2024-05-03,organic,retail,small,7840.03,Rep 2,Region Central,Platform,16.2,true,51,false
2024-07-05,paid,finance,medium,25008.33,Rep 4,Region East,Suite,6.52,false,75,false
2025-08-27,webinar,manufacturing,medium,20513.71,Rep 8,Region South,Standalone,24.34,false,67,true
2024-03-18,referral,finance,medium,17134.0,Rep 8,Region East,Platform,27.09,false,80,true
2024-06-29,organic,healthcare,large,55112.96,Rep 7,Region Central,Standalone,4.77,false,60,false
2025-05-14,referral,tech,small,7756.25,Rep 2,Region South,Platform,16.61,true,78,true
2025-09-14,referral,manufacturing,enterprise,160484.68,Rep 2,Region East,Standalone,20.71,false,45,false
2024-01-12,organic,finance,medium,24936.19,Rep 6,Region East,Platform,11.58,true,63,false
2024-08-30,webinar,tech,enterprise,151475.62,Rep 2,Region Central,Suite,0.82,false,34,false
2024-05-06,referral,tech,large,69932.79,Rep 2,Region Central,Suite,20.96,false,62,true
2024-11-02,referral,tech,small,8753.28,Rep 2,Region East,Platform,22.69,true,60,false
2024-01-26,webinar,tech,medium,28495.79,Rep 3,Region East,Platform,9.12,false,59,false
2024-05-05,referral,retail,medium,23247.77,Rep 8,Region West,Suite,11.81,false,70,true
2024-08-06,cold_call,finance,medium,26988.06,Rep 2,Region East,Standalone,23.99,false,69,true
2024-04-01,referral,retail,small,7583.01,Rep 4,Region Central,Platform,20.03,false,60,false
2025-11-06,organic,tech,enterprise,131143.7,Rep 2,Region South,Standalone,23.7,false,29,false
2025-04-18,paid,healthcare,medium,21995.2,Rep 7,Region West,Standalone,10.56,false,66,false
2025-05-22,cold_call,finance,small,6057.39,Rep 7,Region East,Platform,18.3,true,50,true
2025-01-12,referral,manufacturing,medium,28862.96,Rep 8,Region West,Platform,23.55,false,64,false
2024-01-23,webinar,retail,medium,20323.1,Rep 2,Region South,Standalone,17.09,false,62,false
2024-10-11,paid,retail,medium,19111.14,Rep 5,Region West,Standalone,10.5,false,66,true
2024-07-05,referral,finance,small,7011.29,Rep 6,Region East,Platform,6.35,false,47,false
2024-11-10,organic,retail,large,79759.7,Rep 5,Region West,Suite,1.4,false,44,true
2025-12-08,cold_call,finance,large,51240.2,Rep 2,Region East,Standalone,5.29,false,76,true
2024-11-20,cold_call,tech,large,66427.66,Rep 5,Region South,Platform,16.9,false,40,false
2024-08-20,referral,tech,medium,28505.39,Rep 2,Region East,Platform,10.71,false,58,false
2025-01-18,organic,healthcare,large,62529.55,Rep 3,Region East,Suite,15.03,false,55,false
2025-08-23,cold_call,finance,medium,32532.69,Rep 8,Region East,Platform,12.1,true,15,true
2025-04-20,cold_call,manufacturing,small,6674.3,Rep 8,Region Central,Platform,7.02,true,80,true
2025-09-22,cold_call,tech,enterprise,171945.41,Rep 1,Region South,Platform,6.26,false,88,true
2024-11-07,organic,retail,medium,25976.54,Rep 5,Region West,Platform,10.35,false,54,true
2024-04-20,organic,retail,medium,30646.24,Rep 7,Region West,Suite,15.89,false,43,true
2024-06-29,cold_call,tech,medium,22821.04,Rep 6,Region West,Platform,13.14,true,54,false
2025-11-10,webinar,finance,medium,26904.12,Rep 7,Region East,Platform,2.85,true,59,false
2024-03-29,referral,retail,enterprise,154910.73,Rep 2,Region East,Suite,19.56,false,41,true
2024-09-03,cold_call,manufacturing,small,10170.07,Rep 7,Region South,Platform,13.79,true,52,false
2024-04-14,paid,manufacturing,medium,23172.98,Rep 5,Region West,Platform,12.46,true,97,true
2025-07-23,organic,finance,medium,26720.5,Rep 8,Region East,Platform,8.03,false,48,false
2025-04-09,organic,healthcare,medium,25494.57,Rep 8,Region Central,Standalone,17.39,false,71,true
2024-03-23,referral,retail,enterprise,137406.87,Rep 2,Region East,Standalone,23.25,false,32,false
2024-01-10,cold_call,healthcare,large,70093.63,Rep 2,Region East,Platform,0.0,false,62,false
2025-09-16,paid,retail,large,61036.42,Rep 4,Region West,Standalone,6.52,false,100,true
2024-05-13,referral,tech,medium,26448.22,Rep 3,Region Central,Platform,11.34,false,88,true
2025-07-10,paid,manufacturing,large,53267.39,Rep 3,Region East,Platform,8.51,true,40,false
2025-02-13,organic,tech,small,8365.39,Rep 6,Region Central,Platform,0.0,false,55,true
2024-09-14,cold_call,retail,small,6212.3,Rep 8,Region West,Platform,0.0,true,51,false
2024-02-18,cold_call,tech,medium,21626.16,Rep 5,Region South,Suite,13.09,true,75,true
2024-02-13,webinar,retail,small,6602.95,Rep 6,Region South,Platform,12.67,false,92,true
2024-08-31,paid,finance,medium,22673.81,Rep 5,Region East,Platform,8.62,false,62,false
2025-12-23,cold_call,finance,medium,22217.77,Rep 1,Region East,Platform,11.88,false,55,false
2024-12-29,cold_call,tech,medium,17048.86,Rep 7,Region Central,Standalone,12.04,false,69,true
2025-05-12,cold_call,manufacturing,medium,20195.4,Rep 6,Region South,Standalone,15.22,true,55,true
2025-06-28,referral,finance,small,5983.08,Rep 7,Region East,Platform,0.0,true,59,true
2025-06-05,referral,healthcare,small,8882.46,Rep 8,Region South,Platform,18.82,false,46,false
2025-04-11,webinar,retail,medium,24651.91,Rep 7,Region West,Standalone,0.0,false,70,true
2024-05-30,cold_call,retail,medium,26658.47,Rep 3,Region West,Platform,5.78,false,46,false
2025-06-14,referral,healthcare,small,6279.18,Rep 2,Region West,Platform,19.45,false,44,true
2025-01-11,cold_call,finance,small,9655.63,Rep 7,Region East,Platform,4.98,false,47,false
2025-07-05,cold_call,manufacturing,medium,23087.36,Rep 8,Region South,Standalone,0.0,false,46,false
2025-08-20,cold_call,tech,medium,32373.53,Rep 3,Region East,Standalone,1.75,true,71,true
2024-03-18,referral,retail,large,70174.91,Rep 7,Region East,Platform,14.74,false,43,true
2025-12-10,referral,tech,medium,31328.09,Rep 1,Region South,Suite,19.24,false,64,true
2024-09-10,referral,manufacturing,medium,27569.23,Rep 7,Region West,Standalone,25.56,false,66,true
2025-03-30,webinar,retail,large,35170.37,Rep 3,Region South,Platform,7.87,false,90,true
2025-12-03,organic,finance,large,49627.08,Rep 8,Region East,Suite,10.3,false,69,true
2024-07-22,paid,finance,medium,22472.79,Rep 5,Region East,Standalone,12.56,true,60,true
2025-05-06,cold_call,finance,small,10089.55,Rep 1,Region East,Platform,14.39,false,82,true
2024-06-09,cold_call,finance,large,44248.2,Rep 2,Region East,Platform,1.28,true,48,false
2025-02-14,webinar,retail,enterprise,149003.96,Rep 5,Region Central,Suite,5.92,false,76,true
2024-05-10,webinar,manufacturing,small,7525.62,Rep 3,Region Central,Platform,24.64,false,37,true
2024-11-07,organic,manufacturing,large,60353.04,Rep 4,Region West,Suite,15.37,false,70,true
2024-03-17,webinar,retail,enterprise,121072.18,Rep 2,Region South,Standalone,0.0,true,38,false
2025-02-12,cold_call,finance,small,8499.07,Rep 8,Region Central,Platform,3.65,false,34,true
2025-01-13,referral,healthcare,large,65214.31,Rep 7,Region East,Suite,25.04,false,52,true
2025-09-22,paid,finance,small,7982.27,Rep 3,Region East,Platform,4.92,false,18,false
2025-05-08,paid,tech,medium,24308.13,Rep 8,Region Central,Platform,13.46,false,41,false
2025-05-11,referral,finance,small,7223.87,Rep 6,Region East,Platform,11.01,true,45,true
2025-01-27,webinar,tech,large,62734.77,Rep 2,Region South,Platform,4.94,true,45,false
2025-01-19,organic,retail,enterprise,156300.85,Rep 2,Region South,Platform,4.71,false,65,true
2025-03-20,cold_call,finance,small,7939.61,Rep 1,Region East,Platform,0.0,true,27,true
2025-05-25,referral,finance,medium,26656.58,Rep 2,Region East,Suite,22.87,true,87,true
2025-06-03,organic,retail,small,7183.59,Rep 7,Region South,Platform,24.58,false,48,true
2025-11-18,webinar,tech,small,6192.54,Rep 6,Region West,Platform,16.0,false,82,true
2025-10-30,organic,manufacturing,medium,28430.88,Rep 5,Region West,Suite,19.25,false,77,true
2025-03-08,paid,retail,large,85358.18,Rep 8,Region South,Platform,8.4,false,43,false
2024-10-18,referral,tech,large,45028.86,Rep 6,Region Central,Standalone,10.31,true,55,false
2025-06-24,paid,retail,small,9466.64,Rep 5,Region Central,Platform,15.33,false,23,true
2025-03-02,cold_call,healthcare,enterprise,146611.55,Rep 2,Region West,Standalone,17.56,false,59,false
2025-10-17,referral,retail,enterprise,180190.0,Rep 2,Region Central,Suite,16.59,false,68,true
2025-08-26,organic,manufacturing,medium,26322.99,Rep 1,Region West,Platform,4.43,true,45,true
2025-05-19,referral,tech,small,7726.02,Rep 2,Region South,Platform,20.32,false,0,false
2024-10-16,cold_call,finance,small,9813.61,Rep 4,Region East,Suite,8.04,false,85,true
2024-12-31,organic,retail,enterprise,163960.17,Rep 2,Region South,Standalone,8.7,true,71,true
2025-06-23,referral,finance,small,9946.8,Rep 2,Region West,Platform,16.9,false,65,true
2024-10-09,paid,healthcare,large,54927.67,Rep 4,Region South,Platform,17.95,false,31,true
2025-11-30,referral,healthcare,medium,33859.75,Rep 8,Region East,Standalone,13.49,true,53,true
2025-09-27,paid,tech,small,7066.77,Rep 5,Region West,Platform,0.0,false,42,true
2025-10-23,referral,tech,medium,22711.56,Rep 3,Region South,Standalone,9.4,false,75,true
2024-04-21,referral,retail,small,10322.21,Rep 1,Region West,Platform,19.81,true,57,false
2024-07-30,webinar,healthcare,enterprise,130960.87,Rep 2,Region South,Standalone,15.6,false,66,true
2024-07-29,webinar,tech,enterprise,140958.36,Rep 2,Region Central,Suite,2.37,true,77,true
2025-01-27,paid,finance,medium,18572.58,Rep 1,Region East,Suite,3.93,false,46,false
2025-08-07,referral,finance,small,12060.07,Rep 7,Region East,Standalone,26.0,false,41,false
2025-03-06,webinar,tech,small,8270.26,Rep 2,Region East,Platform,0.0,false,58,false
2024-05-02,referral,retail,large,78093.61,Rep 6,Region Central,Suite,28.34,true,37,false
2025-02-27,paid,finance,large,64948.52,Rep 7,Region East,Suite,11.89,true,12,false
2024-09-22,webinar,tech,enterprise,169947.09,Rep 2,Region Central,Standalone,8.98,true,96,true
2024-10-10,organic,manufacturing,large,61327.7,Rep 5,Region West,Standalone,16.79,false,80,true
2024-11-23,paid,manufacturing,medium,27171.88,Rep 2,Region West,Standalone,17.05,false,60,false
2025-02-22,cold_call,finance,large,73321.13,Rep 2,Region East,Platform,8.31,true,50,false
2024-07-14,cold_call,healthcare,medium,23696.55,Rep 1,Region South,Suite,4.18,false,66,true
2025-07-14,referral,tech,medium,28272.14,Rep 3,Region South,Platform,19.27,false,58,true
2024-02-13,cold_call,healthcare,medium,21774.99,Rep 6,Region South,Standalone,14.57,false,0,true
2024-12-02,webinar,tech,small,7797.45,Rep 4,Region East,Platform,10.52,false,64,true
2024-06-07,cold_call,tech,small,10105.71,Rep 4,Region West,Platform,4.1,false,67,true
2024-05-13,referral,healthcare,large,67227.13,Rep 8,Region East,Platform,18.86,false,80,true
2025-03-04,paid,retail,small,6316.78,Rep 8,Region Central,Platform,15.01,false,49,false
2024-03-31,referral,retail,medium,26587.16,Rep 5,Region South,Suite,13.85,false,27,false
2024-07-04,referral,retail,large,67129.8,Rep 6,Region Central,Standalone,22.06,false,50,true
2024-08-07,cold_call,retail,large,65299.44,Rep 1,Region Central,Suite,0.0,false,69,true
2025-01-19,organic,tech,medium,28867.83,Rep 1,Region West,Platform,10.79,false,55,false
2024-10-05,webinar,retail,large,45858.75,Rep 2,Region East,Suite,17.88,true,54,true
2025-10-21,referral,tech,small,7257.92,Rep 5,Region East,Platform,18.39,false,80,true
2025-09-01,organic,tech,large,65751.7,Rep 8,Region East,Platform,8.92,false,65,true
2024-04-02,referral,tech,small,8244.74,Rep 6,Region West,Platform,0.0,true,27,false
2025-11-13,cold_call,finance,medium,24983.24,Rep 2,Region East,Standalone,8.83,false,63,false
2025-03-29,organic,retail,large,41066.34,Rep 4,Region Central,Standalone,12.91,false,61,true
2024-04-11,organic,manufacturing,small,7384.48,Rep 8,Region West,Platform,15.3,false,67,true
2025-05-27,referral,finance,small,10026.55,Rep 5,Region East,Platform,8.35,false,50,false
2024-05-07,referral,manufacturing,small,8472.83,Rep 2,Region Central,Suite,18.52,false,54,true
2024-01-05,referral,healthcare,large,67559.37,Rep 3,Region East,Suite,12.85,true,30,false
2024-03-25,organic,healthcare,medium,29316.48,Rep 6,Region Central,Standalone,0.0,false,56,true
2024-12-22,referral,finance,large,54163.24,Rep 7,Region East,Platform,5.2,false,42,true
2025-01-14,cold_call,manufacturing,small,11912.0,Rep 4,Region West,Platform,3.57,false,49,false
2024-01-21,paid,healthcare,small,8143.01,Rep 7,Region South,Platform,12.3,false,48,false
2024-10-02,organic,tech,medium,27700.65,Rep 5,Region South,Platform,9.32,false,100,true
2024-02-24,webinar,tech,medium,21981.25,Rep 4,Region Central,Standalone,22.78,false,59,false
2024-09-15,referral,healthcare,large,51193.97,Rep 1,Region West,Standalone,10.79,true,66,true
2025-07-15,referral,finance,small,6004.45,Rep 3,Region East,Platform,7.91,false,64,false
2024-02-16,cold_call,tech,small,8088.06,Rep 8,Region South,Platform,0.83,true,38,false
2025-06-06,organic,manufacturing,small,8808.41,Rep 4,Region East,Platform,0.0,false,74,true
2024-12-15,cold_call,finance,enterprise,166513.7,Rep 2,Region East,Suite,7.76,false,64,false
2025-01-19,organic,healthcare,large,60224.36,Rep 4,Region East,Platform,8.61,false,30,false
2024-10-08,cold_call,finance,small,4878.58,Rep 7,Region East,Platform,22.0,false,46,false
2025-07-23,referral,retail,small,7022.7,Rep 5,Region South,Platform,3.55,true,57,false
2025-07-27,paid,healthcare,medium,28348.61,Rep 6,Region West,Platform,1.88,true,88,true
2024-01-31,paid,finance,large,82907.47,Rep 5,Region South,Platform,27.04,true,58,false
2024-12-24,webinar,finance,small,11641.41,Rep 8,Region East,Platform,20.79,true,72,true
2024-04-04,paid,tech,small,10580.71,Rep 4,Region East,Platform,9.84,true,37,false
2024-04-01,paid,healthcare,large,44443.46,Rep 4,Region East,Platform,8.56,false,22,true
2024-06-25,cold_call,tech,medium,28770.43,Rep 2,Region Central,Standalone,7.33,false,41,false
2024-01-15,referral,finance,small,6657.99,Rep 6,Region East,Platform,22.14,true,55,true
2025-07-20,cold_call,retail,enterprise,147800.98,Rep 2,Region Central,Platform,3.2,false,43,false
2024-07-26,organic,finance,small,8784.25,Rep 8,Region East,Platform,22.2,true,29,true
2024-12-30,webinar,manufacturing,large,57019.64,Rep 8,Region Central,Platform,30.02,false,49,true
2024-01-03,cold_call,finance,small,7960.75,Rep 1,Region East,Platform,11.13,false,56,false
2024-07-19,paid,manufacturing,medium,20849.9,Rep 4,Region Central,Platform,9.92,false,47,false
2024-07-20,organic,finance,small,10116.88,Rep 4,Region Central,Platform,14.1,true,84,true
2024-07-08,referral,tech,small,7336.62,Rep 4,Region West,Platform,13.05,false,49,false
2024-07-26,cold_call,tech,enterprise,163867.63,Rep 2,Region South,Standalone,7.56,false,68,true
2025-05-06,referral,healthcare,large,61968.72,Rep 3,Region Central,Platform,21.57,false,84,true
2024-01-09,cold_call,healthcare,medium,27948.83,Rep 5,Region East,Platform,12.44,false,52,false
2024-03-17,referral,retail,enterprise,143599.4,Rep 2,Region Central,Platform,20.63,true,54,false
2024-02-08,referral,manufacturing,large,45406.8,Rep 3,Region Central,Suite,24.79,false,67,true
2024-08-27,referral,tech,large,58374.63,Rep 1,Region West,Platform,0.0,false,54,false
2024-05-24,referral,tech,small,9053.82,Rep 5,Region South,Platform,28.44,true,54,false
2024-04-21,referral,finance,small,8942.88,Rep 4,Region East,Platform,14.45,false,74,true
2024-03-31,referral,healthcare,small,4308.45,Rep 5,Region Central,Platform,0.73,false,47,false
2024-08-14,referral,finance,enterprise,176738.18,Rep 2,Region East,Standalone,18.87,false,86,true
2025-07-09,paid,tech,medium,25747.53,Rep 8,Region South,Standalone,0.0,true,70,true
2024-05-04,organic,retail,large,57798.64,Rep 6,Region East,Standalone,10.9,false,50,false
2024-06-01,paid,healthcare,small,8431.62,Rep 5,Region South,Platform,6.22,false,66,true
2025-04-24,cold_call,retail,enterprise,127405.14,Rep 2,Region South,Platform,1.49,false,54,true
2024-07-19,webinar,healthcare,small,8460.88,Rep 1,Region South,Platform,15.47,true,72,true
2025-12-08,cold_call,tech,large,65416.17,Rep 6,Region West,Suite,5.0,true,45,false
2025-01-11,paid,manufacturing,large,55647.25,Rep 8,Region West,Suite,13.53,false,71,true
2025-01-18,cold_call,finance,medium,26427.65,Rep 2,Region East,Standalone,4.77,false,44,false
2024-06-07,paid,healthcare,small,7347.71,Rep 1,Region West,Platform,2.64,true,81,true
2025-02-14,referral,finance,large,47699.24,Rep 4,Region East,Platform,18.3,false,50,true
2025-09-11,cold_call,retail,large,63340.04,Rep 5,Region South,Standalone,2.64,false,53,true
2024-06-06,organic,healthcare,medium,24554.92,Rep 3,Region South,Suite,12.37,true,78,true
2025-06-20,organic,healthcare,small,9262.11,Rep 4,Region Central,Platform,3.12,true,82,false
2025-12-28,referral,retail,small,9514.67,Rep 4,Region Central,Platform,3.9,false,73,true
2025-07-23,cold_call,retail,small,11472.34,Rep 4,Region West,Platform,15.63,false,44,false
2025-03-07,organic,retail,medium,25643.8,Rep 1,Region South,Platform,15.68,true,41,false
2024-04-10,cold_call,healthcare,small,8778.82,Rep 2,Region West,Platform,7.39,false,62,true
2025-07-25,organic,tech,large,64745.35,Rep 8,Region South,Standalone,27.55,true,61,false
2024-12-27,paid,tech,small,7780.45,Rep 1,Region Central,Platform,11.67,false,73,true
2025-08-08,webinar,healthcare,large,50019.22,Rep 6,Region South,Platform,10.53,false,54,false
2025-11-21,paid,retail,medium,24878.5,Rep 8,Region East,Platform,7.18,false,50,false
2025-12-22,cold_call,manufacturing,medium,27035.01,Rep 3,Region Central,Platform,11.76,true,54,false
2025-06-28,referral,tech,medium,26049.27,Rep 8,Region East,Suite,14.38,true,77,true
2025-05-21,webinar,tech,small,7403.36,Rep 7,Region South,Platform,10.58,true,44,false
2024-10-31,webinar,retail,medium,27644.75,Rep 6,Region South,Suite,3.59,false,66,true
2024-04-07,paid,manufacturing,medium,29672.43,Rep 4,Region Central,Platform,17.44,true,48,false
2024-06-03,referral,retail,enterprise,132224.22,Rep 2,Region West,Standalone,20.88,false,78,true
2025-04-12,organic,tech,large,53948.18,Rep 8,Region East,Platform,15.6,false,71,true
2024-11-13,cold_call,manufacturing,small,10169.6,Rep 5,Region East,Platform,0.0,true,47,false
2024-06-04,webinar,manufacturing,small,8308.82,Rep 5,Region East,Platform,0.0,false,50,true
2025-11-18,cold_call,finance,large,55782.85,Rep 1,Region East,Standalone,10.13,true,59,false
2024-06-17,referral,tech,small,12643.63,Rep 8,Region South,Platform,3.25,false,58,false
2024-07-02,organic,finance,small,7417.72,Rep 6,Region East,Platform,8.52,false,64,true
2025-01-31,referral,manufacturing,medium,28068.5,Rep 4,Region South,Suite,9.01,false,96,true
2025-05-11,referral,retail,medium,20156.3,Rep 6,Region West,Platform,21.16,true,49,false
2024-02-01,referral,manufacturing,large,59696.09,Rep 4,Region South,Suite,20.02,false,90,true
2025-12-17,webinar,retail,enterprise,132345.73,Rep 2,Region Central,Standalone,15.6,true,53,false
2024-07-04,referral,retail,medium,25469.35,Rep 8,Region West,Platform,8.0,false,28,false
2024-02-26,referral,manufacturing,large,58386.67,Rep 3,Region Central,Platform,8.29,true,76,true
2025-09-14,cold_call,tech,medium,25381.44,Rep 8,Region Central,Platform,17.8,false,64,true
2024-12-30,webinar,healthcare,medium,27023.92,Rep 8,Region South,Platform,12.99,false,100,true
2025-02-18,referral,retail,enterprise,146614.7,Rep 2,Region West,Platform,19.9,false,45,false
2025-01-23,cold_call,finance,medium,20661.04,Rep 1,Region East,Standalone,16.6,false,46,true
2025-05-29,organic,retail,small,6790.62,Rep 7,Region West,Platform,14.13,false,76,true
2024-11-22,webinar,retail,medium,26419.92,Rep 7,Region Central,Platform,4.86,false,70,true
2025-10-07,cold_call,tech,medium,22229.46,Rep 5,Region Central,Suite,12.0,false,68,true
2024-09-19,organic,retail,large,68753.37,Rep 1,Region West,Standalone,14.87,false,52,false
2025-08-13,paid,healthcare,large,59554.54,Rep 8,Region East,Platform,9.56,false,46,true
2024-04-08,referral,finance,large,49805.45,Rep 5,Region East,Platform,5.65,false,86,true
2025-02-18,cold_call,retail,small,9397.97,Rep 3,Region South,Platform,3.06,false,54,true
2024-06-10,organic,retail,enterprise,137448.87,Rep 2,Region Central,Standalone,9.75,true,41,false
2025-02-08,referral,finance,medium,25793.02,Rep 7,Region East,Platform,11.05,false,86,true
2025-06-08,webinar,finance,medium,21477.75,Rep 1,Region East,Platform,13.4,true,61,false
2024-02-09,referral,tech,small,6839.59,Rep 8,Region Central,Platform,26.8,true,37,false
2025-09-08,organic,healthcare,medium,24684.64,Rep 6,Region Central,Standalone,16.52,false,74,true
2024-10-26,referral,tech,small,7993.25,Rep 8,Region South,Platform,8.29,true,54,false
2024-06-04,webinar,tech,enterprise,98099.72,Rep 2,Region West,Platform,16.85,false,60,false
2024-11-11,referral,finance,small,8782.41,Rep 3,Region East,Platform,11.83,false,78,true
2024-07-07,organic,retail,large,63283.4,Rep 1,Region West,Suite,24.26,false,63,false
2024-05-01,cold_call,finance,medium,30057.71,Rep 6,Region East,Platform,5.13,false,51,true
2024-06-14,paid,tech,small,8464.42,Rep 1,Region Central,Platform,11.15,false,76,false
2024-11-07,cold_call,finance,medium,25537.49,Rep 4,Region East,Suite,13.65,true,66,true
2025-11-10,organic,retail,large,65084.5,Rep 3,Region South,Suite,13.43,false,82,true
2024-02-24,cold_call,retail,medium,29426.29,Rep 1,Region Central,Standalone,15.12,false,65,false
2025-11-03,webinar,retail,enterprise,145727.91,Rep 2,Region West,Standalone,15.42,false,54,false
2025-06-10,referral,healthcare,medium,25071.69,Rep 3,Region Central,Suite,4.33,true,52,false
2025-05-11,referral,manufacturing,small,7971.78,Rep 6,Region East,Platform,10.31,false,77,true
2024-10-07,cold_call,tech,medium,15586.29,Rep 4,Region Central,Standalone,1.37,true,80,true
2024-11-21,organic,manufacturing,small,8644.91,Rep 4,Region East,Platform,3.24,false,63,false
2024-10-11,referral,tech,medium,26592.14,Rep 1,Region South,Platform,15.96,false,53,true
2024-10-04,paid,finance,small,4818.52,Rep 4,Region East,Platform,16.07,false,71,true
2024-06-22,referral,finance,small,11029.45,Rep 5,Region East,Platform,17.87,false,55,false
2025-02-26,webinar,retail,small,5528.66,Rep 3,Region East,Platform,27.94,false,82,false
2025-09-02,cold_call,healthcare,small,8598.09,Rep 3,Region West,Platform,15.36,true,62,false
2024-05-12,cold_call,manufacturing,small,7703.01,Rep 2,Region East,Platform,16.97,false,49,false
2025-02-07,referral,finance,large,60019.75,Rep 8,Region East,Platform,24.86,false,66,true
2025-12-06,organic,finance,medium,19292.07,Rep 7,Region East,Platform,2.91,false,24,false
2025-02-04,paid,healthcare,enterprise,152635.45,Rep 2,Region West,Suite,0.0,true,73,true
2024-11-08,webinar,tech,enterprise,153129.99,Rep 2,Region South,Standalone,14.53,false,62,false
2025-01-04,referral,manufacturing,medium,26127.59,Rep 1,Region South,Suite,6.08,true,38,false
2025-05-03,cold_call,healthcare,medium,20219.81,Rep 6,Region East,Platform,17.01,true,70,true
2024-08-10,cold_call,finance,large,52238.59,Rep 4,Region East,Suite,12.89,false,52,false
2025-06-14,webinar,healthcare,enterprise,170510.91,Rep 2,Region East,Platform,11.02,false,21,false
2025-07-26,organic,finance,medium,21726.08,Rep 3,Region East,Suite,2.74,false,47,false
2024-12-11,organic,tech,medium,25846.3,Rep 4,Region Central,Suite,17.01,false,48,true
2024-06-08,referral,healthcare,medium,30192.42,Rep 7,Region West,Standalone,8.51,true,60,false
2025-03-21,referral,retail,small,8012.79,Rep 7,Region Central,Platform,15.06,false,63,false
2025-09-17,referral,finance,medium,23537.2,Rep 5,Region East,Suite,12.24,true,83,true
2025-08-10,referral,finance,medium,25682.88,Rep 8,Region East,Platform,5.69,false,78,true
2025-12-23,referral,retail,enterprise,151639.03,Rep 2,Region West,Suite,19.77,true,61,false
2024-10-01,cold_call,tech,small,6222.31,Rep 6,Region South,Platform,8.75,false,82,true
2024-02-16,referral,retail,small,9057.18,Rep 6,Region South,Platform,24.48,false,27,false
2024-08-05,cold_call,manufacturing,medium,27817.53,Rep 6,Region West,Suite,0.01,true,49,false
2024-07-20,paid,finance,small,7229.34,Rep 6,Region East,Platform,5.71,true,57,false
2024-06-27,referral,tech,large,65603.22,Rep 7,Region East,Suite,24.23,false,42,false
2025-02-28,paid,finance,medium,20626.49,Rep 4,Region East,Standalone,12.67,false,95,true
2025-04-21,paid,healthcare,small,7496.06,Rep 7,Region South,Platform,11.92,true,50,true
2024-05-21,cold_call,manufacturing,small,8071.09,Rep 6,Region West,Platform,12.12,false,33,false
2024-11-13,referral,manufacturing,medium,20224.09,Rep 6,Region South,Standalone,20.16,false,32,false
2024-01-12,cold_call,tech,large,53979.87,Rep 4,Region South,Standalone,10.87,false,33,true
2025-12-23,referral,tech,small,8153.11,Rep 6,Region South,Platform,13.5,false,91,true
2025-01-20,organic,retail,small,8685.99,Rep 4,Region South,Platform,13.9,false,65,true
2024-04-08,referral,retail,small,6589.16,Rep 7,Region West,Platform,19.98,false,45,false
2025-08-31,webinar,tech,medium,23905.32,Rep 6,Region Central,Standalone,5.7,false,59,false
2024-03-21,referral,tech,enterprise,117321.4,Rep 2,Region East,Standalone,8.58,true,27,false
2025-12-26,referral,manufacturing,small,8777.73,Rep 5,Region South,Platform,18.5,false,65,true
2025-07-07,webinar,tech,small,7970.93,Rep 6,Region West,Platform,13.87,false,40,false
2025-07-09,referral,tech,medium,25375.06,Rep 1,Region South,Standalone,19.72,false,70,true
2024-06-01,paid,tech,small,7849.35,Rep 1,Region East,Platform,9.22,false,68,true
2024-08-22,cold_call,manufacturing,small,8463.36,Rep 7,Region South,Platform,13.19,true,47,false
2024-10-22,webinar,healthcare,small,6888.89,Rep 1,Region Central,Platform,15.58,true,100,true
2025-01-20,paid,manufacturing,small,9438.77,Rep 3,Region Central,Platform,7.92,false,66,true
2024-12-06,paid,tech,medium,25997.08,Rep 7,Region South,Standalone,14.91,false,81,true
2025-10-29,webinar,tech,enterprise,126723.53,Rep 2,Region West,Platform,7.5,true,55,false
2024-07-27,cold_call,tech,medium,31298.32,Rep 2,Region Central,Platform,6.27,false,36,false
2025-10-22,paid,finance,small,8659.15,Rep 1,Region East,Platform,10.68,false,94,true
2025-04-16,referral,retail,large,58777.66,Rep 6,Region South,Suite,19.55,true,90,true
2024-09-09,referral,healthcare,small,8540.27,Rep 6,Region Central,Platform,19.56,false,58,false
2024-02-12,cold_call,retail,large,48140.49,Rep 6,Region West,Standalone,3.37,false,100,true
2025-05-13,paid,healthcare,enterprise,151738.41,Rep 8,Region South,Suite,5.27,true,26,false
2024-11-30,cold_call,manufacturing,medium,24492.81,Rep 6,Region South,Standalone,11.31,false,52,true
2024-10-22,cold_call,tech,medium,26519.1,Rep 5,Region Central,Platform,15.33,false,64,false
2024-10-16,webinar,retail,large,62078.79,Rep 6,Region East,Suite,13.36,false,65,true
2025-01-11,referral,finance,enterprise,162748.02,Rep 4,Region East,Standalone,22.85,true,59,false
2025-10-21,referral,finance,large,46922.44,Rep 1,Region East,Platform,18.81,false,58,false
2025-07-06,paid,manufacturing,large,63051.52,Rep 5,Region West,Suite,9.24,false,67,true
2024-03-03,paid,healthcare,small,6483.82,Rep 7,Region West,Platform,8.21,false,100,true
2024-01-23,webinar,tech,enterprise,159174.77,Rep 7,Region Central,Platform,11.96,true,35,true
2024-04-12,webinar,finance,medium,36555.16,Rep 3,Region East,Platform,14.22,true,74,true
2024-11-28,cold_call,retail,medium,26592.23,Rep 8,Region East,Platform,7.47,false,58,false
2024-02-08,cold_call,tech,large,59805.35,Rep 6,Region East,Suite,3.78,true,44,true
2024-03-01,webinar,tech,small,7529.98,Rep 1,Region South,Platform,9.8,true,69,true
2025-03-15,paid,finance,enterprise,170642.11,Rep 2,Region East,Suite,17.59,true,67,true
2025-08-28,paid,retail,small,10777.1,Rep 7,Region West,Platform,15.61,false,60,true
2025-12-08,referral,finance,medium,25767.06,Rep 3,Region East,Suite,6.07,true,52,false
2025-11-21,referral,retail,small,7161.17,Rep 4,Region West,Platform,26.47,true,22,false
2024-05-06,organic,finance,small,9074.0,Rep 6,Region East,Platform,21.65,true,41,false
2025-07-14,cold_call,finance,enterprise,121411.87,Rep 8,Region East,Platform,4.51,false,69,true
2025-10-29,organic,healthcare,medium,19899.95,Rep 1,Region South,Platform,0.0,false,63,false
2024-05-28,paid,retail,enterprise,154468.21,Rep 2,Region South,Platform,16.65,false,63,false
2025-09-24,paid,manufacturing,large,63738.73,Rep 5,Region South,Suite,11.38,false,61,true
2025-10-05,referral,tech,large,57743.15,Rep 3,Region West,Standalone,15.96,true,64,true
2024-08-29,webinar,manufacturing,medium,27907.15,Rep 3,Region West,Suite,14.57,true,74,true
2025-07-11,cold_call,healthcare,medium,22548.91,Rep 7,Region Central,Standalone,7.12,false,68,true
2024-10-29,webinar,healthcare,enterprise,139403.77,Rep 2,Region South,Suite,3.06,false,62,true
2024-10-06,referral,retail,enterprise,136049.94,Rep 2,Region East,Suite,21.24,false,87,true
2025-05-26,organic,tech,medium,28058.36,Rep 3,Region South,Standalone,5.35,false,71,true
2025-06-19,cold_call,healthcare,medium,25143.48,Rep 4,Region Central,Platform,0.0,false,69,true
2025-05-27,referral,tech,large,60057.28,Rep 5,Region Central,Standalone,19.15,false,36,true
2024-11-21,referral,manufacturing,medium,31462.0,Rep 5,Region South,Suite,19.27,false,87,true
2024-10-24,organic,healthcare,large,55152.26,Rep 6,Region Central,Standalone,1.91,false,81,true
2024-01-22,referral,healthcare,small,8164.3,Rep 2,Region East,Platform,11.31,true,32,false
2025-07-02,cold_call,healthcare,small,7193.65,Rep 6,Region East,Platform,13.97,false,67,true
2024-02-18,referral,healthcare,medium,23204.82,Rep 7,Region Central,Suite,25.94,true,63,false
2024-02-21,cold_call,finance,small,9927.7,Rep 6,Region East,Platform,14.76,true,98,true
2024-01-28,referral,retail,small,7136.01,Rep 4,Region Central,Platform,20.14,true,35,false
2024-03-19,organic,manufacturing,medium,21350.77,Rep 6,Region East,Platform,0.0,true,51,false
2024-05-14,paid,retail,large,44505.71,Rep 8,Region Central,Platform,3.16,false,84,true
2024-05-20,paid,retail,large,44079.92,Rep 7,Region West,Suite,15.08,true,70,true
2024-03-08,referral,finance,large,72866.94,Rep 6,Region East,Suite,21.48,true,64,false
2024-06-25,cold_call,tech,large,42114.15,Rep 4,Region East,Standalone,9.13,false,42,false
2025-01-09,referral,finance,large,60356.66,Rep 4,Region East,Platform,22.44,true,57,false
2025-01-02,webinar,manufacturing,small,9844.97,Rep 8,Region East,Platform,10.81,false,40,false
2025-12-01,referral,finance,large,59760.96,Rep 5,Region East,Platform,0.0,true,52,true
2025-07-26,webinar,healthcare,small,8199.85,Rep 8,Region Central,Platform,17.3,false,88,true
2024-08-21,cold_call,retail,small,8894.22,Rep 6,Region Central,Platform,12.32,false,39,false
2024-04-24,referral,tech,large,50746.13,Rep 3,Region South,Platform,9.22,true,58,false
2024-03-17,referral,retail,medium,32410.58,Rep 8,Region Central,Standalone,20.57,true,46,false
2024-10-13,paid,manufacturing,medium,21009.49,Rep 2,Region Central,Standalone,13.77,false,85,true
2025-01-03,referral,manufacturing,small,8030.73,Rep 5,Region West,Platform,25.4,false,77,true
2025-09-05,cold_call,healthcare,small,5269.58,Rep 2,Region South,Platform,8.47,false,61,false
2025-10-13,paid,finance,medium,27201.71,Rep 2,Region East,Standalone,31.32,false,71,true
2024-11-22,referral,finance,small,7471.22,Rep 1,Region East,Platform,19.84,false,48,false
2025-11-20,webinar,healthcare,medium,28135.98,Rep 8,Region East,Platform,10.8,true,90,true
2025-11-24,paid,retail,medium,26954.95,Rep 4,Region East,Standalone,4.42,false,75,true
2025-07-18,referral,retail,large,74851.09,Rep 7,Region West,Platform,28.89,false,74,true
2024-02-25,cold_call,tech,small,8463.05,Rep 6,Region Central,Platform,14.74,false,79,true
2024-11-27,cold_call,tech,medium,28269.55,Rep 5,Region South,Platform,7.46,false,67,true
2025-09-20,paid,retail,medium,18372.17,Rep 4,Region West,Suite,8.2,false,55,true
2025-03-11,referral,tech,medium,16812.06,Rep 5,Region Central,Standalone,24.41,false,79,true
2025-06-17,referral,healthcare,medium,24807.6,Rep 3,Region East,Suite,4.94,false,36,false
2025-02-21,organic,tech,large,62428.83,Rep 7,Region East,Suite,19.17,false,29,false
2025-03-12,referral,manufacturing,large,65251.08,Rep 7,Region West,Platform,16.03,false,9,true
2024-01-13,referral,tech,small,8653.26,Rep 5,Region Central,Platform,26.81,true,29,false
2024-05-06,webinar,manufacturing,medium,20913.02,Rep 1,Region Central,Suite,3.44,false,92,true
2024-06-19,referral,retail,small,8963.35,Rep 3,Region East,Platform,21.16,false,76,true
2024-06-27,webinar,healthcare,large,77250.75,Rep 6,Region Central,Standalone,16.19,false,81,true
2024-02-28,referral,tech,medium,18401.61,Rep 3,Region South,Suite,17.48,false,30,true
2024-12-08,cold_call,tech,medium,26670.79,Rep 2,Region East,Platform,13.73,true,87,true
2024-11-11,referral,healthcare,enterprise,141050.64,Rep 2,Region East,Standalone,15.66,false,36,false
2024-09-16,webinar,tech,large,51529.56,Rep 2,Region South,Platform,9.7,false,42,false
2024-04-14,cold_call,manufacturing,small,7951.16,Rep 1,Region South,Platform,6.42,false,71,true
2025-01-31,organic,healthcare,small,9985.46,Rep 4,Region East,Platform,17.46,false,21,false
2024-01-12,paid,healthcare,medium,35444.14,Rep 3,Region South,Standalone,2.18,true,59,false
2024-09-19,organic,manufacturing,medium,29615.48,Rep 5,Region Central,Suite,16.65,false,71,true
2025-07-06,referral,manufacturing,small,7971.82,Rep 7,Region South,Platform,18.68,false,70,true
2025-11-02,organic,retail,small,6029.92,Rep 8,Region West,Platform,11.71,false,69,true
2025-02-05,cold_call,finance,small,6371.39,Rep 2,Region East,Platform,17.42,true,37,false
2024-02-07,referral,finance,large,64257.45,Rep 3,Region East,Suite,14.64,true,48,false
2024-07-07,referral,retail,medium,26017.26,Rep 5,Region West,Platform,26.13,true,16,false
2025-12-14,cold_call,healthcare,large,68775.15,Rep 3,Region Central,Standalone,10.39,false,65,true
2024-03-17,webinar,finance,small,9075.12,Rep 5,Region East,Platform,7.6,false,55,false
2024-07-21,cold_call,finance,small,8207.36,Rep 8,Region East,Platform,0.0,false,63,false
2024-01-31,webinar,manufacturing,small,6747.23,Rep 7,Region Central,Platform,14.52,false,60,true
2024-05-26,referral,retail,medium,28870.64,Rep 5,Region West,Standalone,26.31,false,40,true
2024-07-08,cold_call,tech,small,7012.15,Rep 1,Region Central,Platform,13.18,true,35,false
2025-05-03,cold_call,finance,enterprise,157239.76,Rep 2,Region East,Platform,17.26,false,53,true
2025-07-07,paid,healthcare,medium,26071.71,Rep 4,Region Central,Platform,11.62,true,98,true
2025-10-12,paid,finance,medium,32079.71,Rep 1,Region East,Suite,0.0,true,83,true
2025-10-05,cold_call,tech,medium,25501.4,Rep 1,Region East,Platform,13.82,false,54,false
2024-06-24,referral,tech,small,9125.02,Rep 7,Region West,Platform,22.72,false,83,true
2025-04-06,organic,healthcare,small,7146.66,Rep 6,Region East,Platform,14.25,false,100,true
2025-04-25,referral,retail,small,7260.37,Rep 3,Region West,Platform,17.19,false,30,true
2024-11-12,referral,tech,small,8318.54,Rep 1,Region South,Platform,13.83,false,100,true
2025-04-17,webinar,tech,medium,19505.35,Rep 3,Region East,Platform,15.92,false,86,true
2025-06-07,referral,finance,enterprise,112152.86,Rep 7,Region East,Standalone,4.23,true,50,false
2025-06-17,referral,healthcare,large,55221.84,Rep 1,Region South,Platform,24.59,true,59,false
2024-05-08,referral,manufacturing,large,54427.59,Rep 5,Region West,Platform,24.61,false,64,true
2025-04-14,organic,retail,medium,24288.5,Rep 6,Region Central,Standalone,5.02,false,53,false
2025-12-30,referral,healthcare,small,7274.14,Rep 5,Region Central,Platform,21.81,true,54,true
2024-01-14,paid,finance,large,59369.19,Rep 5,Region East,Platform,0.0,false,35,true
2024-06-02,webinar,retail,enterprise,134290.99,Rep 2,Region Central,Standalone,12.89,true,69,true
2024-04-28,paid,tech,small,7822.26,Rep 5,Region West,Platform,5.88,true,50,true
2024-04-19,cold_call,retail,enterprise,128214.31,Rep 2,Region West,Suite,16.85,true,69,true
2024-08-14,organic,finance,small,9568.51,Rep 6,Region East,Platform,0.0,true,63,false
2024-11-04,referral,retail,large,62258.37,Rep 2,Region West,Standalone,18.98,false,59,false
2025-11-24,cold_call,manufacturing,medium,26726.92,Rep 8,Region Central,Platform,16.57,false,67,true
2024-10-22,paid,retail,small,11521.78,Rep 1,Region East,Platform,13.26,true,80,true
2025-03-23,referral,tech,large,61925.65,Rep 3,Region Central,Standalone,8.65,true,68,true
2025-02-09,paid,finance,large,53939.95,Rep 5,Region East,Platform,0.0,false,31,false
2025-04-18,referral,retail,large,75741.99,Rep 5,Region Central,Standalone,21.03,false,65,true
2025-10-27,cold_call,manufacturing,medium,32003.34,Rep 3,Region South,Standalone,3.41,false,53,true
2025-07-05,cold_call,retail,large,74473.06,Rep 6,Region Central,Standalone,17.91,false,57,true
2025-05-14,cold_call,retail,small,6303.09,Rep 8,Region West,Platform,13.92,false,52,true
2024-10-08,webinar,finance,small,8737.64,Rep 7,Region East,Platform,8.8,false,86,true
2024-05-13,organic,healthcare,small,8484.2,Rep 5,Region Central,Platform,0.66,true,66,true
2025-09-08,paid,healthcare,medium,23583.0,Rep 7,Region West,Platform,8.29,false,64,false
2024-05-28,organic,tech,large,77213.08,Rep 6,Region Central,Platform,14.95,true,25,false
2024-05-19,webinar,healthcare,small,8476.01,Rep 7,Region Central,Platform,11.93,true,33,false
2025-05-28,referral,tech,small,7046.74,Rep 6,Region West,Platform,16.76,true,92,true
2025-01-26,referral,tech,medium,21600.13,Rep 3,Region West,Standalone,21.78,false,25,true
2024-07-13,referral,finance,medium,24721.23,Rep 5,Region East,Platform,25.68,true,73,true
2025-02-21,webinar,healthcare,medium,24953.65,Rep 5,Region South,Suite,15.59,false,84,true
2024-08-02,paid,retail,large,56171.04,Rep 8,Region East,Suite,14.29,false,89,true
2024-04-05,cold_call,manufacturing,medium,32048.83,Rep 2,Region West,Suite,10.14,false,85,true
2025-01-21,webinar,retail,large,59614.22,Rep 1,Region East,Standalone,10.73,true,55,false
2025-09-30,organic,retail,large,53046.92,Rep 2,Region East,Suite,12.08,false,57,true
2025-06-07,organic,healthcare,medium,24209.03,Rep 2,Region East,Platform,11.26,true,42,true
2025-06-21,referral,retail,large,43583.52,Rep 8,Region South,Platform,12.06,false,72,true
2024-09-22,organic,tech,medium,23796.01,Rep 7,Region West,Standalone,12.21,false,63,true
2024-08-25,referral,finance,small,8205.33,Rep 8,Region East,Platform,10.15,false,81,true
2024-03-27,cold_call,healthcare,medium,18507.99,Rep 3,Region Central,Standalone,20.71,false,50,false
2025-03-20,cold_call,retail,medium,18223.8,Rep 4,Region South,Platform,8.13,false,54,true
2024-08-27,referral,tech,enterprise,172484.42,Rep 2,Region West,Platform,18.21,false,54,false
2024-10-08,webinar,finance,enterprise,139167.9,Rep 2,Region East,Suite,3.1,false,79,true
2025-12-28,referral,tech,small,9115.81,Rep 8,Region West,Platform,0.0,true,94,true
2025-05-08,webinar,tech,large,60126.93,Rep 4,Region South,Platform,1.1,false,32,false
2024-04-24,cold_call,healthcare,medium,24888.19,Rep 1,Region Central,Suite,12.62,false,57,false
2025-07-26,referral,retail,medium,25119.84,Rep 6,Region East,Suite,20.25,false,93,true
2024-10-31,referral,finance,medium,24770.83,Rep 7,Region East,Platform,21.14,false,64,false
2024-09-13,referral,finance,large,39547.07,Rep 6,Region East,Standalone,12.1,false,71,true
2024-03-22,organic,retail,medium,18353.26,Rep 7,Region East,Suite,14.98,true,100,true
2024-05-10,paid,tech,large,79241.74,Rep 2,Region Central,Platform,21.19,false,59,true
2025-04-18,webinar,retail,small,11027.32,Rep 6,Region Central,Platform,17.41,true,33,true
2024-10-10,referral,retail,medium,21352.15,Rep 2,Region East,Suite,26.41,false,7,false
2025-02-04,webinar,tech,medium,23883.69,Rep 5,Region South,Platform,3.73,false,67,true
2024-08-21,referral,retail,small,8598.67,Rep 8,Region Central,Platform,21.41,true,78,true
2024-10-15,paid,healthcare,small,5059.15,Rep 8,Region Central,Platform,15.36,false,67,true
2024-01-31,paid,healthcare,medium,29396.47,Rep 2,Region East,Platform,0.0,false,82,true
2024-10-30,organic,finance,small,8725.98,Rep 7,Region East,Platform,7.94,true,32,true
2025-02-04,referral,tech,small,6932.0,Rep 2,Region West,Platform,12.75,false,57,false
2024-01-28,webinar,retail,small,6845.99,Rep 3,Region Central,Platform,4.25,true,41,false
2024-02-24,cold_call,healthcare,small,6060.76,Rep 2,Region South,Platform,11.0,true,73,true
2025-12-13,referral,healthcare,enterprise,143193.06,Rep 3,Region Central,Standalone,22.01,false,24,false
2024-12-05,cold_call,retail,medium,26746.17,Rep 5,Region Central,Standalone,8.53,false,62,true
2024-11-12,paid,tech,medium,22485.13,Rep 6,Region East,Suite,12.36,false,59,false
2025-02-01,paid,finance,large,60988.31,Rep 7,Region East,Platform,22.83,true,60,false
2024-10-22,paid,tech,medium,23459.75,Rep 1,Region South,Suite,3.51,false,72,true
2025-07-27,referral,retail,small,6231.65,Rep 8,Region East,Platform,17.66,false,80,true
2025-01-01,cold_call,finance,large,57677.48,Rep 1,Region South,Suite,17.47,false,57,true
2025-10-05,referral,manufacturing,enterprise,158898.81,Rep 2,Region South,Standalone,22.01,false,61,false
2024-09-17,referral,retail,medium,17965.33,Rep 3,Region West,Suite,24.06,true,64,false
2024-10-07,referral,finance,large,56906.67,Rep 4,Region East,Platform,24.66,true,46,true
2025-04-03,referral,tech,small,6517.46,Rep 1,Region East,Platform,16.08,true,98,true
2024-03-24,paid,manufacturing,small,8859.04,Rep 1,Region South,Platform,17.02,false,57,false
2025-06-23,referral,manufacturing,small,6214.83,Rep 3,Region South,Platform,8.73,false,68,true
2025-10-11,cold_call,tech,small,7562.14,Rep 6,Region South,Platform,0.0,false,61,false
2024-12-10,paid,tech,small,9767.17,Rep 6,Region West,Platform,13.43,false,57,false
2025-02-27,referral,healthcare,large,70924.94,Rep 7,Region Central,Platform,17.88,false,41,false
2025-11-20,cold_call,tech,enterprise,160062.68,Rep 2,Region South,Suite,16.77,true,25,false
2024-06-09,cold_call,tech,small,7355.42,Rep 1,Region East,Platform,7.18,false,86,true
2025-08-30,paid,finance,small,10650.81,Rep 2,Region East,Platform,8.72,false,35,true
2024-03-31,webinar,manufacturing,medium,25580.31,Rep 1,Region Central,Standalone,8.99,true,63,false
2025-02-13,webinar,finance,medium,24573.35,Rep 2,Region East,Platform,15.35,false,54,true
2025-02-08,paid,manufacturing,medium,24572.94,Rep 6,Region East,Platform,11.72,false,71,true
2024-01-19,referral,finance,small,7904.19,Rep 7,Region East,Platform,8.31,false,32,false
2024-01-14,referral,tech,small,4814.7,Rep 8,Region South,Platform,22.51,false,40,true
2024-07-22,cold_call,tech,large,64880.72,Rep 5,Region Central,Standalone,8.87,true,30,false
2024-03-10,referral,tech,small,11278.42,Rep 1,Region East,Platform,28.28,false,67,true
2024-07-07,referral,retail,enterprise,165973.51,Rep 2,Region South,Suite,27.02,true,76,true
2025-09-05,paid,manufacturing,medium,25018.71,Rep 6,Region Central,Suite,10.62,true,51,false
2025-01-17,cold_call,finance,small,10671.35,Rep 3,Region East,Platform,16.22,false,50,false
2025-04-03,webinar,retail,medium,30598.45,Rep 2,Region East,Suite,17.2,false,35,true
2024-06-21,webinar,manufacturing,small,8878.54,Rep 7,Region Central,Platform,3.63,true,69,true
2025-12-05,referral,finance,large,50745.52,Rep 6,Region East,Standalone,19.2,true,75,true
2024-05-17,webinar,retail,small,7659.46,Rep 6,Region Central,Platform,11.58,true,85,true
2025-06-24,paid,manufacturing,small,7968.48,Rep 4,Region South,Platform,1.61,false,64,false
2024-12-07,organic,manufacturing,enterprise,142431.25,Rep 5,Region South,Standalone,12.66,false,52,true
2025-02-14,paid,healthcare,medium,19214.66,Rep 4,Region East,Platform,10.63,false,44,true
2024-07-08,referral,finance,medium,24381.29,Rep 6,Region East,Standalone,0.07,false,87,true
2024-07-26,paid,finance,large,76101.27,Rep 2,Region East,Standalone,22.53,true,44,false
2025-08-01,cold_call,tech,medium,22292.57,Rep 6,Region East,Platform,11.29,false,100,true
2024-10-25,referral,tech,small,9238.13,Rep 4,Region West,Platform,21.83,true,44,true
2025-10-21,webinar,manufacturing,large,55308.93,Rep 4,Region West,Platform,17.81,false,56,true
2024-02-05,referral,retail,small,6992.55,Rep 2,Region East,Platform,18.98,false,53,true
2024-01-22,organic,tech,small,7871.55,Rep 2,Region East,Platform,5.55,false,34,false
2025-08-28,referral,retail,small,8989.36,Rep 2,Region South,Platform,2.62,true,69,true
2025-09-27,webinar,healthcare,medium,27715.79,Rep 1,Region East,Suite,14.38,false,54,false
2024-08-28,cold_call,healthcare,medium,29731.38,Rep 4,Region West,Standalone,9.26,true,41,true
2025-10-08,cold_call,healthcare,small,9335.14,Rep 2,Region South,Platform,11.71,false,46,true
2024-11-21,referral,retail,large,71860.14,Rep 6,Region East,Suite,40.0,false,60,false
2025-10-02,referral,finance,large,75525.21,Rep 7,Region East,Standalone,18.79,true,75,true
2024-02-20,referral,tech,large,71760.47,Rep 5,Region East,Platform,11.02,false,44,true
2025-11-09,organic,healthcare,large,54075.14,Rep 3,Region Central,Standalone,3.93,true,48,false
2024-01-12,organic,finance,enterprise,169830.41,Rep 2,Region East,Suite,6.33,false,71,true
2024-10-14,organic,healthcare,large,47722.98,Rep 2,Region West,Platform,11.94,false,68,true
2024-12-30,referral,finance,medium,21108.63,Rep 6,Region East,Platform,25.31,true,38,true
2025-05-11,organic,healthcare,large,53947.34,Rep 6,Region South,Standalone,4.38,false,76,true
2024-03-25,referral,retail,small,6458.81,Rep 1,Region East,Platform,3.45,false,88,true
2024-02-20,cold_call,tech,medium,24254.99,Rep 6,Region Central,Platform,11.19,false,76,true
2024-01-26,organic,retail,medium,27215.8,Rep 8,Region West,Suite,14.67,false,74,true
2025-11-20,referral,finance,enterprise,167668.14,Rep 2,Region East,Standalone,28.11,true,49,true
2025-04-08,referral,retail,medium,21165.67,Rep 8,Region West,Standalone,16.53,false,65,true
2025-03-16,cold_call,tech,medium,23267.69,Rep 8,Region South,Suite,0.26,false,72,true
2025-10-07,webinar,healthcare,enterprise,150130.75,Rep 2,Region Central,Standalone,9.85,true,27,false
2024-05-04,cold_call,tech,large,64149.31,Rep 2,Region South,Platform,9.94,false,65,true
2024-11-15,referral,manufacturing,medium,23894.29,Rep 5,Region Central,Platform,16.08,false,73,true
2025-01-24,paid,tech,small,7869.47,Rep 6,Region East,Platform,10.79,false,46,true
2025-04-10,referral,tech,large,53781.49,Rep 1,Region West,Standalone,0.0,true,66,true
2025-07-10,referral,tech,enterprise,137905.06,Rep 2,Region East,Standalone,19.81,false,33,false
2024-02-16,referral,healthcare,medium,25759.79,Rep 5,Region West,Standalone,10.98,false,46,false
2024-10-24,organic,finance,small,10088.78,Rep 3,Region East,Platform,14.84,true,81,true
2025-04-13,organic,tech,medium,20225.41,Rep 5,Region West,Platform,14.96,true,61,false
2024-09-25,referral,finance,large,75322.97,Rep 4,Region East,Suite,17.09,false,86,true
2024-09-20,referral,retail,medium,21014.63,Rep 3,Region Central,Platform,25.02,false,86,true
2025-03-05,cold_call,finance,medium,23318.23,Rep 2,Region East,Standalone,11.72,false,49,true
2024-02-19,referral,retail,small,9682.48,Rep 7,Region Central,Platform,16.44,false,81,true
2024-10-25,webinar,retail,small,9185.43,Rep 3,Region East,Platform,12.23,false,29,false
2025-05-11,paid,retail,small,12138.85,Rep 3,Region Central,Standalone,2.16,true,52,false
2024-09-06,cold_call,healthcare,enterprise,121590.08,Rep 7,Region Central,Platform,12.68,true,63,true
2025-10-04,cold_call,tech,small,7657.93,Rep 8,Region East,Platform,26.36,true,33,true
2024-09-06,cold_call,finance,small,9201.71,Rep 4,Region East,Platform,8.57,false,55,false
2024-03-19,referral,finance,medium,23405.06,Rep 2,Region East,Platform,28.8,false,6,true
2025-02-04,referral,retail,small,5564.64,Rep 4,Region West,Platform,13.17,false,52,false
2024-03-05,webinar,manufacturing,enterprise,156538.79,Rep 6,Region East,Platform,21.62,false,84,true
2025-03-30,referral,finance,small,9862.7,Rep 6,Region West,Platform,23.13,true,74,false
2025-03-10,paid,retail,small,8962.48,Rep 1,Region West,Platform,13.34,false,80,true
2024-11-19,referral,retail,large,41225.83,Rep 6,Region South,Standalone,25.28,true,38,false
2025-03-07,referral,tech,large,56082.12,Rep 1,Region Central,Platform,30.84,true,39,true
2025-03-07,cold_call,healthcare,small,7084.96,Rep 6,Region South,Platform,13.93,false,55,false
2025-02-01,webinar,manufacturing,medium,28230.41,Rep 1,Region South,Standalone,11.2,false,28,false
2024-01-05,cold_call,healthcare,medium,26194.51,Rep 5,Region Central,Standalone,11.18,false,57,false
2025-03-19,paid,tech,large,63467.83,Rep 5,Region West,Platform,7.81,false,43,false
2025-02-26,webinar,manufacturing,small,6089.53,Rep 5,Region Central,Platform,0.0,false,39,false
2025-03-21,paid,retail,small,9595.02,Rep 3,Region East,Platform,26.07,false,48,false
2025-03-13,referral,tech,enterprise,133514.3,Rep 2,Region Central,Platform,19.78,false,67,true
2024-03-14,webinar,finance,large,51142.86,Rep 7,Region East,Standalone,16.5,true,74,true
2024-04-12,referral,finance,small,5611.37,Rep 1,Region East,Platform,23.01,false,69,true
2024-02-26,organic,healthcare,medium,19098.81,Rep 6,Region East,Standalone,16.43,false,50,true
2025-10-24,organic,healthcare,enterprise,162699.22,Rep 2,Region East,Standalone,0.0,true,90,true
2024-09-25,paid,tech,enterprise,124810.99,Rep 2,Region Central,Suite,15.89,false,76,true
2024-05-06,organic,retail,medium,24381.06,Rep 6,Region East,Platform,0.0,true,100,true
2025-01-10,paid,retail,large,79529.76,Rep 5,Region East,Platform,7.47,false,65,true
2025-08-31,referral,retail,medium,32626.59,Rep 1,Region South,Suite,8.35,true,94,true
2025-10-31,referral,tech,medium,20524.67,Rep 1,Region West,Platform,19.58,true,65,false
2024-03-14,referral,healthcare,medium,17227.23,Rep 4,Region East,Standalone,34.91,true,65,true
2025-04-05,webinar,manufacturing,small,7110.47,Rep 1,Region South,Platform,17.58,true,62,false
2024-02-06,cold_call,tech,small,10348.33,Rep 1,Region Central,Platform,6.8,false,44,false
2024-05-26,referral,retail,medium,30076.56,Rep 4,Region East,Suite,26.98,false,50,true
2025-07-21,referral,finance,small,5199.32,Rep 5,Region East,Platform,22.91,true,96,true
2024-04-20,referral,manufacturing,medium,21094.85,Rep 2,Region East,Platform,11.29,false,42,true
2025-12-04,cold_call,tech,medium,19502.46,Rep 6,Region Central,Suite,8.09,true,60,false
2025-06-20,organic,tech,enterprise,102347.26,Rep 2,Region South,Platform,12.01,true,62,false
2024-11-09,referral,tech,large,61699.85,Rep 6,Region West,Standalone,25.5,true,42,true
2025-12-01,cold_call,tech,large,53975.57,Rep 4,Region West,Platform,5.15,false,47,false
2025-07-04,organic,tech,medium,28612.51,Rep 6,Region West,Platform,0.37,true,79,true
2024-05-31,referral,retail,medium,23737.75,Rep 6,Region South,Standalone,18.39,false,72,true
2025-07-31,organic,finance,medium,23221.17,Rep 8,Region East,Platform,16.98,true,54,false
2025-10-04,cold_call,retail,medium,26561.51,Rep 6,Region South,Platform,12.67,false,69,true
2025-06-25,referral,finance,medium,21353.6,Rep 7,Region East,Standalone,12.88,true,56,false
2024-04-30,referral,tech,enterprise,159889.94,Rep 2,Region South,Platform,24.73,true,64,false
2024-05-27,referral,finance,medium,21811.14,Rep 7,Region East,Standalone,12.37,false,79,true
2025-11-07,referral,healthcare,medium,26872.58,Rep 2,Region South,Standalone,8.08,false,67,true
2025-02-22,cold_call,finance,large,61659.73,Rep 7,Region East,Standalone,14.22,false,59,false
2024-03-23,cold_call,healthcare,medium,22708.08,Rep 8,Region West,Standalone,26.82,false,80,true
2025-11-29,organic,retail,large,50266.75,Rep 6,Region South,Suite,0.76,true,0,true
2025-04-09,webinar,tech,medium,26079.51,Rep 2,Region West,Suite,8.29,false,86,true
2024-08-28,webinar,retail,large,64422.37,Rep 4,Region East,Standalone,2.3,true,52,true
2025-11-03,referral,retail,small,8563.71,Rep 8,Region South,Platform,0.0,false,31,false
2025-07-14,cold_call,manufacturing,large,59811.65,Rep 8,Region Central,Standalone,9.69,false,56,true
2024-10-22,organic,retail,enterprise,106143.09,Rep 4,Region Central,Suite,7.9,false,77,true
2024-07-06,referral,tech,enterprise,167747.57,Rep 2,Region Central,Standalone,22.94,false,81,true
2024-06-19,paid,manufacturing,medium,19462.79,Rep 2,Region South,Suite,9.84,false,58,true
2024-07-02,organic,tech,medium,27822.9,Rep 2,Region Central,Standalone,12.07,true,36,false
2025-03-11,referral,tech,medium,23409.18,Rep 3,Region East,Suite,19.71,false,39,true
2024-10-16,organic,healthcare,medium,30061.98,Rep 2,Region Central,Standalone,6.78,true,32,true
2025-02-23,cold_call,healthcare,large,65494.69,Rep 8,Region South,Suite,8.15,false,41,false
2025-03-12,organic,tech,enterprise,152165.76,Rep 2,Region Central,Standalone,0.0,false,87,true
2024-12-12,referral,finance,large,62068.37,Rep 3,Region East,Platform,27.98,false,2,true
2024-12-04,webinar,retail,medium,27207.28,Rep 3,Region East,Standalone,9.13,true,78,true
2024-05-02,webinar,healthcare,large,43009.97,Rep 3,Region Central,Platform,7.7,false,39,false
2024-01-17,cold_call,manufacturing,medium,30159.9,Rep 3,Region West,Suite,8.04,true,60,false
2024-06-20,organic,tech,large,49972.56,Rep 1,Region East,Suite,0.0,false,76,true
2025-10-01,referral,manufacturing,enterprise,146277.88,Rep 2,Region West,Platform,11.56,false,71,true
2024-12-19,referral,manufacturing,enterprise,154149.28,Rep 2,Region West,Suite,18.72,false,48,false
2025-07-23,webinar,finance,small,10621.55,Rep 7,Region East,Platform,0.0,false,75,true
2024-08-04,webinar,tech,small,7540.77,Rep 3,Region West,Platform,14.01,false,54,true
2025-06-08,organic,finance,medium,17126.22,Rep 5,Region East,Suite,10.58,false,77,true
2025-05-22,paid,retail,small,8549.65,Rep 6,Region South,Platform,0.0,false,78,true
2025-06-24,cold_call,healthcare,large,59510.46,Rep 4,Region Central,Suite,7.69,true,27,false
2025-09-16,organic,retail,small,8321.41,Rep 7,Region East,Platform,12.86,true,52,false
2025-08-02,referral,finance,small,9123.43,Rep 7,Region East,Platform,20.0,false,71,true
2024-02-18,webinar,retail,medium,23062.8,Rep 2,Region South,Standalone,8.04,true,16,false
2024-07-11,referral,tech,small,8367.24,Rep 5,Region East,Platform,24.75,false,83,true
2024-10-07,referral,retail,enterprise,134093.32,Rep 2,Region East,Standalone,22.55,false,76,true
2025-02-19,referral,manufacturing,medium,28984.87,Rep 6,Region Central,Standalone,18.01,false,21,true
2025-09-25,referral,manufacturing,large,63911.17,Rep 1,Region Central,Standalone,0.0,false,84,true
2024-07-26,cold_call,finance,medium,26429.26,Rep 4,Region East,Platform,11.89,false,58,true
2024-12-19,organic,tech,small,7732.08,Rep 4,Region South,Platform,7.3,true,55,true
2024-08-12,cold_call,retail,medium,27596.53,Rep 6,Region East,Standalone,10.31,true,63,true
2025-04-01,webinar,retail,medium,33167.83,Rep 2,Region East,Standalone,17.1,false,61,true
2024-12-10,referral,tech,small,6719.28,Rep 5,Region East,Platform,2.46,false,53,false
2025-03-03,referral,finance,medium,20598.21,Rep 2,Region East,Platform,19.04,false,58,false
2025-11-24,paid,retail,large,68087.35,Rep 4,Region West,Platform,16.16,true,70,true
2024-05-29,webinar,tech,large,64010.27,Rep 7,Region South,Platform,26.67,false,59,true
2024-06-27,cold_call,retail,medium,26455.03,Rep 6,Region South,Platform,11.4,false,52,false
2024-07-23,organic,manufacturing,large,53336.71,Rep 3,Region West,Platform,0.48,false,49,true
2025-08-12,organic,manufacturing,small,8198.8,Rep 1,Region East,Platform,6.03,true,47,false
2024-01-31,webinar,retail,medium,26562.13,Rep 3,Region South,Suite,16.4,false,68,true
2025-03-29,cold_call,manufacturing,large,65224.59,Rep 5,Region West,Platform,14.9,false,94,true
2025-10-07,referral,retail,small,9691.42,Rep 6,Region South,Platform,19.91,false,61,true
2024-12-25,referral,finance,enterprise,144775.35,Rep 2,Region East,Standalone,0.0,false,60,false
2024-12-04,cold_call,healthcare,large,50113.55,Rep 6,Region Central,Standalone,9.01,false,32,true
2024-09-03,cold_call,healthcare,medium,21759.64,Rep 1,Region East,Platform,13.28,false,42,true
2025-06-06,webinar,finance,small,9075.76,Rep 4,Region East,Platform,0.91,false,53,true
2024-10-08,cold_call,manufacturing,medium,25509.02,Rep 6,Region Central,Standalone,14.12,false,58,false
2024-05-26,webinar,tech,small,8114.94,Rep 8,Region Central,Platform,0.0,true,57,false
2025-01-28,organic,manufacturing,small,8788.45,Rep 8,Region East,Platform,12.74,false,100,true
2024-01-06,referral,retail,enterprise,189223.81,Rep 2,Region South,Suite,20.62,false,23,false
2025-12-23,paid,healthcare,medium,23875.12,Rep 1,Region East,Platform,8.55,false,63,false
2024-05-14,cold_call,retail,medium,24088.15,Rep 2,Region South,Standalone,15.96,true,31,true
2024-08-20,cold_call,tech,medium,30367.9,Rep 1,Region South,Suite,16.08,false,67,true
2024-04-16,referral,tech,small,5387.46,Rep 4,Region West,Platform,14.2,true,51,true
2025-02-08,referral,retail,small,7765.01,Rep 4,Region Central,Platform,8.65,false,56,false
2025-02-28,referral,retail,medium,22525.53,Rep 1,Region West,Standalone,19.87,false,48,true
2025-05-16,cold_call,healthcare,small,7867.18,Rep 5,Region Central,Platform,12.54,false,75,true
2025-10-17,paid,tech,medium,24265.85,Rep 2,Region Central,Platform,13.8,false,60,false
2024-10-04,webinar,healthcare,small,7067.45,Rep 7,Region East,Platform,13.53,false,91,true
2025-07-17,organic,healthcare,small,6712.06,Rep 8,Region West,Platform,9.31,false,37,true
2025-01-11,organic,tech,small,8697.3,Rep 4,Region Central,Platform,0.0,true,43,true
2024-09-27,organic,retail,large,49337.42,Rep 2,Region Central,Platform,10.52,false,70,true
2024-09-04,webinar,finance,medium,18927.49,Rep 3,Region South,Platform,9.53,false,29,false
2024-02-20,cold_call,finance,large,52060.2,Rep 1,Region East,Platform,16.4,true,73,true
2024-07-11,organic,tech,large,60495.88,Rep 7,Region Central,Standalone,16.41,true,31,true
2024-09-28,cold_call,finance,enterprise,155745.01,Rep 3,Region East,Suite,11.35,false,42,false
2024-09-05,webinar,healthcare,medium,28484.86,Rep 6,Region West,Platform,28.83,false,58,true
2024-01-07,referral,tech,small,9231.06,Rep 2,Region East,Platform,20.34,false,48,false
2024-09-21,organic,retail,medium,20285.9,Rep 1,Region South,Standalone,5.93,false,20,false
2024-12-26,referral,finance,medium,23422.89,Rep 6,Region East,Platform,26.55,false,65,true
2025-12-18,paid,retail,small,9292.78,Rep 5,Region Central,Platform,0.0,true,46,false
2024-08-03,referral,tech,large,67110.86,Rep 4,Region Central,Suite,0.86,false,32,false
2024-06-02,referral,manufacturing,small,10289.9,Rep 6,Region West,Platform,18.8,false,41,false
2024-10-16,cold_call,tech,small,7303.15,Rep 4,Region South,Platform,10.55,false,97,true
2025-06-02,referral,tech,large,76855.19,Rep 6,Region South,Standalone,0.0,false,62,true
2024-07-27,organic,healthcare,enterprise,175607.14,Rep 2,Region Central,Suite,6.9,false,74,true
2025-01-03,cold_call,finance,large,77061.73,Rep 8,Region East,Standalone,12.95,false,96,true
2024-12-27,organic,healthcare,small,5354.26,Rep 8,Region West,Standalone,0.0,true,60,false
2024-05-25,cold_call,retail,medium,22436.38,Rep 5,Region South,Platform,0.0,true,48,true
2025-03-05,paid,finance,large,33304.3,Rep 8,Region East,Platform,16.73,true,60,true
2025-01-25,referral,finance,medium,21984.07,Rep 7,Region East,Platform,12.27,false,58,true
2024-10-01,organic,retail,small,8427.29,Rep 7,Region East,Platform,10.73,false,62,true
2024-08-10,paid,retail,large,67468.59,Rep 3,Region West,Standalone,17.93,true,46,false
2024-06-13,referral,healthcare,medium,25227.42,Rep 2,Region West,Standalone,17.26,false,53,false
2025-02-14,referral,retail,small,5590.62,Rep 5,Region South,Platform,11.92,true,80,true
2024-07-17,cold_call,manufacturing,small,5184.38,Rep 2,Region Central,Platform,14.78,false,38,false
2024-12-05,organic,manufacturing,small,4523.98,Rep 4,Region South,Platform,9.62,false,38,false
2025-07-01,cold_call,retail,small,7426.68,Rep 5,Region Central,Platform,5.78,false,69,true
2025-12-12,cold_call,tech,medium,27652.74,Rep 3,Region East,Standalone,2.19,false,64,false
2025-12-28,referral,manufacturing,small,6265.57,Rep 2,Region Central,Platform,20.61,false,57,false
2024-07-21,webinar,healthcare,large,49403.11,Rep 6,Region South,Suite,17.48,false,73,true
2024-11-27,cold_call,retail,medium,22116.27,Rep 4,Region Central,Standalone,17.58,true,71,true
2025-12-02,webinar,healthcare,large,44837.21,Rep 4,Region East,Platform,5.41,false,36,false
2024-12-07,referral,healthcare,small,6256.02,Rep 8,Region East,Platform,3.08,false,58,true
2025-12-18,referral,finance,large,56486.11,Rep 2,Region East,Suite,21.29,false,85,true
2024-02-12,cold_call,manufacturing,enterprise,151549.47,Rep 2,Region South,Standalone,7.36,false,75,true
2025-04-02,referral,finance,medium,32559.58,Rep 1,Region East,Suite,10.82,false,30,true
2024-08-17,cold_call,finance,medium,28461.43,Rep 2,Region East,Standalone,7.85,false,30,false
2024-05-08,organic,healthcare,medium,26268.29,Rep 3,Region South,Suite,13.19,true,55,false
2025-08-11,cold_call,retail,small,7353.51,Rep 8,Region South,Platform,14.22,false,59,false
2025-11-23,referral,tech,large,55732.3,Rep 6,Region East,Suite,9.32,false,69,true
2024-05-10,webinar,finance,small,7040.56,Rep 4,Region East,Platform,11.13,true,58,false
2024-01-18,organic,retail,small,6921.47,Rep 6,Region Central,Platform,12.71,false,50,false
2024-02-01,referral,tech,medium,17306.62,Rep 8,Region Central,Standalone,5.9,false,72,true
2024-07-20,organic,tech,small,4951.49,Rep 1,Region South,Platform,20.4,false,46,false
2025-07-21,referral,retail,medium,24318.9,Rep 6,Region East,Standalone,6.02,true,40,false
2024-10-13,referral,manufacturing,medium,26337.94,Rep 2,Region West,Platform,27.57,true,29,true
2024-08-29,paid,finance,medium,27068.22,Rep 2,Region East,Platform,5.7,true,68,true
2024-12-07,webinar,retail,medium,28336.11,Rep 5,Region West,Platform,19.93,false,77,true
2024-10-04,organic,healthcare,enterprise,165454.42,Rep 2,Region South,Standalone,14.62,true,41,true
2025-09-16,referral,tech,large,46358.35,Rep 6,Region East,Standalone,21.11,true,67,true
2024-03-12,webinar,healthcare,large,54380.11,Rep 6,Region East,Platform,2.99,true,68,true
2025-02-22,cold_call,retail,medium,27906.42,Rep 3,Region East,Suite,24.97,false,76,true
2024-06-03,referral,finance,small,7927.85,Rep 7,Region East,Platform,15.37,false,59,true
2024-04-18,cold_call,retail,small,9429.95,Rep 6,Region West,Platform,9.61,true,82,true
2025-02-05,organic,finance,small,8840.19,Rep 4,Region East,Platform,6.96,true,92,true
2025-05-11,webinar,tech,medium,22119.16,Rep 7,Region East,Platform,6.15,false,60,false
2025-04-06,cold_call,manufacturing,enterprise,151086.86,Rep 2,Region East,Platform,4.77,true,78,true
2025-09-07,paid,retail,enterprise,156319.35,Rep 2,Region South,Platform,9.45,false,76,true
2024-06-01,paid,finance,small,6601.64,Rep 5,Region East,Platform,12.94,false,39,true
2025-08-15,organic,tech,large,55358.85,Rep 2,Region South,Platform,0.0,true,67,true
2025-01-13,cold_call,manufacturing,medium,24495.18,Rep 4,Region South,Platform,5.32,false,29,false
2025-06-10,cold_call,manufacturing,small,6135.88,Rep 5,Region West,Platform,5.01,true,41,false
2024-01-03,webinar,tech,enterprise,171192.27,Rep 2,Region East,Suite,9.08,false,69,true
2025-09-30,webinar,healthcare,large,65470.93,Rep 4,Region West,Suite,10.7,false,43,false
2025-04-27,cold_call,healthcare,enterprise,139809.97,Rep 2,Region South,Platform,13.82,false,65,true
2025-03-02,organic,manufacturing,large,70448.91,Rep 4,Region South,Standalone,8.31,false,64,true
2024-02-07,webinar,tech,medium,28233.48,Rep 2,Region East,Suite,4.64,true,55,false
2025-01-17,webinar,finance,large,65842.58,Rep 7,Region East,Suite,14.61,false,81,true
2025-06-03,webinar,finance,large,53012.13,Rep 4,Region East,Standalone,9.9,true,37,false
2025-07-02,webinar,tech,large,45529.06,Rep 1,Region East,Suite,17.94,false,96,false
2025-04-11,webinar,manufacturing,small,7531.73,Rep 7,Region South,Platform,2.08,true,74,true
2025-07-14,cold_call,finance,medium,32323.72,Rep 4,Region East,Platform,16.85,true,74,true
2025-01-10,cold_call,retail,small,7459.62,Rep 3,Region East,Platform,0.87,false,51,true
2025-06-01,paid,finance,small,8466.51,Rep 5,Region East,Platform,0.0,true,41,false
2024-09-04,referral,retail,large,48247.39,Rep 2,Region Central,Suite,2.35,true,92,true
2025-11-24,cold_call,tech,small,4155.91,Rep 3,Region West,Platform,7.43,false,42,false
2024-09-02,organic,retail,medium,23394.46,Rep 6,Region Central,Platform,9.31,false,42,false
2025-04-11,paid,tech,medium,25833.72,Rep 7,Region South,Standalone,1.38,true,35,true
2025-02-15,referral,tech,medium,20180.43,Rep 2,Region West,Standalone,18.65,false,34,false
2025-07-21,webinar,tech,large,48204.76,Rep 8,Region Central,Platform,10.08,false,78,true
2025-08-16,referral,healthcare,enterprise,79034.8,Rep 3,Region South,Standalone,29.47,false,44,false
2025-12-19,paid,healthcare,small,9483.39,Rep 5,Region South,Platform,0.0,false,62,true
2024-02-10,cold_call,finance,small,6258.27,Rep 1,Region East,Platform,0.84,true,39,false
2025-12-05,referral,tech,medium,21785.56,Rep 6,Region Central,Platform,22.53,true,32,true
2025-06-11,referral,tech,large,56793.49,Rep 1,Region West,Standalone,20.59,true,47,false
2025-10-17,referral,manufacturing,medium,27539.14,Rep 1,Region West,Standalone,22.29,false,55,true
2024-01-24,cold_call,manufacturing,large,63896.91,Rep 2,Region Central,Standalone,0.0,true,49,false
2025-11-04,referral,retail,small,8855.33,Rep 6,Region Central,Standalone,18.72,false,56,true
2025-10-30,referral,tech,medium,24789.98,Rep 2,Region Central,Platform,21.2,false,39,false
2025-08-20,webinar,finance,large,52662.69,Rep 3,Region East,Suite,11.0,false,62,true
2025-12-08,paid,tech,small,7147.0,Rep 3,Region West,Platform,0.0,false,31,false
2024-06-13,paid,retail,medium,22311.8,Rep 3,Region East,Standalone,6.8,false,72,true
2025-04-16,referral,healthcare,enterprise,129300.08,Rep 2,Region East,Platform,22.16,true,52,false
2025-04-01,paid,finance,large,69279.99,Rep 2,Region East,Standalone,4.0,true,52,true
2024-08-03,referral,tech,medium,31125.07,Rep 8,Region West,Platform,24.2,true,80,true
2024-05-17,organic,retail,small,7703.44,Rep 8,Region Central,Standalone,12.07,false,49,false
2024-02-19,referral,retail,large,64437.51,Rep 5,Region East,Suite,21.29,true,9,false
2025-01-20,webinar,retail,large,75090.89,Rep 2,Region South,Suite,10.27,true,28,true
2024-11-27,organic,manufacturing,small,11215.83,Rep 3,Region East,Platform,0.24,false,5,false
2025-05-04,webinar,retail,medium,23245.47,Rep 1,Region Central,Platform,16.6,true,52,true
2024-06-03,cold_call,tech,large,62045.59,Rep 1,Region East,Suite,5.56,true,83,true
2025-10-26,referral,retail,small,6150.29,Rep 1,Region West,Platform,11.61,false,61,false
2025-12-16,referral,manufacturing,small,9592.28,Rep 8,Region Central,Platform,2.66,true,41,false
2025-02-07,cold_call,tech,small,6912.45,Rep 5,Region South,Platform,0.0,false,60,false
2025-10-28,paid,manufacturing,large,67638.49,Rep 2,Region Central,Platform,6.46,false,46,false
2024-05-30,cold_call,tech,small,8044.8,Rep 5,Region West,Platform,16.96,true,70,true
2025-08-22,organic,finance,small,7576.37,Rep 2,Region East,Platform,11.35,true,61,false
2024-07-22,paid,finance,enterprise,196832.76,Rep 2,Region East,Standalone,15.08,true,24,false
2025-07-21,organic,finance,medium,22909.92,Rep 4,Region East,Standalone,13.4,false,25,false
2024-03-24,organic,retail,small,9304.06,Rep 7,Region Central,Platform,14.36,false,72,true
2025-08-09,cold_call,tech,large,72598.29,Rep 8,Region Central,Suite,1.8,false,23,true
2024-09-03,paid,retail,medium,23122.09,Rep 8,Region West,Standalone,2.08,true,58,false
2024-07-30,paid,healthcare,medium,19384.44,Rep 8,Region South,Standalone,8.98,false,82,true
2025-06-19,paid,retail,medium,21585.49,Rep 1,Region West,Suite,10.59,true,45,false
2025-07-07,referral,tech,medium,26587.41,Rep 3,Region South,Platform,19.18,false,31,false
2024-11-30,referral,tech,large,54993.65,Rep 6,Region East,Standalone,15.23,true,37,false
2025-12-29,cold_call,finance,medium,25128.09,Rep 5,Region East,Suite,12.65,false,52,false
2024-02-12,organic,finance,small,7112.98,Rep 1,Region East,Platform,8.74,false,64,false
2024-01-28,referral,healthcare,large,51081.19,Rep 2,Region South,Platform,14.41,false,51,true
2025-08-04,webinar,tech,medium,24489.47,Rep 2,Region West,Standalone,11.38,false,47,false
2025-07-23,webinar,retail,medium,27489.75,Rep 2,Region East,Suite,5.16,false,61,false
2025-12-23,referral,tech,small,8323.03,Rep 5,Region South,Platform,26.75,true,71,true
2025-05-30,referral,manufacturing,small,7917.73,Rep 7,Region East,Platform,18.47,false,43,true
2025-05-03,webinar,manufacturing,medium,19992.41,Rep 6,Region Central,Platform,16.33,false,33,true
2024-06-07,cold_call,manufacturing,medium,23650.62,Rep 4,Region South,Standalone,0.29,false,40,true
2024-09-22,paid,manufacturing,large,63470.56,Rep 2,Region East,Platform,16.09,true,31,true
2024-02-24,organic,healthcare,large,51128.09,Rep 6,Region West,Suite,0.0,true,58,true
2025-10-09,cold_call,tech,medium,18091.36,Rep 3,Region South,Platform,0.77,false,83,true
2025-05-28,webinar,manufacturing,medium,21353.56,Rep 7,Region Central,Platform,15.45,false,100,true
2024-01-17,webinar,finance,large,59814.17,Rep 4,Region East,Standalone,8.61,false,77,true
2025-05-07,organic,tech,medium,26536.58,Rep 3,Region South,Suite,15.42,true,48,true
2024-08-03,paid,healthcare,medium,24189.3,Rep 2,Region East,Standalone,9.47,false,71,true
2025-12-29,cold_call,retail,small,10142.27,Rep 3,Region South,Platform,13.8,false,100,true
2025-02-03,referral,healthcare,medium,22629.78,Rep 4,Region West,Standalone,18.87,false,72,true
2024-01-12,cold_call,retail,small,8144.81,Rep 1,Region West,Platform,1.9,false,100,true
2024-06-17,referral,retail,small,9930.89,Rep 6,Region South,Platform,23.6,false,66,true
2025-04-17,referral,manufacturing,small,6114.06,Rep 2,Region West,Platform,4.47,true,59,true
2025-02-21,referral,finance,small,7166.72,Rep 6,Region East,Platform,12.72,false,47,true
2024-10-07,referral,finance,small,5695.6,Rep 4,Region East,Platform,20.46,true,68,true
2025-08-16,webinar,tech,large,62363.5,Rep 7,Region West,Suite,4.69,false,78,true
2024-12-05,cold_call,manufacturing,medium,19541.96,Rep 8,Region South,Suite,11.98,true,72,true
2025-09-09,referral,retail,medium,24007.51,Rep 5,Region South,Platform,0.0,false,59,false
2024-07-14,cold_call,retail,small,12114.37,Rep 7,Region East,Platform,2.05,true,55,false
2024-11-12,organic,manufacturing,large,45680.13,Rep 5,Region South,Standalone,10.37,false,94,true
2025-04-18,cold_call,retail,large,47839.13,Rep 5,Region Central,Platform,6.75,false,84,true
2024-09-28,organic,tech,enterprise,125071.02,Rep 6,Region East,Standalone,6.46,false,37,false
2025-05-24,organic,tech,small,7976.13,Rep 6,Region South,Platform,0.0,false,84,true
2024-07-24,referral,manufacturing,medium,25211.02,Rep 8,Region East,Platform,0.0,false,51,false
2024-11-08,referral,tech,small,7543.45,Rep 8,Region South,Platform,4.17,false,83,true
2024-12-04,referral,finance,enterprise,207937.14,Rep 2,Region East,Standalone,18.91,true,50,false
2025-10-06,organic,tech,large,81811.6,Rep 8,Region East,Suite,4.61,false,47,false
2024-04-26,webinar,manufacturing,medium,25447.52,Rep 5,Region East,Suite,15.3,false,53,false
2024-05-10,paid,tech,small,7119.9,Rep 2,Region West,Platform,4.39,false,49,false
2024-10-17,referral,finance,small,5965.79,Rep 4,Region East,Platform,21.37,false,67,true
2024-03-17,paid,healthcare,enterprise,170997.67,Rep 2,Region South,Standalone,13.35,false,48,false
2024-05-28,organic,tech,large,63967.97,Rep 4,Region South,Standalone,6.16,false,27,false
2024-07-31,webinar,manufacturing,medium,29240.14,Rep 5,Region West,Suite,21.99,false,31,true
2024-06-26,referral,manufacturing,small,11446.43,Rep 2,Region Central,Platform,17.87,false,25,true
2025-03-03,webinar,finance,enterprise,177480.09,Rep 2,Region East,Suite,5.15,false,59,false
2025-03-19,referral,tech,small,7831.67,Rep 3,Region South,Platform,26.1,true,73,true
2025-05-17,cold_call,manufacturing,medium,27297.89,Rep 1,Region South,Suite,2.23,true,42,true
2024-11-05,cold_call,healthcare,medium,25217.32,Rep 8,Region Central,Standalone,8.05,false,37,true
2025-01-09,referral,finance,small,7834.24,Rep 4,Region East,Platform,22.96,false,58,true
2025-07-25,cold_call,tech,small,10147.35,Rep 6,Region Central,Platform,17.99,false,40,true
2025-06-07,webinar,manufacturing,large,58776.14,Rep 5,Region South,Standalone,12.41,true,40,true
2024-07-14,webinar,tech,large,51517.22,Rep 2,Region South,Suite,8.46,true,64,false
2024-10-03,cold_call,tech,medium,21272.43,Rep 3,Region East,Suite,16.12,true,60,false
2025-07-26,paid,retail,medium,20031.49,Rep 3,Region South,Standalone,13.11,true,53,false
2025-05-12,referral,finance,large,55362.61,Rep 3,Region Central,Suite,6.56,false,87,true
2025-01-14,webinar,retail,small,6072.67,Rep 1,Region West,Platform,11.38,false,52,true
2024-12-06,organic,manufacturing,small,8435.7,Rep 6,Region South,Platform,15.26,true,68,false
2025-09-09,cold_call,healthcare,small,4511.06,Rep 6,Region Central,Platform,6.13,true,36,false
2025-09-09,organic,finance,medium,25278.37,Rep 4,Region East,Platform,2.41,false,49,true
2024-10-05,referral,healthcare,enterprise,146764.54,Rep 2,Region East,Platform,24.53,true,52,true
2025-06-13,cold_call,finance,small,6082.28,Rep 6,Region East,Platform,23.22,false,60,true
2025-10-14,referral,tech,large,61790.76,Rep 8,Region West,Suite,18.07,false,42,true
2024-04-23,cold_call,healthcare,small,8372.88,Rep 8,Region West,Platform,10.28,false,62,true
2025-03-11,organic,healthcare,large,48721.1,Rep 4,Region East,Platform,7.25,false,85,true
2024-03-14,paid,retail,small,8052.9,Rep 8,Region Central,Platform,7.54,true,25,false
2025-02-14,organic,tech,medium,21179.03,Rep 6,Region West,Suite,10.32,true,77,true
2025-02-03,referral,tech,small,8744.15,Rep 2,Region East,Platform,31.03,true,63,false
2025-11-25,paid,tech,small,9045.69,Rep 5,Region South,Platform,9.12,false,79,true
2024-07-07,referral,tech,large,55182.98,Rep 8,Region West,Standalone,20.58,false,78,true
2025-05-10,webinar,manufacturing,small,8047.64,Rep 1,Region East,Platform,12.45,true,54,true
2024-03-30,referral,retail,large,60168.34,Rep 6,Region South,Suite,8.08,false,67,true
2025-11-17,webinar,retail,large,47155.03,Rep 4,Region West,Standalone,16.56,false,40,false
2024-05-17,referral,finance,small,10006.38,Rep 2,Region East,Standalone,19.3,true,84,true
2024-06-14,paid,healthcare,large,73425.68,Rep 8,Region West,Standalone,21.24,true,38,false
2024-01-22,paid,manufacturing,medium,20439.08,Rep 7,Region East,Platform,7.83,false,69,true
2025-09-21,referral,finance,medium,16730.18,Rep 7,Region East,Platform,23.25,false,0,false
2024-08-09,webinar,retail,large,57843.04,Rep 1,Region Central,Standalone,13.35,false,64,false
2025-03-05,paid,retail,small,6831.01,Rep 3,Region Central,Platform,14.32,true,66,true
2025-10-08,referral,manufacturing,medium,25776.59,Rep 5,Region South,Platform,14.56,false,90,true
2025-07-03,referral,retail,medium,22189.11,Rep 8,Region Central,Suite,8.14,false,66,true
2025-04-16,referral,tech,medium,29892.8,Rep 7,Region Central,Standalone,10.83,false,50,false
2025-04-23,organic,retail,medium,31602.87,Rep 8,Region South,Standalone,12.58,false,61,true
2024-05-08,webinar,manufacturing,enterprise,126799.43,Rep 2,Region West,Standalone,16.53,false,67,true
2024-10-23,organic,tech,medium,27196.76,Rep 5,Region East,Platform,0.0,true,100,true
2024-07-17,referral,tech,medium,21206.6,Rep 7,Region East,Platform,7.03,false,74,true
2025-03-13,paid,tech,large,73764.27,Rep 4,Region Central,Suite,4.39,false,47,false
2025-07-21,referral,retail,small,8781.67,Rep 6,Region East,Platform,8.15,false,44,true
2025-04-21,referral,finance,small,8289.38,Rep 3,Region East,Suite,28.16,false,80,true
2025-09-11,referral,healthcare,medium,17891.57,Rep 2,Region South,Standalone,20.61,false,63,false
2025-07-19,cold_call,retail,small,10863.87,Rep 8,Region East,Platform,0.0,false,60,true
2025-06-13,referral,tech,small,9234.37,Rep 5,Region East,Platform,10.51,true,59,true
2024-07-02,organic,tech,small,10710.1,Rep 3,Region Central,Platform,8.34,false,81,true
2024-08-28,paid,finance,medium,28732.47,Rep 7,Region East,Standalone,6.87,true,65,true
2024-08-31,cold_call,tech,large,37145.27,Rep 6,Region East,Platform,11.28,true,72,true
2025-05-05,cold_call,tech,large,64742.54,Rep 1,Region East,Platform,9.3,false,67,true
2024-04-05,referral,finance,large,50533.4,Rep 5,Region East,Standalone,23.83,true,54,true
2025-09-24,organic,manufacturing,large,60289.5,Rep 6,Region West,Suite,6.29,true,75,true
2025-06-22,referral,finance,small,10124.39,Rep 2,Region East,Platform,11.81,false,92,true
2024-01-04,organic,manufacturing,medium,19327.78,Rep 4,Region Central,Platform,14.35,false,59,true
2025-09-01,paid,tech,small,5108.66,Rep 1,Region Central,Platform,24.87,false,29,true
2025-03-28,cold_call,tech,large,51343.19,Rep 7,Region West,Platform,5.12,false,59,false
2024-07-06,organic,finance,enterprise,165091.44,Rep 7,Region East,Platform,7.16,false,46,true
2025-11-17,organic,tech,small,6287.07,Rep 1,Region South,Platform,10.6,false,53,false
2024-03-05,referral,retail,enterprise,100305.21,Rep 2,Region East,Standalone,1.63,true,84,true
2024-09-08,referral,finance,small,8508.16,Rep 5,Region East,Platform,20.5,false,19,true
2024-11-13,organic,finance,medium,26263.92,Rep 2,Region East,Standalone,7.38,false,47,false
2025-03-17,cold_call,manufacturing,medium,13374.43,Rep 2,Region Central,Standalone,19.16,false,87,true
2024-06-22,cold_call,tech,medium,24465.46,Rep 4,Region Central,Standalone,3.97,true,95,true
2025-03-02,organic,manufacturing,medium,26387.3,Rep 8,Region West,Standalone,16.62,false,100,true
2025-02-09,referral,manufacturing,medium,30074.17,Rep 4,Region East,Standalone,22.69,false,63,true
2024-02-16,organic,manufacturing,small,10401.83,Rep 5,Region West,Platform,24.44,true,66,true
2025-11-28,cold_call,finance,small,6523.43,Rep 7,Region East,Platform,17.5,false,51,false
2024-08-26,referral,tech,large,54335.94,Rep 8,Region East,Standalone,22.21,true,41,false
2025-02-18,paid,retail,small,8788.72,Rep 8,Region Central,Platform,8.36,false,62,false
2024-12-03,referral,tech,small,8344.15,Rep 5,Region East,Platform,9.23,true,38,true
2024-02-26,referral,healthcare,enterprise,126270.63,Rep 2,Region Central,Standalone,7.47,false,56,false
2025-03-08,cold_call,finance,large,48744.38,Rep 4,Region East,Standalone,0.0,false,100,true
2025-07-24,referral,manufacturing,medium,21105.94,Rep 6,Region South,Platform,20.39,false,82,true
2025-09-17,organic,healthcare,small,8106.51,Rep 3,Region East,Platform,2.16,false,51,true
2024-08-28,organic,retail,small,8153.18,Rep 3,Region Central,Platform,7.52,false,50,true
2024-05-17,referral,healthcare,large,66982.7,Rep 5,Region South,Suite,8.41,false,55,false
2024-09-19,paid,retail,enterprise,147960.02,Rep 8,Region West,Platform,0.0,true,23,true
2024-10-05,cold_call,tech,small,8814.54,Rep 1,Region East,Platform,9.47,false,25,false
2025-12-30,cold_call,finance,medium,22069.18,Rep 8,Region East,Platform,9.75,false,22,true
2024-05-13,referral,finance,small,7848.94,Rep 4,Region East,Platform,20.17,true,63,false
2025-02-04,cold_call,manufacturing,medium,28631.33,Rep 5,Region East,Suite,15.64,true,36,false
2025-12-03,webinar,healthcare,small,7875.79,Rep 4,Region Central,Platform,4.86,true,58,false
2025-08-30,paid,healthcare,medium,26246.96,Rep 5,Region South,Standalone,14.93,false,47,false
2025-05-07,cold_call,healthcare,small,9346.01,Rep 8,Region East,Platform,16.84,false,16,false
2025-02-23,paid,healthcare,large,69351.48,Rep 4,Region West,Standalone,20.32,true,71,true
2024-04-17,paid,finance,large,70393.91,Rep 4,Region East,Platform,1.01,false,58,false
2025-09-23,referral,retail,medium,29059.87,Rep 5,Region East,Platform,27.87,false,75,true
2024-07-24,referral,tech,large,62120.75,Rep 4,Region South,Suite,18.88,true,42,false
2025-04-24,cold_call,healthcare,medium,26789.22,Rep 5,Region South,Platform,26.16,false,72,true
2024-09-03,webinar,healthcare,enterprise,207433.19,Rep 2,Region East,Platform,11.53,false,74,true
2024-05-12,referral,retail,small,7603.54,Rep 7,Region East,Platform,12.4,true,60,false
2024-12-04,referral,manufacturing,enterprise,150197.84,Rep 2,Region Central,Standalone,6.17,true,87,false
2024-04-21,referral,tech,large,73250.68,Rep 2,Region Central,Platform,19.6,true,51,false
2025-09-20,webinar,healthcare,large,65224.1,Rep 3,Region West,Platform,19.19,true,86,true
2025-06-04,webinar,finance,large,49662.54,Rep 6,Region East,Standalone,8.78,true,74,true
2025-02-07,referral,manufacturing,enterprise,190184.26,Rep 2,Region South,Platform,25.15,false,65,true
2024-03-08,cold_call,tech,large,55590.06,Rep 7,Region Central,Standalone,5.99,false,79,true
2025-02-05,referral,healthcare,medium,22443.49,Rep 3,Region Central,Platform,0.0,true,62,true
2025-03-15,webinar,retail,medium,26361.84,Rep 5,Region South,Standalone,5.93,false,47,false
2024-08-22,paid,retail,medium,22005.31,Rep 7,Region Central,Suite,3.68,true,36,false
2024-02-21,webinar,retail,medium,33700.85,Rep 7,Region East,Platform,6.03,false,37,false
2024-08-25,webinar,manufacturing,large,68405.74,Rep 8,Region West,Standalone,17.09,false,54,false
2024-09-12,organic,finance,large,54207.27,Rep 3,Region East,Standalone,11.84,true,40,false
2025-10-13,organic,retail,small,6271.87,Rep 5,Region Central,Platform,17.15,false,43,false
2024-08-20,cold_call,tech,medium,27839.88,Rep 8,Region South,Standalone,8.47,true,35,true
2025-02-23,referral,healthcare,large,66640.92,Rep 7,Region East,Platform,14.5,false,56,false
2025-02-09,organic,tech,large,41365.55,Rep 7,Region South,Platform,2.18,false,54,false
2025-09-11,referral,manufacturing,small,9310.98,Rep 4,Region East,Platform,24.31,true,79,false
2024-12-12,referral,finance,small,7488.48,Rep 5,Region East,Platform,0.0,false,47,false
2025-10-16,organic,healthcare,small,11343.15,Rep 3,Region Central,Platform,8.48,false,52,true
2024-12-18,referral,finance,medium,21595.79,Rep 2,Region East,Platform,6.92,true,43,false
2024-01-04,referral,finance,medium,32159.36,Rep 1,Region East,Standalone,18.6,true,40,true
2025-12-19,referral,manufacturing,enterprise,156461.06,Rep 2,Region South,Platform,23.18,false,36,true
2025-09-05,webinar,tech,small,8710.84,Rep 1,Region East,Platform,10.88,true,49,true
2025-01-03,referral,healthcare,large,56663.87,Rep 1,Region South,Standalone,9.24,false,38,false
2025-10-31,referral,finance,small,7906.77,Rep 1,Region East,Platform,21.33,true,62,true
2024-03-02,webinar,tech,large,62591.18,Rep 2,Region Central,Standalone,23.04,false,59,false
2025-04-21,referral,healthcare,medium,25834.04,Rep 2,Region East,Standalone,1.6,true,51,false
2024-12-14,cold_call,manufacturing,medium,22088.83,Rep 8,Region South,Standalone,10.92,false,76,true
2024-09-16,webinar,tech,large,64793.25,Rep 3,Region South,Standalone,17.65,false,93,true
2024-01-16,webinar,healthcare,large,74234.32,Rep 8,Region West,Suite,1.68,true,74,true
2024-06-07,cold_call,healthcare,small,8486.79,Rep 8,Region South,Platform,8.97,false,67,true
2025-03-15,paid,healthcare,small,6679.6,Rep 6,Region West,Platform,0.0,true,64,true
2024-07-13,paid,manufacturing,large,81950.67,Rep 8,Region South,Platform,17.52,true,59,false
2025-07-27,paid,healthcare,medium,22692.56,Rep 4,Region East,Platform,16.24,false,88,true
2025-04-28,paid,healthcare,medium,27471.57,Rep 5,Region East,Suite,7.24,false,83,true
2025-12-12,webinar,finance,small,7272.04,Rep 4,Region East,Platform,8.3,false,37,false
2025-07-01,cold_call,tech,enterprise,146550.69,Rep 2,Region South,Suite,13.37,true,34,false
2024-05-03,webinar,tech,medium,27059.58,Rep 7,Region Central,Standalone,0.23,false,58,false
2024-03-12,cold_call,tech,enterprise,125120.3,Rep 2,Region Central,Suite,0.0,false,82,true
2024-08-11,webinar,tech,medium,28223.23,Rep 8,Region South,Suite,16.49,true,69,true
2024-07-13,paid,tech,enterprise,199898.37,Rep 2,Region West,Standalone,7.44,false,47,false
2025-05-05,referral,tech,enterprise,119670.72,Rep 2,Region East,Platform,18.61,false,58,false
2024-03-22,referral,tech,medium,25664.24,Rep 7,Region South,Platform,21.77,true,29,true
2025-07-05,referral,retail,large,69703.53,Rep 1,Region East,Standalone,27.49,true,43,false
2024-12-20,referral,healthcare,enterprise,162873.16,Rep 2,Region East,Platform,20.27,true,50,true
2024-06-19,cold_call,healthcare,enterprise,186383.46,Rep 5,Region East,Platform,8.21,false,44,false
2025-05-14,webinar,manufacturing,small,5981.94,Rep 5,Region South,Platform,27.08,true,86,true
2024-11-17,referral,tech,enterprise,189887.17,Rep 2,Region East,Standalone,19.58,false,64,false
2024-03-22,organic,retail,enterprise,162672.71,Rep 4,Region East,Suite,14.1,false,47,false
2024-09-09,organic,retail,small,9936.87,Rep 7,Region East,Platform,17.14,false,68,true
2025-07-30,referral,manufacturing,small,8321.95,Rep 7,Region West,Platform,17.59,false,67,true
2025-03-13,webinar,retail,large,48845.35,Rep 2,Region Central,Platform,17.13,false,61,false
2025-12-10,cold_call,retail,small,6904.19,Rep 4,Region West,Platform,11.08,true,74,true
2024-08-29,referral,retail,small,6460.92,Rep 2,Region East,Platform,0.0,false,63,false
2025-07-05,webinar,healthcare,small,8995.56,Rep 7,Region South,Platform,7.15,false,63,false
2024-04-29,paid,manufacturing,medium,23797.16,Rep 6,Region Central,Platform,14.1,false,74,true
2025-02-22,cold_call,tech,medium,16994.7,Rep 1,Region Central,Suite,10.94,true,43,false
2025-05-24,referral,manufacturing,small,8237.95,Rep 1,Region South,Platform,1.49,false,46,false
2025-11-18,referral,manufacturing,large,67740.89,Rep 2,Region South,Platform,24.27,false,77,true
2024-10-03,organic,tech,medium,22497.2,Rep 1,Region South,Standalone,5.83,true,52,true
2024-10-30,referral,manufacturing,medium,26027.48,Rep 4,Region South,Standalone,19.8,true,57,false
2024-06-04,organic,finance,small,5886.92,Rep 3,Region East,Platform,0.0,false,44,true
2025-10-31,organic,tech,small,5523.9,Rep 5,Region Central,Platform,4.24,true,40,false
2024-05-18,organic,tech,enterprise,170834.03,Rep 8,Region Central,Suite,12.74,false,45,false
2025-06-06,referral,manufacturing,small,9078.23,Rep 6,Region Central,Platform,3.22,false,76,true
2025-10-09,cold_call,retail,small,5839.23,Rep 2,Region East,Platform,14.47,true,74,true
2024-11-15,organic,retail,small,8433.8,Rep 2,Region East,Platform,1.81,false,86,true
2025-09-16,organic,retail,enterprise,180113.78,Rep 2,Region West,Standalone,5.04,true,80,true
2025-08-23,referral,manufacturing,medium,22409.81,Rep 3,Region South,Platform,12.83,false,63,false
2024-02-11,referral,tech,medium,31647.17,Rep 8,Region East,Standalone,14.22,false,100,true
2024-02-19,cold_call,healthcare,medium,23115.29,Rep 2,Region Central,Platform,9.87,true,31,false
2024-10-03,webinar,healthcare,medium,28008.36,Rep 7,Region Central,Suite,20.08,true,81,true
2025-09-08,paid,manufacturing,medium,14814.17,Rep 7,Region Central,Standalone,9.52,true,70,true
2025-07-25,cold_call,finance,small,8597.38,Rep 7,Region East,Platform,5.9,false,69,true
2024-01-06,organic,finance,small,6405.03,Rep 4,Region East,Platform,13.16,true,74,true
2024-05-13,cold_call,tech,small,5891.39,Rep 3,Region East,Platform,1.44,true,95,true
2024-02-01,referral,finance,small,8118.87,Rep 2,Region Central,Platform,18.01,false,37,true
2024-01-28,cold_call,tech,large,51431.57,Rep 1,Region West,Standalone,12.75,false,88,true
2024-04-20,referral,tech,small,7599.29,Rep 4,Region Central,Platform,25.89,false,37,false
2024-02-21,referral,retail,enterprise,115229.27,Rep 2,Region South,Suite,13.78,false,58,false
2025-12-02,referral,tech,small,8459.14,Rep 8,Region South,Platform,16.36,false,34,false
2024-12-23,referral,finance,medium,22678.85,Rep 3,Region East,Standalone,21.23,false,30,false
2024-09-03,webinar,tech,medium,23173.61,Rep 6,Region Central,Standalone,19.17,false,100,true
2024-10-04,webinar,tech,small,3788.69,Rep 6,Region East,Platform,3.46,true,73,true
2024-08-22,organic,retail,small,7878.93,Rep 7,Region Central,Platform,8.46,true,74,true
2024-04-05,webinar,manufacturing,large,72092.2,Rep 5,Region Central,Platform,14.01,false,43,false
2024-07-11,cold_call,manufacturing,small,8161.58,Rep 4,Region East,Platform,19.85,true,48,false
2024-06-01,paid,finance,small,8911.64,Rep 5,Region East,Platform,0.0,true,18,false
2024-03-28,referral,healthcare,small,6500.21,Rep 4,Region West,Platform,27.46,true,35,false
2024-10-01,paid,tech,large,43726.41,Rep 2,Region West,Standalone,13.63,true,83,true
2024-04-21,organic,tech,small,8755.72,Rep 3,Region East,Platform,9.55,false,46,false
2025-11-28,webinar,manufacturing,large,85353.98,Rep 4,Region West,Platform,14.55,false,75,true
2024-06-02,cold_call,healthcare,large,54025.55,Rep 8,Region Central,Standalone,21.82,true,47,false
2025-07-30,webinar,manufacturing,medium,22315.2,Rep 4,Region South,Platform,17.92,true,37,true
2025-05-31,webinar,tech,small,8641.77,Rep 6,Region East,Platform,2.71,false,45,true
2024-09-25,webinar,manufacturing,small,10365.18,Rep 3,Region East,Platform,0.0,true,82,true
2024-09-21,paid,retail,medium,25513.05,Rep 1,Region West,Suite,5.91,false,83,true
2024-08-20,cold_call,healthcare,enterprise,137158.42,Rep 2,Region East,Suite,12.35,false,43,true
2025-12-20,paid,tech,enterprise,148457.15,Rep 2,Region South,Standalone,8.16,false,79,true
2025-05-31,referral,tech,small,6680.17,Rep 4,Region South,Platform,15.27,false,54,false
2025-09-19,webinar,tech,medium,17269.38,Rep 8,Region South,Standalone,17.49,false,51,true
2025-07-01,cold_call,retail,large,61328.12,Rep 4,Region Central,Suite,9.94,false,44,false
2024-12-10,cold_call,finance,small,7758.7,Rep 5,Region East,Platform,13.02,false,63,false
2024-09-08,cold_call,retail,small,6416.58,Rep 6,Region West,Platform,13.91,false,86,true
2024-10-31,webinar,retail,small,5690.29,Rep 2,Region West,Platform,27.77,false,57,false
2024-04-25,cold_call,retail,medium,22009.85,Rep 1,Region East,Suite,8.71,false,62,false
2024-03-11,cold_call,retail,medium,28396.04,Rep 6,Region West,Suite,16.22,false,58,false
2024-09-23,paid,manufacturing,small,8392.36,Rep 7,Region South,Platform,10.36,true,38,true
2025-06-30,cold_call,finance,enterprise,138521.05,Rep 2,Region East,Standalone,7.3,true,57,false
2024-02-02,cold_call,finance,medium,21976.59,Rep 5,Region East,Suite,13.45,true,78,true
2024-08-10,webinar,retail,large,48156.54,Rep 8,Region Central,Suite,17.71,false,53,true
2024-12-05,webinar,healthcare,small,6580.68,Rep 2,Region West,Platform,14.34,false,66,true
2025-05-14,cold_call,finance,large,60064.6,Rep 7,Region East,Suite,0.0,false,83,true
2025-05-26,webinar,manufacturing,large,66271.6,Rep 7,Region East,Platform,9.33,false,44,false
2025-02-06,organic,finance,medium,30502.53,Rep 6,Region East,Standalone,6.1,false,41,false
2025-12-30,paid,tech,small,5892.41,Rep 6,Region South,Platform,7.32,true,59,true
2024-12-03,cold_call,finance,small,6706.1,Rep 6,Region East,Platform,16.25,false,55,false
2024-04-05,paid,tech,small,6649.99,Rep 6,Region Central,Platform,23.39,false,78,true
2024-12-06,organic,healthcare,medium,17965.58,Rep 3,Region South,Suite,19.17,false,13,true
2025-02-15,webinar,healthcare,large,59693.17,Rep 4,Region East,Platform,8.76,false,27,true
2025-03-29,referral,retail,small,8944.97,Rep 4,Region Central,Platform,0.0,true,35,true
2024-02-10,webinar,retail,large,72353.89,Rep 1,Region West,Suite,1.91,false,79,true
2025-05-07,cold_call,manufacturing,medium,22510.39,Rep 3,Region South,Platform,1.34,true,34,false
2024-06-22,cold_call,healthcare,large,56830.57,Rep 5,Region East,Standalone,13.88,false,92,true
2024-10-27,referral,retail,small,6949.0,Rep 2,Region Central,Platform,18.06,false,65,true
2025-02-22,referral,finance,small,10556.24,Rep 3,Region East,Platform,6.98,false,13,true
2024-05-22,organic,healthcare,small,10679.14,Rep 2,Region Central,Platform,17.9,true,57,true
2024-10-16,cold_call,tech,large,46304.69,Rep 5,Region East,Suite,8.73,false,80,true
2024-05-26,cold_call,retail,small,5907.57,Rep 8,Region Central,Platform,13.11,false,69,true
2025-02-19,paid,healthcare,small,6213.63,Rep 6,Region West,Platform,3.85,false,72,true
2025-07-21,referral,tech,small,7709.6,Rep 3,Region Central,Platform,18.83,false,67,true
2025-02-05,cold_call,manufacturing,medium,31749.63,Rep 8,Region West,Platform,13.55,true,49,true
2025-02-05,organic,tech,large,72516.34,Rep 5,Region South,Suite,10.45,false,53,false
2024-10-23,referral,manufacturing,small,8166.59,Rep 3,Region South,Platform,7.65,false,52,true
2024-03-12,referral,manufacturing,large,62901.69,Rep 7,Region East,Suite,19.26,false,74,true
2024-03-01,paid,retail,medium,24922.04,Rep 2,Region East,Suite,0.0,true,42,true
2025-05-18,organic,tech,small,7836.81,Rep 5,Region South,Platform,23.53,true,88,true
2025-07-27,paid,finance,small,7705.44,Rep 4,Region East,Platform,7.45,true,59,true
2024-09-09,cold_call,manufacturing,medium,23419.21,Rep 7,Region East,Suite,8.47,true,100,true
2025-01-31,webinar,tech,enterprise,174765.19,Rep 2,Region South,Standalone,13.81,false,29,true
2025-07-16,webinar,retail,medium,27451.0,Rep 7,Region South,Standalone,8.56,false,80,true
2025-01-19,referral,retail,large,83166.97,Rep 6,Region Central,Standalone,4.96,true,56,false
2024-02-02,referral,finance,small,6177.76,Rep 2,Region East,Platform,30.9,true,79,true
2025-09-08,referral,healthcare,medium,35969.91,Rep 4,Region Central,Suite,22.86,false,38,false
2024-06-27,organic,retail,small,7397.0,Rep 8,Region South,Platform,15.81,false,51,false
2024-04-30,cold_call,retail,medium,14402.21,Rep 6,Region South,Platform,7.23,true,70,true
2024-06-17,paid,retail,small,8601.34,Rep 1,Region South,Platform,17.75,false,60,true
2024-04-28,webinar,finance,small,8269.28,Rep 5,Region East,Platform,18.77,false,46,false
2024-02-14,referral,manufacturing,large,65275.67,Rep 4,Region South,Standalone,8.32,true,80,true
2024-01-03,referral,finance,small,11570.46,Rep 3,Region East,Platform,21.39,true,33,true
2025-04-03,paid,healthcare,small,7901.28,Rep 8,Region West,Platform,0.0,true,64,true
2024-09-26,paid,tech,medium,21561.06,Rep 4,Region Central,Platform,7.1,false,74,true
2024-07-21,cold_call,retail,small,6366.15,Rep 2,Region South,Platform,3.35,true,41,false
2025-03-31,webinar,healthcare,small,9540.2,Rep 2,Region West,Platform,14.46,false,86,true
2024-03-30,paid,finance,small,8706.5,Rep 6,Region East,Platform,13.92,false,66,true
2024-01-12,paid,healthcare,small,7945.52,Rep 3,Region South,Platform,14.86,false,58,true
2024-09-11,organic,retail,small,8512.13,Rep 1,Region Central,Platform,2.52,false,31,false
2024-12-10,webinar,retail,medium,26054.93,Rep 2,Region West,Suite,21.24,false,66,true
2025-06-05,organic,finance,large,73144.52,Rep 4,Region East,Platform,0.0,false,53,false
2024-11-24,organic,manufacturing,medium,21461.48,Rep 2,Region West,Standalone,19.38,true,24,false
2025-05-14,cold_call,healthcare,medium,30260.09,Rep 5,Region Central,Platform,13.35,true,59,true
2024-09-03,organic,finance,small,7178.11,Rep 8,Region East,Platform,9.2,false,33,false
2024-12-12,webinar,retail,small,7379.37,Rep 8,Region Central,Platform,10.71,false,63,true
2025-09-15,webinar,healthcare,medium,31103.88,Rep 3,Region East,Standalone,6.68,false,55,true
2024-07-15,organic,tech,medium,28750.26,Rep 2,Region East,Standalone,8.94,false,59,false
2024-10-08,organic,finance,medium,28449.45,Rep 5,Region East,Standalone,5.05,false,82,true
2024-10-13,referral,manufacturing,small,5156.7,Rep 2,Region East,Platform,5.45,false,42,false
2024-03-10,organic,manufacturing,small,9687.25,Rep 8,Region Central,Platform,7.06,false,92,true
2024-11-10,paid,tech,large,63499.98,Rep 6,Region West,Suite,0.0,false,87,true
2024-03-03,webinar,retail,small,6605.37,Rep 8,Region South,Platform,20.13,true,39,false
2025-08-30,referral,finance,small,7902.86,Rep 8,Region East,Platform,8.28,false,55,true
2024-02-06,webinar,finance,medium,33149.76,Rep 3,Region East,Suite,9.96,false,58,false
2025-06-25,webinar,tech,small,5613.34,Rep 6,Region Central,Platform,11.45,true,52,true
2025-03-12,referral,tech,large,49052.17,Rep 2,Region East,Suite,21.82,true,94,true
2025-12-01,referral,retail,enterprise,167534.63,Rep 1,Region East,Platform,3.1,true,38,false
2024-08-31,organic,retail,medium,20896.36,Rep 1,Region East,Suite,11.31,true,63,true
2025-07-06,referral,finance,small,10087.49,Rep 7,Region East,Platform,23.6,true,40,false
2025-04-16,paid,tech,enterprise,137640.65,Rep 7,Region Central,Standalone,7.76,true,49,true
2024-07-29,organic,finance,small,7850.44,Rep 5,Region East,Platform,13.92,false,54,false
2025-10-28,organic,tech,small,8897.03,Rep 2,Region Central,Platform,19.35,false,21,false
2024-11-26,cold_call,manufacturing,large,63530.26,Rep 6,Region West,Platform,17.15,false,54,false
2024-11-01,referral,tech,small,6781.05,Rep 5,Region Central,Platform,15.35,true,39,false
2024-06-17,referral,tech,medium,29991.31,Rep 4,Region West,Suite,12.78,false,57,false
2024-03-20,webinar,retail,medium,23382.38,Rep 5,Region East,Standalone,17.38,false,34,true
2024-11-02,webinar,healthcare,medium,28379.02,Rep 3,Region South,Suite,0.0,false,79,true
2024-12-03,webinar,tech,enterprise,153146.45,Rep 5,Region Central,Platform,4.14,false,58,false
2024-07-16,referral,healthcare,enterprise,146603.67,Rep 2,Region East,Standalone,0.0,true,29,true
2025-01-15,paid,healthcare,medium,29331.59,Rep 2,Region Central,Suite,10.43,false,31,false
2024-06-27,referral,manufacturing,small,8676.3,Rep 8,Region West,Platform,12.4,false,82,true
2025-03-11,paid,finance,small,4219.25,Rep 1,Region East,Platform,16.64,false,68,true
2025-10-25,paid,healthcare,medium,19944.24,Rep 1,Region East,Platform,16.33,false,22,false
2025-10-06,cold_call,healthcare,small,7482.95,Rep 7,Region South,Platform,17.21,true,49,false
2024-07-31,organic,manufacturing,small,7392.12,Rep 4,Region East,Platform,11.56,true,58,true
2025-07-07,webinar,retail,large,59643.07,Rep 2,Region East,Platform,0.0,true,85,false
2025-11-28,referral,finance,large,67774.47,Rep 7,Region East,Platform,19.85,false,37,false
2024-10-11,referral,tech,medium,25460.39,Rep 2,Region South,Platform,18.49,false,51,false
2025-07-24,organic,manufacturing,enterprise,130449.14,Rep 2,Region South,Standalone,0.0,true,59,false
2024-11-06,referral,manufacturing,medium,25054.41,Rep 4,Region East,Platform,0.02,false,72,true
2024-01-24,organic,retail,medium,29973.18,Rep 2,Region West,Standalone,10.75,false,61,false
2025-02-02,referral,tech,medium,19888.77,Rep 4,Region South,Suite,1.91,false,57,false
2024-08-16,cold_call,tech,large,56678.8,Rep 2,Region Central,Platform,15.16,true,29,false
2024-10-11,referral,finance,large,54579.72,Rep 8,Region East,Suite,7.4,true,81,true
2025-01-18,cold_call,healthcare,enterprise,153590.25,Rep 2,Region South,Standalone,2.45,true,21,false
2025-01-29,paid,finance,medium,28594.56,Rep 7,Region West,Standalone,9.78,false,57,true
2024-12-17,webinar,finance,small,11347.6,Rep 6,Region East,Platform,18.54,false,80,true
2025-03-06,paid,tech,small,7687.45,Rep 4,Region West,Platform,13.26,false,42,false
2025-11-13,referral,tech,large,75291.28,Rep 7,Region East,Standalone,20.72,true,71,true
2025-08-13,organic,retail,small,7512.27,Rep 4,Region Central,Platform,15.91,false,17,true
2025-08-17,organic,healthcare,medium,22664.18,Rep 8,Region Central,Platform,16.07,true,50,true
2025-04-16,webinar,finance,small,9161.43,Rep 3,Region East,Platform,10.06,false,57,false
2024-07-22,referral,manufacturing,enterprise,132928.88,Rep 2,Region Central,Platform,6.41,false,37,true
2024-03-01,referral,finance,large,68974.8,Rep 6,Region Central,Suite,8.44,false,59,false
2025-08-28,referral,healthcare,medium,19054.11,Rep 7,Region East,Platform,23.59,true,32,false
2025-05-05,referral,finance,small,6340.81,Rep 4,Region East,Platform,18.26,true,51,true
2024-12-16,webinar,finance,small,5335.82,Rep 4,Region East,Platform,6.07,true,94,true
2024-10-25,webinar,tech,small,6539.58,Rep 7,Region West,Platform,0.0,false,39,false
2024-01-23,referral,manufacturing,medium,27362.64,Rep 6,Region West,Suite,31.88,false,100,true
2024-03-24,paid,tech,medium,28752.03,Rep 2,Region West,Standalone,14.63,false,59,false
2024-06-28,paid,finance,medium,26430.16,Rep 5,Region East,Platform,11.91,false,65,true
2024-05-12,referral,tech,medium,25845.11,Rep 1,Region Central,Suite,30.25,true,77,true
2024-01-07,cold_call,manufacturing,medium,29945.43,Rep 5,Region East,Standalone,9.0,false,68,true
2025-05-29,webinar,retail,medium,30436.92,Rep 6,Region West,Standalone,5.82,true,80,true
2024-08-28,referral,healthcare,small,7451.83,Rep 3,Region West,Platform,21.78,false,20,false
2024-06-28,referral,finance,large,43818.56,Rep 1,Region East,Standalone,5.94,false,26,true
2025-08-19,organic,tech,small,7637.94,Rep 4,Region Central,Platform,0.0,false,77,true
2025-12-06,referral,finance,small,8805.8,Rep 3,Region East,Platform,20.69,false,74,true
2024-06-14,referral,retail,medium,22257.62,Rep 1,Region West,Suite,22.1,false,39,true
2024-11-24,webinar,retail,large,52926.49,Rep 1,Region South,Suite,15.73,false,80,true
2025-03-01,webinar,tech,medium,23965.57,Rep 2,Region South,Suite,16.7,true,53,false
2025-01-04,referral,manufacturing,enterprise,139549.01,Rep 2,Region East,Platform,28.09,false,44,false
2024-05-31,cold_call,finance,enterprise,178785.47,Rep 2,Region East,Platform,11.64,false,93,true
2024-05-28,referral,retail,small,6138.66,Rep 8,Region Central,Platform,10.23,false,40,false
2024-05-09,referral,finance,small,5873.02,Rep 8,Region East,Standalone,6.93,false,100,true
2024-07-07,webinar,finance,large,42830.74,Rep 8,Region East,Standalone,7.37,true,42,false
2024-07-22,cold_call,manufacturing,medium,27420.45,Rep 7,Region East,Platform,4.34,true,65,true
2025-12-04,organic,finance,large,58222.31,Rep 1,Region East,Platform,16.34,true,42,false
2024-09-13,paid,tech,small,8194.24,Rep 5,Region South,Platform,13.44,true,36,false
2024-07-17,paid,retail,medium,21917.23,Rep 2,Region South,Standalone,0.0,true,80,true
2025-01-16,paid,tech,medium,25783.6,Rep 6,Region South,Suite,14.54,true,85,true
2024-12-20,cold_call,healthcare,large,51883.61,Rep 3,Region West,Platform,3.51,false,53,true
2025-12-08,referral,tech,small,8049.39,Rep 1,Region Central,Platform,21.22,true,70,true
2024-01-08,paid,tech,small,5917.49,Rep 6,Region South,Platform,2.68,true,63,false
2025-04-08,organic,finance,medium,16671.72,Rep 5,Region East,Suite,12.32,false,89,true
2024-02-03,organic,finance,enterprise,158011.54,Rep 2,Region East,Suite,6.68,false,83,true
2024-05-30,webinar,tech,large,54319.6,Rep 7,Region South,Standalone,27.78,false,76,true
2025-09-20,referral,tech,large,64488.32,Rep 4,Region East,Standalone,0.0,false,57,false
2024-08-03,referral,tech,medium,31490.33,Rep 1,Region Central,Suite,6.97,false,59,false
2025-04-23,organic,retail,medium,31028.14,Rep 4,Region Central,Suite,24.46,false,36,false
2024-09-12,webinar,healthcare,enterprise,116717.99,Rep 2,Region Central,Standalone,0.0,true,55,false
2024-01-13,referral,retail,enterprise,163030.1,Rep 2,Region South,Suite,18.93,true,56,true
2025-10-24,cold_call,manufacturing,large,66206.66,Rep 1,Region South,Platform,11.37,true,67,true
2024-04-13,webinar,tech,small,7944.65,Rep 7,Region Central,Platform,0.85,false,88,true
2025-06-10,paid,finance,enterprise,127889.76,Rep 7,Region East,Platform,17.87,false,42,true
2024-06-18,referral,healthcare,small,6981.11,Rep 5,Region South,Platform,18.08,false,54,false
2025-11-16,cold_call,finance,small,6583.97,Rep 5,Region East,Platform,15.15,false,33,false
2024-05-24,paid,finance,small,7463.25,Rep 2,Region East,Platform,8.03,false,43,false
2025-08-19,organic,healthcare,large,56333.8,Rep 8,Region Central,Platform,14.69,false,37,false
2024-12-04,cold_call,manufacturing,large,71674.78,Rep 4,Region Central,Suite,5.74,false,44,false
2024-01-17,cold_call,retail,enterprise,139170.03,Rep 2,Region South,Platform,10.01,true,47,true
2025-08-12,organic,tech,medium,27215.34,Rep 1,Region West,Standalone,1.78,false,52,false
2024-11-24,referral,tech,large,60246.44,Rep 4,Region West,Standalone,28.87,false,32,false
2025-11-26,organic,healthcare,enterprise,139391.43,Rep 6,Region East,Standalone,8.84,false,100,true
2025-03-29,paid,tech,small,10535.54,Rep 1,Region West,Platform,17.81,false,27,false
2025-12-26,organic,tech,enterprise,155959.41,Rep 2,Region East,Platform,4.06,false,26,false
2025-07-14,webinar,tech,small,6190.28,Rep 3,Region Central,Platform,7.93,false,62,true
2024-01-27,webinar,tech,large,53256.31,Rep 2,Region East,Suite,10.26,false,42,false
2025-07-03,paid,finance,enterprise,109976.95,Rep 2,Region East,Platform,5.8,true,30,false
2024-07-21,webinar,finance,small,9058.25,Rep 2,Region East,Platform,10.18,false,83,true
2025-08-19,organic,tech,medium,21773.99,Rep 4,Region Central,Standalone,5.77,false,79,true
2025-02-26,webinar,manufacturing,large,60917.64,Rep 8,Region West,Standalone,11.16,true,77,true
2025-08-19,referral,finance,medium,28613.25,Rep 8,Region East,Standalone,16.01,false,66,true
2024-06-14,webinar,finance,small,8745.89,Rep 4,Region East,Platform,7.04,false,60,true
2024-04-11,referral,finance,enterprise,144050.84,Rep 2,Region East,Standalone,8.97,false,49,false
2025-09-11,referral,tech,medium,28587.82,Rep 5,Region West,Suite,18.34,true,68,true
2025-08-07,paid,tech,enterprise,130667.0,Rep 2,Region West,Suite,8.15,false,27,true
2024-06-03,webinar,tech,small,5540.26,Rep 1,Region South,Platform,15.32,false,51,true
2025-06-25,referral,tech,small,7973.13,Rep 1,Region West,Platform,11.09,true,70,true
2024-08-21,cold_call,retail,medium,29722.13,Rep 5,Region West,Platform,3.14,true,59,false
2024-05-06,referral,finance,small,9684.11,Rep 5,Region East,Platform,18.32,false,97,true
2024-11-06,referral,manufacturing,small,6138.28,Rep 8,Region Central,Platform,24.05,false,94,true
2025-09-25,paid,healthcare,large,71160.56,Rep 6,Region East,Platform,10.45,true,89,true
2025-01-22,webinar,manufacturing,medium,25103.94,Rep 5,Region South,Platform,0.0,true,91,true
2025-05-25,organic,manufacturing,medium,28614.63,Rep 6,Region South,Platform,16.26,false,52,false
2024-02-12,referral,healthcare,small,8457.67,Rep 2,Region West,Platform,0.0,false,42,true
2025-09-11,referral,healthcare,small,9937.78,Rep 4,Region West,Platform,23.74,false,49,true
2025-02-19,organic,tech,small,6754.68,Rep 7,Region South,Platform,2.12,true,39,false
2025-09-16,cold_call,healthcare,medium,23604.05,Rep 3,Region West,Platform,4.69,false,62,true
2024-08-23,webinar,healthcare,enterprise,165180.77,Rep 2,Region South,Standalone,0.0,false,98,true
2025-12-31,paid,retail,large,50586.68,Rep 7,Region West,Platform,29.95,true,45,false
2024-11-04,organic,finance,medium,12958.22,Rep 4,Region East,Suite,5.56,false,32,false
2025-04-11,cold_call,finance,large,38220.16,Rep 7,Region East,Platform,0.09,false,47,true
2024-11-04,cold_call,finance,small,7934.04,Rep 5,Region East,Platform,3.82,true,81,true
2025-12-09,webinar,tech,small,9167.25,Rep 2,Region Central,Platform,0.0,false,71,true
2025-03-01,organic,retail,small,5054.21,Rep 6,Region West,Platform,12.47,true,41,false
2024-11-22,referral,finance,small,5792.34,Rep 6,Region East,Platform,24.95,true,9,true
2025-01-24,referral,tech,medium,26314.69,Rep 8,Region South,Suite,23.82,true,100,true
2024-10-12,paid,tech,small,11101.1,Rep 8,Region West,Standalone,12.25,false,29,true
2024-12-29,cold_call,healthcare,small,9143.79,Rep 7,Region South,Platform,14.33,false,77,true
2025-04-14,paid,manufacturing,small,7031.03,Rep 5,Region South,Platform,12.51,false,41,true
2024-01-16,organic,manufacturing,small,9409.72,Rep 5,Region East,Platform,12.92,true,41,true
2025-05-28,paid,finance,medium,16509.97,Rep 8,Region East,Suite,4.4,true,31,false
2025-03-23,paid,retail,large,67805.82,Rep 6,Region East,Platform,9.09,false,24,false
2025-11-05,cold_call,tech,small,7528.34,Rep 5,Region South,Platform,10.79,true,39,true
2025-12-18,cold_call,manufacturing,enterprise,137847.48,Rep 2,Region West,Standalone,3.36,false,61,false
2024-08-17,cold_call,manufacturing,small,7355.56,Rep 3,Region East,Platform,18.91,false,47,true
2024-09-26,organic,healthcare,large,48140.55,Rep 7,Region West,Standalone,0.0,true,53,false
2024-10-22,referral,healthcare,small,5228.2,Rep 2,Region South,Platform,5.87,false,58,true
2025-10-28,paid,retail,large,69004.23,Rep 1,Region Central,Suite,11.36,false,65,true
2025-08-11,cold_call,healthcare,small,6902.21,Rep 3,Region South,Platform,10.71,false,58,false
2024-03-13,paid,retail,enterprise,127403.94,Rep 2,Region West,Suite,13.79,true,44,false
2024-03-22,referral,tech,large,52625.7,Rep 3,Region South,Platform,17.81,true,52,true
2024-06-15,paid,healthcare,medium,29826.31,Rep 4,Region East,Suite,4.11,false,42,true
2025-12-19,referral,finance,enterprise,128514.07,Rep 2,Region East,Suite,14.96,true,70,true
2025-01-31,cold_call,retail,medium,20658.66,Rep 8,Region Central,Suite,16.71,false,45,true
2025-06-12,referral,healthcare,small,9409.66,Rep 3,Region Central,Platform,21.2,false,53,false
2024-03-28,cold_call,finance,small,8764.33,Rep 3,Region East,Platform,9.46,true,11,false
2024-02-12,cold_call,manufacturing,medium,24800.43,Rep 2,Region South,Standalone,13.92,true,84,true
2024-12-18,organic,finance,small,9947.41,Rep 1,Region East,Platform,7.09,false,56,false
2025-09-02,referral,finance,small,9634.42,Rep 4,Region East,Platform,26.75,true,69,true
2025-03-24,referral,healthcare,small,6710.74,Rep 6,Region West,Platform,18.59,true,64,false
2025-01-23,cold_call,tech,enterprise,149570.53,Rep 2,Region West,Standalone,13.18,true,13,true
2024-08-28,organic,manufacturing,small,10044.39,Rep 6,Region East,Platform,0.11,false,48,true
2025-12-30,referral,retail,medium,32114.09,Rep 6,Region South,Standalone,6.76,true,57,false
2024-09-15,organic,finance,small,10562.35,Rep 3,Region East,Platform,8.04,true,52,false
2025-08-02,webinar,finance,large,55591.79,Rep 1,Region East,Standalone,17.54,false,70,true
2024-05-30,referral,tech,small,9004.99,Rep 1,Region West,Platform,9.26,false,85,true
2025-04-20,organic,tech,medium,25749.8,Rep 7,Region East,Suite,7.9,false,29,false
2024-07-11,organic,healthcare,small,5788.41,Rep 7,Region East,Platform,14.11,false,56,false
2024-06-22,referral,retail,small,8599.96,Rep 1,Region Central,Platform,12.27,true,46,true
2025-08-28,referral,finance,medium,22302.4,Rep 8,Region East,Platform,21.41,true,59,false
2024-08-19,paid,tech,large,69353.18,Rep 6,Region East,Platform,0.0,false,71,true
2024-08-08,organic,finance,small,10489.71,Rep 1,Region East,Platform,2.22,false,39,false
2025-06-02,paid,tech,enterprise,164013.41,Rep 2,Region South,Platform,3.87,false,78,true
2025-07-29,referral,retail,small,4608.71,Rep 4,Region West,Platform,21.03,false,56,false
2024-08-09,webinar,tech,large,52645.69,Rep 4,Region West,Platform,9.23,false,90,true
2024-03-25,referral,tech,small,8361.89,Rep 3,Region West,Platform,16.26,false,54,true
2025-05-08,webinar,healthcare,medium,31091.21,Rep 1,Region East,Suite,14.79,true,56,false
2025-11-26,webinar,healthcare,large,72553.76,Rep 7,Region East,Standalone,8.84,false,53,true
2025-08-18,referral,tech,large,55471.0,Rep 5,Region East,Platform,8.65,true,53,false
2025-10-26,webinar,manufacturing,enterprise,163596.64,Rep 2,Region South,Platform,9.28,false,44,true
2024-02-14,webinar,retail,large,48346.54,Rep 4,Region South,Standalone,13.55,false,54,false
2024-08-19,organic,tech,small,9112.71,Rep 4,Region South,Platform,14.04,false,53,false
2025-01-29,organic,healthcare,medium,28395.43,Rep 8,Region West,Suite,23.28,true,65,true
2024-03-16,referral,retail,large,70644.21,Rep 7,Region West,Suite,14.69,false,54,false
2025-03-27,referral,finance,large,50210.83,Rep 5,Region West,Platform,3.66,false,92,false
2025-12-14,cold_call,tech,enterprise,167570.09,Rep 2,Region Central,Platform,5.68,true,70,true
2025-12-22,referral,healthcare,small,8768.61,Rep 4,Region West,Platform,8.88,true,53,false
2024-08-08,referral,retail,small,4787.63,Rep 8,Region South,Platform,10.16,false,71,true
2025-05-21,paid,healthcare,large,63082.71,Rep 4,Region South,Standalone,8.73,true,74,true
2024-01-24,paid,tech,enterprise,150125.73,Rep 2,Region West,Platform,12.02,true,42,true
2025-05-09,referral,tech,medium,33397.04,Rep 1,Region South,Platform,20.88,false,53,false
2025-12-31,cold_call,retail,large,60344.59,Rep 2,Region West,Standalone,12.57,true,74,true
2024-05-15,cold_call,finance,small,8639.35,Rep 7,Region East,Suite,13.8,true,87,true
2025-07-04,referral,manufacturing,large,92982.17,Rep 2,Region East,Suite,7.58,false,100,true
2025-03-17,paid,manufacturing,small,8031.69,Rep 2,Region South,Platform,7.99,true,55,false
2025-12-20,referral,finance,large,69066.1,Rep 3,Region East,Standalone,20.29,true,26,false
2025-03-18,organic,tech,enterprise,120652.84,Rep 2,Region West,Suite,9.64,false,86,true
2024-11-24,cold_call,retail,medium,17611.19,Rep 4,Region Central,Suite,16.56,false,39,false
2024-04-27,cold_call,manufacturing,small,9215.74,Rep 8,Region South,Platform,7.95,false,59,false
2025-09-16,referral,retail,small,9209.11,Rep 6,Region South,Platform,24.15,false,29,false
2025-03-31,paid,retail,enterprise,166351.02,Rep 2,Region South,Suite,13.11,true,71,true
2024-06-26,organic,retail,large,66106.81,Rep 8,Region Central,Standalone,27.98,false,75,true
2024-03-17,organic,retail,medium,25174.38,Rep 1,Region Central,Standalone,8.55,true,39,false
2025-09-13,webinar,manufacturing,small,9768.56,Rep 7,Region East,Platform,20.76,false,40,false
2024-04-06,paid,tech,large,54856.97,Rep 1,Region West,Suite,17.69,true,49,false
2025-05-03,paid,tech,large,37123.38,Rep 5,Region South,Suite,4.46,true,91,true
2025-07-22,referral,finance,small,10805.69,Rep 8,Region East,Platform,19.67,true,70,true
2025-09-18,organic,tech,medium,33391.42,Rep 7,Region South,Standalone,9.56,true,64,false
2025-02-26,organic,manufacturing,small,9583.96,Rep 2,Region East,Platform,12.85,false,37,false
2025-04-04,webinar,manufacturing,small,8919.19,Rep 5,Region East,Platform,2.31,false,62,false
2024-11-24,organic,retail,small,8045.75,Rep 3,Region East,Platform,13.28,true,45,false
2024-03-25,cold_call,tech,small,9446.2,Rep 2,Region East,Standalone,7.59,false,69,true
2024-11-14,referral,finance,medium,28199.05,Rep 6,Region East,Suite,10.9,false,36,true
2024-08-09,paid,tech,medium,26305.53,Rep 3,Region Central,Suite,10.97,false,21,false
2025-07-12,referral,tech,large,48093.39,Rep 7,Region West,Standalone,21.91,false,80,true
2024-08-10,webinar,healthcare,large,47627.96,Rep 2,Region West,Suite,14.0,true,66,true
2024-12-18,webinar,retail,large,65043.56,Rep 8,Region West,Platform,0.0,false,76,true
2025-01-03,cold_call,manufacturing,medium,26579.66,Rep 2,Region Central,Suite,0.0,false,80,true
2024-03-07,webinar,retail,small,8778.19,Rep 4,Region East,Platform,16.34,false,51,false
2025-03-26,paid,finance,small,6703.67,Rep 7,Region East,Platform,11.95,true,53,false
2024-08-14,cold_call,tech,small,10111.38,Rep 2,Region South,Platform,8.17,true,73,true
2024-08-16,referral,tech,small,9500.18,Rep 8,Region Central,Platform,13.78,false,40,true
2024-02-25,cold_call,retail,small,12095.64,Rep 4,Region East,Platform,17.41,false,73,true
2024-09-11,referral,healthcare,medium,26039.7,Rep 3,Region South,Suite,2.93,true,77,true
2024-04-08,paid,tech,large,41343.86,Rep 2,Region East,Platform,10.18,false,30,false
2025-09-29,organic,manufacturing,small,8132.68,Rep 1,Region East,Platform,20.82,true,39,false
2024-11-17,cold_call,healthcare,small,11211.75,Rep 5,Region East,Platform,0.0,false,40,true
2024-11-11,webinar,tech,large,55861.09,Rep 4,Region East,Platform,17.39,true,81,true
2024-12-05,referral,retail,small,9168.99,Rep 5,Region South,Platform,31.1,false,44,true
2025-06-26,referral,healthcare,medium,26337.27,Rep 7,Region Central,Standalone,18.36,false,71,true
2024-12-05,referral,finance,enterprise,129910.27,Rep 3,Region East,Platform,19.52,true,32,false
2024-09-16,webinar,retail,medium,26564.98,Rep 7,Region East,Platform,16.1,false,32,false
2024-08-26,cold_call,healthcare,small,6466.81,Rep 8,Region West,Platform,10.08,false,84,true
2025-12-04,referral,manufacturing,medium,21877.8,Rep 3,Region Central,Platform,7.96,false,64,true
2024-04-22,webinar,finance,large,47559.42,Rep 5,Region East,Standalone,16.61,false,52,true
2024-03-06,webinar,tech,medium,25289.42,Rep 8,Region East,Suite,14.59,false,68,true
2025-09-09,referral,finance,small,6879.72,Rep 6,Region East,Platform,0.0,true,75,true
2025-07-21,paid,tech,enterprise,163835.62,Rep 2,Region West,Platform,0.0,false,67,true
2024-09-25,organic,manufacturing,large,72223.34,Rep 8,Region South,Standalone,20.04,true,68,true
2024-03-11,referral,tech,large,62556.82,Rep 1,Region West,Suite,25.45,true,71,true
2024-09-08,webinar,finance,small,7075.21,Rep 2,Region East,Platform,1.91,false,63,false
2025-11-07,referral,tech,large,62120.2,Rep 1,Region West,Standalone,7.29,true,21,false
2025-02-13,paid,manufacturing,small,7933.03,Rep 8,Region South,Platform,0.0,true,58,false
2024-07-29,webinar,manufacturing,small,9392.93,Rep 3,Region West,Platform,0.0,true,83,true
2025-10-21,referral,finance,enterprise,174882.17,Rep 7,Region East,Standalone,11.94,false,70,true
2025-05-29,cold_call,retail,large,77762.0,Rep 2,Region South,Platform,5.12,true,66,true
2025-07-05,webinar,retail,medium,25945.89,Rep 6,Region Central,Standalone,15.09,false,52,false
2025-12-27,organic,tech,large,39507.12,Rep 3,Region South,Standalone,12.09,false,65,true
2024-11-07,cold_call,healthcare,large,68764.47,Rep 7,Region Central,Platform,14.89,false,52,true
2025-07-05,referral,retail,enterprise,155547.36,Rep 2,Region South,Platform,25.59,false,48,false
2025-06-24,cold_call,tech,small,12610.24,Rep 5,Region East,Suite,13.7,false,45,true
2024-02-27,webinar,retail,medium,24872.42,Rep 4,Region Central,Platform,14.98,false,49,true
2025-10-10,paid,manufacturing,small,7884.68,Rep 5,Region West,Platform,3.17,true,89,true
2025-08-28,referral,retail,large,61722.57,Rep 1,Region Central,Platform,0.36,false,39,true
2025-11-12,organic,tech,large,48845.56,Rep 2,Region West,Suite,8.44,true,85,true
2024-09-19,paid,tech,medium,19903.84,Rep 2,Region South,Suite,0.0,false,67,true
2024-03-21,referral,finance,large,68731.33,Rep 5,Region East,Suite,5.31,false,43,false
2024-03-21,referral,tech,large,53458.66,Rep 8,Region South,Platform,11.65,false,32,false
2025-09-28,referral,finance,enterprise,114283.76,Rep 2,Region East,Platform,18.13,false,66,true
2024-03-22,paid,finance,large,82425.41,Rep 1,Region East,Standalone,14.55,false,38,true
2025-01-02,organic,tech,small,9356.59,Rep 2,Region West,Platform,11.94,true,59,false
2025-06-12,organic,retail,large,49174.31,Rep 4,Region Central,Suite,27.55,false,99,true
2024-09-28,cold_call,finance,large,43411.4,Rep 4,Region East,Suite,26.55,false,82,true
2024-11-12,paid,healthcare,medium,28494.86,Rep 1,Region East,Suite,16.13,false,47,false
2024-12-08,cold_call,finance,large,72392.94,Rep 3,Region East,Platform,7.68,false,42,false
2024-05-11,organic,tech,large,70131.55,Rep 2,Region West,Platform,4.99,false,24,true
2024-01-31,referral,healthcare,large,55914.69,Rep 2,Region South,Standalone,21.94,false,98,true
2025-05-18,paid,retail,medium,23821.4,Rep 2,Region East,Standalone,13.59,true,98,true
2024-11-18,organic,tech,small,7905.2,Rep 2,Region East,Platform,0.09,true,79,true
2024-01-24,referral,retail,enterprise,146540.67,Rep 1,Region West,Suite,21.81,true,87,true
2024-12-11,referral,manufacturing,small,10073.77,Rep 2,Region South,Platform,27.54,false,26,false
2025-12-03,paid,healthcare,enterprise,137244.96,Rep 2,Region Central,Standalone,5.41,false,67,true
2024-01-02,referral,tech,medium,24767.37,Rep 4,Region West,Suite,0.0,false,48,false
2024-03-26,cold_call,retail,small,5898.44,Rep 5,Region West,Platform,19.62,false,56,true
2025-09-24,referral,tech,small,5659.24,Rep 3,Region Central,Platform,25.25,true,36,false
2024-08-25,organic,tech,small,10548.73,Rep 1,Region South,Platform,8.57,false,44,true
2024-05-05,organic,finance,small,5791.2,Rep 1,Region East,Platform,11.84,true,78,true
2024-07-09,organic,finance,small,8637.44,Rep 1,Region East,Platform,4.44,false,55,false
2024-01-21,webinar,healthcare,small,7354.82,Rep 7,Region West,Platform,0.74,false,72,true
2024-10-05,paid,healthcare,large,44133.89,Rep 5,Region East,Suite,5.73,false,52,false
2025-10-20,referral,healthcare,small,9188.82,Rep 4,Region South,Platform,23.45,false,47,true
2024-04-22,cold_call,retail,medium,24855.8,Rep 1,Region Central,Suite,4.82,true,18,true
2024-08-06,cold_call,tech,small,9585.64,Rep 2,Region East,Platform,11.58,true,61,false
2024-01-22,cold_call,tech,small,8926.94,Rep 6,Region Central,Platform,12.83,true,64,false
2025-04-28,organic,retail,small,7485.07,Rep 1,Region Central,Platform,9.0,true,59,true
2024-09-21,referral,retail,small,11071.47,Rep 4,Region South,Platform,16.53,true,49,false
2025-07-09,webinar,tech,enterprise,127655.97,Rep 2,Region East,Standalone,7.88,false,49,true
2025-02-24,referral,manufacturing,large,82579.98,Rep 1,Region South,Standalone,0.82,false,40,false
2025-07-02,referral,healthcare,small,10560.56,Rep 5,Region East,Platform,19.43,false,63,true
2025-02-28,organic,retail,medium,30264.06,Rep 7,Region Central,Standalone,15.39,false,43,false
2025-10-03,cold_call,manufacturing,small,5849.06,Rep 5,Region West,Platform,14.57,false,45,false
2024-12-26,referral,manufacturing,large,64375.23,Rep 5,Region East,Suite,18.92,false,56,true
2024-05-16,referral,finance,small,8576.1,Rep 6,Region East,Platform,20.63,true,80,true
2025-05-22,referral,manufacturing,large,50863.16,Rep 7,Region East,Platform,24.37,false,76,true
2025-03-08,referral,finance,enterprise,164633.51,Rep 2,Region East,Standalone,28.8,false,59,true
2024-12-22,organic,retail,large,57867.75,Rep 3,Region East,Standalone,15.79,false,62,true
2024-02-03,cold_call,healthcare,medium,25151.32,Rep 6,Region West,Standalone,7.98,true,76,true
2025-03-14,webinar,retail,small,10062.58,Rep 1,Region West,Platform,2.66,false,26,false
2024-09-07,cold_call,tech,medium,28470.61,Rep 2,Region West,Suite,2.98,false,95,true
2025-01-08,referral,finance,small,6948.53,Rep 2,Region East,Platform,22.28,false,71,true
2024-02-10,cold_call,healthcare,medium,24294.57,Rep 7,Region West,Standalone,12.62,true,71,true
2024-06-19,organic,retail,medium,22962.17,Rep 4,Region East,Suite,15.11,false,38,false
2024-06-06,referral,tech,medium,26601.35,Rep 1,Region South,Suite,28.2,false,82,true
2024-08-29,referral,finance,medium,23213.98,Rep 2,Region East,Platform,13.25,true,86,true
2024-03-14,organic,tech,small,8202.02,Rep 7,Region West,Platform,17.88,false,40,true
2024-01-27,cold_call,finance,small,9446.88,Rep 6,Region East,Platform,5.32,true,49,true
2024-01-13,organic,finance,enterprise,163371.21,Rep 2,Region East,Platform,17.78,false,57,false
2024-10-06,organic,tech,small,8190.41,Rep 4,Region Central,Platform,10.75,false,87,true
2025-01-12,organic,healthcare,small,9683.28,Rep 1,Region Central,Platform,8.41,false,73,true
2025-05-04,referral,healthcare,small,6828.26,Rep 8,Region South,Platform,28.28,false,32,false
2025-12-31,paid,retail,large,53580.85,Rep 3,Region East,Standalone,10.47,true,76,true
2024-05-11,referral,finance,enterprise,174467.32,Rep 2,Region East,Platform,20.02,false,71,true
2025-01-13,cold_call,retail,medium,23469.17,Rep 4,Region East,Suite,13.83,true,46,false
2025-12-18,paid,manufacturing,enterprise,176854.48,Rep 2,Region South,Standalone,15.86,true,60,true
2024-03-18,referral,healthcare,large,65034.64,Rep 7,Region West,Standalone,0.0,false,62,false
2024-05-24,referral,retail,small,5778.11,Rep 5,Region West,Platform,9.72,true,86,true
2024-10-27,organic,retail,small,7160.51,Rep 7,Region Central,Platform,15.28,false,53,true
2025-09-02,cold_call,manufacturing,small,10344.38,Rep 6,Region South,Platform,10.23,false,40,false
2025-07-06,cold_call,finance,small,7575.38,Rep 4,Region East,Platform,6.75,true,77,true
2025-07-13,organic,finance,medium,19778.57,Rep 7,Region East,Platform,11.38,false,61,false
2024-07-14,webinar,tech,enterprise,188357.32,Rep 2,Region East,Platform,4.8,false,87,true
2025-09-05,cold_call,retail,medium,27023.2,Rep 1,Region West,Platform,6.21,false,27,false
2024-08-11,paid,tech,large,66556.92,Rep 3,Region Central,Suite,7.78,false,45,false
2025-03-22,paid,tech,small,7340.9,Rep 5,Region Central,Platform,9.72,false,43,false
2025-09-19,paid,tech,medium,28960.22,Rep 6,Region East,Platform,17.23,false,88,true
2025-07-25,referral,tech,large,63372.95,Rep 2,Region West,Suite,0.0,false,20,true
2025-08-01,cold_call,healthcare,small,7874.09,Rep 4,Region West,Platform,4.64,true,60,false
2025-04-29,referral,healthcare,large,69349.34,Rep 4,Region South,Standalone,4.63,true,58,true
2024-03-15,referral,retail,enterprise,134697.13,Rep 1,Region West,Suite,18.78,false,67,true
2025-08-01,webinar,retail,medium,29219.16,Rep 8,Region Central,Platform,5.23,true,76,true
2024-10-24,organic,retail,small,7590.62,Rep 2,Region East,Platform,23.11,true,31,false
2024-02-21,webinar,retail,large,68928.69,Rep 1,Region South,Standalone,7.92,false,32,true
2024-09-03,organic,retail,large,72334.32,Rep 5,Region West,Suite,13.41,false,53,false
2024-11-30,cold_call,tech,large,58298.35,Rep 6,Region West,Suite,12.57,false,52,false
2024-10-31,cold_call,manufacturing,medium,23321.64,Rep 3,Region Central,Platform,6.87,false,25,false
2025-03-24,cold_call,tech,small,10891.2,Rep 5,Region South,Platform,9.81,false,71,true
2024-12-18,paid,tech,large,36032.92,Rep 5,Region West,Suite,5.26,true,29,true
2024-04-01,referral,tech,small,5845.32,Rep 3,Region West,Platform,22.24,false,81,true
2024-12-15,cold_call,finance,small,8123.84,Rep 7,Region East,Platform,9.01,true,56,false
2025-09-05,webinar,retail,small,8325.72,Rep 4,Region Central,Platform,18.5,false,61,false
2025-07-23,organic,tech,large,67636.77,Rep 8,Region West,Standalone,4.66,false,55,false
2024-09-09,cold_call,retail,medium,28255.52,Rep 4,Region East,Platform,16.83,false,78,true
2025-01-16,referral,tech,large,64851.69,Rep 5,Region Central,Suite,19.53,true,66,true
2024-01-27,cold_call,tech,medium,22631.44,Rep 7,Region East,Platform,6.99,false,56,false
2025-10-17,organic,retail,small,6546.73,Rep 8,Region West,Suite,1.85,false,55,false
2024-02-14,referral,healthcare,medium,23465.93,Rep 1,Region South,Suite,27.29,false,71,true
2025-11-17,webinar,healthcare,small,5296.48,Rep 4,Region East,Platform,12.42,true,69,true
2024-03-06,organic,manufacturing,medium,23251.01,Rep 3,Region Central,Suite,6.06,false,39,false
2024-09-27,cold_call,retail,medium,24329.57,Rep 2,Region East,Suite,10.26,false,100,true
2025-06-07,organic,finance,medium,24557.03,Rep 5,Region South,Suite,23.55,true,41,false
2024-10-22,cold_call,retail,small,6887.07,Rep 7,Region Central,Platform,0.0,true,53,true
2024-07-27,referral,retail,small,9633.61,Rep 1,Region East,Platform,23.33,true,68,true
2024-11-26,referral,retail,small,9239.77,Rep 6,Region East,Platform,15.14,true,57,true
2025-06-10,referral,healthcare,small,6325.51,Rep 4,Region West,Platform,8.84,false,73,true
2024-10-05,webinar,finance,large,48709.28,Rep 1,Region East,Platform,0.0,false,62,true
2024-06-05,webinar,healthcare,small,9180.42,Rep 3,Region East,Platform,11.1,false,55,false
2024-04-20,organic,healthcare,large,71221.35,Rep 7,Region Central,Platform,0.56,false,46,false
2024-03-29,referral,finance,medium,26697.71,Rep 3,Region East,Platform,16.3,true,68,true
2024-11-16,organic,retail,medium,23527.93,Rep 3,Region South,Platform,1.83,false,38,true
2025-03-07,referral,tech,small,7007.4,Rep 8,Region East,Platform,19.0,true,61,false
2024-01-11,organic,finance,medium,25810.96,Rep 1,Region East,Standalone,14.29,false,45,false
2025-07-14,referral,healthcare,small,8282.47,Rep 1,Region South,Platform,23.03,false,8,false
2024-03-19,organic,tech,large,59427.66,Rep 8,Region South,Suite,3.69,true,23,false
2025-04-09,organic,finance,medium,31004.54,Rep 2,Region East,Suite,11.32,true,57,true
2025-03-18,organic,finance,small,7396.48,Rep 4,Region East,Platform,26.14,false,45,true
2024-02-28,cold_call,tech,small,7398.2,Rep 2,Region West,Platform,12.01,true,72,true
2024-10-19,paid,tech,enterprise,175760.26,Rep 2,Region Central,Platform,9.52,true,50,true
2025-03-12,webinar,tech,small,7340.92,Rep 2,Region West,Platform,0.0,false,92,true
2025-05-10,cold_call,retail,enterprise,165362.38,Rep 3,Region Central,Standalone,15.63,true,54,false
2024-12-08,organic,healthcare,small,5490.95,Rep 3,Region South,Platform,8.73,false,73,true
2025-06-24,referral,manufacturing,enterprise,137653.75,Rep 2,Region East,Standalone,8.1,false,65,true
2024-12-16,referral,finance,medium,24021.92,Rep 7,Region West,Standalone,25.67,true,65,true
2025-10-23,referral,tech,medium,29353.66,Rep 8,Region East,Standalone,4.25,false,49,false
2024-11-30,webinar,retail,large,58060.11,Rep 5,Region West,Platform,7.88,true,30,true
2024-02-07,referral,retail,medium,21955.39,Rep 2,Region Central,Standalone,10.04,false,38,true
2025-01-07,cold_call,retail,small,10010.31,Rep 5,Region South,Platform,13.04,false,55,true
2024-12-27,organic,manufacturing,medium,25565.54,Rep 6,Region West,Standalone,17.14,false,75,false
2024-07-08,referral,healthcare,medium,20639.08,Rep 6,Region South,Standalone,18.85,true,63,false
2024-01-05,referral,tech,small,7666.88,Rep 7,Region South,Platform,22.01,true,69,true
2025-09-12,referral,retail,enterprise,161508.8,Rep 1,Region West,Suite,2.34,false,72,true
2024-03-09,referral,healthcare,medium,25672.81,Rep 5,Region West,Platform,18.2,false,100,true
2024-10-07,referral,tech,medium,25413.43,Rep 6,Region South,Platform,13.43,false,76,true
2024-12-22,referral,finance,large,59146.87,Rep 6,Region East,Platform,18.73,false,45,false
2025-10-01,referral,manufacturing,enterprise,132319.69,Rep 2,Region West,Standalone,21.78,false,34,false
2024-10-06,organic,manufacturing,small,9067.44,Rep 2,Region Central,Platform,15.92,false,83,true
2025-06-09,organic,finance,large,74577.25,Rep 4,Region East,Platform,9.79,true,72,true
2025-08-10,referral,finance,enterprise,106892.14,Rep 2,Region East,Suite,20.42,false,42,false
2025-01-06,referral,healthcare,small,6844.21,Rep 1,Region South,Platform,22.3,true,60,true
2024-06-26,organic,retail,large,81154.3,Rep 7,Region East,Platform,12.93,false,58,true
2025-10-11,webinar,manufacturing,medium,20362.69,Rep 8,Region Central,Standalone,10.73,true,54,false
2024-02-23,referral,healthcare,small,7614.02,Rep 4,Region Central,Platform,29.41,false,70,false
2024-10-15,paid,retail,large,60942.41,Rep 1,Region East,Standalone,10.82,false,78,true
2025-10-03,organic,retail,small,10129.62,Rep 3,Region West,Platform,6.36,true,58,false
2025-02-19,cold_call,tech,small,7955.36,Rep 4,Region East,Platform,23.44,false,48,false
2024-04-23,paid,finance,large,57543.06,Rep 5,Region East,Suite,6.62,false,60,false
2024-09-08,paid,retail,small,9398.97,Rep 8,Region East,Platform,11.06,false,47,false
2024-03-24,paid,tech,medium,18217.25,Rep 5,Region East,Suite,6.55,false,50,false
2025-04-06,referral,finance,small,9316.27,Rep 2,Region South,Platform,22.7,false,60,true
2025-04-02,paid,retail,small,9538.68,Rep 5,Region East,Platform,9.11,false,25,false
2024-10-14,referral,tech,large,61736.22,Rep 4,Region Central,Suite,3.09,true,81,true
2024-06-28,organic,manufacturing,medium,25372.74,Rep 8,Region Central,Suite,0.0,false,56,true
2024-12-02,webinar,healthcare,medium,23930.0,Rep 5,Region East,Standalone,15.33,false,59,false
2024-09-15,paid,tech,small,8041.62,Rep 7,Region East,Platform,11.99,false,65,true
2024-05-08,referral,tech,medium,24079.7,Rep 4,Region South,Platform,17.95,false,41,true
2025-09-30,webinar,finance,large,57946.43,Rep 6,Region East,Standalone,26.95,false,54,false
2025-06-06,referral,healthcare,enterprise,140773.75,Rep 2,Region Central,Platform,5.8,false,65,false
2025-04-15,cold_call,tech,large,60345.46,Rep 8,Region Central,Suite,14.87,true,47,false
2025-01-03,organic,tech,large,52610.66,Rep 6,Region South,Platform,14.78,false,47,true
2025-05-26,referral,retail,large,74950.14,Rep 4,Region Central,Suite,16.04,false,61,true
2024-04-01,organic,retail,large,69216.97,Rep 2,Region South,Standalone,15.49,false,34,true
2025-01-14,webinar,finance,medium,23077.14,Rep 8,Region East,Standalone,11.9,false,61,false
2025-10-04,cold_call,healthcare,small,7468.49,Rep 2,Region East,Platform,11.29,true,80,true
2025-04-12,webinar,tech,small,7543.69,Rep 8,Region South,Platform,13.15,true,66,true
2025-06-02,referral,retail,small,10391.06,Rep 5,Region West,Platform,0.0,false,45,true
2025-10-17,referral,tech,large,66635.87,Rep 5,Region South,Suite,25.95,false,77,true
2025-05-10,referral,finance,medium,23110.02,Rep 5,Region East,Suite,1.36,true,58,false
2024-06-18,cold_call,retail,medium,22176.58,Rep 1,Region Central,Suite,16.51,false,52,true
2024-12-23,referral,retail,small,7663.95,Rep 8,Region Central,Platform,19.22,false,74,true
2025-01-28,referral,finance,large,49692.19,Rep 6,Region East,Standalone,24.18,true,60,true
2024-05-21,organic,tech,medium,26165.24,Rep 3,Region South,Platform,21.99,false,60,false
2025-02-20,webinar,finance,medium,25830.83,Rep 2,Region East,Standalone,0.0,false,47,true
2024-12-07,webinar,tech,small,5977.31,Rep 1,Region South,Platform,15.46,true,57,false
2024-08-16,referral,manufacturing,large,64762.5,Rep 3,Region Central,Standalone,25.34,false,40,false
2025-03-31,referral,manufacturing,enterprise,99570.13,Rep 2,Region South,Platform,3.23,false,72,true
2025-07-23,organic,manufacturing,small,6291.72,Rep 1,Region East,Platform,18.02,true,93,true
2024-12-13,organic,tech,small,7169.75,Rep 2,Region South,Platform,12.85,true,100,true
2025-05-20,webinar,manufacturing,medium,18882.41,Rep 8,Region South,Standalone,1.07,true,57,false
2025-06-28,paid,manufacturing,medium,31567.01,Rep 8,Region Central,Platform,0.0,false,58,false
2024-07-29,referral,finance,medium,23210.76,Rep 5,Region East,Standalone,26.28,false,61,true
2024-10-27,cold_call,finance,small,6210.98,Rep 5,Region East,Platform,16.02,false,56,true
2025-11-05,referral,retail,medium,22915.4,Rep 4,Region Central,Suite,18.06,false,21,true
2025-07-13,cold_call,tech,medium,21498.75,Rep 4,Region South,Standalone,15.18,false,48,false
2024-05-14,referral,tech,medium,26868.89,Rep 7,Region West,Platform,22.12,false,56,false
2025-08-10,referral,healthcare,large,47460.16,Rep 3,Region West,Suite,25.63,false,100,true
2024-06-18,paid,finance,medium,27666.77,Rep 4,Region East,Platform,6.7,true,100,true
2024-08-29,paid,manufacturing,large,69730.19,Rep 8,Region East,Standalone,9.88,false,92,true
2024-11-18,paid,retail,enterprise,169204.04,Rep 2,Region South,Platform,22.37,false,40,false
2024-10-03,cold_call,tech,small,6686.87,Rep 3,Region East,Platform,14.98,true,56,false
2025-07-06,webinar,healthcare,small,8872.02,Rep 3,Region Central,Platform,14.44,true,65,true
2025-03-28,referral,manufacturing,medium,27012.4,Rep 4,Region Central,Suite,17.85,false,57,true
2024-12-05,referral,finance,enterprise,144399.76,Rep 7,Region East,Standalone,19.44,false,60,false
2025-02-05,referral,finance,enterprise,143113.79,Rep 2,Region East,Platform,20.15,false,58,true
2025-11-10,paid,healthcare,medium,23291.6,Rep 7,Region West,Suite,4.72,true,57,true
2024-11-23,webinar,tech,large,68339.8,Rep 2,Region South,Platform,14.03,false,55,true
2025-07-10,organic,finance,small,7414.67,Rep 4,Region East,Platform,9.32,false,27,true
2024-01-14,cold_call,tech,medium,19534.49,Rep 3,Region Central,Suite,20.91,false,78,true
2024-01-22,referral,manufacturing,medium,22684.31,Rep 8,Region South,Standalone,7.35,false,81,true
2024-08-12,webinar,tech,medium,25229.4,Rep 4,Region South,Suite,1.56,false,55,false
2025-10-09,webinar,retail,small,7395.27,Rep 8,Region West,Platform,11.75,false,54,false
2024-05-11,paid,tech,enterprise,166761.54,Rep 2,Region South,Platform,12.01,false,58,false
2025-07-17,referral,tech,large,55997.77,Rep 6,Region West,Suite,11.82,false,44,true
2025-02-11,referral,retail,small,8843.09,Rep 2,Region South,Platform,27.63,true,60,false
2024-11-29,referral,manufacturing,medium,21185.5,Rep 6,Region West,Platform,8.44,true,45,false
2025-02-21,paid,tech,small,8183.22,Rep 4,Region South,Platform,19.84,false,43,false
2025-06-20,referral,tech,medium,28438.3,Rep 1,Region Central,Standalone,29.66,false,36,false
2024-08-27,paid,retail,medium,27309.04,Rep 4,Region West,Standalone,7.67,true,42,false
2024-12-10,organic,healthcare,small,6286.09,Rep 5,Region Central,Suite,15.57,true,57,true
2025-02-22,organic,retail,small,7813.39,Rep 4,Region West,Platform,10.55,false,41,true
2025-07-16,cold_call,healthcare,medium,24805.13,Rep 1,Region Central,Platform,19.27,false,49,false
2024-02-04,cold_call,healthcare,large,61782.74,Rep 8,Region Central,Platform,14.42,false,32,false
2024-04-12,organic,healthcare,enterprise,169087.69,Rep 2,Region South,Platform,9.84,true,66,true
2024-03-17,referral,finance,small,6129.47,Rep 7,Region East,Platform,18.81,true,65,true
2024-10-31,organic,retail,medium,26763.94,Rep 6,Region East,Suite,0.0,false,46,true
2025-08-31,referral,healthcare,large,68754.02,Rep 4,Region East,Suite,22.5,true,71,true
2024-10-17,referral,tech,medium,31092.71,Rep 4,Region East,Platform,32.51,false,51,false
2024-05-28,paid,healthcare,medium,24992.13,Rep 3,Region South,Suite,15.64,false,71,true
2024-10-19,referral,manufacturing,medium,28638.42,Rep 2,Region South,Platform,20.49,false,42,true
2024-09-16,webinar,finance,large,78051.01,Rep 5,Region East,Standalone,5.58,false,42,false
2024-11-29,cold_call,tech,enterprise,177393.24,Rep 2,Region East,Standalone,10.45,false,36,false
2024-06-04,paid,finance,medium,21606.81,Rep 8,Region East,Suite,14.01,false,55,true
2025-01-12,webinar,finance,large,47728.0,Rep 5,Region East,Suite,5.95,true,43,true
2025-10-03,webinar,tech,medium,27340.2,Rep 7,Region South,Platform,13.15,false,38,true
2024-04-23,referral,retail,large,64908.87,Rep 5,Region Central,Suite,12.23,true,89,true
2025-11-06,organic,tech,medium,28336.83,Rep 2,Region West,Platform,15.93,false,61,false
2024-05-10,paid,finance,medium,21852.45,Rep 4,Region East,Standalone,14.35,false,31,false
2024-02-04,organic,tech,enterprise,177238.19,Rep 2,Region West,Standalone,6.08,false,41,true
2024-07-29,referral,healthcare,medium,19071.29,Rep 2,Region South,Standalone,21.78,false,66,true
2024-08-06,organic,manufacturing,medium,35685.6,Rep 3,Region South,Standalone,11.31,false,82,true
2024-06-02,organic,retail,enterprise,104696.34,Rep 2,Region East,Platform,21.04,false,64,false
2024-12-04,organic,manufacturing,medium,28619.43,Rep 2,Region East,Standalone,21.99,false,79,true
2025-11-21,referral,finance,small,7367.6,Rep 7,Region East,Platform,0.0,true,44,false
2025-02-14,organic,retail,large,54672.09,Rep 8,Region West,Standalone,5.32,false,58,false
2024-12-27,referral,manufacturing,large,63888.78,Rep 4,Region Central,Suite,3.95,true,62,false
2024-06-24,referral,retail,large,43379.17,Rep 6,Region Central,Platform,18.25,false,25,true
2024-11-05,paid,tech,large,63475.14,Rep 2,Region West,Suite,0.0,true,77,false
2024-12-28,paid,retail,medium,27734.8,Rep 7,Region Central,Standalone,24.17,true,100,true
2024-12-07,cold_call,healthcare,medium,25710.61,Rep 6,Region South,Platform,16.73,true,67,true
2024-07-03,referral,finance,small,6272.23,Rep 1,Region East,Platform,20.38,false,67,true
2024-05-07,paid,finance,medium,22907.05,Rep 3,Region East,Standalone,1.26,true,76,true
2024-12-25,referral,retail,small,7280.37,Rep 7,Region Central,Platform,21.03,true,83,true
2024-12-14,organic,retail,small,9362.46,Rep 1,Region Central,Platform,6.73,true,54,true
2024-02-16,organic,tech,medium,21854.3,Rep 2,Region South,Platform,12.22,false,89,true
2024-11-26,referral,tech,large,54344.69,Rep 6,Region Central,Standalone,18.45,false,32,false
2025-12-04,cold_call,healthcare,small,6276.14,Rep 5,Region Central,Platform,0.0,true,64,false
2025-06-05,cold_call,retail,small,8422.06,Rep 6,Region Central,Platform,15.21,false,13,true
2025-02-28,organic,manufacturing,medium,30722.18,Rep 4,Region South,Platform,13.2,false,79,true
2024-12-17,paid,retail,small,7943.96,Rep 2,Region West,Platform,14.46,false,33,false
2025-05-19,referral,finance,medium,18554.29,Rep 8,Region East,Suite,21.61,false,38,false
2024-08-24,webinar,finance,small,5722.08,Rep 7,Region East,Platform,13.47,false,77,true
2024-02-03,referral,manufacturing,small,8770.85,Rep 1,Region South,Platform,14.49,true,47,false
2024-01-26,paid,retail,enterprise,150195.91,Rep 2,Region West,Standalone,12.8,false,42,false
2025-07-21,paid,manufacturing,medium,21780.64,Rep 2,Region South,Platform,8.48,false,58,false
2024-07-31,webinar,tech,small,5588.96,Rep 4,Region East,Platform,24.72,false,72,true
2025-05-17,cold_call,healthcare,small,9910.77,Rep 6,Region Central,Suite,8.54,false,85,true
2024-07-25,organic,retail,enterprise,109247.89,Rep 2,Region Central,Suite,5.04,false,65,true
2024-11-05,paid,tech,large,36934.67,Rep 1,Region West,Suite,16.05,false,45,false
2025-12-24,cold_call,retail,small,5880.32,Rep 4,Region Central,Platform,2.97,false,23,false
2024-02-09,referral,finance,small,3939.34,Rep 3,Region East,Platform,26.67,false,65,true
2024-06-08,webinar,retail,large,58890.97,Rep 4,Region Central,Platform,14.95,true,74,true
2024-06-27,webinar,finance,enterprise,142205.03,Rep 2,Region East,Platform,4.04,false,84,true
2024-03-31,referral,tech,large,50550.39,Rep 8,Region Central,Platform,0.0,true,65,true
2024-10-20,referral,tech,small,8471.91,Rep 3,Region West,Platform,19.81,true,76,true
2025-07-03,referral,retail,medium,19657.92,Rep 5,Region South,Suite,12.49,false,29,true
2025-08-06,paid,finance,large,48804.91,Rep 1,Region East,Platform,7.38,false,59,true
2024-02-15,paid,finance,medium,19404.12,Rep 4,Region East,Suite,13.77,true,48,false
2025-04-19,organic,tech,small,6909.5,Rep 4,Region South,Standalone,18.91,false,42,true
2025-08-30,webinar,healthcare,small,8420.48,Rep 1,Region South,Platform,0.21,false,96,true
2024-09-21,organic,tech,enterprise,159040.89,Rep 2,Region South,Platform,1.5,true,52,false
2024-02-24,referral,retail,small,10488.15,Rep 5,Region Central,Platform,0.0,false,61,false
2024-08-15,cold_call,retail,medium,23098.38,Rep 2,Region East,Suite,6.94,false,35,false
2025-07-26,webinar,retail,small,6559.12,Rep 8,Region West,Platform,6.33,false,48,true
2025-12-10,cold_call,tech,small,7716.1,Rep 1,Region South,Platform,5.9,false,70,true
2024-10-09,organic,tech,large,69007.38,Rep 6,Region East,Suite,23.97,true,85,true
2024-05-27,organic,healthcare,small,8297.52,Rep 7,Region East,Platform,6.6,false,1,false
2024-06-07,paid,finance,medium,26713.23,Rep 8,Region East,Platform,8.61,true,65,true
2025-12-08,cold_call,manufacturing,large,46852.05,Rep 4,Region South,Standalone,20.33,true,78,true
2024-10-31,webinar,retail,enterprise,185461.35,Rep 2,Region South,Platform,7.56,false,77,true
2025-02-25,paid,healthcare,large,68532.77,Rep 5,Region East,Standalone,2.25,false,97,true
2025-11-06,referral,finance,small,5144.2,Rep 6,Region East,Platform,2.55,false,71,true
2025-06-07,referral,healthcare,small,8040.03,Rep 1,Region East,Platform,18.52,false,41,true
2025-03-13,paid,retail,medium,28738.06,Rep 3,Region East,Standalone,15.87,true,81,true
2024-02-17,organic,tech,medium,27182.09,Rep 5,Region South,Platform,1.15,false,33,true
2025-07-20,referral,retail,large,77287.49,Rep 4,Region East,Platform,16.65,false,81,true
2024-05-05,paid,tech,small,8614.24,Rep 7,Region East,Platform,36.21,true,78,true
2025-04-14,referral,tech,enterprise,122175.72,Rep 2,Region South,Standalone,15.54,true,13,false
2025-07-01,referral,finance,enterprise,156425.42,Rep 2,Region East,Suite,14.4,true,75,true
2024-04-05,organic,tech,medium,26169.32,Rep 2,Region West,Platform,1.28,false,85,true
2025-02-03,paid,finance,medium,24170.04,Rep 1,Region East,Standalone,14.22,true,70,true
2025-07-29,cold_call,retail,medium,19077.86,Rep 6,Region South,Standalone,16.29,false,42,true
2025-01-02,referral,finance,small,10024.51,Rep 5,Region East,Platform,11.59,false,44,false
2025-02-13,webinar,retail,large,68208.97,Rep 5,Region South,Standalone,17.62,false,68,true
2025-12-10,organic,finance,medium,24677.86,Rep 4,Region East,Standalone,11.93,false,94,true
2024-05-09,organic,manufacturing,medium,26567.03,Rep 2,Region West,Standalone,17.22,true,53,true
2025-11-21,referral,tech,medium,27197.73,Rep 5,Region East,Platform,18.05,true,47,true
2025-07-04,organic,healthcare,small,10553.41,Rep 6,Region Central,Platform,9.18,false,54,false
2024-04-21,referral,retail,large,61113.61,Rep 4,Region West,Suite,19.33,true,59,true
2025-08-04,referral,tech,enterprise,130632.04,Rep 3,Region West,Platform,8.86,false,58,false
2024-09-16,referral,tech,medium,19662.07,Rep 2,Region Central,Suite,9.34,true,84,true
2024-04-08,organic,tech,large,53871.5,Rep 7,Region West,Standalone,15.7,false,47,true
2025-04-29,cold_call,finance,medium,25540.04,Rep 2,Region East,Standalone,17.92,false,52,false
2025-09-24,paid,retail,large,43063.52,Rep 3,Region West,Standalone,6.11,false,35,true
2025-10-06,cold_call,finance,large,76301.71,Rep 8,Region East,Platform,8.79,true,35,false
2024-08-06,webinar,finance,small,7315.25,Rep 7,Region East,Platform,18.42,false,23,false
2024-10-24,webinar,finance,large,47480.64,Rep 5,Region East,Standalone,0.0,false,19,false
2025-02-10,cold_call,manufacturing,medium,22876.58,Rep 2,Region West,Standalone,0.0,false,66,true
2024-01-01,organic,manufacturing,large,62440.01,Rep 2,Region East,Platform,17.95,false,46,true
2025-08-17,paid,finance,enterprise,160567.0,Rep 8,Region East,Suite,5.69,false,77,true
2024-06-23,paid,manufacturing,medium,31131.3,Rep 5,Region Central,Standalone,3.6,false,27,true
2025-08-12,cold_call,tech,enterprise,127875.82,Rep 2,Region Central,Platform,5.16,false,31,false
2025-05-28,referral,healthcare,small,5463.42,Rep 6,Region West,Platform,23.95,true,52,true
2025-05-26,paid,healthcare,small,8673.42,Rep 3,Region Central,Platform,4.99,false,24,true
2024-03-10,paid,finance,medium,27368.21,Rep 2,Region East,Suite,2.13,false,66,true
2025-06-10,referral,retail,small,6149.01,Rep 8,Region Central,Platform,17.6,false,91,true
2025-12-27,referral,manufacturing,small,6815.3,Rep 4,Region East,Suite,23.89,true,69,true
2025-08-04,referral,retail,medium,29783.27,Rep 8,Region West,Standalone,21.78,true,30,false
2024-04-27,referral,retail,medium,24087.59,Rep 1,Region West,Standalone,19.75,false,72,true
2025-03-16,referral,healthcare,medium,28367.25,Rep 6,Region Central,Platform,14.02,true,58,true
2025-01-26,paid,tech,large,52338.31,Rep 8,Region South,Suite,1.9,false,39,false
2025-02-07,webinar,retail,enterprise,167507.56,Rep 2,Region South,Suite,9.06,false,70,true
2025-05-20,cold_call,retail,medium,20785.21,Rep 4,Region West,Standalone,9.54,false,60,true
2025-03-12,referral,manufacturing,small,7375.0,Rep 3,Region West,Platform,21.4,false,85,true
2025-03-11,organic,finance,small,5929.95,Rep 2,Region East,Platform,10.27,false,68,true
2025-05-31,webinar,manufacturing,medium,27930.53,Rep 8,Region West,Platform,4.32,false,39,false
2024-03-16,webinar,finance,medium,21857.14,Rep 6,Region East,Platform,0.0,false,52,false
2024-03-09,referral,tech,small,11796.64,Rep 6,Region South,Platform,24.75,false,43,false
2024-05-19,referral,tech,large,49283.28,Rep 2,Region East,Suite,20.6,false,49,false
2025-06-16,referral,tech,large,52017.55,Rep 5,Region East,Standalone,11.84,false,67,true
2025-07-11,webinar,retail,small,2889.88,Rep 8,Region East,Platform,11.2,true,55,true
2024-01-20,cold_call,tech,medium,23567.71,Rep 1,Region South,Standalone,14.24,true,29,true
2025-11-05,cold_call,tech,large,44262.87,Rep 8,Region Central,Suite,10.22,true,57,false
2024-08-30,paid,manufacturing,medium,27322.37,Rep 6,Region South,Standalone,7.16,true,67,true
2025-06-04,referral,healthcare,small,7538.67,Rep 1,Region Central,Platform,0.0,false,61,true
2025-01-07,webinar,tech,small,7369.65,Rep 2,Region East,Platform,19.81,true,88,true
2024-08-11,cold_call,finance,enterprise,159798.16,Rep 2,Region East,Platform,15.38,true,66,true
2025-03-31,organic,healthcare,small,9028.98,Rep 6,Region East,Platform,11.44,false,56,false
2024-04-07,referral,manufacturing,small,5839.58,Rep 2,Region South,Platform,40.0,true,43,true
2024-01-28,referral,finance,enterprise,149177.8,Rep 2,Region East,Platform,22.14,true,73,true
2025-06-11,cold_call,retail,medium,21503.29,Rep 7,Region East,Platform,13.68,false,92,true
2024-09-27,cold_call,tech,small,8230.56,Rep 3,Region South,Platform,11.09,true,62,false
2024-12-25,referral,manufacturing,small,9815.51,Rep 2,Region West,Platform,11.01,false,63,true
2025-06-07,paid,tech,small,7666.16,Rep 8,Region West,Platform,13.96,false,66,true
2025-11-22,referral,healthcare,large,56840.09,Rep 1,Region Central,Suite,25.06,false,86,true
2024-08-01,referral,tech,small,7509.45,Rep 2,Region South,Platform,12.7,false,44,false
2024-05-17,referral,manufacturing,medium,23355.86,Rep 4,Region South,Standalone,19.04,false,78,true
2025-04-17,referral,finance,medium,16795.58,Rep 8,Region East,Suite,20.32,true,36,true
2024-08-30,referral,tech,medium,26235.89,Rep 6,Region South,Platform,8.51,false,59,false
2025-08-15,cold_call,manufacturing,enterprise,148500.97,Rep 2,Region Central,Suite,1.23,false,62,false
2025-05-10,referral,retail,small,7212.5,Rep 1,Region Central,Platform,18.95,true,63,false
2024-01-19,referral,tech,medium,23145.83,Rep 7,Region South,Suite,13.62,false,78,true
2024-01-22,organic,finance,small,8248.0,Rep 8,Region East,Platform,6.12,false,16,false
2024-01-20,referral,finance,medium,28286.61,Rep 2,Region East,Standalone,3.54,false,87,true
2024-04-05,referral,finance,small,4847.49,Rep 3,Region East,Suite,0.0,false,59,false
2024-09-26,cold_call,tech,medium,19867.77,Rep 5,Region South,Standalone,12.51,true,65,true
2025-03-31,referral,manufacturing,enterprise,134686.76,Rep 2,Region Central,Platform,12.79,true,40,true
2025-01-14,paid,finance,medium,31887.47,Rep 7,Region East,Suite,22.21,false,95,true
2025-12-23,organic,tech,large,38342.72,Rep 4,Region West,Platform,2.6,true,72,true
2025-05-25,referral,retail,medium,21672.27,Rep 1,Region South,Platform,0.17,false,99,true
2025-11-20,paid,healthcare,small,5912.64,Rep 2,Region East,Platform,5.53,false,42,false
2025-07-24,referral,tech,medium,28350.67,Rep 5,Region West,Platform,19.03,false,53,true
2024-12-16,webinar,finance,enterprise,130447.99,Rep 2,Region East,Platform,6.64,false,28,false
2024-09-27,cold_call,tech,medium,27583.41,Rep 6,Region South,Platform,6.45,true,60,false
2025-09-16,organic,manufacturing,small,4792.15,Rep 6,Region South,Platform,9.44,false,92,true
2025-04-14,cold_call,finance,large,63269.79,Rep 4,Region East,Platform,4.21,true,41,false
2024-06-25,referral,finance,small,7044.03,Rep 8,Region East,Platform,11.41,true,39,true
2025-09-14,referral,finance,medium,32801.43,Rep 4,Region East,Suite,15.62,false,51,false
2025-09-13,paid,finance,large,81722.95,Rep 7,Region East,Standalone,11.86,false,64,false
2025-04-25,webinar,tech,small,6055.64,Rep 6,Region Central,Platform,11.42,true,72,true
2024-12-04,cold_call,tech,small,9206.5,Rep 4,Region West,Platform,3.97,true,91,true
2025-12-23,referral,retail,large,56811.02,Rep 6,Region South,Platform,19.15,false,41,false
2024-05-16,paid,retail,medium,15306.56,Rep 3,Region Central,Platform,0.0,false,57,false
2024-01-07,cold_call,manufacturing,small,9165.12,Rep 2,Region Central,Platform,15.39,true,31,false
2025-05-03,referral,healthcare,large,91793.16,Rep 2,Region West,Standalone,13.49,true,100,true
2024-03-22,cold_call,healthcare,small,8934.45,Rep 8,Region East,Platform,10.53,true,42,true
2024-08-12,organic,finance,medium,17176.34,Rep 7,Region East,Standalone,15.12,true,29,false
2025-05-07,paid,tech,large,37354.07,Rep 2,Region East,Standalone,4.54,false,37,false
2025-05-12,referral,manufacturing,large,76261.15,Rep 7,Region West,Platform,0.0,false,100,true
2025-08-08,referral,finance,small,8338.99,Rep 7,Region East,Platform,2.71,true,84,true
2025-03-27,webinar,healthcare,small,7074.38,Rep 2,Region South,Platform,15.87,false,51,true
2025-02-07,cold_call,finance,medium,15224.99,Rep 4,Region East,Platform,13.88,true,52,false
2024-06-24,webinar,finance,small,8598.21,Rep 5,Region East,Platform,1.47,true,77,true
2024-03-24,cold_call,manufacturing,small,5872.53,Rep 3,Region West,Platform,13.91,false,76,true
2025-12-02,cold_call,manufacturing,large,53117.6,Rep 4,Region East,Platform,25.44,true,65,true
2024-12-15,cold_call,finance,large,53122.34,Rep 5,Region East,Standalone,14.47,true,35,false
2024-03-23,referral,finance,medium,23126.65,Rep 3,Region East,Standalone,9.62,true,52,false
2025-05-11,referral,healthcare,medium,23907.48,Rep 1,Region South,Suite,7.04,false,70,true
2025-01-05,organic,healthcare,medium,21003.11,Rep 6,Region South,Platform,13.55,false,75,true
2024-04-19,webinar,tech,small,6853.91,Rep 6,Region East,Platform,0.0,true,57,false
2025-12-09,webinar,retail,small,6851.32,Rep 1,Region East,Platform,15.82,true,54,true
2025-02-07,cold_call,tech,small,9707.06,Rep 7,Region Central,Platform,7.63,true,26,false
2025-05-10,referral,finance,medium,26652.38,Rep 8,Region East,Suite,20.1,true,73,true
2025-05-16,webinar,tech,medium,24476.07,Rep 1,Region Central,Suite,1.87,true,42,true
2025-02-13,webinar,finance,large,59081.37,Rep 8,Region East,Standalone,8.58,false,65,true
2024-01-03,paid,healthcare,small,5717.43,Rep 1,Region East,Platform,16.93,false,48,false
2025-10-02,organic,manufacturing,small,8740.5,Rep 8,Region West,Platform,16.88,false,100,true
2025-06-13,webinar,retail,small,10662.61,Rep 2,Region West,Platform,8.21,true,88,true
2024-01-01,referral,healthcare,medium,27985.8,Rep 2,Region South,Suite,14.28,false,63,true
2025-11-28,webinar,tech,small,8399.7,Rep 8,Region South,Platform,0.0,false,79,true
2024-08-22,referral,finance,medium,27955.31,Rep 3,Region East,Platform,23.28,false,75,true
2025-01-17,referral,finance,large,56297.23,Rep 8,Region East,Standalone,13.95,false,58,false
2025-02-10,referral,tech,small,7041.13,Rep 7,Region East,Platform,9.73,false,61,true
2024-03-13,referral,finance,large,64768.41,Rep 3,Region East,Platform,22.93,false,72,true
2024-10-20,referral,finance,enterprise,185631.25,Rep 2,Region East,Platform,18.58,false,35,false
2024-03-11,referral,retail,large,60020.03,Rep 5,Region East,Platform,7.27,false,77,true
2025-12-23,referral,tech,large,50542.32,Rep 7,Region West,Platform,18.17,false,65,true
2025-08-03,referral,healthcare,small,8017.03,Rep 4,Region East,Platform,18.56,true,53,false
2025-09-21,referral,finance,large,67856.57,Rep 8,Region East,Platform,13.48,true,67,true
2025-05-25,referral,manufacturing,medium,25450.46,Rep 1,Region East,Platform,4.62,false,42,true
2025-01-29,referral,manufacturing,small,6989.43,Rep 2,Region Central,Platform,18.4,true,55,false
2024-06-09,webinar,retail,enterprise,171049.54,Rep 2,Region East,Suite,6.39,true,49,false
2025-04-03,organic,finance,large,43653.63,Rep 4,Region West,Standalone,15.22,true,44,false
2025-02-04,organic,finance,small,7516.17,Rep 3,Region East,Platform,17.22,false,53,false
2025-08-20,cold_call,tech,small,9207.79,Rep 3,Region South,Platform,7.66,false,55,true
2024-01-24,paid,tech,small,7128.78,Rep 1,Region East,Platform,3.95,true,35,false
2025-01-06,referral,healthcare,small,6661.49,Rep 1,Region South,Platform,16.86,false,63,false
2024-06-21,paid,manufacturing,small,6809.9,Rep 7,Region West,Platform,16.72,true,70,true
2025-06-13,webinar,retail,small,7774.01,Rep 8,Region West,Platform,8.54,true,36,false
2024-11-27,organic,finance,small,8154.55,Rep 4,Region East,Platform,13.73,true,91,true
2025-11-11,organic,tech,medium,24727.96,Rep 3,Region East,Standalone,16.91,false,14,false
2025-11-22,webinar,retail,large,68227.87,Rep 7,Region East,Platform,11.62,false,30,true
2024-08-04,organic,tech,medium,25985.36,Rep 1,Region Central,Standalone,4.58,false,78,true
2025-11-04,paid,finance,enterprise,139974.84,Rep 2,Region East,Standalone,13.8,false,94,true
2024-12-30,organic,tech,small,9167.23,Rep 6,Region Central,Platform,14.85,false,62,false
2024-05-31,organic,manufacturing,large,77927.41,Rep 7,Region West,Platform,25.38,false,77,true
2025-01-21,webinar,healthcare,large,71209.56,Rep 5,Region South,Platform,3.53,false,49,true
2024-03-01,referral,finance,medium,22400.07,Rep 3,Region East,Suite,29.23,false,56,false
2024-12-23,referral,tech,large,65503.33,Rep 5,Region East,Platform,15.53,false,67,true
2025-06-21,webinar,finance,medium,26409.23,Rep 2,Region East,Platform,7.45,false,66,true
2024-08-25,referral,tech,large,75528.46,Rep 6,Region Central,Suite,20.21,true,33,false
2025-05-30,paid,healthcare,medium,22519.03,Rep 2,Region West,Platform,5.56,false,37,false
2025-05-09,cold_call,retail,enterprise,166052.09,Rep 2,Region West,Standalone,6.23,false,38,false
2025-03-14,referral,manufacturing,enterprise,157127.5,Rep 2,Region West,Suite,26.53,true,63,true
2025-03-01,webinar,manufacturing,large,59797.19,Rep 6,Region South,Platform,8.76,false,40,false
2024-04-03,cold_call,finance,small,10632.61,Rep 3,Region East,Platform,3.14,true,98,true
2025-04-09,organic,retail,large,78411.98,Rep 4,Region Central,Standalone,17.93,false,56,true
2024-05-06,webinar,retail,small,7635.46,Rep 4,Region East,Platform,0.0,true,67,true
2024-03-05,organic,manufacturing,medium,28766.36,Rep 1,Region South,Platform,13.21,true,64,true
2025-07-09,referral,retail,enterprise,158766.64,Rep 2,Region West,Standalone,22.8,false,65,true
2025-11-30,paid,tech,large,60962.22,Rep 4,Region East,Suite,0.0,false,58,false
2025-06-22,organic,tech,small,8002.52,Rep 8,Region Central,Platform,17.95,false,75,true
2024-08-07,cold_call,manufacturing,small,6730.45,Rep 8,Region Central,Platform,4.57,true,52,false
2025-02-16,paid,tech,large,52878.36,Rep 3,Region East,Standalone,13.34,false,28,false
2024-10-08,organic,tech,small,7928.57,Rep 2,Region South,Platform,13.43,false,52,true
2025-11-20,referral,manufacturing,small,11193.06,Rep 4,Region East,Platform,22.65,false,69,true
2025-12-16,paid,retail,large,66490.85,Rep 5,Region South,Suite,9.68,false,73,true
2025-01-22,organic,manufacturing,large,56237.28,Rep 1,Region Central,Platform,0.0,false,100,true
2024-08-08,webinar,finance,medium,20049.2,Rep 5,Region East,Suite,0.0,true,46,true
2025-04-24,webinar,finance,medium,23304.59,Rep 8,Region East,Platform,12.38,false,22,false
2024-04-18,webinar,retail,medium,23423.07,Rep 4,Region West,Platform,21.13,false,45,true
2024-02-15,referral,retail,large,49014.4,Rep 3,Region West,Platform,6.93,false,87,true
2024-09-05,cold_call,manufacturing,large,55440.84,Rep 3,Region East,Standalone,3.88,false,39,false
2025-02-12,cold_call,healthcare,large,62027.85,Rep 4,Region Central,Platform,9.28,false,70,true
2024-07-20,webinar,manufacturing,small,7470.92,Rep 8,Region West,Platform,10.33,true,50,false
2025-04-09,referral,finance,small,8772.64,Rep 6,Region East,Platform,9.79,true,50,true
2025-05-02,organic,retail,medium,27526.63,Rep 5,Region West,Platform,0.0,false,47,true
2024-08-13,organic,retail,small,5788.93,Rep 7,Region East,Platform,16.37,true,64,true
2024-01-10,referral,tech,small,11076.08,Rep 4,Region South,Platform,16.04,false,77,true
2024-11-29,cold_call,finance,enterprise,141009.3,Rep 1,Region East,Suite,7.36,false,58,true
2024-11-04,webinar,finance,medium,24603.06,Rep 7,Region East,Platform,19.1,true,100,true
2025-08-22,cold_call,finance,small,5380.26,Rep 1,Region East,Platform,11.71,false,52,false
2024-05-03,referral,manufacturing,medium,22576.16,Rep 6,Region Central,Suite,25.04,false,84,true
2025-10-12,referral,retail,enterprise,150291.17,Rep 2,Region East,Suite,17.35,false,68,true
2025-11-16,webinar,retail,medium,22179.57,Rep 2,Region South,Suite,17.07,false,59,false
2024-05-24,referral,manufacturing,small,9391.15,Rep 7,Region East,Platform,21.17,false,62,true
2025-04-12,paid,finance,large,55275.85,Rep 4,Region East,Standalone,10.26,false,46,false
2025-05-11,paid,manufacturing,medium,16848.19,Rep 4,Region West,Standalone,23.02,true,87,true
2025-12-30,paid,manufacturing,small,9884.99,Rep 1,Region East,Platform,19.45,false,66,true
2024-09-05,cold_call,tech,enterprise,126017.51,Rep 2,Region Central,Standalone,17.59,true,41,true
2025-06-18,referral,retail,medium,26428.02,Rep 4,Region South,Standalone,1.56,false,42,false
2024-09-15,cold_call,retail,small,8141.97,Rep 8,Region South,Platform,14.36,true,92,true
2024-05-27,paid,retail,small,6964.63,Rep 1,Region South,Platform,10.05,true,58,true
2024-04-30,referral,tech,enterprise,147887.21,Rep 2,Region South,Standalone,22.62,false,60,false
2025-02-22,organic,finance,small,10217.29,Rep 3,Region East,Platform,13.16,false,77,true
2024-02-16,referral,tech,enterprise,117725.84,Rep 3,Region West,Standalone,10.73,true,75,true
2025-01-14,organic,finance,medium,21256.14,Rep 1,Region East,Platform,10.11,false,41,false
2024-03-26,organic,retail,small,6739.01,Rep 6,Region Central,Platform,5.82,false,67,true
2024-04-02,referral,finance,small,8739.73,Rep 4,Region East,Platform,3.41,false,94,false
2025-07-25,referral,tech,small,6023.0,Rep 3,Region East,Platform,28.27,false,47,false
2025-04-29,webinar,retail,enterprise,131669.3,Rep 7,Region South,Suite,13.02,false,29,false
2025-05-02,paid,healthcare,medium,21959.8,Rep 6,Region West,Platform,5.05,true,78,true
2025-03-02,paid,retail,enterprise,162605.15,Rep 2,Region West,Standalone,12.75,true,61,false
2025-05-22,organic,healthcare,small,8592.44,Rep 7,Region East,Platform,13.68,false,48,false
2024-06-29,cold_call,manufacturing,large,48539.42,Rep 4,Region South,Platform,11.32,false,46,true
2024-07-20,referral,manufacturing,small,5909.25,Rep 2,Region South,Platform,32.16,true,64,true
2025-01-26,referral,retail,small,6451.38,Rep 2,Region South,Platform,29.25,false,48,false
2024-11-16,organic,finance,large,59360.55,Rep 3,Region East,Platform,15.3,false,65,true
2024-01-30,referral,tech,medium,28435.06,Rep 4,Region Central,Platform,23.12,false,64,true
2025-12-30,paid,finance,medium,25931.83,Rep 7,Region East,Platform,17.29,true,71,true
2025-01-12,referral,tech,small,7703.08,Rep 6,Region South,Platform,22.86,false,71,true
2025-02-06,cold_call,manufacturing,large,73736.64,Rep 7,Region East,Standalone,24.41,false,79,true
2024-06-12,webinar,finance,enterprise,159376.64,Rep 2,Region East,Platform,1.48,false,78,true
2024-11-12,webinar,manufacturing,small,9678.44,Rep 5,Region Central,Platform,10.93,false,95,true
2025-06-01,referral,retail,medium,27275.83,Rep 5,Region West,Platform,16.87,true,78,true
2025-04-17,organic,manufacturing,medium,23168.29,Rep 8,Region East,Standalone,15.76,false,51,false
2024-09-10,webinar,manufacturing,small,6598.87,Rep 3,Region South,Platform,12.82,false,44,false
2025-04-26,webinar,tech,large,49111.6,Rep 5,Region West,Standalone,17.61,false,36,true
2025-07-20,cold_call,healthcare,enterprise,118632.52,Rep 2,Region South,Platform,18.82,true,63,false
2025-11-08,webinar,healthcare,medium,21384.7,Rep 8,Region Central,Platform,18.77,true,48,true
2024-03-17,organic,healthcare,large,63088.12,Rep 8,Region South,Suite,6.12,false,18,false
2025-10-24,cold_call,healthcare,medium,30983.46,Rep 3,Region Central,Platform,10.89,false,41,true
2024-11-05,paid,manufacturing,large,62571.19,Rep 4,Region Central,Suite,21.6,true,88,true
2025-06-24,cold_call,manufacturing,small,9169.81,Rep 6,Region South,Platform,12.89,false,29,false
2025-12-15,organic,finance,medium,25341.5,Rep 7,Region East,Standalone,11.57,false,50,true
2024-11-29,referral,finance,medium,22363.03,Rep 3,Region East,Platform,18.28,true,43,false
2024-03-07,referral,manufacturing,large,51252.07,Rep 6,Region East,Platform,17.43,true,91,true
2025-05-23,paid,manufacturing,small,8242.57,Rep 6,Region Central,Platform,0.0,true,32,false
2024-12-14,paid,tech,medium,17409.51,Rep 4,Region West,Standalone,0.07,true,53,false
2024-08-05,referral,tech,medium,26267.94,Rep 6,Region East,Suite,22.09,false,72,true
2025-06-26,referral,tech,small,8596.2,Rep 4,Region East,Platform,18.92,true,53,false
2025-06-27,referral,healthcare,small,6940.58,Rep 8,Region Central,Platform,11.42,false,94,true
2024-06-21,referral,healthcare,small,7299.25,Rep 8,Region South,Platform,22.11,false,56,false
2024-02-22,referral,retail,medium,28431.96,Rep 8,Region Central,Platform,7.11,false,44,false
2024-08-21,organic,manufacturing,medium,27040.34,Rep 4,Region West,Platform,0.0,false,25,false
2024-08-30,paid,finance,small,7758.06,Rep 8,Region East,Platform,12.3,true,51,false
2025-01-24,referral,healthcare,large,40948.82,Rep 2,Region Central,Platform,6.83,false,34,true
2024-12-07,webinar,retail,medium,31169.1,Rep 1,Region Central,Platform,6.14,true,68,true
2024-11-16,organic,manufacturing,small,7941.25,Rep 3,Region West,Platform,12.22,false,55,false
2025-11-17,paid,tech,small,8088.27,Rep 8,Region West,Platform,27.15,true,48,false
2024-04-07,referral,finance,large,81167.88,Rep 6,Region East,Suite,29.97,true,52,true
2024-10-19,cold_call,retail,small,9342.33,Rep 5,Region South,Platform,10.99,true,72,true
2025-01-04,webinar,retail,medium,22663.11,Rep 3,Region West,Platform,6.81,true,67,true
2025-05-12,paid,healthcare,medium,25161.84,Rep 8,Region Central,Suite,13.06,false,57,false
2024-02-18,referral,tech,small,7093.39,Rep 5,Region East,Platform,12.14,true,53,false
2024-03-15,paid,tech,medium,27424.07,Rep 6,Region South,Platform,14.53,false,89,true
2025-06-21,organic,manufacturing,small,8280.49,Rep 7,Region East,Platform,0.0,false,59,true
2025-09-23,referral,manufacturing,medium,31463.86,Rep 6,Region South,Platform,11.08,false,22,true
2025-11-03,referral,retail,large,56522.57,Rep 1,Region Central,Platform,24.35,true,66,false
2025-10-26,webinar,retail,small,11903.78,Rep 2,Region East,Platform,16.51,false,49,false
2024-05-01,webinar,healthcare,medium,34116.33,Rep 2,Region East,Standalone,4.72,true,65,true
2024-11-06,organic,retail,small,8405.94,Rep 4,Region Central,Platform,6.12,false,54,true
2024-04-06,referral,healthcare,large,58919.39,Rep 2,Region South,Suite,30.8,false,61,false
2025-11-22,webinar,healthcare,medium,23650.31,Rep 8,Region East,Platform,14.99,false,62,true
2024-03-19,cold_call,retail,enterprise,129764.96,Rep 2,Region South,Suite,4.16,false,50,true
2025-07-09,paid,finance,small,7554.84,Rep 3,Region East,Platform,9.05,false,95,true
2025-12-19,paid,retail,medium,21150.2,Rep 7,Region West,Platform,1.04,true,17,true
2024-08-15,referral,finance,small,8725.85,Rep 7,Region East,Platform,27.76,false,98,true
2025-03-15,referral,tech,large,57845.63,Rep 3,Region West,Standalone,21.17,false,64,true
2025-02-03,referral,healthcare,medium,24568.84,Rep 4,Region South,Platform,22.67,true,59,true
2024-07-30,organic,tech,enterprise,175618.71,Rep 2,Region East,Suite,0.1,true,83,true
2024-06-19,webinar,healthcare,medium,23465.78,Rep 4,Region West,Platform,16.36,true,32,false
2024-11-17,referral,finance,medium,30287.71,Rep 7,Region East,Standalone,14.74,true,53,false
2025-11-22,webinar,finance,small,7116.74,Rep 8,Region East,Platform,17.37,true,45,false
2024-09-19,referral,finance,enterprise,146702.85,Rep 2,Region East,Suite,20.88,false,55,true
2025-08-10,organic,retail,medium,26548.95,Rep 3,Region South,Standalone,5.8,false,53,false
2024-06-06,referral,healthcare,small,10559.23,Rep 3,Region West,Platform,21.49,true,58,false
2024-06-02,cold_call,manufacturing,medium,28870.42,Rep 3,Region Central,Platform,13.1,true,79,true
2025-12-01,webinar,manufacturing,large,68514.9,Rep 2,Region Central,Suite,11.11,true,26,true
2024-01-31,organic,retail,medium,26636.43,Rep 1,Region East,Standalone,9.05,false,60,false
2025-03-14,referral,retail,enterprise,138722.6,Rep 2,Region South,Platform,23.17,true,33,false
2024-07-05,referral,finance,medium,23512.1,Rep 5,Region East,Standalone,13.12,false,61,true
2024-08-06,organic,retail,medium,32476.73,Rep 2,Region East,Standalone,14.95,false,72,true
2025-04-30,referral,healthcare,enterprise,177724.97,Rep 2,Region East,Standalone,37.97,false,36,false
2024-11-27,referral,finance,medium,26851.51,Rep 8,Region East,Standalone,19.96,false,9,true
2024-11-07,referral,healthcare,enterprise,173895.18,Rep 2,Region South,Standalone,25.66,true,60,false
2024-08-10,referral,finance,medium,27545.66,Rep 6,Region East,Platform,20.8,false,65,true
2025-04-30,referral,healthcare,enterprise,187840.3,Rep 5,Region Central,Platform,30.48,false,73,true
2024-12-23,referral,tech,enterprise,119835.28,Rep 8,Region West,Platform,22.9,false,50,true
2024-12-15,cold_call,finance,large,65354.56,Rep 5,Region East,Platform,3.46,false,51,true
2025-04-25,webinar,tech,medium,27898.7,Rep 4,Region West,Standalone,27.36,true,99,true
2025-03-21,organic,tech,small,7261.67,Rep 8,Region East,Platform,3.47,false,91,true
2025-08-11,referral,manufacturing,enterprise,155882.47,Rep 2,Region South,Suite,21.53,false,79,true
2024-10-15,paid,finance,small,8843.41,Rep 1,Region East,Platform,15.32,true,80,true
2025-12-28,referral,retail,medium,26388.5,Rep 3,Region East,Standalone,12.23,true,49,false
2024-02-06,webinar,retail,small,7777.41,Rep 1,Region Central,Platform,2.95,true,14,false
2024-05-06,webinar,tech,medium,23082.53,Rep 8,Region West,Standalone,0.0,false,30,true
2024-06-04,cold_call,manufacturing,small,11713.57,Rep 7,Region West,Platform,7.38,false,75,true
2024-09-15,organic,manufacturing,small,7727.69,Rep 1,Region South,Platform,7.64,false,29,true
2025-03-19,paid,manufacturing,medium,23730.26,Rep 2,Region Central,Suite,6.58,false,72,true
2025-09-16,referral,manufacturing,small,10041.07,Rep 3,Region East,Platform,22.3,false,59,true
2025-01-12,organic,manufacturing,medium,19491.23,Rep 3,Region West,Platform,7.14,true,100,true
2025-12-20,referral,manufacturing,medium,30949.67,Rep 5,Region West,Standalone,11.59,true,19,false
2025-10-05,cold_call,healthcare,medium,25470.23,Rep 8,Region West,Standalone,26.53,true,77,true
2025-05-02,referral,retail,medium,24220.04,Rep 5,Region West,Platform,14.95,false,88,true
2024-09-15,referral,finance,small,6277.1,Rep 1,Region East,Platform,29.39,true,58,false
2025-01-27,referral,retail,enterprise,156138.42,Rep 2,Region South,Suite,20.97,false,75,true
2025-12-02,organic,tech,small,8220.27,Rep 7,Region West,Platform,9.85,false,98,true
2025-12-03,webinar,tech,large,55636.51,Rep 8,Region South,Standalone,14.03,false,10,false
2025-11-17,webinar,retail,large,58197.92,Rep 7,Region West,Standalone,17.1,true,59,false
2024-07-04,referral,manufacturing,large,72874.0,Rep 5,Region Central,Suite,13.81,false,89,true
2025-12-28,referral,finance,large,56157.73,Rep 2,Region East,Platform,25.68,false,62,false
2025-05-30,cold_call,finance,small,5451.67,Rep 7,Region East,Platform,9.53,true,45,false
2025-11-02,referral,tech,large,63339.84,Rep 6,Region East,Suite,21.91,true,89,true
2024-07-31,paid,tech,large,68426.15,Rep 4,Region East,Platform,10.62,false,64,true
2024-02-14,paid,manufacturing,enterprise,200290.78,Rep 1,Region East,Platform,2.4,false,72,true
2025-10-26,organic,manufacturing,enterprise,170920.81,Rep 2,Region East,Suite,20.71,false,26,false
2025-03-22,organic,healthcare,large,58175.72,Rep 5,Region South,Standalone,3.54,true,90,true
2025-12-23,referral,retail,small,7690.54,Rep 7,Region Central,Platform,26.25,true,57,false
2024-06-18,webinar,healthcare,enterprise,213624.95,Rep 2,Region West,Suite,6.71,false,83,true
2024-11-08,organic,tech,small,11601.87,Rep 5,Region Central,Platform,8.87,true,38,false
2024-12-16,cold_call,tech,medium,33146.1,Rep 6,Region West,Suite,6.47,false,94,true
2025-06-05,referral,manufacturing,medium,22074.03,Rep 6,Region Central,Platform,21.02,false,87,true
2024-02-05,organic,tech,medium,27413.69,Rep 2,Region West,Platform,14.86,true,64,false
2025-09-09,webinar,tech,enterprise,157153.35,Rep 2,Region East,Platform,5.28,false,97,true
2025-08-24,referral,retail,small,8403.94,Rep 5,Region Central,Platform,6.16,true,26,true
2025-08-29,referral,healthcare,small,6702.89,Rep 6,Region Central,Platform,9.79,false,86,true
2025-07-23,paid,retail,enterprise,109236.24,Rep 7,Region Central,Suite,7.25,false,74,true
2024-04-27,organic,manufacturing,large,73539.63,Rep 2,Region East,Suite,15.66,false,62,false
2025-08-24,referral,healthcare,large,79159.26,Rep 3,Region Central,Platform,12.41,false,72,true
2025-07-30,referral,manufacturing,medium,20599.52,Rep 6,Region Central,Suite,15.57,false,52,false
2025-12-01,referral,finance,small,11315.52,Rep 2,Region Central,Platform,4.92,false,31,true
2025-11-22,paid,finance,large,41053.22,Rep 7,Region East,Standalone,11.04,false,6,true
2024-08-12,referral,retail,small,3628.1,Rep 6,Region South,Platform,18.32,false,51,false
2024-05-18,paid,manufacturing,medium,30400.73,Rep 2,Region South,Standalone,11.8,true,31,false
2024-07-04,referral,finance,enterprise,147746.15,Rep 2,Region East,Platform,11.59,true,97,true
2025-05-24,organic,healthcare,small,9766.72,Rep 7,Region South,Platform,15.12,false,64,false
2024-07-23,referral,manufacturing,medium,29242.4,Rep 3,Region West,Suite,12.87,true,68,true
2025-07-09,referral,manufacturing,medium,18829.0,Rep 1,Region Central,Platform,30.44,false,75,true
2024-12-10,organic,manufacturing,large,67601.9,Rep 3,Region Central,Platform,6.81,false,57,false
2024-03-11,organic,finance,small,8154.27,Rep 3,Region East,Platform,9.4,true,52,false
2025-07-11,organic,tech,small,8716.87,Rep 3,Region East,Platform,0.0,true,66,true
2024-08-17,organic,healthcare,small,10260.93,Rep 5,Region West,Platform,17.69,false,33,false
2024-03-31,organic,finance,large,58788.86,Rep 5,Region East,Suite,20.58,true,48,false
2025-09-12,referral,manufacturing,small,6739.71,Rep 5,Region Central,Platform,8.71,false,75,true
2024-10-02,paid,manufacturing,medium,30283.64,Rep 1,Region West,Platform,12.9,false,70,true
2025-06-14,referral,manufacturing,medium,28644.03,Rep 2,Region West,Standalone,25.67,false,50,true
2025-04-10,referral,healthcare,enterprise,144785.9,Rep 2,Region Central,Standalone,26.15,false,66,true
2024-01-28,cold_call,manufacturing,medium,24053.63,Rep 1,Region East,Platform,10.03,true,51,false
2024-07-28,organic,healthcare,small,8527.97,Rep 8,Region Central,Platform,11.71,false,66,true
2025-03-07,organic,retail,small,6310.31,Rep 3,Region South,Platform,9.97,false,55,false
2025-07-17,referral,tech,large,67137.99,Rep 3,Region South,Platform,19.25,false,100,true
2025-01-09,referral,retail,small,10160.6,Rep 5,Region East,Platform,22.29,false,55,false
2024-12-07,referral,tech,medium,27629.34,Rep 4,Region Central,Platform,22.56,false,93,true
2025-06-18,webinar,retail,medium,33677.25,Rep 3,Region West,Platform,15.46,false,67,true
2025-10-05,webinar,retail,medium,26532.81,Rep 1,Region South,Standalone,10.08,false,100,true
2025-06-12,webinar,finance,large,58412.94,Rep 1,Region East,Suite,11.78,false,47,true
2024-02-07,referral,healthcare,small,6572.65,Rep 4,Region West,Platform,18.49,false,90,true
2024-10-06,webinar,finance,small,6747.25,Rep 7,Region East,Platform,17.67,true,58,false
2024-12-04,cold_call,finance,medium,22131.2,Rep 6,Region East,Standalone,2.08,false,55,false
2024-01-02,organic,retail,medium,22416.12,Rep 2,Region East,Platform,15.71,false,62,false
2025-03-19,cold_call,healthcare,large,56579.74,Rep 6,Region South,Platform,12.33,false,100,true
2025-11-05,paid,healthcare,medium,28222.58,Rep 6,Region Central,Platform,15.73,false,64,false
2024-06-29,referral,finance,medium,23574.29,Rep 6,Region East,Platform,18.25,false,56,true
2025-01-12,webinar,retail,enterprise,163467.86,Rep 2,Region West,Standalone,8.17,false,80,true
2024-05-04,paid,tech,medium,25302.37,Rep 8,Region West,Standalone,15.54,true,17,false
2025-05-20,organic,tech,enterprise,136223.92,Rep 2,Region South,Suite,6.32,true,75,true
2024-06-03,cold_call,healthcare,small,6591.83,Rep 4,Region South,Platform,12.69,false,55,false
2025-12-15,paid,retail,medium,23025.42,Rep 8,Region South,Suite,0.59,true,59,true
2025-09-18,referral,tech,enterprise,126938.4,Rep 2,Region East,Platform,23.77,false,99,true
2025-09-13,cold_call,tech,medium,30027.34,Rep 3,Region Central,Standalone,0.0,false,63,false
2024-07-23,paid,manufacturing,medium,20383.92,Rep 6,Region West,Suite,9.31,true,25,false
2024-01-11,cold_call,tech,large,45285.45,Rep 5,Region West,Standalone,15.75,true,79,true
2025-02-11,referral,tech,small,10686.88,Rep 1,Region East,Platform,14.95,false,19,true
2025-02-07,organic,healthcare,medium,27686.33,Rep 3,Region East,Standalone,9.8,false,55,false
2024-08-27,referral,finance,small,6068.26,Rep 6,Region East,Platform,1.74,false,5,true
2025-12-01,webinar,finance,small,3945.64,Rep 5,Region East,Platform,20.09,true,28,true
2025-02-08,paid,manufacturing,small,5030.73,Rep 7,Region South,Platform,14.57,false,49,false
2025-01-25,cold_call,finance,enterprise,160524.55,Rep 2,Region East,Suite,16.03,true,55,true
2024-04-07,webinar,tech,large,67599.91,Rep 6,Region Central,Platform,11.52,true,64,false
2024-02-12,cold_call,tech,medium,23009.35,Rep 1,Region Central,Platform,15.03,false,50,false
2025-10-24,referral,tech,small,9075.35,Rep 1,Region West,Platform,14.01,false,51,false
2024-06-30,organic,finance,medium,27289.32,Rep 6,Region South,Standalone,4.53,false,65,true
2024-02-28,cold_call,tech,small,9308.44,Rep 5,Region Central,Platform,11.72,true,25,true
2025-01-20,cold_call,finance,small,11047.29,Rep 8,Region East,Platform,14.69,true,60,false
2024-03-07,webinar,finance,medium,25953.32,Rep 4,Region East,Suite,21.68,false,69,true
2025-11-17,organic,tech,medium,25424.9,Rep 2,Region East,Platform,11.19,false,26,false
2024-05-30,referral,tech,enterprise,185936.17,Rep 2,Region East,Standalone,8.85,true,30,false
2025-03-04,webinar,manufacturing,small,8752.57,Rep 3,Region South,Platform,12.82,false,69,true
2025-11-11,paid,manufacturing,medium,23051.38,Rep 5,Region East,Standalone,20.62,false,88,true
2024-09-06,organic,finance,enterprise,137509.35,Rep 2,Region East,Platform,15.91,false,39,true
2025-01-29,referral,manufacturing,medium,23446.18,Rep 3,Region South,Platform,0.0,false,72,true
2025-02-11,webinar,manufacturing,small,7018.81,Rep 4,Region Central,Platform,17.93,false,59,false
2025-08-02,referral,finance,medium,18328.9,Rep 3,Region East,Suite,22.76,false,56,false
2025-08-29,referral,manufacturing,enterprise,141547.85,Rep 2,Region West,Platform,18.36,true,47,false
2025-03-14,organic,tech,large,73785.43,Rep 1,Region West,Suite,3.98,true,65,true
2025-02-12,organic,retail,small,8101.66,Rep 7,Region South,Platform,5.53,true,63,false
2025-06-22,referral,finance,small,6780.1,Rep 7,Region East,Platform,19.22,false,95,true
2024-10-27,organic,tech,small,7368.45,Rep 2,Region East,Platform,15.87,false,52,true
2025-01-05,organic,finance,small,9590.47,Rep 4,Region East,Platform,9.45,false,67,true
2025-01-15,referral,tech,small,7379.31,Rep 1,Region Central,Platform,14.97,true,70,true
2025-10-09,referral,retail,enterprise,157839.08,Rep 2,Region East,Suite,18.24,true,33,true
2025-05-03,cold_call,retail,small,8456.29,Rep 4,Region Central,Platform,20.06,false,87,true
2024-01-25,cold_call,tech,small,9348.36,Rep 7,Region South,Platform,12.99,true,50,true
2024-09-27,webinar,manufacturing,small,8507.17,Rep 8,Region West,Platform,17.08,true,24,false
2025-05-26,webinar,finance,enterprise,143536.17,Rep 2,Region East,Standalone,12.05,true,78,true
2024-01-01,referral,tech,enterprise,158921.05,Rep 2,Region West,Platform,9.54,false,67,true
2024-03-18,cold_call,retail,small,5484.08,Rep 7,Region East,Platform,7.42,true,49,false
2024-08-26,paid,retail,large,73878.49,Rep 1,Region Central,Suite,0.0,false,42,false
2024-05-01,paid,healthcare,small,8319.21,Rep 4,Region East,Platform,8.55,true,39,false
2025-05-12,organic,healthcare,large,53658.4,Rep 2,Region Central,Suite,16.46,false,52,false
2025-10-09,cold_call,healthcare,small,5963.7,Rep 4,Region South,Platform,18.69,false,65,true
2025-03-29,organic,tech,enterprise,174356.24,Rep 2,Region South,Standalone,16.75,true,83,false
2024-08-01,referral,retail,small,8501.86,Rep 2,Region East,Platform,28.19,true,49,false
2024-11-18,referral,tech,medium,31914.2,Rep 4,Region East,Platform,29.82,true,67,true
2024-04-03,webinar,retail,small,7965.15,Rep 4,Region South,Platform,0.0,true,45,false
2025-02-03,paid,tech,enterprise,162858.41,Rep 3,Region East,Standalone,7.74,false,46,true
2024-11-19,referral,retail,large,63750.44,Rep 5,Region West,Standalone,29.33,false,38,false
2025-10-05,cold_call,tech,small,7604.14,Rep 6,Region East,Platform,0.23,false,89,true
2024-07-06,paid,tech,medium,19395.64,Rep 6,Region West,Platform,8.57,false,35,true
2024-10-21,webinar,tech,small,6743.89,Rep 4,Region Central,Platform,2.92,false,31,false
2025-03-27,paid,finance,small,7815.39,Rep 8,Region East,Platform,13.82,false,100,true
2024-01-04,cold_call,retail,small,7633.33,Rep 4,Region West,Platform,13.19,true,91,true
2025-05-30,paid,tech,medium,18586.65,Rep 8,Region West,Platform,0.0,false,69,true
2024-07-04,paid,retail,medium,28084.43,Rep 5,Region South,Standalone,11.87,false,68,true
2025-02-17,referral,healthcare,small,8762.14,Rep 3,Region South,Platform,5.41,false,54,true
2024-09-23,referral,tech,large,56699.08,Rep 8,Region East,Platform,10.34,false,64,true
2025-08-27,paid,healthcare,medium,19320.87,Rep 7,Region Central,Standalone,0.0,true,79,true
2024-12-19,cold_call,retail,small,6782.09,Rep 7,Region West,Platform,15.46,true,54,false
2025-12-29,cold_call,finance,medium,22070.95,Rep 7,Region East,Standalone,20.43,true,87,true
2024-02-15,organic,finance,large,57312.47,Rep 8,Region East,Platform,9.51,false,70,true
2024-06-17,referral,finance,medium,26486.29,Rep 3,Region East,Suite,21.46,false,86,true
2024-12-22,webinar,healthcare,small,10665.08,Rep 7,Region East,Platform,14.5,false,20,true
2025-09-26,referral,tech,small,7596.3,Rep 4,Region West,Platform,6.27,true,72,true
2025-05-26,organic,healthcare,small,8018.81,Rep 4,Region Central,Platform,4.85,false,91,true
2025-05-30,organic,healthcare,medium,26063.61,Rep 6,Region South,Suite,0.47,true,93,true
2024-08-24,referral,retail,small,8387.48,Rep 7,Region Central,Platform,20.48,false,25,false
2024-07-17,referral,finance,small,9135.09,Rep 7,Region East,Platform,25.47,false,57,false
2025-01-18,cold_call,tech,enterprise,148577.44,Rep 2,Region West,Standalone,6.92,false,59,false
2025-08-22,referral,retail,small,7578.27,Rep 8,Region West,Suite,22.06,true,71,true
2025-09-23,paid,tech,small,7756.36,Rep 8,Region Central,Platform,6.28,false,71,true
2025-06-07,paid,healthcare,enterprise,133980.02,Rep 2,Region Central,Platform,1.73,true,77,true
2025-11-03,cold_call,finance,small,7060.98,Rep 4,Region East,Platform,0.0,false,54,false
2024-10-07,referral,manufacturing,large,62916.09,Rep 8,Region Central,Platform,27.2,false,44,false
2024-10-21,paid,finance,large,64143.36,Rep 5,Region East,Standalone,7.8,false,35,true
2024-06-02,paid,healthcare,small,8278.53,Rep 2,Region South,Platform,13.05,true,100,true
2025-01-18,referral,manufacturing,large,46961.7,Rep 2,Region East,Standalone,26.0,false,50,false
2024-08-06,referral,finance,enterprise,146659.2,Rep 4,Region East,Suite,21.97,false,76,true
2024-11-13,organic,retail,medium,26370.41,Rep 2,Region West,Suite,15.86,false,28,false
2024-03-29,paid,healthcare,enterprise,136095.2,Rep 2,Region South,Platform,12.33,false,45,true
2025-06-15,cold_call,finance,medium,27641.29,Rep 4,Region East,Platform,8.27,false,37,true
2025-10-02,webinar,retail,large,44483.42,Rep 7,Region East,Platform,13.48,false,57,false
2024-05-02,referral,healthcare,small,6731.79,Rep 1,Region West,Platform,26.04,false,93,true
2024-07-26,cold_call,tech,small,8010.74,Rep 4,Region Central,Platform,10.19,false,65,true
2024-10-28,webinar,retail,medium,20763.9,Rep 4,Region East,Standalone,8.86,false,46,false
2025-11-10,referral,tech,medium,28230.59,Rep 7,Region South,Platform,17.95,false,51,false
2024-03-26,webinar,healthcare,small,7432.09,Rep 1,Region East,Platform,0.0,false,58,false
2024-10-17,referral,manufacturing,small,6220.31,Rep 3,Region South,Standalone,23.29,false,72,true
2025-05-08,referral,tech,small,10207.38,Rep 1,Region Central,Platform,27.94,true,76,true
2024-05-19,organic,finance,medium,27204.4,Rep 3,Region East,Standalone,3.39,false,92,true
2024-02-25,referral,retail,medium,23060.28,Rep 5,Region West,Standalone,20.65,false,71,true
2024-10-10,cold_call,tech,small,6467.6,Rep 2,Region East,Platform,8.74,false,61,false
2025-03-15,webinar,tech,medium,19884.04,Rep 2,Region South,Standalone,1.48,true,67,true
2025-10-28,organic,tech,medium,27073.47,Rep 4,Region West,Platform,17.51,true,50,true
2024-07-08,webinar,retail,medium,25578.13,Rep 8,Region South,Suite,2.94,false,41,true
2024-10-26,paid,finance,large,57366.73,Rep 7,Region East,Standalone,14.21,true,68,true
2025-04-11,webinar,finance,enterprise,146208.44,Rep 2,Region East,Standalone,2.64,false,35,false
2024-03-22,referral,healthcare,large,41305.21,Rep 3,Region West,Suite,19.28,true,83,true
2025-08-14,webinar,tech,medium,24736.12,Rep 1,Region South,Platform,19.23,false,50,true
2025-12-25,organic,retail,enterprise,158200.93,Rep 2,Region Central,Platform,17.01,false,20,true
2024-01-15,organic,finance,small,7144.62,Rep 2,Region East,Platform,10.16,true,78,true
2024-07-19,cold_call,healthcare,large,55333.85,Rep 6,Region East,Suite,16.6,true,70,true
2025-11-13,cold_call,tech,large,43324.07,Rep 7,Region West,Platform,3.06,false,13,false
2025-08-05,webinar,retail,small,9110.98,Rep 1,Region West,Platform,0.0,false,50,false
2025-12-17,cold_call,retail,large,55650.94,Rep 1,Region West,Standalone,4.19,false,39,false
2024-02-26,referral,finance,medium,23594.12,Rep 6,Region East,Standalone,12.85,false,53,false
2024-05-20,webinar,tech,small,9341.12,Rep 4,Region East,Platform,10.79,false,18,false
2025-04-14,webinar,healthcare,small,6346.54,Rep 6,Region West,Platform,14.94,false,54,true
2024-11-21,cold_call,finance,enterprise,133001.78,Rep 2,Region East,Standalone,13.66,false,68,true
2024-08-27,referral,manufacturing,small,8196.25,Rep 1,Region West,Platform,20.87,false,93,false
2024-09-07,referral,tech,medium,23784.61,Rep 3,Region East,Suite,5.47,true,69,true
2024-12-03,paid,finance,large,65661.55,Rep 6,Region East,Standalone,17.74,false,58,false
2024-10-22,referral,healthcare,small,6875.55,Rep 1,Region West,Platform,17.29,false,71,true
2025-12-20,organic,finance,large,42886.95,Rep 5,Region East,Suite,13.64,true,58,false
2024-01-30,webinar,manufacturing,large,53183.33,Rep 3,Region West,Standalone,13.13,false,41,false
2025-03-27,referral,retail,medium,36649.27,Rep 7,Region Central,Suite,21.9,false,86,false
2024-02-24,paid,tech,medium,22782.25,Rep 7,Region Central,Suite,10.79,true,74,true
2025-11-18,webinar,tech,enterprise,171129.38,Rep 2,Region South,Platform,11.93,false,60,false
2025-01-08,cold_call,tech,medium,26439.57,Rep 1,Region East,Standalone,16.13,true,47,false
2024-07-05,referral,manufacturing,small,7479.24,Rep 5,Region East,Platform,20.02,false,59,true
2025-01-30,referral,retail,small,10119.12,Rep 2,Region Central,Platform,14.07,false,63,false
2024-05-05,paid,healthcare,large,55618.72,Rep 5,Region Central,Suite,24.33,false,59,false
2025-05-18,webinar,manufacturing,large,79359.81,Rep 1,Region East,Platform,8.0,true,52,false
2025-09-22,referral,finance,medium,25680.96,Rep 2,Region East,Standalone,20.75,false,81,true
2024-08-26,cold_call,tech,large,53888.52,Rep 5,Region Central,Suite,6.39,true,70,true
2025-11-03,cold_call,tech,small,8368.72,Rep 7,Region South,Platform,15.79,false,22,true
2024-04-19,referral,finance,small,8075.8,Rep 4,Region East,Platform,6.75,false,80,true
2025-03-23,referral,healthcare,small,9685.86,Rep 1,Region East,Suite,11.38,true,58,false
2024-10-08,webinar,retail,enterprise,135045.63,Rep 2,Region Central,Suite,6.22,false,84,true
2025-12-06,paid,retail,small,7871.47,Rep 8,Region Central,Platform,13.9,false,41,true
2024-06-07,organic,tech,enterprise,151533.17,Rep 1,Region West,Standalone,2.28,true,69,true
2025-09-16,referral,finance,medium,28895.33,Rep 2,Region East,Platform,13.22,true,58,true
2024-10-19,cold_call,retail,enterprise,120576.12,Rep 2,Region Central,Standalone,13.92,true,19,false
2025-10-21,referral,retail,small,7707.96,Rep 2,Region East,Platform,22.93,false,49,false
2024-07-02,paid,tech,small,7069.67,Rep 6,Region Central,Platform,8.17,false,88,true
2024-02-16,cold_call,tech,enterprise,136480.66,Rep 2,Region South,Suite,11.62,false,61,false
2024-10-06,organic,tech,small,7420.79,Rep 1,Region Central,Platform,11.05,true,55,true
2024-02-26,webinar,finance,medium,23419.68,Rep 5,Region East,Suite,0.0,true,41,true
2024-09-14,webinar,healthcare,enterprise,141838.34,Rep 2,Region Central,Platform,15.18,false,52,true
2025-07-31,referral,healthcare,small,8147.76,Rep 8,Region South,Platform,18.65,false,62,true
2024-02-16,organic,finance,medium,24427.58,Rep 7,Region East,Standalone,11.46,false,73,true
2025-02-12,paid,finance,small,7594.6,Rep 5,Region East,Platform,12.15,false,67,true
2024-09-07,referral,healthcare,medium,27250.59,Rep 5,Region East,Platform,25.76,false,53,true
2024-07-02,paid,manufacturing,large,45862.72,Rep 8,Region South,Standalone,3.09,true,67,true
2025-12-22,referral,retail,small,8904.47,Rep 6,Region East,Platform,19.76,false,92,true
2025-01-03,referral,finance,medium,16997.33,Rep 5,Region East,Suite,19.31,false,90,true
2025-11-07,referral,finance,medium,24674.23,Rep 8,Region East,Suite,11.87,false,28,false
2024-03-18,referral,tech,medium,19362.4,Rep 3,Region South,Platform,14.84,true,69,true
2024-03-09,organic,finance,small,6084.4,Rep 3,Region East,Platform,0.0,true,83,true
2025-07-11,referral,healthcare,large,70640.51,Rep 7,Region South,Platform,3.7,false,88,true
2025-02-22,paid,tech,large,60357.53,Rep 2,Region West,Suite,2.06,false,83,true
2024-08-05,organic,tech,small,7014.96,Rep 4,Region Central,Platform,16.85,false,57,false
2024-09-25,referral,healthcare,small,5810.14,Rep 5,Region East,Platform,21.1,true,46,false
2025-01-25,referral,tech,medium,32938.48,Rep 7,Region West,Standalone,2.69,false,98,true
2025-02-04,webinar,retail,medium,22277.08,Rep 7,Region Central,Platform,9.43,false,67,true
2024-02-27,referral,retail,medium,28966.33,Rep 8,Region Central,Standalone,19.65,false,72,true
2025-02-02,organic,finance,medium,20155.92,Rep 1,Region South,Standalone,3.35,false,19,true
2025-10-13,referral,tech,medium,25981.59,Rep 6,Region West,Platform,23.55,false,42,false
2025-11-15,webinar,tech,small,7614.11,Rep 5,Region South,Platform,6.84,false,100,true
2024-08-08,organic,retail,small,5922.56,Rep 6,Region Central,Platform,9.95,true,52,false
2024-07-03,referral,retail,enterprise,152584.51,Rep 2,Region West,Platform,18.74,true,82,true
2024-09-25,organic,healthcare,medium,18367.65,Rep 3,Region South,Platform,3.42,true,62,false
2025-06-20,cold_call,healthcare,large,75698.33,Rep 3,Region East,Suite,5.43,false,47,false
2025-07-19,paid,tech,large,64446.82,Rep 4,Region Central,Platform,7.98,true,87,true
2024-04-03,webinar,manufacturing,small,5675.15,Rep 2,Region East,Platform,21.24,true,25,false
2025-07-22,webinar,tech,medium,27300.96,Rep 4,Region South,Platform,17.73,false,34,false
2024-03-11,webinar,manufacturing,medium,23289.9,Rep 2,Region West,Standalone,2.78,false,100,true
2025-01-24,webinar,retail,medium,19247.42,Rep 5,Region East,Platform,13.3,false,68,true
2025-05-18,webinar,finance,large,55550.95,Rep 2,Region South,Standalone,15.92,false,62,true
2024-03-17,webinar,tech,large,77416.84,Rep 2,Region South,Suite,9.92,true,48,true
2025-06-21,referral,retail,large,69764.81,Rep 1,Region West,Suite,32.49,true,55,false
2025-02-21,webinar,finance,large,43756.52,Rep 5,Region East,Platform,1.25,true,35,false
2025-11-27,webinar,finance,small,6727.81,Rep 6,Region East,Platform,11.89,false,83,true
2024-06-07,referral,tech,large,62027.33,Rep 5,Region South,Standalone,22.75,false,52,false
2024-09-29,organic,finance,enterprise,139885.94,Rep 2,Region East,Platform,15.96,false,31,false
2025-06-03,organic,retail,large,55888.85,Rep 4,Region South,Suite,4.68,true,55,false
2024-04-23,cold_call,manufacturing,small,6718.92,Rep 8,Region East,Platform,3.06,false,42,true
2024-04-30,referral,finance,enterprise,145251.21,Rep 2,Region East,Standalone,20.43,false,39,false
2025-12-19,paid,tech,small,6119.87,Rep 5,Region West,Platform,15.52,true,57,true
2025-06-24,cold_call,retail,small,7888.94,Rep 5,Region West,Platform,16.93,true,38,true
2024-10-29,organic,healthcare,medium,25173.63,Rep 2,Region East,Platform,10.83,false,56,true
2025-02-08,organic,manufacturing,small,8222.67,Rep 7,Region West,Platform,10.12,false,43,false
2025-11-17,cold_call,tech,small,5099.11,Rep 1,Region South,Platform,13.01,true,64,true
2025-09-25,referral,tech,medium,22369.78,Rep 7,Region West,Standalone,19.42,false,68,true
2024-08-13,referral,finance,medium,32656.31,Rep 2,Region East,Suite,4.53,false,55,false
2025-05-25,referral,finance,medium,21794.63,Rep 3,Region East,Platform,20.12,false,51,false
2025-12-15,paid,retail,small,5616.0,Rep 1,Region West,Platform,4.26,false,96,true
2024-01-31,cold_call,manufacturing,large,47825.52,Rep 1,Region South,Platform,3.25,true,53,false
2024-05-29,cold_call,manufacturing,small,7641.35,Rep 6,Region Central,Platform,0.0,false,62,false
2024-01-30,webinar,manufacturing,large,58447.79,Rep 6,Region Central,Standalone,2.33,false,37,false
2025-06-16,webinar,manufacturing,medium,25292.92,Rep 2,Region Central,Standalone,11.53,true,49,false
2024-11-17,referral,retail,large,74582.12,Rep 1,Region West,Platform,22.18,false,100,true
2025-03-17,referral,finance,medium,18963.16,Rep 8,Region East,Standalone,6.21,false,55,false
2024-03-05,webinar,finance,small,5738.11,Rep 7,Region East,Platform,22.59,false,70,true
2024-11-23,organic,finance,medium,33374.06,Rep 7,Region East,Suite,15.48,false,82,true
2025-07-09,referral,finance,small,7249.88,Rep 2,Region East,Platform,21.04,false,87,true
2024-06-23,organic,tech,enterprise,162126.65,Rep 2,Region South,Suite,7.97,false,100,true
2025-02-19,organic,healthcare,medium,26871.66,Rep 1,Region West,Standalone,8.47,false,78,true
2025-03-19,referral,retail,medium,30645.15,Rep 3,Region South,Platform,27.39,false,63,false
2025-01-01,organic,finance,large,65228.22,Rep 8,Region East,Standalone,16.17,false,71,true
2024-04-07,organic,finance,enterprise,160702.42,Rep 2,Region East,Platform,1.5,true,65,true
2024-06-12,cold_call,finance,medium,21032.05,Rep 6,Region East,Platform,13.66,true,89,true
2024-03-02,referral,finance,small,9734.67,Rep 8,Region East,Platform,15.79,false,62,false
2024-09-18,organic,healthcare,small,9684.59,Rep 1,Region South,Platform,0.0,true,72,true
2024-11-05,cold_call,finance,large,63172.79,Rep 3,Region East,Platform,13.68,true,10,false
2024-04-01,paid,tech,medium,21904.62,Rep 3,Region East,Platform,16.58,false,52,true
2025-06-26,referral,tech,enterprise,189207.81,Rep 2,Region South,Standalone,16.86,false,65,true
2025-01-15,referral,tech,enterprise,113201.52,Rep 7,Region West,Platform,15.56,false,77,true
2024-04-06,cold_call,healthcare,medium,25516.64,Rep 8,Region South,Standalone,3.7,false,88,true
2025-04-22,paid,manufacturing,medium,30259.23,Rep 3,Region South,Standalone,17.14,true,38,true
2025-11-10,referral,tech,large,59546.98,Rep 2,Region Central,Suite,18.69,true,88,true
2025-02-27,organic,finance,medium,31544.97,Rep 5,Region East,Platform,8.78,false,50,false
2024-04-20,organic,tech,large,65414.56,Rep 1,Region South,Standalone,14.82,true,70,true
2025-08-14,cold_call,retail,large,47386.44,Rep 5,Region South,Suite,0.0,false,69,true
2025-06-08,referral,tech,small,8547.47,Rep 2,Region West,Platform,4.47,false,66,true
2025-07-08,referral,tech,large,52737.97,Rep 6,Region Central,Standalone,18.02,false,61,false
2024-06-04,organic,finance,large,71434.8,Rep 7,Region East,Standalone,6.79,false,52,false
2025-12-09,organic,manufacturing,large,59688.99,Rep 8,Region East,Suite,0.0,true,55,false
2025-12-27,webinar,finance,medium,22141.48,Rep 2,Region East,Standalone,16.04,true,51,false
2025-12-07,referral,retail,small,9027.82,Rep 7,Region East,Platform,23.93,true,48,true
2024-12-24,referral,manufacturing,small,7790.89,Rep 6,Region West,Platform,13.69,false,64,false
2025-12-13,cold_call,finance,enterprise,159666.93,Rep 2,Region East,Standalone,11.99,true,55,false
2025-04-30,cold_call,tech,enterprise,160106.48,Rep 2,Region West,Platform,18.19,false,55,true
2024-02-29,referral,retail,medium,19287.58,Rep 7,Region West,Suite,4.57,false,55,false
2025-03-28,paid,tech,small,5710.47,Rep 4,Region South,Platform,2.05,false,51,true
2025-03-18,organic,finance,enterprise,147473.83,Rep 2,Region East,Standalone,1.24,false,67,true
2024-04-10,organic,retail,medium,22932.7,Rep 7,Region South,Platform,17.59,false,69,true
2024-12-04,referral,healthcare,enterprise,166753.62,Rep 2,Region Central,Suite,6.06,false,71,true
2025-02-26,organic,retail,small,6461.26,Rep 3,Region South,Platform,22.89,true,95,true
2025-11-14,referral,retail,medium,33253.3,Rep 8,Region East,Platform,21.71,true,79,true
2024-03-26,referral,retail,small,7487.84,Rep 1,Region Central,Platform,14.49,false,97,true
2025-12-05,referral,retail,small,8006.51,Rep 1,Region West,Platform,13.77,false,78,true
2024-05-01,referral,finance,small,7527.72,Rep 7,Region East,Platform,31.33,false,43,true
2024-11-01,referral,tech,medium,20148.52,Rep 2,Region West,Platform,25.43,false,71,true
2024-06-08,cold_call,retail,medium,24253.73,Rep 7,Region South,Standalone,5.74,false,40,false
2024-07-30,paid,manufacturing,medium,23218.19,Rep 7,Region West,Platform,6.55,false,73,true
2024-11-13,organic,tech,medium,25373.89,Rep 1,Region Central,Standalone,5.75,false,60,false
2024-03-09,referral,manufacturing,medium,22845.36,Rep 5,Region West,Suite,16.65,true,25,false
2024-07-26,cold_call,retail,enterprise,135168.13,Rep 2,Region Central,Suite,10.25,false,25,true
2024-07-30,organic,healthcare,medium,16849.59,Rep 7,Region West,Suite,21.48,false,67,true
2025-03-05,paid,finance,small,11470.66,Rep 3,Region East,Platform,15.27,false,20,true
2024-10-29,paid,healthcare,large,58685.24,Rep 1,Region Central,Suite,0.0,true,45,false
2024-05-02,cold_call,tech,medium,29419.74,Rep 2,Region West,Suite,12.9,true,26,false
2024-07-25,paid,retail,enterprise,182644.91,Rep 2,Region East,Suite,2.73,true,66,true
2025-09-22,paid,finance,large,48951.72,Rep 2,Region East,Platform,22.73,false,62,true
2024-04-04,webinar,finance,small,8979.01,Rep 3,Region East,Platform,12.37,true,16,false
2025-10-23,referral,tech,enterprise,126743.56,Rep 2,Region South,Standalone,9.71,true,51,true
2025-01-14,referral,finance,small,8522.92,Rep 8,Region East,Platform,23.72,false,66,true
2024-07-29,webinar,tech,small,6835.5,Rep 5,Region South,Platform,6.32,false,67,true
2025-01-13,referral,tech,small,6393.55,Rep 4,Region West,Platform,22.39,false,61,false
2024-12-04,cold_call,healthcare,large,70189.25,Rep 6,Region Central,Standalone,14.02,false,84,true
2024-05-25,organic,retail,medium,31513.42,Rep 3,Region South,Standalone,2.2,true,80,true
2025-01-17,referral,retail,large,75833.74,Rep 7,Region South,Suite,20.32,true,61,false
2025-04-16,organic,healthcare,medium,20493.96,Rep 6,Region South,Suite,11.01,false,17,false
2025-03-14,referral,retail,medium,23746.61,Rep 7,Region South,Platform,15.22,true,56,true
2025-03-17,organic,tech,medium,25880.79,Rep 1,Region South,Standalone,17.34,false,75,true
2024-02-05,webinar,retail,medium,18964.24,Rep 3,Region West,Standalone,0.78,true,44,true
2025-08-29,cold_call,tech,small,6709.47,Rep 6,Region East,Platform,0.0,false,82,true
2024-12-12,referral,manufacturing,medium,25552.25,Rep 3,Region East,Standalone,19.25,false,59,false
2025-01-23,cold_call,manufacturing,large,65038.83,Rep 6,Region South,Standalone,16.77,false,79,true
2024-01-16,cold_call,finance,medium,23651.79,Rep 6,Region East,Suite,12.26,false,48,true
2024-02-01,organic,finance,medium,29018.46,Rep 5,Region East,Platform,0.0,true,30,true
2024-06-13,webinar,manufacturing,medium,35088.05,Rep 2,Region South,Suite,25.1,true,80,true
2024-02-17,organic,manufacturing,small,5907.57,Rep 6,Region South,Platform,7.25,true,62,false
2025-08-11,referral,finance,small,11080.97,Rep 1,Region East,Platform,21.93,false,67,true
2025-01-02,paid,manufacturing,large,68594.02,Rep 2,Region East,Standalone,11.29,true,64,true
2025-12-06,organic,finance,medium,29153.52,Rep 4,Region East,Platform,16.55,false,54,false
2025-02-12,paid,tech,large,71458.7,Rep 6,Region West,Standalone,16.3,false,52,false
2025-07-13,cold_call,healthcare,small,5931.06,Rep 4,Region West,Platform,0.14,true,91,true
2025-04-26,cold_call,retail,medium,32174.14,Rep 1,Region West,Suite,0.41,false,62,false
2025-10-20,paid,manufacturing,medium,31315.5,Rep 7,Region West,Suite,10.53,true,95,true
2024-01-12,organic,tech,large,79226.61,Rep 5,Region Central,Suite,10.34,false,75,true
2024-12-20,paid,manufacturing,small,8177.13,Rep 7,Region East,Platform,6.97,false,55,true
2025-07-01,organic,healthcare,medium,27226.86,Rep 7,Region East,Standalone,13.54,true,15,true
2025-04-10,referral,finance,medium,26877.58,Rep 1,Region East,Suite,28.17,false,44,false
2024-03-30,paid,manufacturing,medium,26338.79,Rep 8,Region Central,Platform,10.81,true,53,true
2024-02-12,referral,healthcare,small,8874.42,Rep 1,Region South,Platform,25.36,false,64,false
2024-12-02,webinar,manufacturing,medium,26876.82,Rep 5,Region Central,Platform,3.25,false,43,false
2024-06-26,referral,manufacturing,small,7111.72,Rep 6,Region East,Platform,23.82,false,79,true
2025-06-27,referral,retail,large,39223.56,Rep 5,Region Central,Platform,17.34,false,41,false
2025-06-08,cold_call,retail,medium,29319.9,Rep 6,Region South,Standalone,10.5,false,78,true
2025-09-15,paid,tech,medium,29121.6,Rep 2,Region East,Standalone,0.0,false,36,true
2024-08-12,cold_call,tech,small,8348.69,Rep 5,Region East,Platform,9.06,false,70,true
2024-06-02,cold_call,tech,medium,20216.57,Rep 8,Region South,Standalone,12.52,true,48,false
2024-10-27,cold_call,healthcare,small,8969.63,Rep 4,Region Central,Platform,10.03,false,65,true
2025-12-29,referral,manufacturing,enterprise,146753.72,Rep 2,Region West,Platform,19.06,false,64,false
2024-09-15,webinar,finance,medium,23584.34,Rep 3,Region East,Standalone,17.07,true,100,true
2025-04-18,cold_call,healthcare,small,8405.12,Rep 1,Region Central,Platform,9.15,false,36,false
2024-11-23,referral,manufacturing,medium,26041.78,Rep 7,Region Central,Platform,0.0,true,66,true
2024-01-19,cold_call,healthcare,enterprise,172613.64,Rep 2,Region East,Platform,19.38,false,65,true
2024-02-12,organic,tech,medium,23274.52,Rep 6,Region South,Standalone,15.06,false,74,true
2025-12-03,referral,retail,medium,17018.59,Rep 6,Region East,Suite,13.26,false,58,false
2025-07-25,cold_call,tech,medium,19626.61,Rep 2,Region East,Platform,6.94,false,37,false
2025-06-05,webinar,manufacturing,enterprise,116830.14,Rep 2,Region Central,Suite,3.71,false,81,false
2024-02-05,paid,retail,large,53481.74,Rep 7,Region East,Standalone,15.2,false,68,true
2025-07-15,organic,retail,small,7324.55,Rep 3,Region Central,Platform,17.18,false,56,false
2024-10-12,cold_call,retail,medium,27567.33,Rep 8,Region West,Suite,13.32,true,39,false
2025-07-09,organic,retail,small,8344.22,Rep 8,Region South,Platform,16.48,true,69,true
2024-04-21,cold_call,tech,enterprise,177311.25,Rep 2,Region Central,Platform,2.65,false,75,true
2024-03-02,referral,manufacturing,enterprise,190465.1,Rep 2,Region South,Suite,18.55,true,38,false
2025-05-19,referral,tech,large,55324.76,Rep 1,Region West,Platform,4.06,false,36,true
2024-11-03,referral,tech,small,9141.08,Rep 1,Region West,Platform,18.97,false,80,true
2024-02-25,referral,finance,medium,27593.64,Rep 5,Region East,Standalone,22.92,false,100,true
2025-06-01,paid,healthcare,large,65985.22,Rep 8,Region East,Standalone,15.8,true,62,false
2024-03-07,cold_call,manufacturing,medium,24228.11,Rep 2,Region East,Standalone,8.28,false,45,true
2025-08-29,paid,tech,large,58169.92,Rep 5,Region Central,Platform,14.31,true,29,false
2024-09-12,organic,manufacturing,small,8876.17,Rep 3,Region South,Platform,3.63,false,59,false
2025-05-07,webinar,tech,large,60482.84,Rep 5,Region East,Suite,16.14,false,42,false
2024-02-16,cold_call,tech,large,43867.85,Rep 2,Region East,Suite,10.93,false,38,false
2025-05-17,referral,finance,medium,29154.61,Rep 8,Region East,Suite,15.15,false,82,true
2025-03-23,webinar,retail,small,8943.6,Rep 1,Region East,Platform,10.54,true,64,false
2025-01-20,referral,manufacturing,small,10448.84,Rep 5,Region West,Platform,3.52,false,48,true
2024-04-23,organic,retail,medium,24928.27,Rep 6,Region East,Suite,7.36,false,48,false
2024-10-21,referral,healthcare,enterprise,131193.69,Rep 2,Region South,Suite,18.82,false,75,true
2024-06-08,organic,tech,medium,24939.94,Rep 4,Region West,Platform,11.23,false,92,true
2024-08-09,cold_call,finance,large,62963.96,Rep 7,Region East,Platform,7.39,false,76,true
2024-11-24,webinar,manufacturing,medium,24030.81,Rep 6,Region West,Suite,3.72,true,64,false
2025-08-17,paid,tech,small,8956.75,Rep 6,Region West,Platform,7.41,true,57,false
2024-02-09,cold_call,finance,medium,22559.81,Rep 1,Region East,Suite,13.77,false,79,true
2025-05-23,webinar,finance,medium,30244.01,Rep 4,Region East,Standalone,14.51,false,67,true
2025-01-21,referral,tech,small,10226.79,Rep 8,Region East,Platform,23.79,false,85,true
2024-12-11,referral,tech,enterprise,153039.64,Rep 2,Region West,Platform,2.9,false,58,false
2025-11-07,referral,tech,large,34821.22,Rep 2,Region West,Platform,5.33,true,38,false
2024-02-12,referral,retail,medium,25635.3,Rep 5,Region West,Standalone,18.99,true,75,true
2024-08-24,organic,manufacturing,small,7604.23,Rep 7,Region West,Platform,11.77,false,86,true
2024-12-12,cold_call,manufacturing,medium,30540.39,Rep 1,Region Central,Suite,0.0,true,78,false
2024-08-24,referral,finance,medium,26317.96,Rep 3,Region East,Standalone,0.0,false,55,false
2024-09-24,organic,healthcare,medium,32701.73,Rep 6,Region Central,Standalone,14.68,true,31,true
2024-04-24,referral,manufacturing,medium,27453.83,Rep 3,Region South,Platform,20.03,false,96,true
2024-11-13,organic,tech,medium,21120.16,Rep 6,Region Central,Platform,9.0,false,29,true
2025-01-02,webinar,retail,medium,35971.36,Rep 6,Region West,Standalone,15.16,false,42,true
2024-06-30,referral,healthcare,small,7907.98,Rep 5,Region East,Platform,18.39,false,100,true
2025-07-06,paid,manufacturing,small,10217.56,Rep 7,Region Central,Platform,14.64,false,63,false
2025-10-21,organic,tech,large,56788.15,Rep 2,Region West,Standalone,12.24,false,77,true
2024-01-10,webinar,retail,large,49859.64,Rep 2,Region West,Standalone,14.92,true,38,true
2025-12-29,referral,retail,small,5689.82,Rep 6,Region East,Platform,6.17,false,38,false
2025-05-05,referral,tech,medium,17003.18,Rep 1,Region East,Platform,18.95,false,49,false
2025-01-05,referral,retail,medium,31517.48,Rep 8,Region East,Standalone,13.81,true,46,true
2024-11-06,webinar,tech,large,55637.26,Rep 4,Region South,Suite,10.84,true,80,true
2024-02-28,referral,healthcare,small,6896.08,Rep 3,Region South,Platform,1.05,true,44,false
2025-08-18,webinar,finance,small,8492.59,Rep 2,Region East,Platform,19.35,true,73,true
2024-03-18,webinar,manufacturing,large,66021.22,Rep 4,Region South,Suite,0.0,true,81,true
2025-06-28,paid,finance,small,9481.85,Rep 7,Region East,Platform,10.89,false,67,true
2024-08-27,referral,manufacturing,small,6601.6,Rep 6,Region South,Platform,11.18,false,54,true
2024-04-26,webinar,manufacturing,small,6646.55,Rep 3,Region Central,Platform,7.75,true,73,true
2025-03-11,organic,manufacturing,medium,29191.08,Rep 3,Region East,Standalone,9.61,true,74,true
2025-08-21,webinar,tech,small,8527.73,Rep 6,Region South,Platform,11.31,false,52,false
2024-02-20,webinar,retail,enterprise,148464.3,Rep 2,Region West,Standalone,12.9,false,58,false
2024-05-17,cold_call,retail,enterprise,109918.73,Rep 2,Region South,Standalone,21.46,false,59,false
2025-01-14,cold_call,manufacturing,medium,19813.74,Rep 2,Region West,Standalone,20.92,false,82,true
2024-09-21,webinar,finance,medium,26989.53,Rep 7,Region East,Suite,9.85,false,81,true
2024-09-14,organic,retail,small,6260.63,Rep 7,Region East,Platform,11.68,false,32,false
2024-06-06,webinar,tech,small,9784.24,Rep 1,Region Central,Platform,3.3,false,80,true
2025-03-13,paid,finance,small,7979.56,Rep 8,Region East,Platform,18.72,true,79,true
2024-03-28,cold_call,tech,small,5509.42,Rep 1,Region West,Platform,5.38,false,53,false
2024-06-23,referral,retail,enterprise,147605.8,Rep 2,Region East,Suite,22.83,true,81,true
2025-05-07,referral,finance,small,7807.1,Rep 8,Region East,Platform,14.18,false,57,false
2025-07-30,organic,retail,medium,24277.43,Rep 3,Region Central,Suite,28.95,false,37,false
2025-06-26,webinar,tech,large,63981.98,Rep 1,Region Central,Suite,0.0,true,60,false
2025-08-08,organic,tech,small,9343.16,Rep 6,Region South,Platform,11.22,false,56,false
2025-01-27,cold_call,retail,small,6547.05,Rep 4,Region Central,Platform,7.87,false,67,true
2024-12-31,referral,manufacturing,small,7400.64,Rep 5,Region Central,Platform,19.61,true,73,true
2025-07-10,paid,tech,medium,28063.76,Rep 6,Region East,Suite,13.88,false,74,true
2024-05-18,referral,manufacturing,small,7478.97,Rep 3,Region West,Platform,22.19,true,57,false
2024-03-09,referral,finance,medium,26542.68,Rep 8,Region East,Suite,4.8,false,87,true
2025-12-31,webinar,tech,medium,31945.54,Rep 1,Region Central,Platform,2.29,false,55,true
2024-02-15,webinar,manufacturing,enterprise,150355.08,Rep 1,Region Central,Platform,7.22,false,51,false
2025-12-20,organic,healthcare,large,70764.67,Rep 6,Region South,Platform,7.22,false,68,true
2024-07-21,cold_call,healthcare,medium,20953.51,Rep 5,Region West,Standalone,11.7,false,35,false
2024-05-10,cold_call,manufacturing,large,56427.58,Rep 8,Region East,Platform,26.78,false,41,false
2024-02-19,cold_call,tech,medium,25401.18,Rep 7,Region East,Standalone,10.16,false,46,false
2024-09-10,webinar,retail,medium,29192.42,Rep 4,Region Central,Platform,12.65,false,74,true
2025-03-01,referral,tech,small,8210.09,Rep 5,Region East,Platform,13.38,false,83,true
2024-11-22,referral,tech,small,7768.04,Rep 1,Region West,Platform,32.42,false,52,false
2024-07-23,referral,tech,small,8928.64,Rep 6,Region South,Platform,10.52,false,75,true
2024-07-31,referral,finance,medium,26785.82,Rep 5,Region East,Platform,22.05,true,51,true
2025-10-27,paid,manufacturing,small,7328.55,Rep 2,Region East,Platform,19.86,true,81,true
2024-12-21,organic,healthcare,medium,24943.57,Rep 6,Region South,Suite,0.0,true,39,false
2024-01-12,paid,retail,large,64171.84,Rep 2,Region East,Standalone,12.73,false,83,true
2024-07-01,referral,tech,enterprise,137832.22,Rep 4,Region South,Platform,17.31,false,45,true
2024-04-27,webinar,finance,small,5417.95,Rep 8,Region East,Platform,14.11,false,76,true
2025-04-06,paid,retail,medium,20173.65,Rep 2,Region South,Suite,2.08,false,49,false
2025-07-28,organic,finance,large,43759.33,Rep 7,Region East,Suite,14.89,false,60,false
2025-10-05,referral,healthcare,medium,24701.94,Rep 7,Region Central,Suite,13.7,true,35,false
2024-09-19,organic,finance,large,59944.71,Rep 4,Region East,Suite,6.29,true,47,true
2025-02-02,cold_call,healthcare,medium,22982.42,Rep 6,Region East,Platform,14.19,true,80,true
2025-03-22,webinar,finance,medium,27474.01,Rep 4,Region East,Platform,11.14,false,31,true
2025-07-20,organic,healthcare,small,7690.81,Rep 3,Region Central,Platform,16.73,true,80,true
2024-05-11,webinar,healthcare,medium,24747.08,Rep 1,Region Central,Standalone,21.44,false,97,true
2024-07-26,webinar,finance,enterprise,143588.22,Rep 2,Region East,Standalone,6.67,true,68,true
2025-05-03,referral,tech,small,4989.18,Rep 1,Region Central,Platform,1.4,true,100,true
2025-01-13,paid,finance,medium,27267.3,Rep 6,Region East,Suite,0.0,true,66,true
2024-11-06,webinar,manufacturing,small,5927.83,Rep 3,Region Central,Platform,2.75,true,43,false
2024-09-18,organic,finance,large,65021.67,Rep 2,Region East,Suite,17.27,false,77,true
2025-09-17,organic,manufacturing,small,7503.15,Rep 1,Region South,Platform,6.8,false,64,false
2025-11-05,paid,manufacturing,medium,29142.94,Rep 3,Region South,Suite,7.7,false,12,true
2024-10-08,cold_call,manufacturing,large,54127.67,Rep 1,Region West,Suite,17.0,true,79,true
2025-06-05,paid,tech,medium,23384.64,Rep 8,Region West,Standalone,16.38,false,48,false
2024-10-08,webinar,finance,medium,21331.96,Rep 5,Region East,Suite,15.21,false,50,true
2025-04-16,paid,tech,small,5478.77,Rep 1,Region East,Platform,17.48,false,80,true
2025-06-11,referral,healthcare,large,36390.38,Rep 3,Region Central,Standalone,24.1,false,72,true
2024-09-14,referral,tech,small,6732.95,Rep 8,Region West,Platform,23.13,false,85,true
2025-05-12,referral,retail,small,10078.35,Rep 5,Region Central,Platform,6.68,true,78,true
2025-04-30,webinar,finance,medium,25371.0,Rep 2,Region East,Suite,4.2,true,39,true
2025-01-07,webinar,retail,medium,22089.3,Rep 7,Region West,Suite,14.81,false,60,false
2024-07-05,cold_call,tech,large,58933.6,Rep 5,Region Central,Platform,24.03,true,51,false
2025-08-08,referral,retail,medium,24412.53,Rep 5,Region West,Platform,20.0,false,65,true
2024-12-03,organic,manufacturing,large,69113.51,Rep 5,Region West,Platform,14.06,false,70,true
2025-11-25,referral,finance,small,7744.6,Rep 5,Region East,Platform,6.2,true,16,false
2025-04-28,cold_call,retail,small,8983.0,Rep 8,Region East,Suite,11.52,true,54,false
2025-10-02,webinar,tech,medium,24277.03,Rep 2,Region Central,Platform,2.45,false,75,true
2024-10-13,organic,finance,large,70699.36,Rep 1,Region East,Platform,10.48,false,75,true
2025-09-04,paid,healthcare,medium,20112.52,Rep 1,Region South,Suite,5.94,true,46,false
2024-08-14,webinar,retail,medium,23593.51,Rep 2,Region East,Platform,0.59,false,37,false
2024-12-12,cold_call,retail,small,7567.68,Rep 2,Region East,Platform,0.0,true,44,false
2025-02-01,organic,healthcare,small,9166.09,Rep 1,Region South,Platform,11.35,false,49,true
2024-05-10,referral,retail,enterprise,150359.92,Rep 2,Region West,Platform,10.83,true,55,false
2024-04-05,referral,manufacturing,large,59193.34,Rep 1,Region South,Suite,11.87,false,64,true
2024-09-30,webinar,retail,large,65530.67,Rep 8,Region West,Suite,8.82,false,62,false
2024-09-17,organic,finance,medium,26792.51,Rep 4,Region East,Suite,8.83,true,84,true
2024-06-12,cold_call,healthcare,enterprise,165537.83,Rep 2,Region South,Suite,0.0,true,56,false
2025-07-02,referral,tech,enterprise,143823.01,Rep 3,Region West,Platform,20.64,false,67,true
2024-03-24,paid,retail,small,5725.76,Rep 6,Region Central,Platform,17.91,true,70,true
2025-04-05,referral,healthcare,medium,20504.33,Rep 4,Region South,Suite,18.72,false,38,false
2025-04-21,cold_call,healthcare,medium,32482.41,Rep 6,Region South,Suite,0.0,false,24,false
2025-04-19,paid,healthcare,medium,34997.44,Rep 7,Region East,Standalone,9.08,false,76,true
2025-03-12,referral,retail,small,9539.71,Rep 1,Region East,Platform,18.41,true,69,true
2025-11-13,referral,healthcare,small,9273.26,Rep 7,Region Central,Platform,20.35,true,83,true
2024-05-24,referral,healthcare,large,65690.62,Rep 7,Region West,Suite,11.52,false,83,true
2024-04-18,referral,retail,medium,24918.13,Rep 4,Region South,Platform,13.1,false,86,true
2025-09-21,referral,finance,medium,19687.94,Rep 6,Region East,Platform,7.41,false,20,true
2025-04-14,referral,tech,large,59685.11,Rep 4,Region Central,Standalone,27.4,true,62,false
2024-12-12,organic,finance,medium,22430.8,Rep 4,Region East,Standalone,6.79,true,83,true
2024-01-12,organic,manufacturing,medium,26717.09,Rep 5,Region South,Platform,0.0,true,94,true
2024-06-01,cold_call,manufacturing,large,68776.48,Rep 5,Region South,Platform,12.69,false,76,true
2024-03-23,referral,tech,medium,22817.09,Rep 1,Region East,Standalone,20.14,false,45,true
2025-10-25,paid,retail,small,5597.25,Rep 1,Region Central,Platform,4.0,false,71,true
2025-09-02,referral,tech,medium,28692.03,Rep 7,Region East,Suite,20.23,false,57,false
2024-02-14,referral,manufacturing,medium,22328.53,Rep 8,Region East,Suite,19.68,true,43,false
2025-02-14,webinar,finance,small,9559.03,Rep 7,Region East,Platform,29.14,true,16,true
2024-09-30,referral,finance,small,10785.51,Rep 6,Region East,Platform,6.9,false,69,true
2024-06-03,organic,tech,large,64963.99,Rep 2,Region Central,Suite,4.26,false,42,false
2025-06-21,webinar,retail,medium,25762.39,Rep 5,Region West,Suite,1.63,false,66,true
2024-11-07,organic,manufacturing,small,10404.39,Rep 8,Region West,Platform,8.25,false,62,false
2025-08-27,referral,retail,large,69979.85,Rep 4,Region South,Standalone,22.51,true,72,true
2024-04-04,paid,healthcare,small,10092.4,Rep 4,Region East,Platform,7.19,true,48,false
2025-11-23,referral,tech,small,7517.19,Rep 5,Region South,Platform,2.28,false,74,true
2024-11-17,paid,tech,enterprise,136106.21,Rep 2,Region West,Platform,0.0,false,7,false
2024-01-02,webinar,tech,small,7484.4,Rep 8,Region East,Platform,17.37,true,45,true
2024-06-27,organic,tech,large,71066.51,Rep 8,Region West,Standalone,13.08,false,35,false
2024-01-31,organic,finance,small,6615.02,Rep 8,Region East,Platform,6.53,false,41,false
2024-10-02,cold_call,finance,small,7249.53,Rep 1,Region East,Platform,12.5,false,89,true
2024-05-04,referral,finance,large,51220.78,Rep 8,Region East,Suite,18.84,false,67,true
2025-11-14,referral,tech,medium,20576.3,Rep 7,Region South,Platform,4.52,false,79,true
2024-04-26,organic,retail,medium,20223.32,Rep 5,Region West,Suite,12.3,false,20,true
2025-12-15,paid,retail,small,6461.87,Rep 1,Region West,Platform,12.52,false,54,true
2025-10-12,organic,healthcare,large,65767.04,Rep 2,Region East,Standalone,12.44,false,41,true
2025-10-08,cold_call,manufacturing,large,70491.92,Rep 5,Region South,Suite,10.24,false,89,true
2024-10-17,organic,tech,large,49824.77,Rep 3,Region West,Platform,0.0,false,48,false
2024-10-09,referral,manufacturing,medium,21284.29,Rep 1,Region South,Suite,19.66,false,71,true
2025-02-17,webinar,manufacturing,medium,28126.99,Rep 5,Region East,Standalone,15.51,false,46,false
2024-04-13,organic,retail,small,9827.28,Rep 5,Region Central,Platform,6.76,false,46,false
2024-09-15,referral,healthcare,small,6873.5,Rep 8,Region South,Platform,11.65,false,72,true
2024-03-23,webinar,tech,large,83243.02,Rep 3,Region West,Platform,12.39,false,35,true
2024-05-19,organic,manufacturing,medium,23700.87,Rep 7,Region Central,Platform,7.54,true,24,false
2025-04-29,webinar,manufacturing,small,9871.49,Rep 8,Region West,Platform,0.0,true,65,true
2025-03-07,organic,retail,enterprise,141954.13,Rep 7,Region East,Platform,4.28,true,76,true
2024-04-17,paid,retail,medium,29606.76,Rep 5,Region West,Standalone,1.37,true,59,false
2025-08-11,cold_call,finance,large,66808.97,Rep 7,Region East,Standalone,17.12,true,72,true
2025-10-30,referral,retail,medium,25482.64,Rep 1,Region South,Platform,32.78,false,41,false
2024-06-24,cold_call,finance,large,58621.73,Rep 2,Region East,Platform,12.51,false,77,true
2024-12-07,referral,retail,medium,24520.65,Rep 6,Region East,Suite,23.38,true,50,true
2024-03-16,referral,finance,enterprise,149713.58,Rep 8,Region East,Suite,18.35,true,54,false
2025-03-21,referral,retail,enterprise,122887.38,Rep 2,Region West,Platform,20.34,false,73,true
2024-02-14,webinar,finance,small,6567.52,Rep 5,Region East,Platform,17.33,false,62,false
2024-01-29,referral,manufacturing,large,56596.79,Rep 4,Region West,Suite,20.88,false,57,false
2025-02-01,cold_call,retail,large,60083.81,Rep 6,Region East,Suite,7.16,true,69,true
2025-12-30,referral,manufacturing,small,7210.23,Rep 7,Region Central,Platform,22.02,true,30,true
2025-11-09,paid,healthcare,medium,27581.78,Rep 4,Region West,Standalone,16.88,false,46,false
2024-01-30,cold_call,retail,medium,33178.21,Rep 7,Region East,Standalone,13.65,false,52,false
2025-10-28,referral,tech,enterprise,128881.0,Rep 6,Region West,Platform,23.73,false,55,false
2025-04-10,paid,tech,small,9839.89,Rep 6,Region South,Platform,5.31,false,100,true
2025-07-27,referral,retail,small,5055.43,Rep 7,Region South,Platform,25.28,true,71,true
2025-11-04,paid,finance,medium,23910.29,Rep 6,Region East,Standalone,6.58,false,58,true
2024-01-31,referral,tech,large,66322.72,Rep 7,Region East,Platform,23.06,true,54,false
2024-02-13,organic,healthcare,medium,23175.23,Rep 3,Region South,Platform,14.91,false,76,true
2024-10-01,webinar,healthcare,large,66014.79,Rep 8,Region West,Suite,17.69,true,63,false
2024-02-19,cold_call,retail,large,54117.56,Rep 7,Region East,Suite,10.35,true,31,true
2024-07-14,referral,tech,large,41716.5,Rep 3,Region South,Suite,7.82,false,19,false
2025-06-04,referral,retail,small,7597.87,Rep 8,Region East,Platform,22.74,true,81,true
2025-01-22,cold_call,retail,small,6765.51,Rep 8,Region West,Platform,13.91,false,30,false
2024-11-25,referral,manufacturing,enterprise,133128.14,Rep 7,Region West,Suite,8.07,false,56,false
2024-06-20,referral,healthcare,small,10701.69,Rep 5,Region East,Platform,4.46,false,76,true
2025-04-12,webinar,manufacturing,medium,26142.67,Rep 2,Region South,Standalone,10.06,true,75,true
2025-07-22,referral,tech,small,6462.66,Rep 1,Region East,Platform,22.96,true,63,false
2025-11-07,paid,healthcare,small,8208.37,Rep 3,Region East,Platform,13.0,false,57,false
2024-08-14,paid,retail,medium,21387.52,Rep 7,Region South,Platform,16.76,true,41,false
2025-05-19,referral,tech,small,8126.97,Rep 2,Region West,Platform,8.12,false,74,true
2025-09-02,organic,tech,medium,28598.33,Rep 1,Region Central,Platform,4.49,true,9,false
2024-08-27,organic,manufacturing,enterprise,132985.2,Rep 7,Region South,Platform,11.21,false,60,true
2025-11-16,organic,retail,enterprise,156979.96,Rep 2,Region Central,Standalone,11.86,true,87,true
2024-04-22,referral,healthcare,large,78841.07,Rep 1,Region South,Suite,23.58,false,41,true
2024-10-20,paid,healthcare,small,9560.0,Rep 8,Region West,Platform,6.61,false,70,true
2024-09-12,referral,retail,enterprise,163209.27,Rep 2,Region East,Platform,6.2,true,79,true
2024-07-11,cold_call,manufacturing,large,63140.23,Rep 7,Region South,Platform,14.25,false,77,true
2025-03-29,webinar,finance,small,8576.73,Rep 6,Region East,Platform,13.7,true,54,false
2025-07-20,organic,tech,small,7015.6,Rep 4,Region East,Platform,0.0,true,55,true
2024-12-15,organic,tech,medium,27914.0,Rep 5,Region South,Standalone,15.76,true,53,true
2025-09-11,paid,tech,large,51688.06,Rep 6,Region East,Suite,14.05,false,39,false
2024-12-19,paid,finance,enterprise,150633.53,Rep 2,Region East,Standalone,3.5,false,41,false
2024-08-24,paid,tech,large,55049.52,Rep 8,Region South,Suite,12.65,false,79,true
2025-10-13,paid,tech,small,12575.55,Rep 2,Region South,Platform,3.85,true,87,true
2025-11-19,webinar,healthcare,large,74751.54,Rep 4,Region Central,Suite,3.28,false,45,false
2024-04-01,cold_call,tech,small,7649.86,Rep 3,Region Central,Platform,8.1,false,93,true
2025-07-17,cold_call,healthcare,medium,24356.88,Rep 3,Region East,Platform,5.5,false,51,true
2025-09-11,organic,finance,enterprise,144442.79,Rep 2,Region East,Platform,11.75,false,38,false
2025-03-23,paid,finance,large,65593.84,Rep 6,Region East,Platform,0.0,false,70,true
2024-11-05,organic,retail,medium,20911.63,Rep 3,Region Central,Platform,14.46,false,51,true
2024-02-24,referral,tech,large,68881.46,Rep 5,Region Central,Suite,24.02,true,60,false
2024-11-17,organic,healthcare,small,5352.18,Rep 2,Region South,Platform,13.32,false,95,true
2025-10-17,referral,tech,large,47576.88,Rep 7,Region Central,Suite,7.93,false,50,false
2024-05-26,referral,retail,medium,31333.41,Rep 8,Region Central,Suite,19.34,false,78,true
2025-07-08,paid,finance,small,8187.89,Rep 2,Region East,Platform,11.97,false,76,true
2024-05-02,referral,finance,small,7565.41,Rep 1,Region East,Platform,15.0,true,52,false
2024-04-24,webinar,manufacturing,medium,26655.13,Rep 4,Region South,Platform,5.18,false,99,true
2024-03-09,cold_call,retail,small,7956.73,Rep 3,Region South,Platform,4.11,false,37,false
2025-09-25,organic,finance,small,7286.92,Rep 3,Region East,Platform,5.67,false,61,false
2024-12-07,referral,retail,large,64462.67,Rep 7,Region South,Standalone,7.42,false,19,true
2025-04-24,referral,manufacturing,enterprise,168178.82,Rep 2,Region East,Platform,0.0,false,61,true
2025-09-02,referral,tech,large,74073.43,Rep 4,Region Central,Suite,4.44,true,73,true
2024-04-11,webinar,tech,large,70212.96,Rep 4,Region West,Platform,6.89,false,71,true
2025-08-10,referral,retail,small,10071.61,Rep 8,Region South,Standalone,22.41,false,57,true
2024-01-24,referral,tech,medium,28056.4,Rep 3,Region South,Standalone,14.32,false,79,true
2024-06-28,organic,tech,enterprise,155721.52,Rep 6,Region West,Platform,2.6,true,63,false
2024-07-27,cold_call,healthcare,small,7183.64,Rep 6,Region South,Platform,20.58,false,38,true
2025-10-08,organic,healthcare,medium,22515.93,Rep 2,Region West,Standalone,0.86,false,43,false
2024-04-22,organic,tech,enterprise,152418.88,Rep 2,Region South,Suite,16.18,true,82,true
2024-08-20,organic,healthcare,medium,23015.48,Rep 7,Region East,Platform,12.1,false,53,true
2024-07-20,referral,healthcare,small,7422.8,Rep 6,Region East,Platform,5.37,false,58,true
2025-06-12,webinar,manufacturing,large,65863.0,Rep 5,Region West,Platform,23.91,false,78,true
2024-05-28,cold_call,tech,medium,26885.17,Rep 2,Region Central,Platform,26.43,true,54,true
2024-02-09,webinar,healthcare,medium,20515.75,Rep 8,Region Central,Standalone,11.51,true,56,true
2025-04-16,referral,finance,small,7834.73,Rep 5,Region East,Platform,4.71,true,21,false
2024-11-22,webinar,retail,medium,24450.56,Rep 2,Region West,Standalone,12.34,true,77,true
2025-11-11,referral,tech,large,49268.32,Rep 1,Region Central,Standalone,17.9,false,45,false
2024-07-01,cold_call,finance,small,7728.58,Rep 8,Region East,Platform,5.69,true,77,true
2025-10-31,referral,healthcare,small,9067.72,Rep 7,Region South,Platform,16.2,false,40,false
2025-04-16,webinar,retail,medium,17839.11,Rep 6,Region South,Platform,0.0,false,69,true
2024-09-28,organic,tech,small,8544.27,Rep 7,Region South,Platform,7.04,false,92,true
2025-02-10,paid,manufacturing,medium,27013.67,Rep 4,Region West,Platform,14.14,false,64,false
2024-09-04,referral,tech,enterprise,134186.48,Rep 2,Region Central,Standalone,19.66,true,50,false
2024-11-09,paid,manufacturing,small,6004.25,Rep 7,Region Central,Platform,13.86,false,69,true
2024-06-15,organic,healthcare,small,7778.52,Rep 5,Region West,Platform,14.69,false,49,false
2024-04-30,referral,retail,enterprise,157183.28,Rep 1,Region Central,Suite,21.21,false,84,true
2025-04-28,referral,healthcare,large,63502.1,Rep 2,Region Central,Suite,8.79,false,49,true
2025-11-27,organic,finance,small,7359.06,Rep 3,Region East,Platform,16.82,false,33,false
2025-02-05,webinar,retail,medium,22308.82,Rep 6,Region Central,Suite,0.0,false,46,false
2024-02-23,cold_call,tech,small,7763.85,Rep 1,Region South,Platform,7.93,false,44,false
2024-03-03,organic,manufacturing,small,8317.43,Rep 3,Region West,Platform,13.31,false,69,true
2024-06-19,cold_call,finance,large,64656.02,Rep 1,Region East,Standalone,14.08,true,100,true
2025-05-01,webinar,healthcare,enterprise,143637.47,Rep 2,Region East,Platform,12.31,false,53,false
2025-01-09,webinar,healthcare,small,8131.72,Rep 6,Region South,Platform,10.83,true,97,true
2024-12-19,webinar,healthcare,medium,20080.89,Rep 5,Region East,Platform,8.55,true,46,true
2024-03-13,referral,manufacturing,small,4523.04,Rep 1,Region South,Platform,21.22,true,64,false
2024-06-18,organic,retail,medium,28279.05,Rep 3,Region West,Standalone,2.09,false,44,true
2025-05-16,cold_call,tech,large,65826.33,Rep 2,Region Central,Suite,13.63,true,34,false
2025-03-12,organic,manufacturing,large,61387.76,Rep 3,Region South,Standalone,1.63,true,30,false
2025-10-11,referral,finance,small,5987.77,Rep 7,Region East,Platform,24.5,true,86,true
2024-03-30,webinar,finance,large,63424.65,Rep 8,Region East,Standalone,29.72,false,68,true
2024-08-11,organic,retail,medium,24884.01,Rep 5,Region East,Suite,0.0,true,61,true
2024-07-24,referral,finance,large,61928.93,Rep 5,Region South,Standalone,23.45,true,100,true
2024-05-07,paid,retail,medium,28618.82,Rep 4,Region Central,Platform,24.07,false,63,false
2024-06-18,referral,manufacturing,small,6321.54,Rep 6,Region South,Platform,26.51,false,0,false
2025-01-17,referral,tech,large,69517.12,Rep 1,Region South,Standalone,26.45,false,92,true
2024-04-09,referral,retail,medium,19810.31,Rep 1,Region Central,Platform,13.75,false,68,true
2025-11-10,referral,manufacturing,medium,25078.26,Rep 2,Region East,Suite,18.12,false,68,true
2024-03-16,cold_call,retail,large,47411.9,Rep 6,Region South,Platform,19.61,false,44,false
2024-10-22,referral,tech,small,7961.51,Rep 2,Region West,Platform,0.0,true,83,true
2025-04-07,cold_call,manufacturing,small,8092.63,Rep 3,Region West,Platform,20.69,true,89,true
2024-12-15,referral,manufacturing,enterprise,95082.25,Rep 2,Region East,Platform,2.84,false,91,true
2025-11-02,referral,tech,medium,17516.22,Rep 2,Region West,Suite,25.91,true,59,false
2025-09-26,organic,healthcare,small,7187.94,Rep 4,Region Central,Platform,15.98,true,65,true
2024-12-08,referral,retail,small,6183.65,Rep 8,Region Central,Platform,10.53,false,81,true
2025-07-26,webinar,healthcare,small,10576.95,Rep 8,Region South,Platform,2.12,false,88,true
2025-11-21,referral,finance,small,7645.69,Rep 1,Region East,Platform,19.06,false,45,false
2025-07-08,webinar,finance,enterprise,179017.54,Rep 1,Region East,Platform,11.49,false,61,true
2025-06-08,cold_call,finance,small,9080.45,Rep 8,Region East,Platform,12.3,false,84,true
2024-03-30,organic,finance,medium,24115.98,Rep 1,Region East,Suite,12.24,false,87,true
2024-08-12,referral,tech,medium,22386.09,Rep 2,Region West,Standalone,19.56,true,76,true
2024-01-01,webinar,tech,medium,23548.47,Rep 1,Region South,Suite,0.66,false,100,false
2024-01-27,webinar,tech,enterprise,156796.47,Rep 2,Region South,Platform,15.52,false,48,true
2024-08-30,paid,tech,small,8632.04,Rep 4,Region East,Platform,6.25,false,100,true
2024-04-19,paid,healthcare,enterprise,151060.74,Rep 2,Region East,Standalone,6.97,false,54,false
2024-04-15,webinar,tech,enterprise,133500.51,Rep 2,Region West,Standalone,16.56,true,88,true
2025-08-14,referral,retail,large,68423.4,Rep 6,Region South,Standalone,3.62,true,53,true
2024-06-19,webinar,finance,enterprise,144135.44,Rep 2,Region East,Standalone,4.04,true,52,true
2025-01-01,referral,manufacturing,small,7325.79,Rep 6,Region East,Platform,28.62,false,67,true
2024-09-05,cold_call,finance,medium,24167.03,Rep 4,Region East,Standalone,15.0,true,50,true
2025-10-18,organic,healthcare,small,11216.51,Rep 3,Region East,Platform,5.95,true,37,false
2024-10-27,organic,tech,medium,34179.65,Rep 8,Region East,Standalone,7.15,false,28,true
2025-09-19,cold_call,retail,large,41889.71,Rep 2,Region South,Platform,10.24,false,49,false
2025-08-29,referral,healthcare,small,9675.97,Rep 8,Region Central,Platform,4.01,true,51,true
2025-02-03,paid,finance,large,57183.32,Rep 3,Region East,Suite,27.13,true,74,true
2025-10-08,referral,retail,small,6039.0,Rep 4,Region East,Platform,18.19,true,48,false
2025-10-14,referral,retail,medium,19323.75,Rep 4,Region South,Suite,20.43,false,79,true
2024-04-28,webinar,manufacturing,medium,22551.51,Rep 3,Region South,Standalone,16.44,false,100,true
2024-11-12,referral,manufacturing,large,58871.07,Rep 6,Region East,Standalone,20.04,false,5,true
2025-11-24,organic,healthcare,small,7247.61,Rep 8,Region South,Platform,13.25,false,49,true
2024-10-24,cold_call,retail,medium,24557.15,Rep 5,Region South,Standalone,1.2,false,80,true
2025-06-18,referral,manufacturing,large,52274.48,Rep 6,Region South,Suite,22.42,true,80,true
2025-07-22,organic,manufacturing,medium,25930.78,Rep 6,Region Central,Standalone,0.0,false,66,true
2025-05-30,referral,finance,medium,27076.73,Rep 8,Region East,Platform,0.0,false,52,true
2024-06-16,referral,finance,large,56028.91,Rep 6,Region East,Suite,7.16,true,79,true
2024-08-21,referral,retail,enterprise,172890.19,Rep 2,Region Central,Platform,21.8,true,37,false
2024-01-15,cold_call,finance,medium,28440.85,Rep 1,Region East,Suite,13.38,false,97,true
2024-10-27,paid,retail,medium,27333.94,Rep 2,Region West,Platform,15.32,false,59,true
2024-05-17,referral,healthcare,medium,21576.66,Rep 7,Region East,Platform,17.65,false,80,true
2024-04-02,cold_call,retail,small,6718.63,Rep 5,Region East,Platform,11.07,true,33,false
2024-10-26,cold_call,manufacturing,enterprise,140850.18,Rep 2,Region East,Platform,13.4,true,50,false
2024-12-08,organic,retail,large,50645.61,Rep 1,Region South,Platform,7.06,false,17,false
2024-12-17,cold_call,tech,enterprise,144349.28,Rep 2,Region West,Standalone,10.33,false,81,true
2024-02-11,referral,retail,large,67465.57,Rep 1,Region Central,Suite,24.75,false,5,false
2025-08-27,organic,finance,large,55175.54,Rep 7,Region East,Platform,17.37,false,37,false
2024-11-05,webinar,tech,small,9001.25,Rep 1,Region Central,Platform,9.64,true,62,true
2024-08-11,paid,manufacturing,large,66523.06,Rep 6,Region Central,Standalone,17.53,true,99,true
2025-02-06,webinar,manufacturing,large,60775.78,Rep 2,Region West,Standalone,12.74,true,60,false
2025-02-01,organic,healthcare,large,45998.42,Rep 2,Region Central,Standalone,16.43,true,41,false
2025-06-20,cold_call,retail,large,56812.21,Rep 2,Region South,Standalone,8.56,false,69,true
2025-08-24,paid,manufacturing,small,9924.3,Rep 2,Region West,Platform,5.74,true,46,false
2025-02-22,paid,finance,medium,26455.93,Rep 4,Region East,Suite,18.43,true,62,true
2025-12-05,referral,tech,large,52968.07,Rep 6,Region West,Standalone,24.4,false,90,true
2025-07-11,referral,retail,small,6829.01,Rep 4,Region East,Platform,19.67,true,70,true
2024-05-30,organic,tech,enterprise,136886.26,Rep 2,Region Central,Standalone,12.66,false,61,false
2025-05-06,referral,manufacturing,small,6781.54,Rep 2,Region West,Platform,22.67,false,79,true
2024-06-15,cold_call,healthcare,medium,30751.93,Rep 2,Region Central,Platform,10.94,false,59,true
2024-09-10,paid,tech,small,8196.32,Rep 6,Region East,Platform,0.0,false,79,true
2025-08-05,webinar,tech,large,63498.52,Rep 3,Region East,Suite,14.86,false,48,true
2025-04-09,cold_call,finance,enterprise,179500.63,Rep 2,Region East,Platform,17.07,true,55,false
2025-07-22,organic,tech,medium,22483.26,Rep 5,Region West,Standalone,6.12,true,66,true
2025-07-27,referral,manufacturing,large,62767.5,Rep 5,Region West,Platform,11.87,false,83,true
2024-07-27,referral,manufacturing,small,6248.81,Rep 6,Region East,Platform,17.49,true,31,true
2024-08-14,organic,manufacturing,small,7700.88,Rep 6,Region West,Platform,14.68,true,90,true
2025-08-28,paid,finance,medium,23044.16,Rep 7,Region Central,Suite,18.19,true,20,false
2025-08-18,paid,finance,small,7176.98,Rep 5,Region East,Platform,11.85,true,56,true
2024-05-11,organic,retail,large,54546.48,Rep 4,Region East,Standalone,15.46,false,35,false
2024-11-16,referral,tech,medium,31353.86,Rep 7,Region Central,Standalone,20.79,true,43,true
2025-10-12,paid,healthcare,small,9212.15,Rep 5,Region West,Platform,11.37,false,76,true
2025-05-19,webinar,retail,large,55258.32,Rep 8,Region South,Platform,16.13,false,59,false
2025-07-20,referral,tech,enterprise,162672.12,Rep 2,Region Central,Suite,24.35,true,70,true
2025-02-03,organic,retail,medium,18389.48,Rep 5,Region East,Platform,16.08,false,52,false
2024-12-14,paid,retail,medium,28597.49,Rep 3,Region Central,Standalone,10.0,true,74,true
2025-08-15,cold_call,tech,medium,21723.87,Rep 5,Region South,Standalone,7.82,false,85,true
2025-05-24,webinar,finance,large,61871.69,Rep 5,Region East,Suite,12.4,false,37,false
2024-01-14,referral,tech,medium,23794.23,Rep 5,Region South,Suite,12.7,false,61,false
2025-11-14,organic,healthcare,large,65952.91,Rep 8,Region Central,Platform,9.04,false,65,true
2025-10-11,webinar,healthcare,large,67097.93,Rep 6,Region West,Suite,9.69,true,59,true
2024-01-06,cold_call,healthcare,medium,19171.1,Rep 5,Region Central,Suite,20.77,false,68,true
2024-03-23,webinar,tech,small,6560.59,Rep 6,Region West,Platform,7.3,false,31,false
2024-06-15,organic,tech,large,44953.74,Rep 8,Region Central,Suite,18.49,false,31,true
2025-02-06,paid,manufacturing,small,6461.97,Rep 1,Region West,Platform,4.42,false,100,true
2024-04-17,paid,finance,small,5375.2,Rep 4,Region East,Platform,6.37,false,50,true
2024-10-31,cold_call,tech,large,74927.29,Rep 5,Region Central,Standalone,0.37,true,52,false
2025-08-10,referral,tech,small,8647.2,Rep 2,Region East,Platform,12.44,false,59,false
2025-08-22,webinar,tech,medium,24512.87,Rep 4,Region West,Suite,10.52,true,54,true
2025-05-23,cold_call,retail,small,8367.62,Rep 2,Region East,Platform,3.44,true,65,true
2024-04-19,referral,retail,enterprise,152736.98,Rep 6,Region South,Suite,7.5,true,60,false
2024-12-23,referral,tech,medium,23558.55,Rep 8,Region East,Standalone,24.23,false,92,true
2025-02-06,cold_call,tech,large,63531.64,Rep 2,Region Central,Standalone,13.01,false,61,true
2025-02-22,referral,tech,medium,25006.28,Rep 7,Region East,Standalone,24.61,false,70,true
2024-08-17,cold_call,retail,large,40881.49,Rep 1,Region East,Platform,0.0,false,63,true
2024-09-09,organic,tech,medium,24450.25,Rep 7,Region South,Standalone,15.07,false,19,false
2024-11-22,cold_call,tech,large,61044.63,Rep 2,Region South,Suite,17.35,false,46,false
2024-07-09,referral,tech,small,7579.33,Rep 6,Region Central,Platform,0.12,false,19,true
2025-08-31,referral,healthcare,large,62427.93,Rep 5,Region West,Standalone,22.99,false,61,false
2024-01-11,cold_call,healthcare,medium,23542.45,Rep 2,Region Central,Platform,11.74,false,38,false
2025-08-10,paid,manufacturing,medium,26653.58,Rep 1,Region West,Standalone,3.1,true,53,true
2025-11-16,organic,manufacturing,enterprise,204796.46,Rep 2,Region East,Suite,21.5,true,40,false
2025-09-05,cold_call,healthcare,medium,27611.03,Rep 3,Region South,Platform,13.96,false,83,false
2025-06-08,cold_call,retail,medium,21294.6,Rep 8,Region South,Platform,14.18,false,73,true
2025-07-20,webinar,tech,medium,21155.78,Rep 7,Region East,Standalone,0.0,false,82,true
2024-04-23,cold_call,manufacturing,large,48364.26,Rep 6,Region South,Standalone,16.96,true,49,false
2024-12-02,webinar,healthcare,medium,17155.2,Rep 1,Region West,Standalone,11.67,false,74,true
2024-11-09,organic,finance,large,59085.86,Rep 8,Region East,Standalone,17.76,false,31,true
2024-09-19,organic,retail,small,7237.0,Rep 6,Region Central,Platform,15.16,true,77,true
2024-12-15,organic,tech,large,49229.36,Rep 4,Region West,Platform,14.75,true,70,true
2025-08-05,referral,retail,large,58609.28,Rep 2,Region South,Platform,21.96,false,20,false
2024-08-25,referral,retail,large,59571.77,Rep 7,Region Central,Platform,0.0,true,68,true
2024-02-16,organic,retail,small,7012.66,Rep 3,Region West,Platform,8.6,true,62,false
2025-05-15,referral,finance,small,8885.99,Rep 5,Region East,Platform,13.64,false,73,true
2025-12-22,organic,healthcare,enterprise,142591.63,Rep 2,Region South,Suite,13.99,true,67,true
2025-02-06,referral,manufacturing,enterprise,135130.65,Rep 2,Region West,Standalone,26.53,false,35,false
2024-06-22,webinar,healthcare,medium,27717.67,Rep 7,Region East,Suite,7.49,true,66,true
2024-02-24,referral,finance,large,66391.73,Rep 7,Region East,Platform,24.45,true,38,false
2024-08-01,cold_call,retail,small,11023.34,Rep 4,Region South,Platform,12.67,true,35,false
2024-03-26,organic,healthcare,small,6438.66,Rep 7,Region South,Platform,0.0,false,50,false
2025-02-10,webinar,healthcare,small,9994.21,Rep 4,Region West,Platform,18.52,false,16,false
2025-09-29,referral,tech,medium,21651.31,Rep 6,Region South,Standalone,20.17,false,76,false
2024-06-12,cold_call,healthcare,medium,20996.57,Rep 6,Region Central,Suite,17.4,true,59,false
2025-04-09,referral,finance,medium,24924.05,Rep 8,Region East,Platform,23.93,false,87,true
2024-12-17,referral,healthcare,enterprise,120633.86,Rep 2,Region South,Platform,18.47,false,85,true
2024-04-27,referral,retail,small,9585.49,Rep 8,Region West,Platform,9.32,true,85,true
2024-04-02,webinar,tech,enterprise,140824.52,Rep 2,Region South,Suite,24.65,true,74,true
2024-09-05,paid,finance,small,6387.19,Rep 8,Region East,Platform,13.93,false,51,true
2025-04-26,paid,finance,small,6721.42,Rep 7,Region South,Platform,0.0,true,26,true
2024-04-04,organic,tech,medium,28944.83,Rep 4,Region East,Standalone,11.03,false,61,false
2024-01-10,paid,manufacturing,large,61303.42,Rep 8,Region East,Standalone,1.91,true,44,true
2025-05-21,referral,healthcare,small,6957.17,Rep 3,Region West,Platform,14.53,false,79,true
2024-09-15,organic,healthcare,small,8250.21,Rep 4,Region West,Platform,25.59,true,42,false
2025-08-29,webinar,finance,medium,25289.72,Rep 6,Region East,Suite,7.98,false,65,true
2025-11-15,cold_call,manufacturing,small,7596.54,Rep 5,Region South,Platform,4.95,false,68,true
2025-05-25,referral,finance,small,6865.81,Rep 7,Region East,Platform,0.67,true,99,true
2024-09-23,referral,tech,medium,29746.64,Rep 8,Region East,Standalone,6.53,true,50,true
2025-12-18,referral,tech,small,9055.76,Rep 5,Region Central,Platform,23.58,false,96,true
2024-06-18,webinar,healthcare,small,9154.41,Rep 2,Region East,Platform,5.28,false,95,true
2024-05-26,organic,retail,small,9472.59,Rep 2,Region West,Platform,15.33,false,94,true
2024-05-07,cold_call,finance,medium,20270.73,Rep 2,Region West,Suite,15.9,true,58,true
2024-12-28,webinar,retail,large,60171.22,Rep 4,Region West,Platform,6.77,false,54,false
2025-04-02,referral,retail,small,9313.89,Rep 6,Region South,Platform,14.06,false,81,true
2025-01-30,webinar,retail,enterprise,158899.32,Rep 2,Region Central,Suite,2.25,true,46,true
2024-05-16,referral,manufacturing,medium,21629.75,Rep 3,Region Central,Platform,10.13,false,33,false
2024-05-26,webinar,finance,large,58560.96,Rep 7,Region East,Suite,4.81,true,44,true
2025-03-25,cold_call,manufacturing,medium,28589.2,Rep 1,Region Central,Platform,0.0,true,58,false
2025-12-19,webinar,finance,medium,27292.91,Rep 5,Region East,Suite,0.0,false,40,true
2025-09-13,referral,tech,large,58612.64,Rep 1,Region East,Platform,21.33,false,33,true
2025-08-23,referral,healthcare,medium,25020.25,Rep 6,Region Central,Standalone,7.59,false,90,true
2024-11-15,referral,tech,large,49880.91,Rep 6,Region West,Suite,20.14,true,59,false
2025-04-02,paid,tech,enterprise,100999.22,Rep 2,Region East,Standalone,8.69,true,63,false
2024-10-20,organic,tech,enterprise,165261.83,Rep 2,Region Central,Standalone,9.94,false,47,false
2024-06-17,organic,tech,medium,26684.77,Rep 1,Region Central,Platform,6.88,true,64,false
2025-02-22,referral,healthcare,small,9951.19,Rep 1,Region West,Platform,30.89,true,66,true
2024-04-16,cold_call,finance,large,78124.3,Rep 8,Region East,Platform,15.0,false,41,true
2025-07-14,organic,manufacturing,large,55140.67,Rep 2,Region Central,Platform,12.08,true,54,false
2024-04-09,webinar,tech,small,7571.65,Rep 7,Region East,Platform,10.47,false,65,true
2024-10-03,organic,retail,medium,26585.99,Rep 2,Region East,Standalone,10.76,false,46,false
2024-03-19,webinar,finance,medium,19643.27,Rep 1,Region East,Platform,0.0,true,70,true
2024-12-07,referral,tech,large,70422.95,Rep 1,Region Central,Suite,23.48,false,89,true
2024-06-19,referral,retail,large,66670.4,Rep 7,Region East,Standalone,11.72,false,73,true
2025-04-27,paid,retail,medium,23752.07,Rep 3,Region East,Standalone,0.72,false,48,true
2025-04-28,referral,manufacturing,small,9747.09,Rep 6,Region West,Platform,11.51,false,69,true
2024-03-07,paid,tech,medium,32770.25,Rep 1,Region East,Suite,0.0,true,65,true
2025-05-05,referral,tech,enterprise,165258.64,Rep 2,Region West,Standalone,13.05,false,73,true
2024-01-23,webinar,healthcare,medium,27079.64,Rep 1,Region East,Standalone,15.91,true,30,false
2024-06-05,referral,retail,small,9011.93,Rep 5,Region West,Platform,0.0,true,57,true
2025-12-14,cold_call,finance,medium,25285.26,Rep 7,Region East,Platform,10.1,false,47,false
2025-10-18,cold_call,tech,large,52739.95,Rep 7,Region Central,Platform,4.68,false,55,false
2024-05-12,cold_call,retail,enterprise,148029.89,Rep 2,Region West,Standalone,6.42,false,100,false
2024-06-05,cold_call,finance,small,6511.62,Rep 6,Region East,Platform,17.25,true,100,true
2025-11-25,paid,finance,medium,22124.58,Rep 4,Region East,Suite,9.43,false,16,false
2025-01-04,paid,healthcare,small,7952.93,Rep 6,Region East,Platform,16.93,false,68,true
2024-06-16,organic,healthcare,enterprise,175637.45,Rep 2,Region West,Platform,10.41,true,91,true
2024-07-13,referral,tech,medium,24519.12,Rep 3,Region Central,Standalone,7.41,false,59,false
2025-08-23,organic,tech,large,62651.25,Rep 2,Region East,Platform,0.0,false,82,true
2024-07-27,webinar,manufacturing,small,8635.83,Rep 6,Region Central,Platform,10.14,true,20,false
2025-02-14,referral,manufacturing,medium,23037.51,Rep 4,Region Central,Suite,18.17,true,13,false
2025-05-27,referral,finance,small,6231.36,Rep 5,Region East,Platform,6.36,true,57,true
2025-09-28,referral,healthcare,medium,25656.21,Rep 8,Region West,Platform,9.77,true,64,false
2025-01-23,organic,tech,large,51188.22,Rep 3,Region West,Standalone,15.3,true,47,false
2024-09-02,referral,tech,enterprise,149306.15,Rep 2,Region East,Standalone,10.85,true,44,true
2025-12-13,cold_call,finance,small,8812.99,Rep 3,Region East,Platform,20.54,false,14,false
2025-04-28,paid,tech,large,62918.42,Rep 1,Region South,Platform,16.26,true,100,true
2025-12-06,cold_call,retail,small,9916.29,Rep 2,Region South,Platform,1.52,false,70,false
2025-05-10,webinar,tech,small,4396.41,Rep 5,Region East,Platform,11.13,false,42,true
2024-08-24,paid,finance,medium,26264.85,Rep 6,Region East,Standalone,14.77,true,69,true
2025-01-23,cold_call,healthcare,medium,32733.54,Rep 4,Region South,Standalone,17.62,false,85,true
2024-01-22,organic,retail,large,45437.81,Rep 6,Region South,Suite,15.17,true,52,false
2025-02-16,webinar,tech,medium,22944.02,Rep 5,Region Central,Suite,12.94,false,59,false
2025-11-02,webinar,retail,large,47283.1,Rep 4,Region East,Suite,16.46,false,52,false
2025-03-11,referral,retail,large,55475.05,Rep 8,Region South,Suite,24.89,true,87,true
2024-06-17,webinar,tech,medium,25040.37,Rep 1,Region South,Suite,10.82,false,34,false
2024-10-25,referral,retail,small,6664.77,Rep 6,Region South,Platform,9.29,false,34,false
2025-03-01,webinar,finance,medium,24765.71,Rep 3,Region East,Standalone,13.12,false,82,true
2025-04-23,webinar,healthcare,medium,14008.24,Rep 8,Region Central,Platform,6.49,false,52,true
2024-01-21,referral,tech,medium,30951.66,Rep 8,Region Central,Platform,11.08,true,50,false
2024-08-26,referral,finance,small,5558.93,Rep 4,Region East,Platform,23.08,true,59,true
2025-04-27,organic,tech,small,8296.17,Rep 4,Region West,Platform,18.36,false,64,false
2025-03-05,cold_call,retail,enterprise,165401.07,Rep 2,Region West,Platform,3.78,false,52,false
2025-02-03,cold_call,retail,enterprise,157120.4,Rep 2,Region East,Standalone,13.33,false,59,true
2025-03-23,referral,finance,small,9687.98,Rep 6,Region South,Platform,24.32,true,90,true
2025-01-04,organic,retail,medium,20617.02,Rep 7,Region West,Standalone,14.85,true,62,false
2024-04-03,cold_call,healthcare,large,50557.12,Rep 7,Region West,Standalone,15.14,false,14,false
2024-11-21,referral,tech,large,49424.86,Rep 4,Region West,Platform,5.56,false,24,false
2025-02-14,webinar,finance,small,8559.98,Rep 1,Region East,Platform,2.01,false,12,true
2025-05-14,referral,tech,small,8462.65,Rep 2,Region East,Platform,0.0,true,66,true
2024-12-31,organic,tech,medium,28029.5,Rep 3,Region Central,Suite,3.86,false,25,false
2025-07-05,cold_call,finance,large,51090.27,Rep 1,Region East,Platform,14.41,true,94,true
2025-06-23,paid,manufacturing,small,7736.78,Rep 5,Region Central,Platform,0.0,true,65,true
2024-09-03,paid,healthcare,medium,15561.41,Rep 4,Region West,Platform,0.0,false,48,true
2024-08-28,organic,healthcare,small,7940.14,Rep 6,Region Central,Platform,9.47,true,57,true
2024-06-15,webinar,retail,large,38423.71,Rep 8,Region East,Suite,10.32,true,91,true
2025-02-09,organic,tech,medium,29545.24,Rep 4,Region West,Suite,14.17,false,43,false
2024-11-12,referral,tech,medium,25251.49,Rep 3,Region South,Standalone,5.25,true,64,false
2025-11-26,referral,finance,medium,26270.2,Rep 7,Region East,Suite,20.19,false,58,false
2025-12-05,cold_call,manufacturing,large,60068.21,Rep 6,Region Central,Platform,6.22,false,93,true
2025-03-13,webinar,finance,medium,22145.74,Rep 4,Region East,Standalone,7.73,true,85,true
2025-08-07,organic,healthcare,enterprise,164612.51,Rep 2,Region West,Platform,6.54,true,40,false
2024-07-17,referral,healthcare,small,11039.45,Rep 1,Region South,Platform,21.58,true,70,true
2024-10-08,paid,tech,small,10915.46,Rep 7,Region Central,Platform,4.36,false,54,true
2025-12-05,cold_call,retail,small,4977.43,Rep 2,Region Central,Platform,15.48,false,77,true
2025-11-11,referral,tech,large,45034.4,Rep 7,Region South,Standalone,8.54,true,21,false
2025-04-10,referral,finance,large,61868.0,Rep 5,Region East,Standalone,39.79,true,42,false
2024-08-09,organic,finance,large,63066.62,Rep 8,Region South,Suite,7.38,false,72,true
2025-02-08,webinar,retail,small,8311.1,Rep 1,Region Central,Platform,10.73,false,46,true
2024-01-31,organic,retail,small,7782.72,Rep 8,Region Central,Platform,14.9,true,44,true
2024-12-15,referral,retail,enterprise,183278.1,Rep 2,Region South,Suite,24.18,false,91,true
2024-09-07,paid,tech,large,58647.93,Rep 5,Region Central,Platform,16.3,false,48,false
2025-04-19,organic,tech,medium,17335.32,Rep 1,Region East,Platform,7.7,false,54,true
2025-06-28,webinar,retail,enterprise,136059.85,Rep 2,Region West,Standalone,5.49,true,68,true
2025-06-09,webinar,finance,enterprise,130337.63,Rep 2,Region East,Platform,14.72,false,57,false
2025-06-16,organic,healthcare,enterprise,149178.73,Rep 2,Region East,Suite,10.91,false,41,false
2025-10-17,referral,finance,medium,26101.0,Rep 4,Region East,Standalone,18.53,false,61,false
2025-07-01,paid,manufacturing,large,71651.39,Rep 5,Region Central,Standalone,0.0,true,37,false
2024-04-11,referral,tech,small,5878.34,Rep 8,Region South,Platform,27.22,false,44,false
2024-09-05,organic,retail,medium,23996.2,Rep 5,Region West,Suite,4.04,false,80,true
2025-04-07,referral,retail,medium,30743.24,Rep 4,Region West,Standalone,5.31,false,64,true
2024-08-25,referral,healthcare,enterprise,143352.93,Rep 2,Region East,Standalone,19.37,true,66,true
2025-08-18,referral,finance,medium,27597.28,Rep 2,Region East,Suite,18.56,false,71,true
2025-03-25,paid,retail,medium,23726.83,Rep 4,Region South,Platform,17.71,true,23,false
2025-12-16,cold_call,retail,small,10631.56,Rep 8,Region East,Platform,14.52,false,50,false
2024-08-08,organic,finance,small,8380.35,Rep 3,Region East,Platform,15.86,false,18,true
2025-02-05,paid,retail,small,8347.95,Rep 6,Region West,Platform,6.37,false,44,false
2024-11-06,referral,manufacturing,small,7443.72,Rep 6,Region South,Platform,0.0,false,48,false
2024-01-16,webinar,retail,small,7376.34,Rep 8,Region Central,Platform,3.48,false,70,true
2024-08-21,webinar,healthcare,enterprise,132354.04,Rep 2,Region South,Platform,6.06,true,76,true
2024-08-02,referral,retail,large,74119.06,Rep 5,Region East,Platform,9.4,false,48,false
2025-10-30,cold_call,tech,medium,18898.64,Rep 8,Region Central,Suite,23.1,false,15,false
2024-04-30,cold_call,tech,small,7356.36,Rep 7,Region Central,Platform,20.68,true,77,false
2024-03-09,referral,finance,large,68887.2,Rep 5,Region East,Standalone,23.2,false,68,true
2025-05-22,organic,manufacturing,medium,27975.0,Rep 6,Region East,Platform,7.8,false,76,true
2025-03-17,cold_call,healthcare,small,5755.51,Rep 5,Region East,Platform,11.61,false,66,true
2025-04-12,cold_call,retail,enterprise,182276.44,Rep 2,Region South,Platform,10.68,false,88,true
2025-12-23,referral,finance,large,69980.34,Rep 7,Region East,Standalone,15.08,true,63,false
2024-08-06,cold_call,tech,small,8651.65,Rep 8,Region Central,Platform,5.81,false,20,false
2025-06-05,referral,finance,large,58939.0,Rep 2,Region East,Platform,4.72,true,58,false
2024-06-11,referral,retail,small,7885.67,Rep 6,Region Central,Platform,26.14,true,67,true
2025-11-24,webinar,tech,small,9035.23,Rep 4,Region West,Platform,10.22,true,89,true
2024-10-28,referral,healthcare,medium,28508.08,Rep 7,Region East,Suite,14.55,false,72,true
2025-01-25,paid,retail,small,8952.19,Rep 8,Region East,Platform,14.76,true,48,false
2024-12-04,webinar,tech,large,51134.74,Rep 2,Region West,Platform,10.06,false,55,false
2024-05-08,referral,finance,small,11061.91,Rep 7,Region East,Standalone,19.35,false,27,false
2025-03-29,cold_call,tech,small,7223.41,Rep 3,Region East,Platform,3.79,false,74,true
2025-04-27,cold_call,finance,large,53124.82,Rep 2,Region East,Platform,10.47,true,100,true
2025-08-26,organic,finance,small,5946.05,Rep 5,Region East,Platform,7.06,true,37,false
2024-07-24,cold_call,healthcare,medium,23534.78,Rep 2,Region Central,Platform,12.09,false,72,true
2025-08-10,referral,manufacturing,medium,28485.82,Rep 4,Region West,Standalone,3.42,false,46,false
2024-11-03,referral,retail,medium,25312.04,Rep 5,Region West,Platform,23.07,true,43,false
2025-08-29,cold_call,retail,medium,20071.97,Rep 2,Region West,Platform,0.0,false,52,true
2024-05-11,paid,healthcare,small,9975.24,Rep 2,Region South,Platform,13.74,false,51,false
2025-09-09,paid,tech,small,6819.14,Rep 5,Region Central,Platform,13.69,false,33,true
2025-09-19,referral,tech,medium,22745.53,Rep 8,Region South,Suite,24.07,false,70,true
2025-10-01,webinar,retail,medium,25020.74,Rep 1,Region Central,Suite,2.55,false,80,true
2024-04-08,paid,healthcare,large,65322.01,Rep 3,Region East,Suite,10.35,false,77,true
2025-01-15,webinar,finance,medium,28468.68,Rep 7,Region East,Standalone,9.4,true,56,false
2025-12-16,paid,tech,large,69846.8,Rep 1,Region South,Standalone,10.19,false,51,true
2025-10-12,paid,manufacturing,medium,25075.74,Rep 1,Region South,Suite,14.29,false,52,true
2025-07-11,webinar,manufacturing,medium,23667.12,Rep 2,Region East,Platform,9.11,true,54,false
2024-09-03,webinar,manufacturing,enterprise,151532.15,Rep 2,Region Central,Platform,10.21,true,71,true
2025-07-29,cold_call,healthcare,large,64627.15,Rep 7,Region South,Standalone,0.34,false,48,false
2025-05-01,referral,healthcare,medium,26548.58,Rep 8,Region South,Suite,3.1,false,100,true
2024-05-31,webinar,retail,small,10352.56,Rep 2,Region Central,Platform,17.37,true,57,false
2025-10-15,paid,healthcare,enterprise,110426.98,Rep 2,Region West,Platform,8.33,false,50,false
2024-04-22,organic,finance,large,61540.16,Rep 6,Region East,Platform,10.06,false,8,false
2024-12-26,organic,retail,small,8584.48,Rep 5,Region South,Platform,14.43,false,61,true
2024-04-07,webinar,tech,large,58076.32,Rep 5,Region East,Standalone,11.58,false,75,true
2024-08-30,webinar,tech,medium,26490.53,Rep 2,Region South,Platform,5.77,true,69,true
2024-02-18,webinar,tech,medium,23361.99,Rep 4,Region South,Platform,0.0,false,51,true
2024-12-13,referral,retail,medium,25864.01,Rep 1,Region East,Platform,0.0,false,25,true
2025-08-05,paid,finance,enterprise,123866.53,Rep 2,Region East,Standalone,16.06,false,45,false
2025-10-25,cold_call,tech,medium,21820.93,Rep 8,Region West,Standalone,12.28,false,29,false
2024-12-12,webinar,tech,small,7175.23,Rep 2,Region Central,Platform,31.83,false,59,false
2024-10-26,referral,tech,enterprise,135881.16,Rep 2,Region West,Standalone,5.92,false,97,true
2024-01-01,cold_call,tech,medium,31995.03,Rep 1,Region East,Platform,11.01,true,48,false
2025-01-11,cold_call,finance,small,9119.59,Rep 8,Region East,Platform,13.18,true,65,true
2024-07-28,organic,retail,medium,23113.87,Rep 4,Region Central,Standalone,3.58,false,44,false
2025-04-28,webinar,retail,large,54998.43,Rep 2,Region Central,Standalone,13.0,false,30,true
2024-02-29,cold_call,finance,medium,21649.7,Rep 7,Region East,Platform,10.65,false,67,true
2025-10-01,paid,tech,medium,19010.72,Rep 1,Region South,Suite,13.28,false,73,true
2024-04-13,referral,healthcare,small,7159.85,Rep 5,Region East,Platform,23.3,false,99,true
2025-07-14,referral,manufacturing,large,58994.81,Rep 8,Region West,Standalone,12.38,false,63,false
2024-04-22,referral,tech,small,9910.81,Rep 3,Region East,Platform,20.88,false,71,true
2025-10-04,webinar,tech,large,44960.25,Rep 5,Region East,Suite,20.62,false,32,true
2025-12-31,cold_call,retail,medium,27096.22,Rep 4,Region South,Platform,6.02,false,43,true
2024-01-26,webinar,healthcare,small,9183.66,Rep 6,Region South,Platform,11.82,false,67,true
2025-06-05,referral,manufacturing,large,55023.14,Rep 6,Region West,Platform,0.0,false,81,true
2025-10-11,referral,finance,large,44420.02,Rep 6,Region East,Platform,19.27,true,44,false
2025-03-03,organic,retail,medium,23793.92,Rep 4,Region East,Platform,17.49,false,64,false
2024-10-29,paid,manufacturing,enterprise,145978.42,Rep 2,Region West,Platform,13.44,true,64,false
2024-10-10,paid,tech,small,5718.14,Rep 6,Region West,Platform,19.66,true,71,true
2025-01-15,cold_call,retail,small,7861.71,Rep 1,Region East,Platform,11.72,false,58,true
2025-07-09,referral,retail,medium,23087.57,Rep 6,Region West,Suite,18.51,false,53,false
2025-03-20,cold_call,tech,large,65738.65,Rep 6,Region East,Suite,10.27,false,73,true
2025-01-24,referral,finance,small,9028.66,Rep 5,Region East,Platform,9.7,false,42,false
2024-06-15,webinar,healthcare,medium,21939.1,Rep 5,Region East,Suite,11.69,true,64,true
2025-11-18,cold_call,retail,large,66725.38,Rep 6,Region West,Standalone,14.0,false,36,false
2024-11-02,paid,healthcare,medium,33333.53,Rep 5,Region Central,Standalone,12.73,true,59,false
2025-01-20,webinar,finance,large,60537.32,Rep 7,Region East,Standalone,17.97,true,73,true
2024-08-03,referral,tech,medium,29893.9,Rep 3,Region Central,Suite,18.18,true,42,false
2025-11-27,cold_call,manufacturing,small,7727.19,Rep 4,Region East,Platform,6.25,false,85,true
2025-09-15,webinar,healthcare,large,63125.03,Rep 6,Region Central,Standalone,5.33,false,82,true
2025-03-24,cold_call,manufacturing,medium,23691.37,Rep 2,Region Central,Platform,13.92,false,39,true
2025-12-17,paid,tech,medium,27086.5,Rep 7,Region East,Suite,19.45,false,66,true
2024-07-06,cold_call,tech,small,10733.97,Rep 8,Region Central,Platform,8.71,true,34,false
2024-10-12,referral,finance,medium,22741.42,Rep 3,Region Central,Suite,8.08,false,67,true
2025-12-12,cold_call,healthcare,medium,28207.35,Rep 3,Region Central,Platform,15.86,false,34,false
2025-11-18,organic,tech,small,8957.46,Rep 8,Region South,Platform,13.01,true,60,false
2024-06-09,referral,healthcare,small,8749.33,Rep 2,Region Central,Platform,2.54,true,76,true
2024-11-29,organic,tech,small,9807.52,Rep 3,Region Central,Platform,11.36,true,53,false
2025-05-28,referral,manufacturing,medium,26808.42,Rep 2,Region West,Suite,10.95,true,100,true
2025-06-28,referral,tech,large,44947.64,Rep 6,Region West,Platform,23.01,false,22,true
2024-01-26,webinar,healthcare,medium,22602.79,Rep 2,Region West,Standalone,17.64,true,22,false
2024-05-05,referral,retail,medium,24978.03,Rep 3,Region East,Suite,13.5,true,17,false
2025-08-19,referral,tech,small,10120.22,Rep 3,Region South,Platform,19.73,false,28,false
2025-10-07,referral,manufacturing,medium,26981.27,Rep 6,Region East,Suite,11.93,false,43,true
2024-04-30,cold_call,tech,medium,18743.9,Rep 4,Region Central,Platform,21.65,true,56,false
2024-04-26,referral,finance,small,7107.28,Rep 7,Region South,Platform,6.09,false,47,false
2024-09-08,referral,manufacturing,large,70129.47,Rep 5,Region East,Suite,7.62,true,78,true
2025-05-31,referral,tech,small,5573.47,Rep 7,Region West,Platform,6.67,false,54,true
2025-05-09,cold_call,tech,small,6241.41,Rep 3,Region East,Platform,13.44,false,61,false
2024-02-20,paid,manufacturing,medium,22069.63,Rep 3,Region East,Standalone,17.16,false,48,true
2025-07-11,referral,retail,small,8921.84,Rep 8,Region Central,Platform,22.75,true,100,true
2024-02-20,cold_call,retail,medium,26782.25,Rep 6,Region Central,Suite,13.25,false,72,true
2024-03-13,organic,retail,medium,20870.31,Rep 2,Region West,Standalone,13.33,true,85,true
2025-05-13,referral,tech,medium,27960.57,Rep 1,Region East,Suite,13.21,false,64,true
2024-03-02,paid,finance,medium,21737.12,Rep 6,Region East,Standalone,13.6,false,29,true
2025-05-28,webinar,finance,medium,24187.12,Rep 1,Region East,Suite,25.27,false,67,true
2024-05-09,referral,manufacturing,small,8342.24,Rep 3,Region South,Platform,16.72,false,64,false
2025-01-13,cold_call,healthcare,medium,18422.68,Rep 7,Region East,Suite,15.17,false,55,true
2025-05-26,paid,healthcare,small,8678.82,Rep 2,Region West,Platform,2.79,true,43,false
2024-05-28,paid,retail,medium,26228.83,Rep 2,Region South,Suite,8.39,false,56,false
2024-01-30,referral,manufacturing,small,3749.02,Rep 7,Region South,Platform,5.18,false,90,false
2024-03-24,organic,tech,large,63267.93,Rep 4,Region Central,Platform,0.0,true,47,false
2025-01-22,cold_call,finance,small,8079.01,Rep 7,Region East,Platform,6.39,false,49,false
2025-04-13,referral,manufacturing,small,9407.25,Rep 2,Region East,Platform,24.52,true,75,true
2024-02-20,paid,tech,enterprise,142511.2,Rep 2,Region South,Platform,15.83,false,37,true
2024-07-08,organic,healthcare,medium,28962.97,Rep 6,Region South,Platform,8.17,true,78,true
2025-09-27,paid,finance,small,10208.62,Rep 4,Region East,Platform,5.24,true,62,false
2025-03-23,organic,manufacturing,small,7760.54,Rep 6,Region Central,Platform,6.07,false,35,true
2025-02-05,paid,manufacturing,enterprise,139599.53,Rep 2,Region West,Platform,7.91,true,85,true
2025-11-22,webinar,manufacturing,small,8030.15,Rep 2,Region East,Platform,5.92,true,82,true
2024-09-04,organic,manufacturing,medium,29790.2,Rep 7,Region South,Platform,18.19,true,91,true
2025-06-05,cold_call,healthcare,large,54749.75,Rep 4,Region East,Platform,9.61,true,49,false
2024-06-03,paid,finance,enterprise,162611.87,Rep 2,Region East,Platform,2.45,false,59,true
2025-05-18,paid,manufacturing,large,50391.01,Rep 5,Region South,Platform,0.76,false,86,true
2025-05-24,referral,healthcare,medium,28920.81,Rep 2,Region East,Suite,11.21,false,70,true
2025-02-05,organic,retail,large,69077.83,Rep 1,Region West,Platform,1.13,false,40,false
2025-07-08,webinar,tech,medium,27717.47,Rep 1,Region East,Platform,8.74,false,76,true
2025-07-08,referral,finance,large,59780.8,Rep 1,Region East,Standalone,18.84,false,35,true
2025-06-26,webinar,retail,small,6734.11,Rep 2,Region East,Platform,15.82,true,66,true
2025-07-21,paid,tech,medium,18358.85,Rep 1,Region Central,Standalone,9.37,false,47,false
2025-12-18,cold_call,finance,medium,20809.65,Rep 2,Region East,Platform,0.8,true,83,true
2024-07-26,webinar,finance,medium,21019.04,Rep 2,Region East,Platform,0.0,true,50,true
2024-08-19,cold_call,manufacturing,large,60608.4,Rep 3,Region East,Suite,18.37,false,48,false
2025-10-18,webinar,tech,large,36699.99,Rep 4,Region West,Platform,0.78,false,86,true
2025-09-11,organic,retail,large,60450.88,Rep 2,Region East,Standalone,14.7,false,25,false
2024-10-14,referral,retail,large,48324.71,Rep 8,Region Central,Standalone,13.92,false,65,true
2025-01-10,webinar,tech,large,54547.22,Rep 3,Region Central,Platform,11.31,false,53,false
2024-05-27,referral,retail,medium,31183.05,Rep 2,Region West,Standalone,8.85,true,75,true
2024-06-27,webinar,tech,large,67547.36,Rep 6,Region South,Suite,8.2,true,71,true
2024-02-19,webinar,retail,small,8726.28,Rep 5,Region Central,Platform,17.16,true,61,false
2025-03-14,paid,retail,large,55207.46,Rep 3,Region West,Suite,0.0,true,54,true
2025-05-08,referral,retail,small,9219.77,Rep 8,Region East,Platform,22.99,false,35,false
2025-10-01,webinar,manufacturing,medium,22599.41,Rep 4,Region Central,Suite,22.73,false,55,false
2024-05-15,referral,finance,enterprise,162385.6,Rep 2,Region East,Platform,6.71,true,70,true
2025-04-13,referral,retail,small,6131.4,Rep 5,Region East,Platform,23.21,true,75,true
2025-10-26,referral,healthcare,enterprise,181134.21,Rep 2,Region East,Platform,21.34,false,39,true
2025-12-08,referral,healthcare,small,9390.51,Rep 6,Region Central,Platform,33.2,true,66,true
2025-10-03,referral,retail,medium,19650.03,Rep 3,Region South,Standalone,9.97,false,40,true
2024-10-06,paid,finance,medium,22256.75,Rep 6,Region East,Platform,4.01,false,83,true
2025-04-03,referral,healthcare,small,9747.76,Rep 1,Region South,Platform,18.49,true,51,false
2024-08-10,paid,tech,medium,18168.1,Rep 7,Region East,Suite,22.5,true,51,false
2024-04-11,cold_call,manufacturing,large,50357.6,Rep 2,Region West,Suite,10.78,true,49,false
2024-08-09,referral,finance,medium,23861.57,Rep 4,Region East,Suite,23.95,false,68,true
2024-04-19,cold_call,tech,enterprise,193589.53,Rep 2,Region Central,Suite,12.78,false,36,false
2025-06-11,referral,manufacturing,large,46476.26,Rep 8,Region South,Standalone,6.96,false,49,false
2024-09-25,cold_call,finance,enterprise,145695.6,Rep 2,Region East,Standalone,26.16,true,65,true
2024-12-13,paid,finance,medium,26461.86,Rep 6,Region East,Platform,15.71,false,54,false
2025-01-30,referral,manufacturing,large,55255.95,Rep 1,Region Central,Platform,7.36,false,94,true
2025-08-10,referral,retail,medium,21120.86,Rep 3,Region Central,Platform,5.79,false,54,false
2024-11-18,cold_call,retail,large,65688.2,Rep 7,Region South,Suite,12.27,true,27,false
2025-06-07,organic,tech,enterprise,138891.47,Rep 2,Region Central,Suite,11.04,true,61,true
2024-05-12,webinar,tech,large,61169.09,Rep 3,Region Central,Suite,6.62,true,64,false
2024-10-31,referral,manufacturing,medium,24129.43,Rep 5,Region Central,Standalone,5.98,false,60,true
2024-05-24,organic,healthcare,medium,25890.07,Rep 5,Region East,Suite,15.64,false,44,false
2025-05-16,organic,finance,small,8562.99,Rep 6,Region East,Platform,0.0,false,44,false
2024-09-30,organic,retail,small,10347.01,Rep 5,Region Central,Platform,13.13,false,57,false
2024-05-27,cold_call,manufacturing,large,66432.31,Rep 6,Region Central,Suite,14.89,false,71,true
2025-02-04,webinar,retail,large,60408.43,Rep 6,Region East,Standalone,15.67,false,44,false
2024-03-09,paid,tech,enterprise,153268.07,Rep 2,Region East,Suite,2.68,false,34,false
2024-10-18,cold_call,healthcare,enterprise,124087.01,Rep 2,Region Central,Platform,0.0,true,65,true
2024-07-12,webinar,healthcare,large,60080.83,Rep 7,Region West,Platform,21.97,false,61,false
2024-08-25,webinar,manufacturing,medium,24901.48,Rep 5,Region West,Suite,13.86,true,47,true
2024-09-09,paid,manufacturing,small,7511.24,Rep 3,Region South,Platform,16.89,true,16,false
2024-02-15,organic,tech,large,53791.85,Rep 6,Region East,Standalone,13.46,false,80,true
2024-11-05,organic,finance,small,8399.63,Rep 1,Region East,Platform,7.78,true,53,true
2025-12-08,cold_call,tech,large,83877.1,Rep 3,Region West,Suite,6.95,true,68,true
2025-06-28,referral,finance,small,8891.99,Rep 7,Region East,Platform,1.85,true,24,true
2025-02-24,cold_call,retail,large,44922.52,Rep 3,Region South,Platform,0.0,true,50,true
2024-01-13,cold_call,tech,enterprise,176857.36,Rep 2,Region Central,Suite,3.38,false,31,false
2025-08-10,referral,finance,medium,28817.3,Rep 3,Region East,Suite,11.67,false,90,true
2024-09-26,cold_call,retail,small,6128.86,Rep 2,Region Central,Platform,12.05,false,70,true
2024-10-07,cold_call,manufacturing,small,8323.17,Rep 6,Region Central,Platform,29.67,false,70,true
2025-11-07,paid,retail,enterprise,171657.9,Rep 2,Region East,Platform,0.0,true,62,false
2024-01-23,referral,retail,large,57790.53,Rep 8,Region South,Standalone,19.0,true,70,true
2025-09-05,paid,finance,small,7584.17,Rep 7,Region East,Platform,1.86,false,70,true
2024-12-07,organic,retail,medium,26171.74,Rep 2,Region East,Platform,14.03,true,51,true
2024-05-12,referral,tech,large,75555.44,Rep 6,Region South,Standalone,18.33,true,68,true
2025-01-14,paid,tech,enterprise,122454.92,Rep 2,Region East,Standalone,15.68,true,78,true
2024-01-14,webinar,tech,large,64731.44,Rep 2,Region East,Standalone,15.21,false,67,true
2024-05-24,cold_call,finance,small,8511.95,Rep 6,Region East,Platform,3.06,true,82,false
2024-10-30,organic,tech,large,61886.31,Rep 8,Region East,Platform,12.94,false,79,true
2024-09-03,cold_call,finance,medium,28771.81,Rep 4,Region East,Suite,9.77,false,72,true
2025-01-14,paid,retail,small,9267.84,Rep 6,Region West,Platform,10.15,false,60,true
2025-03-26,referral,tech,small,8827.11,Rep 5,Region South,Platform,18.65,true,38,true
2025-11-17,paid,retail,medium,24164.64,Rep 6,Region Central,Standalone,3.08,true,64,false
2025-03-28,referral,finance,enterprise,138532.03,Rep 2,Region East,Standalone,8.92,true,28,false
2024-01-19,organic,healthcare,medium,20671.76,Rep 5,Region East,Standalone,4.59,false,50,false
2024-08-02,referral,tech,small,7837.7,Rep 6,Region South,Platform,3.87,false,77,true
2024-07-18,webinar,finance,large,62898.21,Rep 5,Region East,Suite,8.67,false,65,true
2024-09-26,referral,tech,small,5728.48,Rep 3,Region West,Platform,23.46,false,52,true
2024-05-21,webinar,finance,medium,29299.59,Rep 8,Region East,Standalone,14.21,false,31,false
2024-09-05,webinar,manufacturing,medium,25497.68,Rep 1,Region West,Standalone,9.99,false,49,false
2024-06-02,organic,healthcare,medium,20428.24,Rep 1,Region Central,Standalone,17.68,false,100,true
2025-06-28,paid,tech,medium,20013.58,Rep 7,Region East,Platform,14.14,false,66,false
2024-11-21,referral,retail,medium,29020.35,Rep 5,Region Central,Platform,11.58,false,53,true
2024-02-14,referral,retail,small,9796.13,Rep 7,Region Central,Platform,18.06,true,29,true
2024-02-25,referral,tech,small,7083.39,Rep 7,Region South,Standalone,1.62,false,29,false
2025-07-28,organic,tech,small,7975.69,Rep 6,Region South,Platform,0.27,false,96,true
2025-10-22,referral,tech,small,7183.7,Rep 6,Region South,Platform,10.01,true,82,true
2024-12-14,webinar,retail,medium,21742.18,Rep 7,Region South,Standalone,10.86,false,87,true
2024-05-11,paid,tech,large,76737.13,Rep 5,Region Central,Suite,10.55,false,63,false
2025-08-31,paid,finance,small,8372.05,Rep 8,Region East,Platform,11.45,true,69,true
2024-02-18,paid,healthcare,small,8680.24,Rep 8,Region South,Platform,6.0,false,43,false
2025-02-09,referral,retail,medium,20289.08,Rep 7,Region South,Suite,13.73,false,52,false
2024-11-16,cold_call,retail,medium,24177.72,Rep 4,Region East,Platform,13.8,false,40,true
2024-05-23,cold_call,manufacturing,small,8170.67,Rep 2,Region South,Platform,15.49,true,47,false
2024-02-23,cold_call,healthcare,small,8138.42,Rep 1,Region West,Platform,7.42,false,65,true
2024-03-07,cold_call,finance,large,47816.98,Rep 6,Region East,Suite,13.68,false,87,true
2025-10-14,cold_call,finance,medium,29720.71,Rep 7,Region East,Standalone,14.11,true,81,true
2025-10-30,webinar,tech,small,9703.89,Rep 2,Region South,Platform,24.51,true,38,false
2025-01-29,webinar,tech,large,74652.48,Rep 8,Region Central,Suite,0.0,false,44,true
2025-03-14,referral,tech,small,10108.43,Rep 7,Region South,Platform,15.4,false,38,true
2025-11-14,webinar,retail,small,10178.62,Rep 5,Region East,Platform,17.79,true,66,true
2024-03-21,referral,tech,medium,28273.57,Rep 8,Region West,Platform,17.97,true,52,false
2024-12-15,paid,tech,medium,28318.25,Rep 3,Region East,Suite,5.14,false,66,true
2024-09-17,organic,tech,small,9147.96,Rep 1,Region West,Platform,8.52,true,31,false
2024-03-10,webinar,healthcare,small,9431.14,Rep 6,Region West,Platform,16.06,false,53,false
2025-07-22,referral,healthcare,medium,20648.66,Rep 4,Region South,Platform,15.1,false,70,true
2025-07-13,cold_call,retail,medium,36219.27,Rep 5,Region West,Suite,13.7,false,69,true
2025-03-05,webinar,tech,enterprise,122982.1,Rep 2,Region West,Standalone,15.98,true,61,false
2025-07-26,webinar,retail,medium,25409.6,Rep 4,Region West,Suite,19.26,false,87,true
2024-06-13,paid,finance,large,63374.96,Rep 5,Region East,Standalone,9.38,false,40,false
2024-07-27,referral,retail,medium,23825.53,Rep 8,Region South,Platform,7.58,false,74,true
2024-08-20,paid,retail,medium,16767.42,Rep 1,Region East,Platform,17.81,true,52,false
2025-05-24,organic,tech,medium,21213.23,Rep 3,Region East,Suite,11.8,true,46,false
2025-08-14,cold_call,healthcare,small,7045.21,Rep 5,Region South,Platform,16.22,false,89,true
2025-12-10,webinar,finance,small,9543.53,Rep 1,Region East,Platform,15.25,true,63,false
2025-05-21,cold_call,manufacturing,medium,20613.9,Rep 5,Region West,Suite,16.35,false,57,false
2024-10-14,referral,retail,medium,25126.55,Rep 6,Region East,Platform,14.12,true,56,false
2025-11-23,referral,retail,large,52285.61,Rep 1,Region South,Platform,28.03,true,48,false
2024-05-08,paid,finance,medium,30748.58,Rep 3,Region East,Suite,9.14,true,89,true
2024-07-23,referral,retail,large,55107.5,Rep 1,Region West,Platform,14.95,true,77,true
2024-12-28,referral,finance,large,53508.34,Rep 5,Region West,Standalone,15.38,false,33,false
2025-11-30,paid,tech,medium,29508.85,Rep 7,Region South,Platform,15.37,false,54,true
2025-08-06,paid,manufacturing,enterprise,154130.21,Rep 2,Region Central,Platform,15.78,true,56,false
2024-09-29,cold_call,retail,small,5294.0,Rep 3,Region West,Platform,13.52,true,57,false
2024-04-10,cold_call,finance,small,10345.79,Rep 1,Region East,Platform,3.12,true,62,false
2024-05-18,organic,tech,small,6470.9,Rep 4,Region East,Platform,15.8,true,80,true
2025-12-17,organic,finance,small,8453.41,Rep 5,Region East,Platform,13.47,false,72,true
2025-02-14,cold_call,healthcare,enterprise,169448.95,Rep 3,Region Central,Suite,10.34,false,46,false
2024-02-26,organic,retail,medium,22199.79,Rep 8,Region South,Platform,1.09,false,83,true
2025-10-30,paid,retail,small,8647.3,Rep 6,Region East,Platform,10.29,false,66,true
2024-11-13,paid,healthcare,large,68423.99,Rep 8,Region Central,Suite,11.95,false,74,true
2024-01-04,cold_call,retail,large,61822.99,Rep 6,Region South,Standalone,15.4,true,41,true
2025-04-05,cold_call,tech,large,56782.28,Rep 8,Region South,Platform,9.26,true,46,false
2024-05-10,referral,manufacturing,small,8509.25,Rep 6,Region Central,Platform,20.08,true,74,true
2025-01-31,cold_call,finance,enterprise,131485.91,Rep 5,Region East,Suite,11.25,false,100,true
2024-12-19,paid,finance,enterprise,156361.37,Rep 2,Region East,Platform,15.93,false,66,true
2024-09-12,organic,healthcare,enterprise,155044.55,Rep 8,Region Central,Suite,5.72,true,86,true
2025-04-08,referral,tech,small,7203.54,Rep 8,Region West,Platform,9.69,false,36,false
2024-06-10,webinar,manufacturing,small,8233.45,Rep 4,Region Central,Platform,9.79,false,42,false
2025-12-19,cold_call,retail,medium,21617.16,Rep 7,Region East,Suite,4.88,false,50,false
2024-06-16,webinar,manufacturing,enterprise,138411.15,Rep 2,Region East,Platform,15.21,false,85,true
2024-07-18,referral,finance,small,9233.51,Rep 4,Region East,Platform,20.53,true,65,true
2024-03-05,organic,tech,large,62357.85,Rep 3,Region Central,Suite,7.13,false,48,false
2025-06-07,webinar,manufacturing,medium,25970.07,Rep 1,Region West,Suite,0.0,true,47,false
2025-05-16,webinar,retail,medium,19774.76,Rep 7,Region Central,Suite,16.01,false,76,true
2025-11-15,paid,healthcare,medium,20234.55,Rep 5,Region Central,Standalone,9.77,true,60,false
2024-01-17,paid,finance,large,55849.98,Rep 7,Region East,Platform,6.82,false,68,true
2024-11-04,referral,manufacturing,large,59541.48,Rep 1,Region Central,Suite,0.82,false,55,true
2025-09-05,referral,finance,enterprise,105358.0,Rep 3,Region East,Platform,22.83,false,65,true
2025-03-16,referral,tech,large,63828.02,Rep 7,Region Central,Platform,20.21,false,69,true
2025-02-12,organic,tech,large,66777.22,Rep 8,Region Central,Platform,6.17,false,82,false
2024-12-26,organic,retail,small,8158.91,Rep 6,Region West,Platform,10.72,false,58,true
2025-08-03,paid,retail,large,57763.43,Rep 8,Region West,Platform,11.88,true,66,true
2025-09-23,referral,tech,small,7418.2,Rep 1,Region West,Platform,1.28,false,83,true
2024-05-30,referral,retail,large,69041.08,Rep 8,Region Central,Suite,3.13,true,82,true
2024-04-15,webinar,retail,medium,27554.92,Rep 5,Region South,Suite,15.84,false,67,true
2025-05-08,paid,retail,large,68005.56,Rep 2,Region South,Suite,14.25,false,67,true
2024-09-18,cold_call,retail,small,11730.4,Rep 5,Region East,Platform,10.98,false,88,true
2025-03-23,referral,finance,large,28018.34,Rep 1,Region East,Standalone,7.35,true,99,true
2024-09-15,webinar,finance,medium,21588.62,Rep 5,Region East,Standalone,15.27,true,49,true
2025-10-15,referral,retail,large,53677.2,Rep 7,Region West,Standalone,15.6,true,77,true
2025-11-18,webinar,finance,small,4312.59,Rep 6,Region East,Platform,1.88,true,52,true
2025-11-05,referral,healthcare,small,5346.02,Rep 4,Region West,Platform,25.54,true,44,true
2024-05-14,cold_call,healthcare,medium,24347.4,Rep 5,Region Central,Suite,0.0,true,35,true
2025-12-26,organic,finance,medium,27657.18,Rep 7,Region East,Standalone,3.38,true,28,false
2025-06-28,paid,finance,large,50036.7,Rep 8,Region East,Suite,20.73,true,71,true
2025-05-19,referral,healthcare,small,8030.19,Rep 4,Region East,Platform,7.29,true,61,true
2024-12-27,cold_call,healthcare,large,65773.15,Rep 6,Region West,Platform,11.12,false,80,true
2024-01-16,cold_call,finance,enterprise,126369.36,Rep 2,Region East,Platform,14.41,false,57,false
2024-09-17,referral,healthcare,medium,25263.19,Rep 3,Region East,Platform,18.36,true,54,false
2024-10-06,cold_call,retail,large,48649.81,Rep 5,Region South,Suite,0.0,false,86,true
2024-08-28,organic,finance,medium,19185.66,Rep 7,Region East,Standalone,13.27,true,82,true
2024-02-22,referral,manufacturing,enterprise,189089.81,Rep 2,Region Central,Standalone,0.0,false,54,false
2024-02-26,cold_call,healthcare,small,9646.8,Rep 1,Region Central,Platform,12.34,true,57,true
2025-07-30,referral,retail,small,8749.74,Rep 1,Region Central,Platform,10.33,false,78,true
2024-11-30,webinar,healthcare,large,58944.96,Rep 8,Region East,Suite,19.88,false,64,false
2024-05-13,webinar,tech,medium,26422.05,Rep 2,Region East,Suite,5.46,false,76,true
2024-10-30,organic,manufacturing,medium,27846.28,Rep 1,Region Central,Standalone,8.91,false,35,false
2025-06-25,referral,retail,small,10354.39,Rep 6,Region East,Platform,0.0,true,48,true
2025-03-09,referral,retail,enterprise,150844.57,Rep 2,Region Central,Standalone,26.7,false,69,true
2024-11-20,organic,retail,large,65146.79,Rep 5,Region Central,Suite,9.13,false,50,true
2025-07-12,organic,manufacturing,large,60156.77,Rep 7,Region South,Suite,14.3,true,100,true
2024-05-01,paid,retail,small,7481.93,Rep 3,Region Central,Suite,1.16,true,36,false
2025-07-01,paid,manufacturing,small,9209.61,Rep 5,Region South,Platform,17.78,true,95,true
2025-04-16,paid,manufacturing,medium,25094.15,Rep 3,Region East,Platform,9.65,false,58,false
2025-04-26,paid,retail,medium,30352.11,Rep 1,Region East,Platform,9.06,false,67,true
2025-06-26,paid,healthcare,medium,23520.29,Rep 4,Region South,Suite,4.83,false,67,true
2025-07-31,cold_call,tech,small,7113.73,Rep 8,Region West,Platform,5.9,false,54,false
2024-05-19,organic,manufacturing,enterprise,178394.98,Rep 2,Region West,Platform,0.0,false,70,true
2025-01-02,webinar,finance,large,59735.9,Rep 3,Region East,Platform,17.75,false,61,true
2024-01-21,webinar,healthcare,large,83866.63,Rep 2,Region West,Standalone,0.0,true,67,true
2024-10-24,cold_call,healthcare,large,63134.45,Rep 7,Region South,Suite,6.33,true,77,true
2025-06-18,referral,finance,large,66449.07,Rep 4,Region East,Platform,19.79,false,42,false
2025-10-10,referral,retail,medium,22356.45,Rep 2,Region South,Platform,18.25,true,62,true
2024-11-24,organic,retail,medium,22216.93,Rep 7,Region East,Platform,5.73,false,71,true
2024-04-13,webinar,tech,large,53560.55,Rep 4,Region East,Standalone,5.59,false,34,true
2025-04-15,organic,tech,medium,28837.41,Rep 3,Region East,Suite,10.13,false,37,false
2024-11-14,cold_call,retail,small,5033.98,Rep 5,Region East,Platform,16.35,true,78,true
2025-04-25,webinar,manufacturing,medium,26610.21,Rep 1,Region East,Platform,14.87,true,43,true
2024-08-17,cold_call,finance,medium,20497.55,Rep 2,Region East,Suite,10.82,true,94,false
2024-01-08,referral,manufacturing,small,6739.44,Rep 7,Region West,Platform,9.2,false,72,true
2024-12-28,referral,tech,medium,18628.01,Rep 6,Region East,Suite,10.36,true,43,false
2025-12-14,webinar,tech,medium,29717.54,Rep 3,Region East,Suite,17.73,false,68,true
2024-05-07,webinar,retail,large,59524.85,Rep 6,Region Central,Platform,6.85,false,63,true
2024-09-10,paid,tech,medium,21652.57,Rep 6,Region East,Standalone,0.0,true,54,false
2025-10-05,paid,tech,large,64795.08,Rep 4,Region South,Suite,13.15,false,78,true
2024-09-07,referral,tech,large,59170.27,Rep 6,Region South,Suite,26.08,false,43,false
2025-08-26,webinar,manufacturing,large,55830.73,Rep 5,Region East,Suite,11.61,true,100,true
2025-11-08,referral,tech,enterprise,141774.0,Rep 6,Region West,Platform,19.73,false,70,true
2025-12-28,cold_call,retail,medium,27890.56,Rep 5,Region Central,Suite,0.0,true,48,true
2025-05-13,paid,manufacturing,large,57686.59,Rep 3,Region East,Suite,6.68,false,56,false
2025-11-20,cold_call,manufacturing,medium,20727.17,Rep 8,Region West,Standalone,16.5,false,57,false
2024-05-04,referral,healthcare,medium,25695.65,Rep 2,Region South,Suite,6.34,false,63,false
2025-11-11,paid,finance,small,6830.47,Rep 5,Region East,Platform,12.56,false,33,false
2025-05-10,paid,tech,small,7829.46,Rep 8,Region East,Platform,12.4,false,41,true
2024-12-03,referral,healthcare,small,6482.77,Rep 4,Region South,Platform,24.03,true,40,true
2024-10-02,paid,tech,medium,17447.59,Rep 3,Region South,Suite,9.57,false,55,false
2025-09-12,paid,retail,medium,29802.4,Rep 8,Region East,Standalone,5.31,false,62,true
2024-02-05,referral,finance,enterprise,162947.52,Rep 2,Region East,Platform,30.06,true,58,false
2025-12-21,referral,finance,small,9355.74,Rep 2,Region East,Platform,18.72,true,91,true
2025-02-03,referral,tech,large,64347.78,Rep 3,Region West,Platform,9.38,true,42,false
2024-09-22,webinar,manufacturing,medium,27211.58,Rep 7,Region East,Suite,13.09,false,55,false
2024-06-27,paid,finance,medium,22099.55,Rep 1,Region East,Suite,15.2,false,48,false
2024-09-01,referral,healthcare,large,70291.62,Rep 2,Region West,Standalone,19.99,false,20,false
2025-09-07,webinar,retail,small,8811.95,Rep 3,Region South,Platform,0.0,false,61,true
2024-06-24,cold_call,manufacturing,small,7773.45,Rep 5,Region South,Platform,6.2,false,52,false
2024-06-28,referral,manufacturing,medium,19249.66,Rep 7,Region Central,Suite,20.92,true,78,true
2024-01-14,referral,finance,medium,23540.14,Rep 1,Region East,Standalone,18.74,false,73,true
2025-01-29,referral,tech,medium,28702.13,Rep 6,Region East,Platform,4.16,true,97,true
2025-01-12,cold_call,tech,small,8345.05,Rep 3,Region East,Platform,19.1,false,100,true
2024-09-15,webinar,tech,large,42202.13,Rep 2,Region Central,Standalone,15.68,false,61,false
2024-12-15,paid,manufacturing,small,10444.41,Rep 8,Region South,Standalone,11.95,false,86,true
2025-03-08,webinar,tech,medium,23778.75,Rep 6,Region South,Platform,9.4,true,18,false
2024-12-27,organic,finance,large,62896.8,Rep 8,Region East,Standalone,8.86,false,61,true
2025-04-10,cold_call,retail,small,5569.74,Rep 6,Region West,Platform,0.0,false,14,false
2024-11-14,webinar,retail,small,7396.71,Rep 8,Region South,Platform,12.0,false,67,false
2025-11-19,webinar,manufacturing,small,8748.81,Rep 6,Region West,Platform,15.59,false,40,true
2025-07-22,referral,finance,enterprise,142936.2,Rep 2,Region East,Suite,21.19,false,59,false
2025-10-27,cold_call,tech,small,8993.37,Rep 3,Region East,Platform,15.23,false,52,false
2024-06-15,organic,retail,small,7976.74,Rep 7,Region West,Platform,17.46,false,69,true
2025-03-03,cold_call,retail,medium,23658.74,Rep 8,Region East,Suite,6.12,false,71,true
2025-08-17,paid,manufacturing,medium,20089.86,Rep 7,Region East,Platform,13.52,false,67,true
2024-12-24,paid,retail,medium,22184.3,Rep 1,Region West,Platform,9.5,false,35,false
2024-07-20,organic,retail,large,60848.64,Rep 2,Region South,Standalone,14.02,false,57,false
2024-08-01,paid,retail,large,61521.39,Rep 4,Region East,Standalone,7.4,true,77,true
2024-03-24,webinar,manufacturing,medium,33203.76,Rep 2,Region Central,Platform,16.19,false,93,true
2025-11-21,paid,retail,small,10704.48,Rep 4,Region East,Platform,2.12,false,42,false
2025-01-22,paid,manufacturing,small,8499.5,Rep 5,Region South,Platform,24.39,false,85,true
2025-05-12,webinar,finance,medium,27257.83,Rep 4,Region East,Platform,20.05,false,54,true
2025-11-08,webinar,tech,medium,28073.09,Rep 8,Region West,Suite,10.75,false,64,false
2024-03-24,referral,healthcare,large,62486.82,Rep 7,Region West,Standalone,19.31,false,65,true
2024-11-29,paid,tech,medium,19731.99,Rep 3,Region West,Suite,14.16,true,51,true
2025-05-04,cold_call,finance,small,8364.68,Rep 1,Region East,Platform,1.85,true,60,false
2025-03-26,paid,finance,small,6951.72,Rep 4,Region East,Platform,11.86,false,88,true
2024-09-15,referral,manufacturing,large,54924.3,Rep 8,Region West,Platform,20.44,false,71,true
2024-12-04,organic,manufacturing,enterprise,121164.62,Rep 2,Region East,Platform,14.52,false,52,true
2024-10-30,paid,healthcare,small,8809.69,Rep 3,Region Central,Platform,14.01,false,22,false
2024-06-18,referral,tech,enterprise,150532.34,Rep 2,Region West,Suite,8.57,false,79,true
2025-07-21,referral,healthcare,medium,20321.3,Rep 1,Region East,Platform,15.3,true,87,true
2025-06-13,referral,tech,large,52213.22,Rep 2,Region Central,Suite,31.79,true,84,true
2024-09-12,referral,tech,medium,22567.98,Rep 4,Region East,Platform,1.02,true,40,true
2025-11-13,referral,finance,small,9273.21,Rep 8,Region East,Platform,0.0,true,48,true
2025-04-24,webinar,healthcare,large,46657.5,Rep 3,Region East,Suite,13.26,false,13,false
2025-05-24,referral,healthcare,medium,29902.54,Rep 6,Region South,Suite,8.73,true,91,true
2024-08-27,webinar,manufacturing,medium,24956.19,Rep 3,Region South,Suite,12.85,false,62,false
2024-12-28,referral,tech,large,54767.7,Rep 5,Region South,Platform,17.8,false,91,true
2024-03-13,referral,tech,large,64710.96,Rep 6,Region West,Platform,10.22,false,45,true
2025-10-24,organic,retail,large,65836.31,Rep 1,Region Central,Suite,6.29,true,42,true
2025-04-24,referral,finance,medium,24565.86,Rep 6,Region East,Standalone,19.59,false,67,true
2024-07-30,cold_call,finance,medium,28929.25,Rep 4,Region East,Standalone,8.7,true,46,false
2025-10-15,cold_call,tech,enterprise,166418.5,Rep 2,Region East,Suite,6.2,true,70,true
2025-02-07,paid,tech,medium,22092.56,Rep 3,Region South,Standalone,3.83,false,47,false
2025-09-04,paid,retail,large,48983.89,Rep 7,Region East,Suite,8.96,true,82,true
2024-01-28,webinar,finance,medium,28088.04,Rep 5,Region East,Standalone,15.5,false,70,true
2025-06-05,cold_call,retail,small,9513.71,Rep 8,Region South,Platform,17.56,true,69,true
2025-10-18,referral,tech,large,49816.01,Rep 3,Region West,Standalone,0.54,false,31,true
2024-05-27,cold_call,manufacturing,large,52528.23,Rep 1,Region West,Suite,7.83,false,61,true
2025-11-21,webinar,finance,medium,26588.78,Rep 3,Region East,Suite,27.67,false,73,false
2024-12-27,referral,healthcare,medium,23194.32,Rep 6,Region South,Standalone,10.75,true,76,true
2024-09-19,webinar,retail,medium,21886.05,Rep 1,Region East,Standalone,6.6,false,35,false
2025-02-01,cold_call,retail,small,6914.69,Rep 8,Region East,Platform,11.05,false,58,false
2024-01-27,referral,finance,small,9499.69,Rep 3,Region East,Platform,13.18,false,35,false
2024-10-17,organic,manufacturing,small,7364.19,Rep 1,Region East,Platform,7.68,false,67,true
2024-01-11,referral,healthcare,medium,31456.03,Rep 2,Region West,Standalone,19.87,true,33,false
2025-03-09,cold_call,retail,small,8361.36,Rep 6,Region Central,Platform,16.63,true,63,false
2025-06-27,organic,finance,large,48558.41,Rep 3,Region East,Standalone,10.62,false,94,true
2024-12-20,referral,finance,medium,25023.41,Rep 8,Region East,Standalone,4.34,true,82,true
2025-08-09,cold_call,retail,large,81001.82,Rep 4,Region South,Standalone,17.85,false,40,true
2025-02-14,referral,finance,small,7197.69,Rep 8,Region East,Platform,18.32,false,50,false
2024-12-25,organic,tech,small,7775.35,Rep 1,Region West,Platform,10.59,true,52,false
2024-07-29,webinar,retail,medium,28078.99,Rep 5,Region West,Platform,0.0,true,78,true
2024-02-20,paid,healthcare,enterprise,123205.54,Rep 2,Region South,Suite,15.27,false,67,true
2024-02-20,webinar,retail,small,9525.2,Rep 1,Region South,Platform,14.22,false,37,false
2025-03-28,referral,retail,large,54001.82,Rep 3,Region Central,Platform,15.48,false,75,true
2024-12-31,organic,tech,medium,27567.35,Rep 6,Region West,Standalone,9.35,false,67,true
2025-01-22,cold_call,retail,small,6965.31,Rep 8,Region Central,Platform,6.56,false,24,true
2024-12-31,cold_call,finance,enterprise,164010.29,Rep 2,Region East,Platform,17.32,true,45,true
2024-11-06,paid,tech,large,49486.46,Rep 7,Region West,Platform,4.39,true,80,true
2024-04-26,cold_call,finance,small,4371.9,Rep 6,Region East,Platform,9.86,false,64,false
2025-12-06,referral,retail,medium,23484.92,Rep 7,Region West,Standalone,7.56,true,60,false
2024-12-22,paid,healthcare,medium,21072.95,Rep 4,Region West,Standalone,13.63,false,40,true
2024-09-28,cold_call,retail,small,10617.96,Rep 1,Region East,Platform,3.22,true,74,true
2024-06-22,referral,finance,large,54299.19,Rep 3,Region East,Suite,16.97,false,72,true
2024-03-15,cold_call,tech,enterprise,104387.2,Rep 2,Region East,Suite,3.02,true,71,true
2025-03-26,referral,manufacturing,small,8990.86,Rep 2,Region West,Platform,19.77,false,63,false
2025-11-06,paid,finance,medium,25034.84,Rep 4,Region East,Suite,18.46,false,63,false
2025-02-22,cold_call,finance,large,63144.64,Rep 2,Region East,Suite,6.84,true,48,false
2024-12-23,cold_call,finance,medium,27743.46,Rep 5,Region East,Standalone,6.41,false,87,true
2025-10-17,webinar,tech,small,5823.52,Rep 6,Region West,Platform,7.47,true,52,false
2025-09-01,referral,healthcare,small,8959.92,Rep 2,Region South,Platform,18.29,true,79,true
2024-04-11,paid,tech,large,48316.4,Rep 7,Region Central,Platform,9.83,false,98,true
2025-08-23,organic,healthcare,small,9877.05,Rep 2,Region South,Platform,0.0,true,52,false
2024-07-17,cold_call,tech,small,10375.79,Rep 5,Region South,Platform,11.11,true,93,true
2024-12-16,organic,retail,small,11283.63,Rep 5,Region South,Platform,7.71,false,53,false
2025-05-20,cold_call,finance,enterprise,183504.63,Rep 2,Region East,Suite,11.05,true,72,true
2024-05-19,paid,manufacturing,small,8966.27,Rep 3,Region West,Platform,27.75,false,64,false
2025-06-09,cold_call,finance,small,7027.69,Rep 4,Region South,Platform,8.98,true,36,true
2024-02-18,cold_call,tech,enterprise,180162.22,Rep 2,Region West,Platform,9.6,false,75,true
2024-12-30,referral,tech,enterprise,128996.62,Rep 2,Region South,Platform,17.64,false,48,false
2024-10-20,organic,tech,large,49157.53,Rep 2,Region South,Platform,16.37,true,40,false
2025-03-20,paid,manufacturing,medium,23889.12,Rep 8,Region West,Platform,9.48,true,38,false
2024-08-31,referral,retail,large,43659.04,Rep 6,Region South,Suite,8.21,false,57,false
2025-12-24,paid,tech,medium,26182.99,Rep 1,Region West,Platform,12.93,true,93,true
2025-02-02,webinar,finance,large,49620.16,Rep 4,Region East,Platform,5.2,false,68,true
2025-04-23,referral,finance,medium,23314.85,Rep 7,Region South,Suite,19.44,true,63,true
2024-05-11,referral,retail,small,8841.68,Rep 5,Region South,Platform,16.08,false,63,false
2025-12-13,organic,tech,medium,25676.85,Rep 3,Region Central,Standalone,14.72,false,98,true
2025-12-20,referral,finance,small,5594.02,Rep 6,Region East,Platform,20.46,false,43,true
2024-10-28,referral,finance,large,61676.18,Rep 1,Region East,Suite,19.39,false,45,false
2025-02-12,referral,retail,enterprise,146679.83,Rep 2,Region South,Platform,30.4,false,96,true
2025-01-02,referral,healthcare,small,8899.31,Rep 5,Region East,Platform,23.62,true,100,true
2024-11-29,organic,tech,medium,24725.66,Rep 6,Region Central,Platform,11.68,false,72,true
2025-10-31,paid,tech,medium,18513.92,Rep 4,Region South,Suite,6.92,false,46,true
2025-03-18,webinar,finance,medium,28195.31,Rep 1,Region East,Platform,13.99,false,56,false
2024-04-13,webinar,retail,medium,25613.92,Rep 1,Region South,Platform,0.0,false,23,false
2024-11-23,referral,manufacturing,large,40509.17,Rep 6,Region East,Suite,22.03,true,37,true
2024-01-15,paid,retail,medium,24663.91,Rep 6,Region West,Platform,19.74,false,54,false
2024-05-30,cold_call,tech,medium,21254.16,Rep 8,Region South,Standalone,14.02,false,58,false
2024-03-11,organic,tech,large,54103.18,Rep 7,Region East,Standalone,9.75,true,82,true
2024-05-09,referral,tech,enterprise,177040.23,Rep 2,Region South,Standalone,12.7,false,92,true
2025-08-22,webinar,manufacturing,small,8936.03,Rep 1,Region West,Platform,10.15,false,19,false
2025-09-08,referral,retail,small,6580.93,Rep 7,Region South,Platform,2.27,false,79,true
2024-05-27,cold_call,finance,small,6619.38,Rep 2,Region East,Platform,0.0,true,70,true
2024-12-16,organic,tech,medium,17560.72,Rep 8,Region East,Standalone,0.0,false,11,false
2025-07-16,organic,finance,medium,24788.53,Rep 7,Region East,Standalone,11.4,true,47,false
2024-02-07,organic,finance,small,9824.93,Rep 7,Region Central,Platform,0.0,true,42,false
2024-05-30,webinar,tech,enterprise,139802.15,Rep 2,Region East,Suite,11.36,false,33,false
2025-07-17,cold_call,retail,medium,26365.1,Rep 1,Region Central,Suite,7.12,false,30,true
2024-01-29,referral,retail,medium,28392.65,Rep 3,Region East,Standalone,18.41,true,57,false
2024-09-27,webinar,tech,enterprise,162867.46,Rep 5,Region East,Suite,24.67,false,61,false
2025-08-22,referral,healthcare,large,51745.1,Rep 1,Region West,Standalone,4.92,false,65,true
2025-03-31,webinar,tech,medium,26706.27,Rep 5,Region Central,Suite,7.29,true,84,true
2025-05-05,cold_call,manufacturing,small,7139.17,Rep 8,Region South,Platform,15.6,false,25,false
2024-12-13,referral,finance,medium,21397.71,Rep 6,Region East,Suite,5.86,false,76,true
2025-02-13,webinar,finance,small,7451.74,Rep 4,Region East,Platform,6.22,true,96,true
2024-11-11,paid,finance,small,6353.27,Rep 7,Region East,Platform,16.41,false,28,false
2025-04-04,paid,tech,large,70257.25,Rep 5,Region South,Platform,0.0,true,35,false
2024-04-13,cold_call,tech,large,55146.03,Rep 7,Region East,Suite,5.93,true,40,true
2025-12-17,webinar,retail,medium,27820.79,Rep 1,Region East,Suite,7.17,false,46,true
2025-09-09,cold_call,retail,medium,22093.3,Rep 3,Region South,Platform,12.93,false,86,true
2024-07-29,webinar,retail,small,6731.42,Rep 4,Region West,Platform,11.16,false,49,true
2025-12-11,paid,manufacturing,small,10308.73,Rep 2,Region East,Platform,8.72,true,58,false
2025-02-06,referral,finance,small,4074.15,Rep 7,Region East,Platform,13.72,false,45,false
2025-09-19,paid,finance,medium,22067.71,Rep 8,Region East,Platform,13.09,true,69,true
2024-07-07,referral,tech,small,8899.54,Rep 5,Region West,Platform,2.98,false,54,true
2025-06-30,organic,finance,large,57904.99,Rep 5,Region East,Platform,10.55,false,77,true
2025-03-21,referral,tech,large,51507.42,Rep 1,Region South,Standalone,22.58,false,90,true
2025-03-03,cold_call,healthcare,enterprise,151901.08,Rep 2,Region South,Platform,18.97,true,17,false
2024-03-01,referral,healthcare,large,54111.61,Rep 5,Region Central,Standalone,20.0,true,39,false
2025-09-30,paid,finance,medium,20538.66,Rep 1,Region East,Platform,0.0,false,54,false
2025-07-14,referral,tech,small,7562.0,Rep 4,Region Central,Platform,2.22,true,44,true
2025-03-01,referral,tech,large,74212.51,Rep 3,Region East,Platform,0.0,false,72,true
2024-07-16,paid,retail,medium,27798.29,Rep 2,Region West,Suite,7.14,false,89,true
2025-12-25,webinar,healthcare,enterprise,121941.59,Rep 2,Region Central,Standalone,8.34,true,54,true
2025-07-13,paid,finance,large,69700.17,Rep 2,Region East,Standalone,13.16,false,42,false
2025-09-15,webinar,healthcare,large,58502.94,Rep 7,Region Central,Suite,10.95,false,52,true
2024-09-12,cold_call,finance,medium,33330.59,Rep 3,Region East,Standalone,16.13,false,83,true
2025-02-15,organic,retail,medium,21752.5,Rep 3,Region South,Suite,7.46,false,45,true
2025-06-10,cold_call,finance,medium,29309.47,Rep 8,Region East,Platform,5.17,false,19,true
2024-11-21,cold_call,healthcare,small,8116.06,Rep 7,Region Central,Platform,4.12,false,94,true
2025-10-29,organic,retail,medium,30613.69,Rep 8,Region West,Suite,10.35,true,61,false
2025-04-27,paid,retail,enterprise,118708.7,Rep 2,Region South,Platform,24.09,false,57,false
2025-08-16,cold_call,tech,large,49515.4,Rep 1,Region East,Suite,6.52,false,44,false
2024-12-18,referral,healthcare,small,7970.72,Rep 1,Region South,Platform,28.0,false,55,true
2025-03-20,organic,tech,small,9438.09,Rep 2,Region South,Platform,6.8,false,67,true
2024-03-09,webinar,tech,medium,23001.18,Rep 6,Region East,Suite,4.47,false,36,false
2025-10-26,cold_call,manufacturing,large,44955.08,Rep 2,Region Central,Standalone,12.12,false,58,false
2024-11-03,referral,healthcare,medium,26817.84,Rep 5,Region Central,Platform,17.4,false,59,false
2024-03-28,webinar,manufacturing,large,51525.54,Rep 7,Region Central,Platform,1.51,false,39,true
2024-06-22,webinar,healthcare,small,7038.78,Rep 8,Region East,Platform,10.84,true,60,true
2025-08-09,paid,finance,medium,22959.99,Rep 5,Region East,Standalone,15.66,false,98,false
2025-09-11,cold_call,healthcare,large,58780.5,Rep 2,Region Central,Suite,14.0,false,62,false
2024-03-24,referral,retail,small,5355.74,Rep 2,Region South,Platform,20.65,true,49,true
2024-09-10,webinar,finance,enterprise,159784.87,Rep 2,Region East,Platform,16.36,true,70,true
2025-04-08,referral,tech,small,7158.91,Rep 8,Region West,Platform,5.45,true,24,false
2024-09-25,referral,retail,medium,21055.54,Rep 8,Region South,Standalone,21.05,false,45,false
2024-01-16,referral,healthcare,medium,24499.51,Rep 3,Region East,Suite,21.49,false,53,true
2025-10-16,webinar,tech,small,7189.45,Rep 7,Region Central,Platform,5.99,false,76,true
2024-09-26,webinar,tech,large,80134.56,Rep 7,Region South,Standalone,8.96,false,44,false
2024-02-09,organic,tech,medium,24806.92,Rep 3,Region East,Standalone,3.71,true,95,false
2025-04-27,referral,manufacturing,medium,33487.97,Rep 6,Region West,Suite,23.35,false,49,false
2025-10-16,referral,finance,small,9939.35,Rep 5,Region East,Platform,25.79,true,20,true
2024-03-12,organic,retail,medium,28978.72,Rep 1,Region West,Standalone,5.94,true,16,false
2025-06-20,referral,finance,enterprise,147021.63,Rep 2,Region East,Platform,5.67,false,21,false
2024-10-07,webinar,retail,medium,31704.62,Rep 8,Region Central,Platform,0.0,false,62,true
2024-06-25,webinar,retail,medium,20729.93,Rep 2,Region South,Standalone,13.13,false,25,true
2024-07-28,organic,retail,medium,18175.17,Rep 5,Region West,Standalone,9.37,false,70,true
2025-03-11,referral,tech,small,5447.37,Rep 6,Region Central,Platform,20.18,false,54,false
2024-12-14,referral,tech,large,71752.46,Rep 4,Region Central,Platform,13.5,false,66,true
2025-08-19,organic,manufacturing,small,8647.5,Rep 6,Region South,Platform,0.0,false,40,true
2024-11-08,organic,healthcare,small,8264.13,Rep 2,Region West,Platform,14.95,false,93,true
2024-07-27,referral,retail,small,7986.04,Rep 8,Region West,Platform,26.61,true,86,true
2024-12-02,webinar,manufacturing,enterprise,170677.85,Rep 2,Region Central,Standalone,16.94,false,53,true
2025-07-13,organic,finance,small,7493.21,Rep 1,Region East,Platform,3.09,true,51,false
2025-02-09,cold_call,finance,medium,27672.74,Rep 4,Region East,Standalone,0.0,true,78,true
2025-06-30,referral,tech,large,69449.19,Rep 4,Region South,Platform,19.33,true,80,true
2025-07-19,referral,tech,medium,26621.86,Rep 6,Region South,Platform,30.04,true,59,false
2025-10-06,referral,tech,medium,25812.36,Rep 5,Region West,Suite,20.5,true,36,false
2025-01-03,organic,tech,small,8060.76,Rep 1,Region West,Platform,0.0,true,40,true
2025-03-07,cold_call,manufacturing,enterprise,130091.38,Rep 2,Region Central,Standalone,7.91,false,72,true
2024-09-06,referral,manufacturing,medium,33646.73,Rep 2,Region West,Standalone,15.74,false,48,true
2024-05-30,paid,retail,small,8550.78,Rep 1,Region Central,Platform,0.0,false,49,true
2024-12-19,referral,finance,large,60983.8,Rep 2,Region East,Platform,19.58,false,62,false
2025-10-01,cold_call,finance,large,81763.65,Rep 5,Region East,Suite,8.08,false,83,true
2024-06-13,webinar,retail,medium,27833.6,Rep 1,Region South,Standalone,14.09,false,30,false
2024-12-29,cold_call,healthcare,small,10223.01,Rep 1,Region West,Platform,15.89,true,34,false
2025-05-11,referral,tech,small,6215.56,Rep 3,Region South,Platform,25.66,false,54,true
2025-05-28,cold_call,finance,small,5385.93,Rep 8,Region East,Platform,21.31,false,84,true
2024-10-23,referral,manufacturing,medium,27814.97,Rep 4,Region Central,Platform,25.03,false,56,false
2024-10-11,webinar,tech,large,63031.7,Rep 4,Region Central,Standalone,17.18,false,84,true
2025-08-14,webinar,finance,medium,29326.92,Rep 7,Region East,Standalone,28.16,false,79,true
2024-11-12,organic,manufacturing,small,8760.67,Rep 3,Region West,Platform,9.0,false,65,true
2025-10-24,cold_call,healthcare,enterprise,171192.17,Rep 2,Region Central,Platform,16.15,true,41,false
2024-11-13,webinar,tech,medium,24746.82,Rep 4,Region South,Platform,16.63,true,47,false
2024-12-10,paid,healthcare,small,9234.74,Rep 2,Region South,Platform,0.0,false,53,false
2025-05-01,organic,healthcare,small,6190.3,Rep 7,Region East,Platform,0.0,false,69,true
2024-11-24,referral,finance,medium,23212.49,Rep 4,Region East,Suite,1.16,false,19,true
2024-12-20,referral,finance,medium,24084.28,Rep 7,Region East,Standalone,23.05,false,68,true
2025-12-11,organic,tech,small,7024.84,Rep 4,Region West,Platform,11.15,false,19,true
2025-04-13,organic,tech,large,43956.54,Rep 1,Region Central,Standalone,1.03,false,52,false
2025-09-07,organic,retail,small,7880.41,Rep 5,Region South,Platform,12.87,false,100,true
2025-11-04,paid,manufacturing,large,71903.4,Rep 6,Region Central,Suite,16.38,true,63,false
2024-09-09,referral,healthcare,medium,21446.66,Rep 5,Region West,Suite,11.57,false,63,false
2024-06-12,cold_call,tech,medium,20570.52,Rep 4,Region South,Suite,27.19,true,28,false
2024-11-23,webinar,tech,medium,29660.12,Rep 2,Region East,Suite,20.03,false,86,true
2025-07-02,paid,retail,medium,23374.28,Rep 8,Region East,Standalone,13.77,false,74,true
2025-09-04,organic,finance,large,65382.96,Rep 4,Region East,Standalone,13.41,false,50,true
2024-08-06,webinar,manufacturing,medium,22212.88,Rep 2,Region South,Standalone,5.59,false,81,true
2024-08-30,referral,retail,small,5157.29,Rep 1,Region South,Platform,18.54,false,67,true
2025-09-02,webinar,retail,small,8123.22,Rep 2,Region West,Platform,17.34,true,65,true
2025-09-08,organic,retail,enterprise,159706.54,Rep 2,Region Central,Platform,6.86,false,92,true
2024-05-13,cold_call,finance,small,8411.93,Rep 4,Region West,Platform,13.6,false,35,false
2025-02-24,referral,manufacturing,medium,26542.12,Rep 3,Region Central,Platform,17.82,false,99,true
2024-11-06,paid,healthcare,large,60956.16,Rep 7,Region East,Standalone,16.54,false,29,false
2025-09-11,webinar,retail,small,9127.89,Rep 1,Region East,Platform,4.05,true,91,true
2025-06-19,referral,retail,medium,22035.39,Rep 6,Region East,Platform,6.42,false,76,true
2024-01-26,organic,finance,medium,28760.24,Rep 4,Region East,Suite,20.81,false,77,true
2025-09-03,referral,manufacturing,large,60610.93,Rep 1,Region South,Platform,18.6,true,73,true
2025-12-22,organic,finance,small,5597.74,Rep 6,Region East,Platform,22.95,false,30,false
2025-06-02,cold_call,finance,small,7213.69,Rep 1,Region East,Platform,9.19,false,100,true
2025-08-12,referral,manufacturing,medium,20599.94,Rep 1,Region South,Standalone,25.95,false,49,true
2024-07-19,webinar,healthcare,medium,23267.84,Rep 7,Region West,Standalone,0.0,false,67,true
2024-06-08,referral,tech,enterprise,168015.63,Rep 2,Region West,Suite,4.18,false,26,false
2025-07-08,cold_call,healthcare,medium,23513.21,Rep 1,Region East,Platform,26.54,true,57,false
2025-11-01,organic,retail,medium,26914.97,Rep 4,Region West,Platform,11.86,true,71,true
2025-07-19,paid,retail,medium,27772.11,Rep 5,Region East,Standalone,15.65,false,54,true
2025-09-08,webinar,tech,large,56508.4,Rep 5,Region West,Standalone,10.01,false,66,true
2024-05-11,referral,healthcare,large,69283.19,Rep 2,Region West,Standalone,21.57,false,90,true
2025-09-20,referral,finance,medium,20497.31,Rep 1,Region East,Standalone,20.0,false,63,false
2024-12-14,referral,healthcare,large,39698.07,Rep 1,Region West,Suite,20.72,true,44,false
2025-12-14,cold_call,retail,medium,29937.12,Rep 1,Region South,Suite,8.85,false,63,false
2025-10-24,webinar,healthcare,medium,23999.68,Rep 4,Region South,Suite,10.09,true,93,false
2025-03-31,referral,finance,small,8421.38,Rep 1,Region East,Platform,3.28,false,63,false
2025-08-30,cold_call,finance,small,6209.52,Rep 1,Region East,Platform,20.05,false,74,true
2025-09-01,cold_call,healthcare,large,60604.61,Rep 2,Region Central,Platform,7.66,true,53,false
2024-06-23,cold_call,finance,medium,28351.0,Rep 7,Region East,Standalone,19.08,false,47,false
2025-09-01,cold_call,retail,medium,27867.55,Rep 4,Region East,Platform,17.87,false,68,true
2024-09-18,webinar,finance,medium,26643.58,Rep 8,Region East,Suite,4.01,false,71,true
2025-01-06,referral,finance,small,10577.48,Rep 2,Region East,Platform,13.51,true,46,false
2025-06-28,organic,retail,small,7311.34,Rep 4,Region West,Platform,22.68,false,28,true
2024-08-30,cold_call,finance,small,8449.96,Rep 7,Region East,Platform,16.0,false,62,false
2025-06-11,cold_call,tech,large,72355.46,Rep 5,Region West,Platform,14.88,true,44,false
2024-02-09,webinar,retail,medium,23154.76,Rep 4,Region West,Platform,13.54,false,46,true
2024-12-17,referral,tech,medium,24123.37,Rep 4,Region West,Standalone,11.75,false,52,true
2024-03-16,organic,healthcare,large,46331.74,Rep 5,Region East,Platform,0.0,true,49,false
2024-01-05,cold_call,finance,medium,28692.73,Rep 6,Region East,Platform,10.53,false,78,true
2024-04-02,referral,manufacturing,small,6571.68,Rep 4,Region South,Platform,16.3,true,73,true
2024-12-27,cold_call,tech,small,6045.73,Rep 4,Region West,Platform,0.0,true,82,true
2025-12-14,webinar,retail,small,8267.3,Rep 4,Region Central,Platform,14.98,false,62,true
2024-01-16,referral,finance,small,9795.67,Rep 2,Region East,Platform,15.26,true,38,false
2024-09-24,webinar,retail,enterprise,168905.32,Rep 2,Region East,Suite,12.96,false,34,false
2025-05-31,referral,manufacturing,medium,24338.63,Rep 1,Region South,Suite,15.18,false,80,false
2025-11-24,referral,retail,large,75834.46,Rep 7,Region Central,Platform,9.88,false,60,false
2025-08-03,paid,tech,medium,19681.13,Rep 3,Region Central,Suite,9.96,true,57,true
2025-08-20,webinar,tech,medium,24681.38,Rep 8,Region South,Suite,7.36,true,64,false
2025-10-15,organic,healthcare,large,48316.26,Rep 5,Region West,Suite,8.26,true,64,false
2024-07-19,paid,retail,medium,25741.77,Rep 3,Region South,Platform,12.12,false,69,true
2024-11-08,referral,retail,small,9082.6,Rep 1,Region Central,Platform,20.66,true,96,true
2025-01-09,organic,finance,large,65674.07,Rep 5,Region East,Standalone,17.88,true,83,true
2024-02-23,webinar,tech,small,9940.55,Rep 2,Region South,Platform,20.66,false,44,false
2024-01-24,cold_call,finance,large,58288.86,Rep 1,Region East,Standalone,6.07,false,77,true
2025-06-19,referral,tech,medium,20186.02,Rep 1,Region Central,Platform,20.54,false,71,true
2024-08-28,organic,manufacturing,large,64106.0,Rep 4,Region South,Suite,0.0,true,61,true
2024-09-20,paid,healthcare,enterprise,141580.77,Rep 2,Region South,Suite,0.0,false,58,false
2025-07-23,cold_call,finance,medium,27143.55,Rep 7,Region East,Suite,15.68,false,69,true
2025-02-24,referral,tech,medium,22850.4,Rep 5,Region East,Standalone,8.16,false,84,true
2024-10-25,referral,tech,medium,27221.08,Rep 8,Region Central,Standalone,12.0,true,62,false
2024-04-19,organic,tech,small,9484.64,Rep 5,Region West,Suite,3.5,true,31,true
2024-01-10,referral,retail,medium,24509.53,Rep 4,Region South,Standalone,17.06,true,43,false
2024-12-22,referral,tech,large,82575.91,Rep 7,Region Central,Standalone,0.0,true,71,true
2025-05-24,cold_call,retail,small,8985.47,Rep 6,Region Central,Platform,20.83,true,68,true
2025-03-26,cold_call,retail,small,8620.24,Rep 7,Region Central,Platform,9.24,false,47,false
2024-10-14,referral,tech,large,55643.94,Rep 7,Region West,Standalone,23.12,false,52,false
2025-06-08,cold_call,healthcare,small,7068.07,Rep 4,Region Central,Platform,12.26,false,73,true
2024-04-15,referral,finance,enterprise,140902.89,Rep 2,Region East,Standalone,20.89,false,80,true
2025-12-17,referral,retail,medium,29593.09,Rep 8,Region West,Suite,10.25,true,51,false
2025-01-24,webinar,tech,medium,25042.86,Rep 4,Region Central,Suite,11.34,true,50,false
2024-10-22,organic,tech,large,69148.71,Rep 2,Region West,Platform,11.36,false,43,false
2024-12-01,cold_call,retail,small,6646.72,Rep 6,Region West,Platform,12.96,false,6,true
2024-07-23,referral,manufacturing,large,60201.7,Rep 8,Region East,Standalone,11.07,true,37,false
2024-09-19,paid,manufacturing,enterprise,157944.87,Rep 2,Region East,Standalone,7.17,false,69,true
2025-06-01,webinar,retail,small,9382.39,Rep 5,Region East,Platform,7.84,false,76,true
2025-03-27,paid,tech,enterprise,162195.43,Rep 2,Region Central,Standalone,6.19,true,73,true
2024-01-07,cold_call,healthcare,medium,22867.91,Rep 5,Region East,Platform,0.0,false,43,false
2025-01-21,organic,retail,small,9064.3,Rep 8,Region East,Platform,11.89,false,57,false
2025-05-26,referral,tech,medium,28434.28,Rep 6,Region Central,Standalone,2.99,false,85,true
2025-06-19,organic,retail,large,67071.55,Rep 7,Region Central,Platform,13.7,true,35,false
2025-05-14,referral,manufacturing,small,8478.91,Rep 7,Region Central,Platform,21.83,false,73,true
2024-09-11,referral,manufacturing,large,69237.64,Rep 5,Region South,Suite,12.49,true,94,true
2025-10-29,cold_call,retail,medium,30485.23,Rep 8,Region Central,Standalone,4.5,false,61,false
2025-01-19,referral,tech,medium,25181.95,Rep 6,Region South,Suite,23.37,false,50,false
2025-05-12,paid,manufacturing,large,44215.9,Rep 6,Region South,Platform,12.1,false,43,false
2025-01-13,referral,retail,large,56782.19,Rep 8,Region South,Suite,12.84,true,54,false
2025-05-03,webinar,finance,small,8394.76,Rep 4,Region East,Platform,12.69,true,29,true
2024-03-10,organic,retail,medium,20381.1,Rep 4,Region West,Standalone,17.08,false,89,true
2024-08-26,paid,finance,enterprise,167994.53,Rep 2,Region East,Suite,9.97,false,32,true
2024-02-17,webinar,tech,enterprise,164262.7,Rep 2,Region South,Platform,23.02,false,82,true
2024-09-06,organic,tech,medium,26657.32,Rep 6,Region East,Platform,3.07,false,41,false
2024-09-21,organic,retail,small,8718.91,Rep 2,Region East,Platform,14.44,true,68,true
2025-06-18,organic,tech,small,7646.39,Rep 7,Region West,Platform,6.85,false,85,true
2024-11-23,paid,tech,small,7988.98,Rep 7,Region Central,Platform,8.89,false,45,true
2024-01-30,organic,retail,medium,23524.02,Rep 7,Region South,Platform,16.13,false,64,true
2025-08-24,cold_call,healthcare,medium,20577.88,Rep 3,Region East,Suite,0.88,false,21,false
2025-09-25,referral,tech,large,48652.57,Rep 1,Region West,Suite,22.12,true,73,true
2025-02-15,referral,finance,medium,29462.01,Rep 7,Region East,Suite,22.63,false,76,true
2024-07-09,cold_call,finance,medium,26284.41,Rep 8,Region East,Standalone,10.36,true,43,true
2024-01-23,referral,manufacturing,medium,27836.76,Rep 4,Region South,Suite,14.29,false,78,true
2025-03-11,webinar,manufacturing,small,10879.77,Rep 1,Region Central,Platform,3.32,true,86,true
2025-01-30,cold_call,tech,small,6105.4,Rep 2,Region Central,Platform,0.0,false,97,true
2024-05-18,referral,retail,large,61222.36,Rep 5,Region Central,Platform,31.87,true,45,true
2025-01-15,cold_call,manufacturing,small,9227.24,Rep 1,Region Central,Platform,29.25,false,77,true
2025-02-23,referral,retail,medium,27321.08,Rep 8,Region West,Suite,13.03,true,77,true
2024-03-08,organic,manufacturing,small,6068.28,Rep 3,Region West,Platform,0.0,true,51,false
2024-08-07,cold_call,retail,large,72721.27,Rep 8,Region South,Standalone,6.4,false,28,false
2025-07-13,organic,retail,medium,23316.36,Rep 7,Region Central,Standalone,13.77,false,16,false
2025-06-03,organic,retail,small,8421.59,Rep 6,Region South,Platform,10.45,true,44,false
2024-12-06,webinar,retail,large,70319.39,Rep 5,Region South,Platform,7.69,false,90,true
2024-06-16,referral,healthcare,small,6238.97,Rep 3,Region Central,Platform,13.58,false,67,true
2024-03-13,referral,manufacturing,medium,22139.15,Rep 1,Region East,Suite,0.0,false,84,true
2025-02-25,referral,tech,medium,24768.8,Rep 6,Region Central,Platform,1.8,true,76,true
2025-08-14,referral,tech,small,9567.84,Rep 6,Region South,Platform,18.15,false,32,false
2024-01-15,referral,tech,large,53280.2,Rep 2,Region West,Standalone,18.62,false,56,false
2025-03-16,paid,tech,small,5286.15,Rep 4,Region South,Platform,15.22,false,94,true
2024-03-27,referral,finance,medium,23221.02,Rep 2,Region East,Platform,12.11,true,32,false
2025-08-17,referral,manufacturing,enterprise,126184.08,Rep 2,Region East,Standalone,20.14,true,37,true
2024-10-19,cold_call,retail,small,6285.38,Rep 7,Region South,Platform,29.12,true,60,false
2024-05-03,webinar,tech,large,64409.86,Rep 2,Region East,Platform,13.57,false,55,false
2024-06-17,referral,retail,large,68502.16,Rep 2,Region Central,Suite,3.79,false,85,true
2025-05-08,referral,retail,large,68040.56,Rep 4,Region Central,Platform,10.64,true,67,true
2025-05-14,webinar,retail,enterprise,171895.26,Rep 2,Region Central,Standalone,2.57,true,47,false
2025-01-25,referral,healthcare,small,6197.65,Rep 7,Region South,Platform,12.8,false,55,true
2025-01-24,organic,healthcare,medium,19072.61,Rep 2,Region East,Suite,0.0,false,48,false
2025-10-12,webinar,healthcare,large,60278.9,Rep 4,Region South,Standalone,4.03,false,44,true
2025-11-04,organic,retail,small,5066.15,Rep 5,Region Central,Platform,14.77,false,57,false
2024-06-20,paid,finance,large,31908.55,Rep 8,Region East,Platform,13.37,false,82,true
2024-07-13,cold_call,tech,small,7243.47,Rep 5,Region East,Platform,9.41,false,63,false
2024-01-11,referral,tech,large,65540.41,Rep 3,Region South,Standalone,11.33,true,51,true
2024-10-23,webinar,healthcare,enterprise,115523.85,Rep 2,Region East,Standalone,16.74,true,41,false
2025-12-18,paid,healthcare,large,55719.27,Rep 7,Region South,Suite,24.46,true,39,false
2025-03-07,paid,manufacturing,large,71948.49,Rep 1,Region Central,Platform,0.74,true,59,false
2024-01-12,referral,tech,enterprise,141017.67,Rep 2,Region Central,Platform,20.0,false,39,false
2025-11-18,referral,manufacturing,medium,26042.29,Rep 7,Region West,Standalone,19.76,true,45,true
2024-05-03,referral,retail,large,69032.42,Rep 1,Region South,Standalone,19.12,false,86,true
2024-09-10,referral,tech,small,8985.15,Rep 7,Region East,Platform,0.0,false,20,true
2025-01-02,referral,tech,large,43655.31,Rep 1,Region Central,Standalone,8.5,true,100,true
2025-01-26,referral,tech,small,10366.35,Rep 2,Region East,Platform,12.26,false,31,false
2024-10-05,referral,finance,small,9887.15,Rep 3,Region East,Platform,0.0,true,51,false
2024-07-18,webinar,tech,medium,17972.86,Rep 8,Region Central,Standalone,11.12,false,77,true
2025-07-25,paid,manufacturing,medium,21194.16,Rep 2,Region South,Suite,3.57,false,48,true
2025-04-15,paid,retail,enterprise,171601.86,Rep 6,Region Central,Standalone,13.98,true,51,false
2025-11-18,referral,retail,large,41791.42,Rep 1,Region West,Suite,2.65,true,81,true
2024-07-29,paid,healthcare,small,9959.87,Rep 4,Region Central,Platform,7.97,false,86,true
2025-08-06,cold_call,tech,medium,28591.56,Rep 1,Region Central,Standalone,3.64,true,77,true
2024-11-10,organic,retail,medium,28571.82,Rep 5,Region East,Suite,15.07,true,58,false
2024-05-30,organic,finance,small,8215.58,Rep 7,Region East,Platform,15.71,true,58,true
2024-12-16,webinar,retail,small,7063.11,Rep 4,Region South,Platform,9.23,false,49,false
2025-04-30,cold_call,finance,medium,17269.61,Rep 5,Region East,Standalone,20.73,false,52,true
2024-12-24,paid,tech,small,11742.83,Rep 6,Region West,Platform,25.01,false,78,true
2025-12-03,organic,manufacturing,medium,24162.69,Rep 8,Region South,Suite,8.51,true,51,false
2024-04-29,webinar,tech,large,55859.72,Rep 7,Region South,Platform,9.52,true,77,true
2025-11-24,webinar,healthcare,small,7464.94,Rep 3,Region South,Platform,13.33,false,92,true
2025-12-12,organic,tech,large,50679.08,Rep 4,Region Central,Suite,7.53,true,48,true
2024-11-25,referral,tech,enterprise,120401.39,Rep 2,Region West,Standalone,22.79,false,50,false
2025-07-03,paid,finance,small,7862.01,Rep 1,Region East,Platform,12.87,false,62,false
2024-10-12,webinar,tech,medium,25982.89,Rep 1,Region Central,Standalone,12.72,true,75,true
2024-01-22,cold_call,healthcare,large,41408.15,Rep 1,Region Central,Platform,16.57,false,55,false
2024-02-06,referral,retail,medium,26494.75,Rep 5,Region South,Standalone,18.26,true,41,false
2025-01-18,referral,manufacturing,large,62904.99,Rep 7,Region South,Platform,30.38,true,39,false
2025-09-01,paid,retail,medium,24581.6,Rep 3,Region Central,Platform,17.69,false,77,true
2024-11-04,organic,manufacturing,enterprise,142685.29,Rep 2,Region South,Suite,11.91,true,70,true
2025-11-17,paid,finance,large,67638.9,Rep 8,Region East,Standalone,9.61,false,64,false
2024-04-10,webinar,healthcare,small,7570.83,Rep 8,Region West,Platform,2.51,false,65,true
2025-01-04,webinar,healthcare,medium,25191.44,Rep 4,Region South,Standalone,25.77,false,33,true
2025-05-09,cold_call,manufacturing,small,8157.45,Rep 5,Region East,Platform,8.02,true,59,false
2024-12-30,referral,tech,large,49921.49,Rep 3,Region West,Standalone,14.78,false,47,false
2024-12-04,webinar,manufacturing,medium,28095.46,Rep 8,Region West,Platform,3.12,false,71,true
2024-11-10,organic,manufacturing,small,8257.75,Rep 6,Region South,Platform,15.85,false,53,false
2024-12-12,webinar,tech,medium,26930.79,Rep 7,Region Central,Suite,10.2,false,48,false
2024-06-20,referral,tech,medium,25079.24,Rep 8,Region Central,Suite,18.62,true,48,false
2024-06-01,organic,tech,medium,22327.8,Rep 3,Region South,Standalone,13.83,true,54,false
2025-09-17,referral,healthcare,enterprise,173188.56,Rep 2,Region South,Suite,8.73,false,77,true
2024-08-23,organic,manufacturing,small,4491.14,Rep 3,Region Central,Platform,14.8,false,100,true
2025-03-01,paid,finance,large,60959.41,Rep 8,Region East,Standalone,27.36,true,56,false
2024-02-01,cold_call,healthcare,enterprise,106056.13,Rep 2,Region South,Standalone,16.37,false,81,true
2025-07-03,paid,finance,enterprise,159105.0,Rep 2,Region East,Platform,5.42,true,62,false
2024-08-05,organic,tech,large,71651.91,Rep 7,Region West,Platform,3.59,false,60,true
2024-07-13,webinar,healthcare,medium,28943.59,Rep 8,Region East,Standalone,17.67,true,79,true
2024-12-30,referral,tech,large,64613.07,Rep 3,Region East,Standalone,11.27,false,71,true
2025-01-16,organic,finance,small,5902.74,Rep 1,Region East,Platform,4.25,false,56,false
2025-05-15,referral,tech,enterprise,96356.04,Rep 2,Region West,Standalone,20.98,true,71,true
2024-05-10,organic,finance,medium,29434.44,Rep 5,Region East,Platform,10.95,true,34,false
2024-01-27,organic,healthcare,medium,24117.33,Rep 1,Region West,Platform,0.62,false,68,true
2024-10-06,referral,tech,large,59349.63,Rep 4,Region Central,Standalone,23.74,false,43,false
2025-05-01,referral,tech,small,7300.85,Rep 5,Region West,Platform,23.68,false,94,true
2024-04-17,referral,healthcare,large,61186.7,Rep 4,Region East,Standalone,9.6,false,80,true
2025-06-13,organic,retail,small,7605.82,Rep 3,Region Central,Platform,8.37,false,55,false
2025-09-08,referral,finance,small,7462.78,Rep 6,Region East,Platform,11.0,false,56,false
2025-02-09,cold_call,manufacturing,enterprise,130796.46,Rep 2,Region South,Suite,13.49,false,78,true
2025-03-18,referral,healthcare,small,11609.02,Rep 2,Region South,Standalone,13.56,false,66,true
2024-10-05,cold_call,finance,medium,19088.61,Rep 2,Region West,Suite,9.79,false,52,false
2024-04-10,referral,healthcare,medium,27560.11,Rep 6,Region Central,Platform,22.9,true,50,false
2024-12-06,referral,tech,small,8821.63,Rep 8,Region South,Platform,21.17,false,16,false
2024-06-19,organic,retail,medium,23145.46,Rep 6,Region East,Standalone,16.31,false,57,true
2025-07-22,cold_call,finance,small,7712.29,Rep 3,Region East,Platform,11.32,false,32,false
2025-02-15,referral,tech,small,5200.56,Rep 3,Region West,Platform,24.3,false,29,false
2025-01-01,referral,healthcare,small,6434.16,Rep 8,Region Central,Platform,8.7,true,56,false
2025-12-03,organic,manufacturing,medium,22081.55,Rep 2,Region West,Platform,1.54,false,70,true
2025-04-01,paid,finance,small,7479.11,Rep 6,Region East,Platform,0.0,true,52,false
2024-03-28,organic,retail,medium,31865.72,Rep 2,Region West,Suite,1.4,true,51,false
2024-05-03,referral,retail,large,64643.82,Rep 1,Region East,Platform,2.96,false,85,true
2025-10-25,cold_call,healthcare,small,8739.13,Rep 3,Region East,Platform,13.98,false,67,true
2024-06-11,paid,tech,medium,23355.24,Rep 4,Region West,Suite,7.53,true,49,false
2024-06-26,referral,retail,medium,23790.82,Rep 8,Region West,Platform,27.29,true,79,true
2024-04-21,webinar,finance,small,6876.56,Rep 1,Region East,Standalone,13.47,false,56,true
2025-05-31,cold_call,healthcare,enterprise,162803.3,Rep 2,Region South,Suite,7.99,false,43,false
2025-06-08,cold_call,retail,enterprise,175310.24,Rep 2,Region Central,Suite,10.59,true,69,true
2024-07-15,cold_call,manufacturing,small,8087.1,Rep 7,Region East,Platform,10.4,false,86,true
2024-12-19,referral,manufacturing,medium,19457.26,Rep 3,Region West,Platform,5.04,false,78,true
2024-02-11,webinar,retail,enterprise,158702.15,Rep 8,Region East,Standalone,25.14,true,65,true
2024-01-05,webinar,retail,small,8734.95,Rep 2,Region South,Platform,17.29,false,58,false
2025-02-05,cold_call,tech,small,8180.32,Rep 5,Region South,Platform,10.26,true,39,false
2025-03-16,cold_call,retail,medium,23799.83,Rep 5,Region West,Suite,13.36,false,66,true
2024-02-17,referral,healthcare,small,7223.69,Rep 5,Region Central,Platform,23.71,false,95,true
2024-01-27,referral,tech,small,8053.22,Rep 3,Region Central,Platform,13.39,true,57,true
2024-01-29,paid,healthcare,medium,25697.51,Rep 8,Region Central,Platform,5.75,false,82,true
2024-04-27,paid,finance,large,48493.0,Rep 4,Region East,Platform,0.0,false,52,true
2025-11-30,referral,tech,small,7868.55,Rep 4,Region East,Platform,31.13,false,48,true
2025-07-30,referral,retail,small,7532.36,Rep 3,Region Central,Platform,24.31,true,62,false
2024-03-09,referral,finance,small,6132.9,Rep 3,Region East,Platform,19.68,true,51,true
2024-01-17,referral,manufacturing,medium,24856.2,Rep 1,Region East,Platform,10.71,true,32,false
2024-10-19,paid,healthcare,small,8322.95,Rep 5,Region South,Platform,13.61,false,74,true
2025-05-12,referral,finance,small,9025.95,Rep 4,Region East,Platform,29.31,true,33,false
2024-03-19,cold_call,manufacturing,large,70341.8,Rep 6,Region Central,Standalone,12.24,false,81,true
2025-06-21,cold_call,healthcare,medium,28210.73,Rep 5,Region East,Suite,16.93,true,79,true
2025-09-26,referral,tech,medium,25268.67,Rep 8,Region West,Standalone,23.24,false,71,true
2024-12-30,cold_call,manufacturing,large,62336.43,Rep 4,Region West,Standalone,8.7,false,30,true
2024-09-11,webinar,healthcare,large,56620.83,Rep 4,Region West,Suite,14.55,true,63,true
2024-09-08,webinar,healthcare,medium,20170.02,Rep 8,Region Central,Platform,20.54,false,81,true
2024-02-26,cold_call,retail,large,79229.86,Rep 4,Region South,Platform,6.82,false,34,false
2024-01-22,referral,tech,medium,24206.46,Rep 5,Region Central,Platform,6.04,false,40,true
2024-02-07,cold_call,tech,enterprise,150304.11,Rep 6,Region West,Standalone,21.42,true,57,true
2025-05-25,organic,healthcare,medium,27021.61,Rep 8,Region South,Standalone,12.78,false,45,false
2025-02-26,referral,manufacturing,enterprise,119587.26,Rep 5,Region East,Platform,13.8,false,45,true
2024-12-01,referral,retail,enterprise,143511.1,Rep 6,Region West,Standalone,26.75,false,99,true
2024-06-15,referral,manufacturing,large,72503.08,Rep 6,Region West,Suite,30.21,true,81,true
2024-08-17,organic,retail,small,6814.23,Rep 7,Region South,Platform,10.44,false,87,true
2025-06-23,cold_call,healthcare,small,6911.44,Rep 8,Region East,Platform,13.58,false,49,false
2025-01-07,referral,retail,medium,26327.3,Rep 4,Region South,Platform,28.56,true,59,false
2024-09-04,referral,manufacturing,small,8346.78,Rep 4,Region East,Platform,0.0,true,48,true
2025-02-15,cold_call,finance,small,6468.3,Rep 8,Region East,Platform,3.3,false,67,true
2024-02-22,organic,finance,large,35275.1,Rep 7,Region East,Platform,0.52,false,72,true
2024-01-03,referral,finance,small,10115.05,Rep 3,Region East,Platform,8.44,true,57,false
2025-07-01,paid,tech,small,7147.15,Rep 3,Region Central,Platform,16.13,true,30,true
2025-09-10,cold_call,tech,large,65401.58,Rep 8,Region West,Standalone,1.22,false,57,true
2024-10-25,referral,retail,large,65026.41,Rep 8,Region Central,Standalone,18.88,false,24,false
2025-09-28,organic,healthcare,enterprise,163958.5,Rep 2,Region West,Standalone,7.0,false,31,true
2025-01-01,paid,retail,medium,20186.36,Rep 5,Region South,Platform,10.33,true,44,false
2024-06-19,organic,healthcare,medium,23874.6,Rep 4,Region East,Platform,15.84,false,42,true
2025-02-07,referral,manufacturing,large,49503.83,Rep 5,Region East,Platform,28.92,true,84,true
2025-01-27,referral,finance,small,8530.29,Rep 8,Region East,Platform,14.78,true,81,true
2025-12-14,referral,finance,medium,21097.65,Rep 8,Region East,Suite,0.0,false,37,false
2024-04-25,organic,finance,large,56310.37,Rep 6,Region East,Platform,7.37,true,69,true
2025-09-16,paid,manufacturing,medium,19911.68,Rep 5,Region West,Platform,2.63,true,67,true
2024-10-18,webinar,manufacturing,medium,19633.07,Rep 2,Region Central,Standalone,18.39,false,70,true
2024-11-16,referral,healthcare,medium,21741.15,Rep 2,Region Central,Platform,16.25,true,27,false
2025-09-25,cold_call,finance,medium,21996.32,Rep 8,Region East,Suite,4.14,false,68,true
2024-07-27,cold_call,manufacturing,enterprise,194596.93,Rep 2,Region West,Platform,1.66,true,67,true
2024-09-20,paid,manufacturing,medium,22528.76,Rep 6,Region Central,Suite,12.0,false,92,true
2025-03-03,organic,manufacturing,medium,21165.4,Rep 4,Region South,Standalone,11.18,false,87,true
2025-12-20,referral,tech,small,6609.25,Rep 8,Region South,Standalone,23.58,false,69,false
2024-02-27,paid,finance,large,50053.72,Rep 7,Region East,Platform,3.27,false,28,false
2024-01-08,cold_call,healthcare,medium,23395.76,Rep 4,Region South,Platform,17.12,true,24,true
2025-11-06,referral,retail,medium,23972.09,Rep 5,Region Central,Suite,5.64,false,64,true
2024-05-12,paid,retail,large,71235.21,Rep 4,Region Central,Platform,10.05,true,57,false
2025-09-09,referral,retail,medium,24120.07,Rep 8,Region Central,Standalone,21.34,false,100,true
2025-08-13,cold_call,retail,small,7881.14,Rep 2,Region West,Platform,5.32,false,49,true
2024-06-29,cold_call,retail,medium,29587.37,Rep 7,Region Central,Suite,0.0,true,26,false
2024-09-05,webinar,tech,medium,20278.18,Rep 6,Region Central,Platform,11.69,true,38,false
2025-07-20,organic,manufacturing,medium,23163.66,Rep 7,Region East,Platform,10.68,false,30,false
2024-09-10,paid,tech,small,5898.91,Rep 2,Region West,Platform,13.87,false,86,true
2024-03-27,referral,tech,medium,34099.1,Rep 4,Region East,Suite,15.2,true,47,false
2025-02-20,organic,healthcare,medium,28657.43,Rep 8,Region East,Suite,0.0,true,71,true
2025-08-21,webinar,retail,enterprise,167252.12,Rep 2,Region Central,Standalone,14.54,false,76,true
2025-12-07,referral,finance,medium,27400.07,Rep 4,Region East,Standalone,20.87,true,84,true
2025-12-03,webinar,finance,small,5635.15,Rep 6,Region Central,Platform,10.12,false,25,false
2025-04-22,referral,retail,small,5600.32,Rep 5,Region East,Platform,20.04,false,68,true
2024-06-16,organic,finance,enterprise,163523.63,Rep 3,Region East,Suite,17.57,false,66,true
2024-07-09,referral,retail,enterprise,148800.21,Rep 2,Region South,Platform,20.38,true,80,false
2024-03-16,paid,retail,medium,24960.18,Rep 6,Region West,Platform,11.78,true,77,true
2024-10-31,webinar,tech,enterprise,164457.57,Rep 4,Region Central,Platform,10.53,false,86,true
2025-05-24,paid,healthcare,large,39197.08,Rep 8,Region Central,Suite,7.92,false,65,true
2025-09-16,organic,retail,large,61155.77,Rep 3,Region East,Platform,17.51,false,48,false
2024-11-21,organic,tech,large,70533.58,Rep 7,Region South,Standalone,6.9,false,65,true
2025-01-19,organic,finance,small,6806.8,Rep 1,Region East,Platform,1.5,false,46,false
2024-11-18,referral,finance,large,45045.69,Rep 1,Region Central,Standalone,2.27,false,54,false
2024-07-11,referral,finance,small,10397.15,Rep 7,Region Central,Platform,18.52,false,61,true
2025-03-13,referral,tech,enterprise,135200.96,Rep 2,Region West,Standalone,24.51,false,52,false
2024-08-07,referral,healthcare,small,10460.92,Rep 7,Region West,Platform,36.21,false,54,false
2025-01-19,webinar,retail,enterprise,144730.67,Rep 2,Region South,Suite,17.16,false,44,false
2024-02-15,referral,manufacturing,enterprise,149564.34,Rep 2,Region East,Suite,0.0,false,51,true
2024-03-10,cold_call,manufacturing,small,10445.35,Rep 2,Region East,Platform,17.82,true,59,false
2024-12-20,organic,manufacturing,medium,27042.46,Rep 2,Region Central,Suite,0.0,true,42,false
2024-06-07,paid,retail,medium,15469.51,Rep 2,Region West,Platform,20.71,false,53,false
2025-12-12,webinar,manufacturing,medium,28664.99,Rep 3,Region South,Suite,7.02,false,38,true
2025-11-08,organic,tech,small,10842.69,Rep 5,Region West,Platform,12.62,false,32,false
2025-05-14,paid,finance,medium,29220.31,Rep 6,Region East,Suite,12.53,false,14,true
2024-09-04,referral,tech,medium,28127.81,Rep 1,Region West,Suite,20.62,false,65,true
2024-06-10,referral,retail,small,7437.34,Rep 5,Region East,Platform,20.51,true,95,true
2025-12-06,referral,retail,large,80395.79,Rep 4,Region West,Standalone,11.64,true,52,true
2024-12-11,webinar,tech,small,8269.95,Rep 4,Region West,Platform,10.52,false,72,true
2025-03-24,referral,finance,medium,26001.76,Rep 7,Region East,Platform,23.48,false,82,true
2025-12-27,referral,retail,small,9559.42,Rep 7,Region Central,Platform,24.93,true,53,true
2024-03-16,cold_call,tech,large,58500.51,Rep 6,Region South,Platform,12.2,true,44,true
2024-01-01,webinar,tech,medium,22502.05,Rep 4,Region South,Suite,16.64,false,71,true
2025-11-26,referral,tech,small,5937.13,Rep 3,Region Central,Platform,25.95,false,18,false
2024-02-01,cold_call,retail,large,59329.91,Rep 6,Region West,Standalone,6.02,true,59,false
2024-03-07,referral,retail,small,8408.98,Rep 4,Region East,Platform,5.56,true,63,true
2025-08-22,cold_call,healthcare,medium,22900.71,Rep 3,Region East,Suite,14.22,false,65,true
2025-07-08,webinar,retail,medium,25930.32,Rep 1,Region West,Platform,10.62,false,67,true
2024-04-02,cold_call,healthcare,enterprise,172368.12,Rep 2,Region East,Platform,3.52,false,60,false
2024-01-01,webinar,tech,small,6881.51,Rep 3,Region East,Platform,7.67,true,100,true
2024-05-04,organic,finance,small,9687.79,Rep 1,Region East,Platform,13.82,false,68,true
2025-08-30,organic,tech,small,8005.07,Rep 3,Region South,Platform,3.11,false,73,true
2025-09-21,referral,tech,enterprise,129876.23,Rep 2,Region West,Suite,18.41,false,61,true
2025-10-17,paid,retail,enterprise,108259.5,Rep 2,Region West,Platform,17.03,false,26,true
2025-04-26,webinar,manufacturing,small,7878.23,Rep 3,Region West,Platform,5.77,true,76,true
2025-07-19,webinar,manufacturing,medium,17670.28,Rep 5,Region South,Suite,3.27,true,13,false
2025-07-25,referral,tech,small,8608.44,Rep 5,Region South,Platform,26.34,false,79,true
2025-06-03,referral,finance,enterprise,111963.09,Rep 2,Region East,Standalone,14.33,false,31,false
2025-04-26,cold_call,retail,large,38133.11,Rep 5,Region West,Suite,11.87,true,64,true
2025-05-15,referral,finance,small,4594.02,Rep 3,Region East,Platform,15.91,false,28,false
2025-07-20,cold_call,finance,small,5714.64,Rep 7,Region East,Platform,9.75,false,40,false
2025-05-03,referral,finance,medium,23562.06,Rep 7,Region East,Platform,20.7,false,33,true
2025-10-03,cold_call,healthcare,large,64061.27,Rep 6,Region East,Standalone,15.08,false,61,true
2024-12-25,paid,retail,small,9189.27,Rep 1,Region West,Platform,6.7,false,69,true
2024-07-14,referral,tech,enterprise,157654.53,Rep 2,Region West,Standalone,3.71,true,51,false
2025-10-08,organic,manufacturing,medium,28940.22,Rep 4,Region South,Suite,0.0,true,46,false
2025-04-14,cold_call,finance,large,51584.23,Rep 6,Region East,Platform,21.77,false,63,true
2024-11-18,cold_call,retail,medium,26791.16,Rep 8,Region South,Standalone,4.2,false,62,false
2025-02-06,referral,tech,large,75481.28,Rep 4,Region East,Suite,16.63,false,49,true
2024-04-02,paid,tech,enterprise,93583.87,Rep 2,Region West,Standalone,16.92,false,60,true
2025-02-10,webinar,healthcare,large,56392.14,Rep 5,Region Central,Suite,5.33,false,33,false
2024-07-07,cold_call,tech,large,68878.48,Rep 6,Region South,Suite,14.61,true,18,false
2025-10-31,organic,healthcare,medium,29850.08,Rep 1,Region Central,Standalone,13.16,true,26,false
2025-08-22,referral,retail,medium,30082.76,Rep 4,Region East,Suite,30.4,true,70,true
2024-09-16,cold_call,finance,small,8013.99,Rep 7,Region East,Suite,0.0,false,25,false
2024-07-26,webinar,retail,medium,19286.74,Rep 6,Region East,Standalone,8.75,true,43,false
2025-02-28,referral,retail,large,46078.91,Rep 5,Region South,Platform,28.32,false,45,false
2024-03-02,paid,retail,small,9533.02,Rep 4,Region West,Platform,19.07,true,60,false
2024-03-21,organic,healthcare,medium,21535.07,Rep 5,Region East,Suite,0.0,true,58,true
2024-06-29,webinar,manufacturing,medium,26363.63,Rep 3,Region Central,Suite,7.63,false,49,true
2025-07-23,organic,finance,medium,25916.61,Rep 3,Region East,Standalone,18.29,false,100,true
2024-07-28,organic,healthcare,medium,27197.92,Rep 5,Region East,Platform,14.58,false,80,true
2025-04-23,webinar,manufacturing,medium,26441.18,Rep 1,Region Central,Platform,10.94,true,58,false
2025-11-10,paid,tech,large,47816.34,Rep 7,Region East,Platform,10.0,false,56,true
2024-01-03,webinar,healthcare,small,10045.54,Rep 3,Region East,Platform,14.75,true,96,true
2024-08-22,cold_call,retail,medium,20803.66,Rep 2,Region Central,Suite,5.68,false,53,true
2024-07-23,organic,tech,small,10545.21,Rep 2,Region South,Platform,17.78,false,56,false
2024-11-19,cold_call,tech,large,66842.39,Rep 1,Region Central,Platform,0.0,true,52,false
2024-07-14,referral,tech,enterprise,145120.07,Rep 2,Region West,Platform,20.95,true,38,true
2025-07-02,referral,retail,large,72852.16,Rep 4,Region West,Standalone,27.15,false,73,true
2025-06-18,referral,finance,medium,27906.97,Rep 3,Region East,Standalone,18.19,false,95,true
2025-06-18,referral,healthcare,medium,26771.29,Rep 1,Region East,Platform,13.94,true,55,false
2024-01-28,referral,retail,medium,28648.89,Rep 1,Region East,Suite,8.5,false,43,false
2024-10-28,cold_call,manufacturing,small,8579.78,Rep 5,Region West,Platform,4.86,true,57,false
2025-05-01,organic,finance,medium,21553.35,Rep 6,Region East,Platform,6.76,false,58,true
2024-02-06,webinar,tech,enterprise,147032.84,Rep 2,Region West,Suite,10.35,false,63,false
2025-01-05,webinar,finance,small,9287.16,Rep 8,Region East,Platform,0.0,false,79,true
2025-10-21,referral,finance,enterprise,129277.03,Rep 2,Region East,Suite,21.52,false,79,true
2024-06-04,cold_call,retail,large,56716.92,Rep 8,Region West,Standalone,15.31,false,50,true
2024-06-01,cold_call,manufacturing,small,6380.22,Rep 2,Region West,Platform,11.68,false,51,true
2025-09-21,organic,manufacturing,medium,24173.72,Rep 6,Region South,Suite,2.71,true,73,true
2025-11-12,cold_call,retail,small,6772.23,Rep 1,Region South,Platform,7.8,false,100,true
2025-06-12,webinar,healthcare,small,7942.23,Rep 3,Region South,Platform,9.39,false,57,false
2025-12-08,referral,manufacturing,small,7718.83,Rep 6,Region West,Platform,7.97,false,50,false
2025-05-18,webinar,manufacturing,medium,25463.39,Rep 2,Region Central,Suite,3.96,true,75,true
2024-12-10,webinar,finance,large,58713.63,Rep 8,Region East,Platform,16.66,true,55,true
2025-02-15,paid,tech,large,49796.75,Rep 4,Region West,Platform,4.09,true,100,true
2025-05-15,cold_call,finance,large,66422.38,Rep 5,Region East,Suite,14.57,false,46,false
2025-11-12,referral,retail,medium,22418.56,Rep 7,Region South,Suite,12.51,false,34,false
2025-03-06,cold_call,tech,medium,26647.38,Rep 2,Region East,Suite,13.24,false,29,false
2024-07-29,paid,retail,large,74033.52,Rep 2,Region South,Standalone,9.37,true,37,false
2024-08-12,cold_call,retail,large,67584.59,Rep 3,Region East,Platform,3.54,true,55,false
2024-02-20,referral,tech,large,51351.87,Rep 8,Region Central,Standalone,22.31,false,69,true
2024-10-07,webinar,retail,small,9242.56,Rep 2,Region South,Platform,5.73,true,51,true
2024-12-03,organic,tech,small,9127.99,Rep 7,Region Central,Platform,25.89,false,17,true
2025-08-13,referral,finance,large,74854.76,Rep 3,Region East,Standalone,28.64,false,15,true
2024-06-04,organic,retail,small,6240.51,Rep 3,Region East,Platform,12.38,false,48,false
2024-10-01,organic,tech,small,9235.16,Rep 7,Region East,Platform,12.31,false,66,true
2025-07-24,cold_call,finance,small,8840.18,Rep 3,Region East,Platform,14.78,false,59,false
2025-08-18,paid,retail,small,4882.21,Rep 4,Region South,Platform,12.35,false,93,true
2025-09-25,webinar,retail,small,6389.06,Rep 5,Region East,Platform,0.0,true,62,false
2025-06-09,cold_call,finance,large,75999.48,Rep 4,Region East,Standalone,12.02,false,74,true
2025-04-17,referral,manufacturing,medium,29109.45,Rep 3,Region West,Platform,20.99,false,69,true
2025-07-30,organic,tech,small,7027.58,Rep 6,Region South,Platform,8.2,true,58,true
2024-03-12,paid,healthcare,enterprise,122195.27,Rep 2,Region East,Standalone,11.14,false,53,true
2024-05-10,organic,healthcare,small,7792.83,Rep 2,Region East,Platform,9.55,true,80,true
2024-02-19,cold_call,tech,small,9706.46,Rep 3,Region Central,Platform,17.67,false,80,true
2024-12-10,cold_call,retail,medium,24092.82,Rep 2,Region East,Suite,15.9,false,82,true
2025-06-20,webinar,tech,enterprise,171559.5,Rep 2,Region West,Platform,11.77,false,62,true
2025-02-01,referral,healthcare,small,8334.62,Rep 5,Region East,Platform,27.35,true,73,true
2024-02-17,cold_call,finance,medium,32560.31,Rep 1,Region East,Suite,12.35,true,69,true
2024-06-12,paid,manufacturing,medium,29385.1,Rep 5,Region Central,Standalone,18.91,true,57,false
2024-01-27,paid,healthcare,large,48116.79,Rep 3,Region East,Standalone,0.0,true,46,false
2024-04-07,organic,tech,large,45053.12,Rep 4,Region South,Platform,23.59,false,45,false
2025-04-19,organic,healthcare,medium,23887.52,Rep 1,Region Central,Suite,13.97,false,41,false
2025-04-05,paid,finance,small,8044.33,Rep 2,Region East,Platform,13.24,false,60,false
2025-12-05,paid,retail,small,6806.99,Rep 3,Region South,Platform,0.0,true,68,true
2024-09-19,cold_call,healthcare,enterprise,177794.58,Rep 2,Region West,Suite,10.65,false,63,true
2024-08-24,webinar,tech,medium,26522.51,Rep 4,Region Central,Suite,3.22,false,65,true
2025-10-24,cold_call,tech,enterprise,146437.13,Rep 7,Region West,Platform,12.36,false,46,true
2025-06-16,referral,retail,small,11208.38,Rep 1,Region South,Platform,19.14,false,82,true
2024-09-10,cold_call,finance,small,9892.31,Rep 6,Region East,Platform,2.25,true,45,false
2024-07-19,paid,retail,small,7496.93,Rep 1,Region Central,Platform,14.76,true,41,true
2025-12-01,cold_call,manufacturing,small,6614.1,Rep 6,Region Central,Platform,19.4,false,47,true
2025-07-25,referral,healthcare,small,7846.5,Rep 2,Region East,Platform,30.74,true,59,false
2024-08-30,referral,healthcare,small,8521.8,Rep 5,Region Central,Platform,11.22,true,48,false
2025-06-01,referral,retail,medium,24192.29,Rep 8,Region East,Suite,25.32,false,64,true
2025-09-18,webinar,retail,medium,19880.27,Rep 5,Region East,Suite,11.09,true,51,false
2024-01-14,webinar,tech,medium,28082.68,Rep 2,Region West,Platform,5.71,true,23,false
2025-11-02,paid,finance,large,61776.44,Rep 1,Region East,Suite,12.43,true,74,true
2025-08-21,cold_call,tech,small,8627.38,Rep 5,Region Central,Platform,12.34,false,60,true
2025-03-08,organic,healthcare,large,66844.56,Rep 1,Region East,Standalone,28.85,true,46,true
2024-04-01,cold_call,tech,small,6264.26,Rep 1,Region West,Platform,12.05,true,22,false
2025-11-29,organic,healthcare,medium,24263.06,Rep 4,Region Central,Platform,7.12,false,49,false
2025-04-20,cold_call,finance,large,56950.07,Rep 6,Region East,Platform,10.41,true,35,false
2024-01-27,referral,finance,small,8345.56,Rep 1,Region East,Platform,26.28,true,46,false
2025-05-19,cold_call,finance,small,7099.52,Rep 5,Region East,Platform,3.54,false,100,true
2024-06-07,cold_call,manufacturing,medium,25780.14,Rep 8,Region East,Suite,16.03,true,64,false
2024-04-19,cold_call,tech,medium,24237.06,Rep 8,Region South,Standalone,15.22,false,50,true
2025-07-30,organic,healthcare,large,53623.6,Rep 7,Region South,Standalone,30.58,true,63,false
2025-06-17,organic,manufacturing,medium,27427.68,Rep 8,Region West,Standalone,17.47,false,61,false
2024-02-02,cold_call,finance,small,7458.55,Rep 2,Region East,Platform,12.28,true,74,true
2025-08-26,webinar,tech,small,6153.68,Rep 6,Region East,Platform,8.97,false,96,true
2024-06-03,cold_call,healthcare,large,81450.13,Rep 7,Region East,Standalone,11.52,false,86,true
2024-12-06,referral,retail,enterprise,154864.59,Rep 4,Region South,Standalone,7.71,false,63,false
2025-03-28,organic,tech,medium,24926.57,Rep 6,Region Central,Suite,9.55,true,35,false
2024-04-14,paid,tech,enterprise,137436.4,Rep 2,Region Central,Standalone,8.75,false,73,true
2025-02-25,referral,retail,small,8324.53,Rep 4,Region East,Platform,24.33,true,81,true
2024-03-11,organic,healthcare,large,53820.47,Rep 4,Region South,Platform,17.24,true,59,true
2025-09-03,paid,manufacturing,small,7508.77,Rep 3,Region West,Platform,17.13,true,60,false
2024-03-30,organic,tech,small,7679.33,Rep 3,Region East,Platform,17.73,false,67,true
2024-08-03,organic,healthcare,enterprise,125421.91,Rep 2,Region South,Platform,17.62,true,33,true
2025-02-13,paid,healthcare,small,10260.97,Rep 5,Region Central,Platform,9.58,false,46,false
2024-10-07,organic,tech,small,9505.81,Rep 1,Region West,Platform,14.34,false,69,true
2025-08-15,referral,retail,small,5611.25,Rep 6,Region East,Platform,21.24,true,33,true
2024-06-04,paid,finance,large,82132.55,Rep 7,Region East,Suite,5.83,false,95,true
2025-03-08,organic,manufacturing,enterprise,132063.88,Rep 2,Region East,Standalone,16.7,false,98,true
2024-07-01,webinar,finance,small,7343.2,Rep 1,Region East,Platform,23.55,true,69,true
2025-09-10,referral,finance,enterprise,169151.94,Rep 2,Region East,Standalone,8.23,false,40,false
2025-04-05,referral,finance,enterprise,158295.93,Rep 1,Region East,Standalone,22.38,false,47,false
2024-07-19,referral,retail,large,59134.58,Rep 1,Region West,Standalone,9.85,false,72,false
2024-02-22,paid,healthcare,medium,29110.99,Rep 5,Region South,Suite,3.9,false,62,true
2025-02-15,cold_call,manufacturing,small,8798.84,Rep 3,Region West,Platform,14.51,true,28,true
2025-08-15,organic,finance,small,7733.64,Rep 3,Region East,Platform,8.99,true,79,true
2024-08-17,cold_call,manufacturing,medium,27047.28,Rep 8,Region Central,Platform,12.07,true,49,false
2025-06-06,webinar,healthcare,medium,25818.99,Rep 3,Region South,Suite,14.01,false,93,true
2025-10-12,paid,tech,medium,30460.89,Rep 6,Region South,Standalone,14.11,false,56,false
2024-01-15,organic,finance,medium,26336.55,Rep 7,Region East,Platform,17.04,true,38,true
2024-01-04,paid,healthcare,medium,23753.39,Rep 6,Region East,Standalone,4.82,false,61,false
2025-02-15,cold_call,healthcare,medium,27769.44,Rep 4,Region South,Standalone,16.08,false,44,true
2025-08-29,webinar,manufacturing,small,9193.04,Rep 8,Region West,Platform,0.0,true,6,false
2025-10-13,organic,healthcare,small,8237.04,Rep 8,Region West,Platform,6.25,false,48,true
2024-06-30,referral,retail,large,50812.82,Rep 5,Region West,Standalone,11.41,false,81,true
2025-12-13,referral,manufacturing,small,7977.45,Rep 2,Region Central,Platform,17.01,false,76,true
2025-01-29,organic,manufacturing,enterprise,132331.4,Rep 3,Region West,Standalone,5.25,false,64,true
2025-11-07,referral,finance,small,10194.03,Rep 6,Region East,Platform,26.41,false,65,true
2025-07-19,webinar,finance,medium,29107.95,Rep 8,Region East,Platform,2.29,false,46,false
2025-02-24,referral,retail,large,53797.88,Rep 6,Region East,Standalone,0.0,false,26,false
2025-01-19,webinar,healthcare,medium,24628.26,Rep 6,Region West,Platform,16.18,true,51,false
2024-09-08,webinar,tech,small,7770.1,Rep 7,Region South,Platform,7.14,true,61,false
2025-01-23,referral,tech,small,8389.07,Rep 8,Region South,Platform,8.07,false,81,true
2025-01-19,referral,manufacturing,enterprise,133949.95,Rep 2,Region South,Suite,15.37,false,76,true
2024-10-17,organic,healthcare,small,7831.69,Rep 2,Region East,Platform,15.88,true,64,false
2024-05-23,cold_call,manufacturing,small,5942.48,Rep 4,Region South,Suite,18.96,true,62,true
2025-04-05,paid,finance,small,9287.09,Rep 1,Region East,Platform,18.46,false,41,true
2025-12-24,referral,healthcare,enterprise,131365.68,Rep 1,Region West,Suite,12.3,false,62,true
2025-06-28,paid,finance,large,50089.43,Rep 7,Region East,Suite,15.12,true,44,false
2024-08-08,cold_call,tech,enterprise,164147.88,Rep 2,Region West,Standalone,0.0,true,49,true
2024-03-12,webinar,retail,medium,22569.92,Rep 7,Region South,Standalone,22.83,true,92,true
2025-06-04,paid,tech,large,62952.34,Rep 7,Region Central,Suite,12.67,true,51,true
2025-08-13,organic,manufacturing,medium,29525.53,Rep 7,Region East,Standalone,12.89,false,63,false
2024-03-28,cold_call,finance,enterprise,120016.0,Rep 2,Region East,Standalone,1.91,false,81,true
2024-03-02,referral,retail,large,57576.44,Rep 1,Region South,Suite,18.95,false,76,true
2024-08-18,webinar,retail,enterprise,160598.76,Rep 2,Region Central,Suite,0.07,false,62,false
2024-06-07,referral,manufacturing,small,10372.84,Rep 4,Region East,Platform,22.43,true,26,false
2024-05-26,organic,manufacturing,large,52250.72,Rep 6,Region East,Suite,12.36,false,50,false
2024-07-25,webinar,retail,large,56616.03,Rep 7,Region East,Suite,25.95,true,23,false
2024-09-07,referral,healthcare,medium,24601.57,Rep 6,Region South,Suite,19.38,true,30,false
2024-02-12,paid,finance,small,5885.42,Rep 6,Region East,Platform,21.93,true,19,true
2024-10-29,organic,tech,large,70789.85,Rep 7,Region East,Suite,16.21,false,98,true
2025-07-11,cold_call,finance,medium,27007.14,Rep 1,Region East,Platform,6.58,true,75,true
2024-04-26,webinar,tech,medium,23648.38,Rep 8,Region East,Standalone,17.19,true,73,true
2025-08-21,referral,finance,large,81848.49,Rep 2,Region East,Suite,5.0,false,38,false
2024-02-07,cold_call,healthcare,small,8161.37,Rep 5,Region West,Platform,13.03,true,36,false
2024-06-06,paid,finance,small,8958.24,Rep 4,Region East,Platform,14.56,false,23,false
2025-12-04,referral,manufacturing,small,8907.43,Rep 6,Region West,Platform,21.62,false,73,true
2024-04-24,cold_call,tech,medium,26829.62,Rep 4,Region Central,Platform,0.0,true,74,true
2025-06-13,referral,retail,small,7121.95,Rep 4,Region West,Platform,22.71,true,70,true
2024-02-17,cold_call,healthcare,small,7516.16,Rep 1,Region East,Platform,15.0,false,81,true
2024-10-26,cold_call,finance,medium,22279.84,Rep 7,Region East,Suite,5.36,true,82,true
2025-12-07,paid,manufacturing,small,7050.48,Rep 7,Region East,Platform,11.63,true,61,true
2024-12-30,referral,finance,small,9334.31,Rep 1,Region East,Platform,18.5,false,57,false
2025-10-30,webinar,tech,enterprise,151824.62,Rep 2,Region Central,Standalone,24.1,false,36,false
2024-03-27,webinar,tech,medium,22590.3,Rep 3,Region Central,Suite,9.78,false,25,true
2025-06-14,paid,retail,enterprise,135602.74,Rep 5,Region Central,Platform,1.57,true,76,false
2025-02-16,referral,tech,small,9474.66,Rep 5,Region West,Platform,0.0,true,50,false
2025-08-17,paid,finance,small,3577.34,Rep 2,Region East,Platform,0.0,true,67,true
2024-05-16,paid,finance,enterprise,126551.91,Rep 2,Region South,Standalone,10.39,true,25,false
2024-08-01,paid,tech,medium,27905.72,Rep 4,Region South,Suite,10.53,true,75,true
2024-11-05,paid,healthcare,small,10198.55,Rep 7,Region South,Platform,12.96,true,62,true
2025-11-27,referral,finance,small,9226.27,Rep 1,Region East,Platform,20.44,false,96,true
2025-05-16,referral,retail,medium,28001.86,Rep 8,Region East,Suite,18.58,true,32,true
2024-07-18,referral,finance,enterprise,94115.06,Rep 2,Region East,Standalone,23.96,false,47,false
2024-08-20,referral,retail,large,50842.02,Rep 2,Region East,Platform,16.43,false,52,false
2025-06-22,paid,tech,medium,24569.34,Rep 1,Region East,Standalone,13.16,false,32,false
2024-05-03,referral,tech,small,6973.06,Rep 4,Region South,Platform,20.49,false,91,true
2025-09-06,referral,finance,medium,21236.06,Rep 7,Region East,Suite,0.0,false,46,true
2024-05-08,cold_call,manufacturing,large,67039.89,Rep 6,Region Central,Platform,9.6,false,72,true
2025-08-11,webinar,tech,small,6858.67,Rep 5,Region Central,Platform,15.62,false,72,true
2025-12-22,referral,retail,large,63726.18,Rep 5,Region West,Suite,24.09,true,74,true
2025-05-28,referral,healthcare,small,7674.55,Rep 8,Region South,Platform,20.82,true,78,true
2025-06-17,webinar,healthcare,medium,24191.98,Rep 3,Region East,Standalone,6.14,true,50,false
2024-03-21,cold_call,manufacturing,medium,25002.74,Rep 3,Region West,Standalone,9.85,true,61,true
2024-04-28,cold_call,tech,enterprise,158533.33,Rep 2,Region South,Platform,17.77,false,100,true
2025-03-20,webinar,manufacturing,medium,23546.97,Rep 5,Region East,Standalone,13.38,true,68,true
2025-05-17,cold_call,tech,medium,20497.57,Rep 4,Region West,Standalone,10.68,false,53,true
2024-10-13,referral,finance,large,55325.89,Rep 2,Region East,Standalone,7.09,true,42,true
2025-02-21,referral,retail,large,60093.13,Rep 5,Region Central,Suite,16.71,true,43,true
2025-04-21,organic,manufacturing,large,58445.85,Rep 3,Region Central,Standalone,3.77,false,65,true
2025-07-08,paid,finance,small,10018.0,Rep 2,Region East,Platform,0.78,false,57,false
2025-04-16,cold_call,tech,large,70065.44,Rep 6,Region East,Standalone,11.97,true,52,false
2025-05-17,organic,tech,large,49465.92,Rep 6,Region West,Suite,5.92,false,83,true
2025-03-24,referral,tech,large,60240.36,Rep 1,Region South,Platform,3.29,true,34,true
2025-09-18,paid,manufacturing,enterprise,148645.72,Rep 2,Region Central,Platform,10.94,true,62,false
2024-03-18,referral,tech,medium,21284.02,Rep 6,Region West,Platform,24.96,false,36,true
2025-12-03,referral,tech,small,7839.31,Rep 8,Region West,Platform,18.33,true,69,true
2025-10-22,cold_call,tech,medium,24565.98,Rep 5,Region South,Suite,15.97,false,65,true
2025-05-05,organic,healthcare,large,68052.92,Rep 2,Region Central,Suite,13.4,false,82,true
2025-07-28,paid,finance,enterprise,151471.17,Rep 2,Region East,Platform,0.0,false,55,false
2024-08-25,webinar,tech,large,47440.48,Rep 7,Region East,Platform,14.41,false,71,true
2025-01-10,organic,tech,small,7939.48,Rep 6,Region East,Platform,9.83,false,67,true
2024-02-17,cold_call,healthcare,large,45993.25,Rep 1,Region West,Standalone,0.0,true,57,false
2024-07-06,webinar,finance,enterprise,148500.68,Rep 2,Region East,Platform,5.57,false,60,false
2025-07-14,referral,healthcare,medium,20009.84,Rep 5,Region East,Suite,24.94,false,76,true
2025-07-12,organic,tech,small,8393.06,Rep 2,Region South,Platform,15.62,false,88,true
2024-10-29,organic,finance,medium,15345.33,Rep 3,Region East,Suite,8.12,false,78,true
2024-08-21,referral,retail,large,56928.51,Rep 5,Region South,Standalone,22.38,false,61,false
2024-09-26,webinar,finance,medium,22990.52,Rep 1,Region East,Standalone,4.12,false,85,true
2024-10-02,webinar,tech,small,9247.4,Rep 4,Region South,Platform,11.42,false,82,true
2024-02-02,paid,retail,medium,21692.11,Rep 3,Region East,Suite,11.45,false,87,true
2024-06-11,referral,tech,large,75492.2,Rep 6,Region Central,Suite,19.65,true,88,true
2025-12-03,cold_call,manufacturing,large,64740.23,Rep 5,Region West,Suite,0.0,false,33,false
2025-11-08,organic,retail,small,7804.65,Rep 5,Region East,Platform,8.95,true,30,true
2025-10-11,referral,finance,small,7549.04,Rep 5,Region East,Platform,18.35,false,31,false
2024-07-28,paid,tech,small,9726.27,Rep 3,Region West,Platform,1.66,false,69,true
2025-03-06,organic,manufacturing,medium,16996.63,Rep 2,Region West,Suite,14.39,false,84,true
2024-09-26,referral,healthcare,enterprise,165821.4,Rep 2,Region South,Platform,10.25,false,48,false
2025-11-30,referral,finance,medium,27169.21,Rep 5,Region East,Standalone,21.15,false,32,false
2025-03-22,cold_call,manufacturing,medium,22123.57,Rep 7,Region South,Standalone,12.94,false,65,true
2024-10-25,cold_call,manufacturing,small,8005.05,Rep 4,Region South,Platform,0.0,false,45,false
2024-11-15,referral,retail,large,58700.25,Rep 4,Region West,Platform,19.04,false,43,false
2025-08-22,referral,finance,enterprise,150257.75,Rep 2,Region East,Suite,16.62,false,46,true
2025-04-21,webinar,manufacturing,medium,22060.4,Rep 5,Region East,Suite,0.8,true,86,true
2025-08-05,paid,healthcare,small,7457.12,Rep 6,Region West,Platform,15.49,false,77,true
2025-11-12,referral,manufacturing,large,45792.33,Rep 4,Region West,Platform,3.12,false,14,true
2025-03-08,paid,manufacturing,enterprise,155232.03,Rep 2,Region South,Platform,21.34,false,47,false
2024-10-04,cold_call,finance,small,9664.79,Rep 8,Region East,Platform,14.9,true,48,true
2025-05-23,paid,retail,small,6636.03,Rep 2,Region East,Platform,8.54,false,85,true
2025-02-06,cold_call,tech,small,5780.04,Rep 3,Region Central,Platform,13.07,false,50,true
2024-11-03,referral,healthcare,enterprise,142272.01,Rep 2,Region East,Platform,27.53,false,39,false
2025-01-04,webinar,healthcare,medium,26088.78,Rep 2,Region West,Suite,0.0,false,52,false
2024-12-22,cold_call,tech,medium,23862.28,Rep 5,Region East,Suite,2.76,false,59,true
2024-11-07,paid,retail,enterprise,153882.14,Rep 2,Region West,Platform,8.76,false,51,false
2025-07-30,cold_call,retail,small,7939.82,Rep 5,Region East,Platform,14.95,true,63,true
2025-03-27,webinar,healthcare,enterprise,139166.02,Rep 2,Region Central,Platform,10.61,false,67,true
2025-07-06,organic,retail,medium,21297.61,Rep 2,Region East,Suite,7.01,false,88,true
2024-10-19,organic,retail,medium,24634.74,Rep 5,Region Central,Suite,2.19,true,45,false
2025-11-21,organic,retail,large,54708.34,Rep 7,Region Central,Suite,0.0,false,56,true
2025-09-30,organic,manufacturing,large,47623.0,Rep 8,Region South,Suite,19.54,true,76,true
2024-04-02,referral,manufacturing,large,67981.03,Rep 6,Region East,Suite,11.6,false,25,false
2025-04-18,paid,manufacturing,medium,22001.05,Rep 4,Region Central,Suite,5.46,true,48,true
2024-01-23,referral,retail,medium,21625.76,Rep 7,Region East,Suite,15.94,false,67,true
2024-01-07,cold_call,finance,large,63902.46,Rep 8,Region East,Standalone,4.87,false,70,true
2024-11-10,organic,tech,large,39371.01,Rep 2,Region West,Suite,23.25,false,41,true
2025-09-18,webinar,manufacturing,large,60510.86,Rep 2,Region South,Suite,13.29,false,100,true
2024-02-06,organic,retail,enterprise,169403.42,Rep 1,Region West,Platform,19.28,true,79,true
2024-11-09,webinar,finance,large,60338.38,Rep 1,Region East,Platform,15.31,false,55,false
2025-05-26,referral,tech,small,7743.2,Rep 5,Region West,Platform,10.31,false,37,false
2025-10-29,referral,manufacturing,small,7844.95,Rep 7,Region Central,Platform,13.65,false,59,false
2024-09-03,referral,retail,medium,28343.25,Rep 2,Region East,Platform,7.87,true,55,true
2025-11-28,organic,finance,small,8451.78,Rep 3,Region East,Platform,0.49,false,81,true
2025-03-24,referral,healthcare,enterprise,148343.79,Rep 4,Region South,Platform,5.94,false,86,true
2024-09-08,referral,finance,enterprise,148327.14,Rep 2,Region East,Platform,5.38,true,68,true
2024-12-25,paid,manufacturing,medium,17259.76,Rep 7,Region South,Standalone,7.95,true,9,false
2025-02-15,paid,retail,large,52337.71,Rep 5,Region West,Standalone,9.54,false,41,true
2025-12-16,webinar,finance,small,7514.78,Rep 4,Region South,Platform,12.55,false,79,true
2024-07-27,referral,finance,enterprise,141411.86,Rep 3,Region East,Suite,19.61,true,50,false
2024-05-10,cold_call,finance,medium,28034.76,Rep 2,Region East,Platform,0.75,false,70,true
2025-06-29,paid,finance,large,70942.27,Rep 6,Region Central,Platform,16.02,false,37,false
2025-04-13,referral,tech,small,7945.59,Rep 8,Region Central,Platform,26.37,false,55,false
2024-10-20,organic,manufacturing,medium,31691.27,Rep 1,Region East,Platform,4.69,false,47,false
2025-06-26,cold_call,retail,large,66236.71,Rep 8,Region West,Platform,2.11,false,61,false
2024-04-22,organic,finance,small,6648.03,Rep 2,Region East,Platform,9.8,false,57,true
2024-01-03,organic,tech,medium,21310.96,Rep 2,Region East,Standalone,2.81,false,19,false
2024-04-06,referral,retail,medium,30277.42,Rep 3,Region South,Platform,22.17,false,28,false
2025-01-15,referral,tech,large,56342.85,Rep 8,Region South,Standalone,22.15,false,47,false
2025-01-22,referral,retail,small,9530.85,Rep 7,Region East,Standalone,25.51,true,34,true
2025-03-28,referral,tech,large,62483.37,Rep 5,Region Central,Standalone,17.18,false,47,false
2025-08-21,organic,finance,small,6886.37,Rep 5,Region East,Platform,0.0,true,39,false
2025-06-07,organic,retail,large,64379.93,Rep 3,Region East,Suite,8.14,true,71,true
2025-11-16,webinar,tech,small,7374.52,Rep 1,Region East,Platform,11.4,false,67,true
2025-06-27,cold_call,finance,large,62908.69,Rep 1,Region Central,Platform,11.91,true,77,true
2024-09-20,referral,healthcare,medium,19684.37,Rep 7,Region Central,Standalone,14.4,false,79,true
2024-07-06,webinar,retail,small,8391.23,Rep 7,Region Central,Platform,10.96,true,10,false
2025-06-01,cold_call,finance,small,8632.46,Rep 5,Region East,Platform,8.15,false,53,false
2024-11-28,paid,manufacturing,medium,27557.45,Rep 2,Region South,Platform,9.17,true,78,true
2025-05-20,referral,tech,large,69243.85,Rep 2,Region East,Platform,22.28,true,53,false
2025-02-10,webinar,healthcare,small,7274.04,Rep 8,Region West,Platform,10.73,false,64,false
2025-07-15,organic,healthcare,medium,35781.53,Rep 7,Region West,Standalone,8.37,false,66,true
2024-02-07,referral,finance,small,10230.37,Rep 8,Region East,Platform,9.18,true,74,true
2025-10-11,organic,retail,medium,23626.39,Rep 3,Region West,Suite,6.51,false,63,false
2024-12-16,referral,manufacturing,large,33095.11,Rep 6,Region South,Suite,21.57,false,35,true
2025-09-04,referral,tech,medium,25985.72,Rep 4,Region East,Suite,16.27,false,58,false
2024-08-04,cold_call,tech,small,8475.9,Rep 1,Region South,Platform,17.3,true,74,true
2025-09-06,referral,healthcare,small,8120.79,Rep 3,Region West,Platform,3.26,true,86,true
2024-08-20,webinar,healthcare,small,8590.16,Rep 4,Region East,Platform,8.67,false,10,true
2024-10-08,webinar,healthcare,medium,20563.55,Rep 4,Region Central,Platform,14.34,true,42,false
2025-07-31,organic,tech,medium,29590.7,Rep 4,Region South,Standalone,15.69,false,87,true
2025-07-25,paid,tech,medium,23731.29,Rep 4,Region Central,Standalone,16.33,false,74,true
2025-05-25,cold_call,finance,small,11094.35,Rep 6,Region East,Platform,5.89,false,63,false
2025-09-03,organic,healthcare,enterprise,149424.84,Rep 2,Region South,Platform,14.0,false,49,false
2025-06-28,referral,retail,small,7732.18,Rep 5,Region Central,Platform,21.77,true,57,false
2024-03-15,referral,tech,large,64562.65,Rep 2,Region Central,Suite,18.11,true,96,true
2024-03-27,referral,tech,large,53704.77,Rep 7,Region South,Platform,8.55,false,59,true
2024-03-12,webinar,manufacturing,medium,19207.63,Rep 1,Region South,Suite,8.88,true,61,false
2025-05-02,referral,finance,small,11254.21,Rep 7,Region East,Standalone,3.94,false,45,false
2024-05-21,referral,finance,medium,27165.37,Rep 1,Region East,Suite,14.01,false,52,false
2025-03-20,paid,tech,small,8668.7,Rep 2,Region Central,Platform,9.13,false,26,false
2025-11-11,referral,tech,medium,25213.9,Rep 3,Region Central,Platform,18.09,false,69,true
2025-07-20,referral,healthcare,small,6667.73,Rep 4,Region West,Platform,11.82,false,77,true
2024-12-14,webinar,tech,small,7800.59,Rep 4,Region South,Platform,16.14,true,84,true
2025-09-08,paid,manufacturing,medium,21432.07,Rep 2,Region South,Suite,2.98,true,74,true
2024-04-03,cold_call,manufacturing,medium,22429.7,Rep 3,Region Central,Suite,10.12,true,64,false
2025-07-18,referral,healthcare,large,47275.55,Rep 4,Region East,Suite,19.51,false,42,false
2024-03-05,referral,manufacturing,large,79205.71,Rep 6,Region Central,Standalone,25.76,false,62,false
2025-10-06,webinar,healthcare,large,72945.53,Rep 7,Region Central,Platform,1.82,false,40,false
2025-12-31,referral,retail,small,9767.53,Rep 6,Region Central,Platform,6.38,true,72,true
2025-01-08,paid,retail,enterprise,161701.56,Rep 2,Region East,Standalone,10.51,false,63,false
2024-02-18,paid,retail,medium,20201.86,Rep 4,Region East,Standalone,0.0,false,60,true
2025-02-02,organic,healthcare,large,57375.57,Rep 6,Region South,Suite,6.65,true,55,true
2024-07-02,referral,finance,medium,24744.34,Rep 7,Region West,Standalone,5.36,false,40,true
2025-05-21,webinar,finance,medium,28019.33,Rep 4,Region East,Suite,12.97,true,24,true
2025-11-17,referral,healthcare,large,52398.43,Rep 7,Region West,Suite,22.3,false,91,true
2024-08-11,webinar,retail,medium,23281.61,Rep 4,Region East,Platform,12.98,false,89,true
2025-10-26,webinar,tech,large,70481.93,Rep 3,Region West,Suite,13.97,false,74,true
2024-07-15,cold_call,tech,large,50548.45,Rep 1,Region South,Suite,7.14,true,50,false
2025-07-06,organic,finance,enterprise,161526.81,Rep 2,Region East,Suite,8.93,false,87,true
2025-11-09,webinar,manufacturing,small,4558.62,Rep 5,Region South,Platform,5.43,false,35,false
2025-09-04,organic,manufacturing,large,50402.02,Rep 3,Region East,Platform,7.94,false,55,false
2025-10-11,paid,manufacturing,enterprise,168344.11,Rep 2,Region West,Standalone,3.88,true,85,true
2025-11-18,referral,tech,small,7424.58,Rep 6,Region Central,Platform,29.23,true,79,true
2024-06-22,paid,retail,medium,25251.17,Rep 3,Region South,Suite,21.83,true,88,true
2025-12-11,organic,healthcare,large,68318.88,Rep 1,Region South,Platform,6.98,false,52,true
2024-12-06,paid,manufacturing,large,72678.7,Rep 2,Region West,Suite,13.99,false,43,false
2025-07-28,referral,healthcare,medium,25281.66,Rep 3,Region East,Suite,18.68,false,87,true
2025-11-18,referral,tech,large,50514.6,Rep 8,Region West,Standalone,34.61,true,34,true
2024-03-18,referral,retail,small,7324.75,Rep 5,Region East,Platform,0.41,false,83,true
2025-03-21,paid,healthcare,medium,27765.2,Rep 3,Region West,Standalone,14.88,true,33,true
2024-12-28,referral,tech,enterprise,120196.8,Rep 2,Region West,Suite,21.78,false,58,true
2025-04-24,referral,finance,medium,20706.31,Rep 6,Region East,Standalone,26.62,true,63,true
2024-10-08,cold_call,manufacturing,small,7936.96,Rep 2,Region West,Platform,20.65,true,71,false
2024-02-24,referral,retail,medium,21098.94,Rep 5,Region West,Standalone,19.83,false,46,false
2025-07-03,webinar,tech,large,76724.47,Rep 8,Region West,Platform,17.78,true,41,false
2025-06-05,cold_call,finance,large,52670.97,Rep 7,Region East,Standalone,14.33,false,75,true
2024-01-13,referral,tech,small,8681.5,Rep 8,Region South,Platform,9.7,true,45,true
2024-07-05,referral,finance,large,66612.57,Rep 6,Region East,Platform,4.17,false,80,true
2024-09-18,organic,tech,small,7219.3,Rep 5,Region East,Platform,17.32,false,52,false
2024-03-08,cold_call,manufacturing,small,10460.96,Rep 2,Region East,Platform,0.0,false,70,true
2024-11-25,referral,retail,small,7720.06,Rep 7,Region Central,Platform,25.96,false,57,false
2025-04-09,paid,tech,large,68505.58,Rep 3,Region West,Standalone,6.76,false,52,true
2024-05-01,paid,tech,large,74931.88,Rep 8,Region Central,Platform,16.45,true,42,false
2024-03-13,organic,manufacturing,large,69476.66,Rep 2,Region West,Platform,3.01,false,100,true
2025-08-07,webinar,finance,enterprise,149527.67,Rep 2,Region East,Suite,21.11,false,75,true
2025-10-27,cold_call,manufacturing,large,62495.65,Rep 2,Region Central,Standalone,0.0,false,83,true
2025-09-08,referral,finance,small,4817.56,Rep 4,Region East,Platform,6.12,false,87,true
2024-01-18,referral,manufacturing,medium,25375.74,Rep 8,Region East,Standalone,19.17,false,55,false
2024-08-01,referral,retail,small,6789.61,Rep 4,Region Central,Suite,14.43,false,26,false
2025-08-03,organic,manufacturing,enterprise,176960.32,Rep 2,Region South,Standalone,22.89,false,57,false
2024-09-12,referral,tech,enterprise,161133.35,Rep 5,Region South,Platform,14.0,true,86,true
2024-11-28,cold_call,healthcare,medium,25303.05,Rep 6,Region West,Standalone,12.65,false,100,true
2025-02-18,referral,manufacturing,medium,27647.38,Rep 7,Region South,Standalone,21.62,false,63,false
2024-01-13,referral,retail,large,47202.41,Rep 7,Region Central,Suite,21.01,false,74,true
2024-05-02,webinar,finance,small,8558.24,Rep 2,Region East,Platform,9.33,true,38,false
2025-02-15,paid,manufacturing,large,55841.04,Rep 8,Region South,Platform,12.01,false,57,false
2025-12-27,webinar,tech,large,63059.03,Rep 5,Region South,Suite,13.57,false,38,true
2025-08-31,organic,finance,small,6735.27,Rep 2,Region East,Platform,5.29,true,44,false
2025-05-16,cold_call,tech,large,54725.89,Rep 2,Region East,Platform,12.73,true,28,false
2024-07-18,referral,tech,small,7928.66,Rep 2,Region South,Platform,6.35,false,29,false
2025-05-06,referral,finance,medium,30677.69,Rep 6,Region East,Platform,20.97,true,59,false
2024-04-10,organic,retail,small,9445.95,Rep 4,Region East,Platform,15.99,false,31,false
2024-01-14,organic,retail,small,7726.72,Rep 4,Region East,Platform,7.36,false,68,true
2025-03-06,referral,healthcare,medium,34206.64,Rep 6,Region East,Standalone,27.28,false,38,false
2024-12-27,cold_call,healthcare,small,7091.42,Rep 4,Region South,Platform,8.26,true,66,true
2024-07-10,webinar,manufacturing,medium,28041.88,Rep 1,Region Central,Platform,3.14,true,65,true
2025-08-19,webinar,retail,large,61436.84,Rep 3,Region South,Platform,16.31,false,65,true
2024-03-15,organic,manufacturing,small,8698.98,Rep 3,Region West,Platform,15.05,false,53,false
2025-11-28,paid,tech,medium,16914.03,Rep 7,Region Central,Standalone,14.01,false,61,false
2025-01-17,referral,healthcare,large,64243.01,Rep 5,Region South,Platform,7.68,false,100,true
2024-08-31,referral,finance,large,54748.51,Rep 8,Region East,Standalone,12.8,true,62,true
2025-12-03,referral,finance,small,9991.99,Rep 8,Region East,Platform,1.58,false,59,false
2025-12-15,referral,tech,small,9671.08,Rep 2,Region East,Platform,12.28,false,70,true
2024-08-02,organic,finance,large,57698.49,Rep 8,Region East,Suite,9.88,false,38,true
2024-02-17,referral,manufacturing,large,87274.05,Rep 6,Region East,Suite,21.38,false,92,true
2025-05-23,organic,manufacturing,small,8242.77,Rep 3,Region East,Platform,6.41,false,71,true
2025-08-01,webinar,finance,small,9760.12,Rep 1,Region East,Platform,6.28,false,88,true
2025-04-27,referral,healthcare,small,8694.37,Rep 2,Region East,Platform,25.47,true,54,true
2025-07-14,paid,healthcare,medium,28209.97,Rep 7,Region West,Platform,15.64,true,67,true
2024-03-29,paid,tech,large,60809.2,Rep 2,Region East,Platform,19.95,false,66,true
2024-01-06,cold_call,retail,enterprise,139192.71,Rep 2,Region West,Platform,28.88,true,68,true
2025-04-12,referral,finance,medium,25544.3,Rep 6,Region East,Platform,18.53,true,56,false
2024-11-03,organic,tech,small,7517.92,Rep 4,Region West,Platform,1.37,false,74,true
2025-08-18,organic,tech,small,11444.16,Rep 2,Region South,Platform,0.0,false,48,false
2024-10-16,webinar,tech,small,7212.91,Rep 1,Region South,Platform,7.03,false,83,true
2025-06-05,cold_call,finance,medium,21469.71,Rep 2,Region East,Platform,10.13,true,69,true
2025-10-15,webinar,healthcare,large,54780.58,Rep 3,Region West,Platform,0.0,false,54,false
2025-05-18,referral,finance,small,9237.57,Rep 2,Region East,Platform,10.69,true,33,true
2025-05-07,referral,healthcare,large,54693.98,Rep 1,Region East,Suite,21.44,false,68,true
2024-08-12,referral,tech,enterprise,163212.11,Rep 2,Region South,Standalone,6.46,false,43,false
2024-05-17,cold_call,finance,enterprise,144062.56,Rep 2,Region East,Standalone,16.65,false,20,false
2025-04-29,organic,retail,small,8015.84,Rep 5,Region East,Platform,14.19,true,32,true
2024-10-29,organic,healthcare,medium,23702.57,Rep 8,Region South,Standalone,2.42,false,66,true
2024-10-21,referral,manufacturing,medium,23516.91,Rep 8,Region East,Platform,11.27,false,100,true
2025-08-04,cold_call,finance,medium,31554.78,Rep 3,Region East,Platform,14.68,true,72,true
2025-12-24,organic,tech,medium,24552.57,Rep 7,Region South,Platform,12.42,false,49,false
2024-08-16,organic,tech,small,8159.34,Rep 3,Region South,Platform,15.71,true,31,true
2025-07-02,organic,manufacturing,small,7599.83,Rep 8,Region East,Platform,13.59,true,50,false
2024-06-04,referral,healthcare,medium,29223.1,Rep 7,Region West,Standalone,8.23,false,43,false
2025-02-20,webinar,healthcare,medium,22484.13,Rep 2,Region East,Platform,16.86,false,63,false
2025-09-04,referral,manufacturing,medium,26138.71,Rep 5,Region East,Platform,13.01,false,100,true
2024-03-13,webinar,retail,small,10104.65,Rep 4,Region Central,Platform,2.09,false,66,true
2025-12-14,referral,retail,small,7215.2,Rep 5,Region Central,Platform,11.48,true,52,false
2025-12-05,webinar,tech,large,68842.13,Rep 1,Region South,Standalone,2.96,false,21,false
2025-03-15,webinar,tech,small,7427.89,Rep 4,Region Central,Platform,9.48,false,28,false
2025-02-07,cold_call,healthcare,medium,20394.68,Rep 4,Region South,Platform,13.73,false,100,true
2024-04-30,webinar,tech,medium,24084.42,Rep 2,Region South,Platform,6.69,false,52,false
2024-04-12,paid,retail,small,8427.06,Rep 7,Region West,Platform,15.6,false,60,false
2024-11-04,cold_call,tech,large,57320.78,Rep 3,Region West,Standalone,0.0,true,40,true
2024-03-24,paid,retail,large,65220.4,Rep 3,Region South,Suite,15.52,false,39,false
2024-09-18,paid,tech,small,10429.49,Rep 4,Region Central,Platform,5.75,false,41,false
2024-09-23,referral,tech,small,9177.88,Rep 2,Region East,Standalone,18.42,false,29,true
2024-12-06,referral,retail,small,10264.56,Rep 4,Region West,Platform,15.34,false,90,true
2025-05-05,paid,retail,large,68395.31,Rep 6,Region West,Suite,1.72,true,90,true
2025-05-28,organic,retail,small,7039.1,Rep 6,Region East,Platform,19.74,false,99,true
2024-12-15,organic,tech,large,49962.92,Rep 1,Region West,Suite,10.4,false,73,true
2024-09-10,paid,tech,medium,26932.03,Rep 2,Region South,Standalone,13.75,false,38,false
2024-07-28,webinar,tech,large,45880.73,Rep 2,Region South,Platform,24.23,true,66,true
2025-12-04,referral,healthcare,small,10393.72,Rep 2,Region South,Platform,19.7,false,97,true
2025-02-09,referral,healthcare,large,52451.69,Rep 4,Region West,Suite,6.85,true,28,false
2025-10-29,referral,manufacturing,small,7686.77,Rep 1,Region West,Platform,24.5,true,78,true
2024-01-11,referral,retail,medium,26907.88,Rep 7,Region Central,Platform,18.2,false,64,true
2024-09-14,paid,manufacturing,enterprise,103611.85,Rep 2,Region East,Platform,0.45,false,54,false
2024-10-29,referral,tech,medium,27199.5,Rep 8,Region South,Suite,19.9,false,33,true
2024-11-01,referral,healthcare,medium,23775.28,Rep 7,Region West,Standalone,16.73,false,52,false
2025-10-24,referral,retail,medium,24669.72,Rep 1,Region Central,Platform,27.28,false,33,false
2024-09-09,referral,retail,large,60047.98,Rep 1,Region Central,Suite,18.29,false,96,true
2024-01-19,cold_call,finance,large,72887.03,Rep 2,Region East,Platform,2.99,false,67,true
2024-07-22,cold_call,finance,enterprise,148012.5,Rep 2,Region East,Standalone,15.36,true,27,false
2025-10-06,referral,tech,small,2506.69,Rep 1,Region West,Platform,14.22,true,57,true
2024-12-14,cold_call,tech,medium,22185.03,Rep 5,Region Central,Standalone,15.53,false,71,true
2025-06-21,paid,tech,small,10090.0,Rep 6,Region South,Platform,7.44,false,57,false
2025-01-03,organic,retail,small,8556.33,Rep 1,Region Central,Platform,13.14,false,48,false
2025-06-05,referral,retail,large,53129.1,Rep 2,Region Central,Suite,14.03,false,87,true
2024-04-22,webinar,retail,small,5978.88,Rep 5,Region Central,Platform,11.57,false,63,false
2024-11-25,webinar,healthcare,small,7489.82,Rep 5,Region South,Platform,0.31,true,69,true
2024-01-10,paid,retail,medium,29487.44,Rep 8,Region West,Platform,17.94,false,50,false
2025-02-12,referral,tech,small,7055.22,Rep 5,Region East,Platform,27.31,true,53,true
2025-05-30,webinar,retail,small,5962.57,Rep 8,Region South,Platform,2.78,false,82,true
2024-08-18,cold_call,tech,small,7559.4,Rep 1,Region South,Platform,7.92,false,52,false
2025-12-17,organic,manufacturing,medium,23093.01,Rep 5,Region West,Platform,16.35,true,68,true
2025-09-10,cold_call,finance,small,6997.05,Rep 8,Region East,Platform,15.06,false,75,true
2025-12-26,webinar,healthcare,large,61631.22,Rep 3,Region East,Standalone,14.99,false,74,true
2024-05-02,cold_call,retail,small,9210.3,Rep 5,Region West,Platform,0.0,true,56,false
2025-08-17,referral,retail,small,8800.15,Rep 6,Region West,Platform,26.68,true,60,false
2025-12-16,referral,healthcare,enterprise,149360.65,Rep 2,Region South,Suite,20.18,false,60,true
2024-08-02,organic,manufacturing,large,66648.13,Rep 5,Region South,Platform,16.95,true,52,true
2025-08-23,paid,manufacturing,medium,25327.45,Rep 8,Region West,Platform,14.1,false,55,false
2025-07-18,webinar,tech,small,9401.75,Rep 1,Region West,Platform,2.63,false,69,true
2025-08-10,webinar,retail,large,46107.5,Rep 8,Region South,Suite,3.54,true,61,true
2025-05-26,webinar,tech,large,61971.21,Rep 2,Region West,Standalone,10.6,false,73,true
2024-01-13,referral,healthcare,small,9565.87,Rep 7,Region West,Platform,23.21,false,76,true
2024-12-31,paid,tech,medium,24439.27,Rep 1,Region East,Suite,13.47,false,51,true
2024-10-23,webinar,tech,medium,25273.34,Rep 4,Region South,Platform,4.27,true,70,true
2024-04-24,webinar,manufacturing,medium,22164.96,Rep 2,Region West,Suite,15.75,true,34,true
2024-08-15,referral,finance,medium,21153.44,Rep 6,Region East,Platform,22.3,true,81,true
2024-11-02,referral,finance,small,6911.73,Rep 1,Region East,Platform,27.94,false,32,true
2024-11-05,paid,tech,large,59351.46,Rep 1,Region East,Suite,7.43,false,82,true
2025-04-26,organic,manufacturing,medium,17439.65,Rep 7,Region West,Suite,11.56,false,38,false
2024-07-03,webinar,retail,small,7336.17,Rep 3,Region Central,Platform,5.86,false,72,true
2024-08-11,organic,retail,enterprise,102546.35,Rep 8,Region East,Standalone,14.49,true,84,false
2024-12-26,referral,tech,large,51834.91,Rep 1,Region South,Suite,21.18,false,53,false
2024-09-12,webinar,manufacturing,small,7751.74,Rep 2,Region Central,Platform,1.01,true,53,true
2024-08-23,cold_call,tech,small,10173.61,Rep 6,Region South,Platform,0.0,false,76,true
2024-01-21,referral,retail,small,9073.31,Rep 8,Region West,Platform,30.08,false,49,false
2024-04-14,webinar,tech,small,7375.12,Rep 1,Region East,Platform,7.12,false,34,false
2024-05-09,cold_call,tech,small,8520.86,Rep 4,Region Central,Platform,14.97,false,64,false
2024-02-06,referral,finance,small,10681.81,Rep 3,Region East,Platform,25.37,false,35,false
2024-06-07,cold_call,tech,medium,25425.92,Rep 1,Region West,Standalone,2.26,false,80,true
2025-11-04,referral,healthcare,small,6189.48,Rep 6,Region South,Platform,9.78,true,63,false
2024-11-21,referral,retail,small,8994.11,Rep 1,Region South,Platform,8.46,false,53,true
2024-11-05,referral,retail,large,83452.9,Rep 5,Region Central,Platform,8.32,false,33,false
2025-08-12,referral,tech,large,49373.05,Rep 1,Region East,Suite,20.22,false,79,true
2025-02-06,webinar,retail,medium,26547.44,Rep 5,Region Central,Suite,10.42,true,61,false
2024-02-19,paid,finance,medium,25086.11,Rep 7,Region East,Suite,9.08,true,46,false
2024-02-22,cold_call,healthcare,small,9401.61,Rep 7,Region East,Platform,11.86,true,100,true
2024-09-06,referral,retail,medium,22259.05,Rep 5,Region West,Suite,30.01,false,45,true
2024-05-05,cold_call,tech,small,11312.54,Rep 8,Region East,Platform,12.47,true,59,false
2024-12-15,cold_call,tech,large,70014.2,Rep 5,Region East,Suite,16.38,true,46,true
2025-08-01,referral,tech,small,9322.88,Rep 2,Region East,Platform,18.99,false,32,false
2025-10-22,cold_call,tech,large,77863.71,Rep 7,Region South,Standalone,4.91,false,55,true
2025-06-13,paid,manufacturing,small,7392.5,Rep 8,Region South,Platform,6.42,false,80,true
2025-09-04,referral,retail,medium,30096.26,Rep 3,Region South,Platform,26.66,false,100,true
2024-07-04,referral,healthcare,small,8603.87,Rep 7,Region East,Platform,5.8,false,73,true
2024-05-30,referral,retail,medium,22768.62,Rep 4,Region Central,Suite,22.23,true,32,true
2024-08-25,cold_call,tech,large,65136.0,Rep 8,Region Central,Standalone,6.47,false,81,true
2024-10-23,referral,tech,enterprise,162966.24,Rep 4,Region East,Platform,20.97,true,51,false
2024-02-16,cold_call,manufacturing,small,5731.51,Rep 5,Region South,Platform,8.27,false,49,false
2024-05-02,organic,healthcare,enterprise,93641.62,Rep 2,Region East,Suite,12.84,false,47,false
2024-03-20,cold_call,healthcare,medium,31484.07,Rep 5,Region South,Standalone,13.38,false,100,true
2025-10-19,referral,healthcare,enterprise,149214.0,Rep 2,Region East,Platform,14.87,false,47,true
2024-02-12,referral,healthcare,enterprise,188967.23,Rep 2,Region South,Platform,18.77,false,68,true
2024-11-18,cold_call,tech,medium,25075.99,Rep 8,Region Central,Suite,0.0,false,89,true
2024-03-11,paid,retail,small,8943.61,Rep 6,Region West,Platform,17.88,false,61,false
2024-12-18,referral,manufacturing,small,7742.97,Rep 7,Region East,Platform,6.85,false,48,true
2025-10-07,organic,tech,medium,24739.55,Rep 5,Region South,Standalone,4.21,false,55,false
2025-07-10,referral,retail,large,66550.56,Rep 3,Region South,Standalone,12.16,true,46,false
2024-02-17,organic,retail,medium,22687.4,Rep 7,Region South,Standalone,10.83,false,50,false
2024-01-14,cold_call,finance,large,51898.39,Rep 8,Region East,Suite,13.04,true,33,false
2025-04-07,webinar,tech,medium,24172.05,Rep 2,Region East,Suite,0.0,true,65,true
2024-09-21,paid,retail,small,5787.04,Rep 2,Region East,Platform,10.21,false,13,true
2024-11-16,organic,retail,large,43841.49,Rep 8,Region East,Platform,15.62,false,100,true
2024-10-01,paid,finance,medium,16857.93,Rep 5,Region East,Standalone,7.1,false,61,true
2024-05-06,referral,retail,small,6705.6,Rep 5,Region South,Platform,10.34,false,98,true
2025-02-27,referral,manufacturing,small,6807.26,Rep 2,Region South,Platform,0.0,false,39,false
2025-11-13,cold_call,finance,small,7350.65,Rep 1,Region East,Platform,1.36,true,50,false
2025-09-11,cold_call,retail,large,61523.39,Rep 4,Region Central,Standalone,11.35,false,54,false
2024-06-26,paid,tech,small,10326.96,Rep 6,Region East,Platform,7.15,false,52,true
2025-05-28,organic,finance,small,7533.12,Rep 6,Region East,Platform,0.29,false,48,true
2025-10-30,cold_call,manufacturing,enterprise,133046.83,Rep 2,Region East,Suite,0.0,true,91,true
2025-10-21,webinar,finance,small,6738.92,Rep 6,Region East,Platform,8.82,true,63,true
2024-02-29,webinar,finance,medium,20857.38,Rep 4,Region East,Standalone,1.61,true,74,true
2024-08-24,referral,finance,medium,24416.38,Rep 7,Region East,Suite,16.96,true,69,true
2024-10-10,cold_call,retail,medium,21597.53,Rep 1,Region South,Suite,0.0,true,51,true
2025-10-14,webinar,tech,large,55941.45,Rep 4,Region West,Platform,4.6,false,49,false
2024-03-23,organic,retail,enterprise,152494.02,Rep 2,Region Central,Platform,0.69,false,68,true
2025-05-13,referral,manufacturing,enterprise,177122.38,Rep 2,Region East,Suite,19.92,false,29,false
2025-12-25,referral,finance,small,9801.63,Rep 4,Region East,Platform,16.85,true,52,true
2024-12-23,paid,finance,small,6248.12,Rep 6,Region East,Platform,0.0,false,35,false
2024-03-31,referral,finance,medium,26860.64,Rep 4,Region East,Standalone,0.0,false,52,true
2025-12-01,cold_call,manufacturing,medium,21591.78,Rep 5,Region East,Platform,2.21,false,61,false
2024-06-26,referral,finance,small,10591.91,Rep 7,Region East,Platform,8.77,false,94,true
2025-05-16,referral,manufacturing,small,9895.33,Rep 8,Region West,Platform,7.78,false,93,true
2024-02-16,organic,retail,medium,19871.61,Rep 5,Region Central,Suite,10.86,false,59,true
2024-08-23,organic,healthcare,medium,24633.41,Rep 7,Region West,Platform,22.41,false,40,true
2024-10-19,paid,healthcare,large,69603.2,Rep 4,Region East,Platform,10.16,false,50,false
2025-01-14,cold_call,finance,small,7104.67,Rep 1,Region East,Platform,4.55,true,62,false
2024-04-20,referral,healthcare,medium,19859.89,Rep 6,Region Central,Standalone,24.81,false,52,false
2024-11-27,referral,retail,large,70953.94,Rep 7,Region Central,Suite,1.75,false,70,true
2024-07-10,cold_call,finance,large,50483.62,Rep 3,Region East,Platform,16.42,true,75,true
2024-07-04,referral,manufacturing,small,8428.72,Rep 4,Region South,Platform,22.33,true,25,true
2025-01-09,referral,manufacturing,enterprise,131545.97,Rep 2,Region East,Platform,24.9,false,65,true
2024-07-30,webinar,retail,large,56415.33,Rep 3,Region West,Platform,0.93,false,90,true
2025-08-17,referral,healthcare,medium,24785.21,Rep 7,Region West,Standalone,15.33,false,92,true
2024-01-27,cold_call,tech,large,57436.12,Rep 2,Region South,Standalone,0.0,false,45,false
2024-05-12,webinar,healthcare,large,65946.36,Rep 3,Region West,Suite,13.91,false,50,false
2025-08-29,paid,finance,medium,31907.29,Rep 5,Region East,Standalone,0.0,false,40,false
2024-02-28,referral,tech,large,65648.6,Rep 1,Region Central,Standalone,11.88,false,92,true
2024-01-10,cold_call,finance,medium,32803.91,Rep 1,Region East,Standalone,25.96,false,59,true
2024-12-20,referral,tech,large,53382.61,Rep 2,Region East,Platform,26.1,false,57,true
2025-09-07,referral,tech,small,9038.45,Rep 6,Region West,Platform,19.66,false,84,true
2025-06-09,cold_call,manufacturing,small,12022.95,Rep 3,Region Central,Standalone,16.14,false,87,true
2025-08-12,referral,tech,large,49471.81,Rep 8,Region South,Suite,0.0,false,79,true
2024-12-22,cold_call,tech,medium,24607.23,Rep 4,Region West,Platform,11.35,true,47,false
2025-10-18,webinar,finance,medium,20340.48,Rep 7,Region East,Standalone,24.02,true,54,true
2025-07-13,paid,finance,enterprise,164365.01,Rep 2,Region East,Platform,6.6,false,86,true
2025-08-08,webinar,retail,large,41261.84,Rep 1,Region West,Standalone,13.94,false,38,false
2025-08-05,cold_call,tech,medium,22096.73,Rep 4,Region East,Standalone,2.72,true,63,false
2024-09-12,cold_call,tech,small,8145.04,Rep 7,Region West,Platform,8.83,true,59,false
2024-08-15,paid,tech,small,6208.81,Rep 1,Region Central,Platform,0.0,true,51,true
2024-07-22,cold_call,retail,large,47947.26,Rep 3,Region Central,Suite,0.0,false,67,true
2024-01-01,referral,retail,small,7416.28,Rep 8,Region East,Platform,24.81,true,51,false
2025-09-19,webinar,retail,small,8977.02,Rep 2,Region South,Platform,2.98,false,64,true
2025-11-08,paid,healthcare,small,7683.88,Rep 4,Region West,Platform,2.57,false,85,true
2024-05-08,referral,healthcare,small,8467.42,Rep 8,Region East,Platform,26.17,true,58,false
2024-08-01,webinar,finance,medium,22360.29,Rep 3,Region East,Standalone,5.69,false,73,true
2025-08-18,webinar,tech,small,8534.17,Rep 8,Region South,Platform,12.76,false,38,false
2025-03-28,organic,tech,medium,29164.78,Rep 5,Region South,Suite,11.31,false,39,true
2024-07-28,referral,retail,small,8323.12,Rep 2,Region South,Platform,24.56,false,40,false
2025-11-05,paid,finance,enterprise,149649.19,Rep 2,Region East,Platform,12.05,false,57,true
2024-09-09,referral,tech,medium,21455.91,Rep 6,Region West,Platform,11.25,false,58,false
2024-06-07,referral,healthcare,medium,23426.95,Rep 5,Region East,Suite,18.51,false,51,false
2025-07-25,cold_call,retail,medium,25805.86,Rep 3,Region East,Platform,1.13,true,79,true
2024-07-07,referral,manufacturing,enterprise,157889.64,Rep 2,Region West,Platform,1.3,false,85,true
2025-05-06,referral,manufacturing,large,75205.38,Rep 6,Region Central,Platform,11.01,false,37,false
2025-12-04,referral,manufacturing,medium,23774.36,Rep 5,Region East,Standalone,32.88,false,58,false
2024-03-13,webinar,manufacturing,small,7998.39,Rep 8,Region East,Platform,9.41,true,36,false
2025-10-14,referral,retail,large,51304.72,Rep 2,Region Central,Standalone,11.16,true,84,true
2024-08-08,organic,retail,small,8317.68,Rep 1,Region South,Platform,14.56,true,88,true
2025-07-06,referral,healthcare,small,6928.2,Rep 4,Region East,Platform,27.34,false,41,true
2024-07-03,referral,healthcare,enterprise,150612.77,Rep 2,Region South,Platform,12.59,false,75,true
2025-10-18,organic,manufacturing,medium,27729.52,Rep 8,Region East,Platform,7.08,false,63,false
2024-12-13,cold_call,tech,small,8465.9,Rep 5,Region Central,Platform,7.59,false,73,true
2024-01-05,paid,retail,medium,24567.7,Rep 7,Region Central,Platform,6.27,false,77,true
2024-07-22,webinar,tech,large,58860.94,Rep 5,Region East,Suite,7.16,false,21,false
2025-05-31,paid,retail,enterprise,129883.41,Rep 2,Region South,Standalone,13.42,true,61,true
2024-03-01,webinar,finance,medium,21622.08,Rep 7,Region East,Platform,8.13,false,53,true
2024-06-18,organic,retail,medium,27892.23,Rep 5,Region South,Platform,13.83,true,27,false
2025-03-10,referral,tech,medium,27792.5,Rep 3,Region South,Suite,23.4,false,59,false
2024-04-04,cold_call,finance,small,8936.79,Rep 7,Region East,Platform,3.27,false,56,false
2025-07-27,referral,retail,medium,18300.9,Rep 8,Region East,Suite,23.31,true,50,true
2024-02-27,organic,finance,small,6695.19,Rep 2,Region East,Platform,5.47,false,88,true
2024-02-23,cold_call,tech,small,7479.23,Rep 7,Region East,Platform,7.07,true,30,false
2025-08-02,referral,tech,small,8608.27,Rep 8,Region West,Platform,11.06,false,44,false
2024-10-25,referral,retail,small,6187.35,Rep 5,Region Central,Platform,13.43,false,71,true
2024-05-20,cold_call,retail,medium,23013.7,Rep 2,Region South,Platform,11.92,false,79,true
2025-02-15,cold_call,manufacturing,large,35464.88,Rep 4,Region South,Platform,15.84,true,99,true
2024-08-29,paid,retail,enterprise,133351.62,Rep 2,Region East,Standalone,5.63,false,74,true
2024-12-20,referral,manufacturing,small,8058.34,Rep 4,Region Central,Platform,31.48,false,64,false
2024-10-26,webinar,retail,small,8353.9,Rep 3,Region East,Platform,0.0,true,66,true
2025-08-24,cold_call,tech,small,8863.08,Rep 8,Region West,Platform,23.35,true,59,false
2025-08-11,webinar,finance,large,56119.24,Rep 6,Region East,Standalone,12.89,false,48,false
2024-02-12,referral,manufacturing,enterprise,153146.32,Rep 4,Region Central,Standalone,19.73,false,89,true
2025-09-27,organic,retail,enterprise,137649.49,Rep 2,Region Central,Standalone,11.74,true,88,true
2025-12-10,cold_call,tech,enterprise,178899.46,Rep 2,Region East,Standalone,0.0,true,57,false
2024-06-23,organic,finance,small,9476.45,Rep 4,Region East,Platform,13.25,false,57,true
2024-11-16,paid,manufacturing,small,7042.77,Rep 3,Region West,Platform,15.41,true,75,true
2024-03-09,referral,manufacturing,small,8233.99,Rep 1,Region East,Platform,19.64,true,59,false
2025-08-26,referral,manufacturing,large,51165.15,Rep 1,Region Central,Standalone,12.3,false,34,true
2025-09-20,referral,manufacturing,medium,24633.67,Rep 7,Region East,Standalone,16.23,true,85,true
2025-02-01,paid,manufacturing,small,10755.06,Rep 1,Region Central,Platform,11.54,true,55,true
2024-04-11,referral,manufacturing,medium,28997.87,Rep 4,Region South,Standalone,18.38,true,54,true
2025-07-02,paid,manufacturing,large,61291.13,Rep 6,Region East,Suite,0.0,false,69,true
2024-01-24,cold_call,manufacturing,medium,25319.58,Rep 6,Region South,Platform,7.83,true,25,true
2024-08-31,paid,healthcare,small,8201.06,Rep 5,Region East,Standalone,1.11,true,52,false
2025-08-12,referral,manufacturing,medium,21502.17,Rep 3,Region East,Suite,18.76,false,54,false
2024-12-25,organic,manufacturing,large,52420.67,Rep 1,Region Central,Standalone,2.06,false,67,true
2024-03-08,referral,retail,medium,21319.54,Rep 1,Region West,Suite,15.29,true,51,false
2025-01-14,cold_call,tech,large,70543.97,Rep 8,Region East,Suite,8.75,true,77,false
2024-05-22,referral,finance,medium,23326.76,Rep 4,Region East,Standalone,1.65,true,67,true
2024-04-01,referral,healthcare,small,8526.43,Rep 7,Region South,Platform,25.12,true,42,false
2025-11-10,organic,finance,medium,24106.09,Rep 4,Region East,Standalone,4.04,false,37,false
2025-09-08,referral,tech,enterprise,149476.21,Rep 2,Region South,Standalone,9.16,false,100,true
2025-09-09,paid,retail,medium,20728.51,Rep 7,Region West,Standalone,14.08,true,42,true
2025-04-01,cold_call,retail,large,40110.97,Rep 5,Region East,Standalone,11.03,true,90,true
2024-04-04,organic,healthcare,large,69807.1,Rep 7,Region Central,Standalone,10.47,false,70,true
2024-12-15,paid,tech,large,78674.87,Rep 3,Region Central,Suite,7.6,false,78,true
2025-12-02,cold_call,healthcare,small,7659.48,Rep 5,Region East,Platform,8.79,false,42,true
2024-07-13,referral,healthcare,medium,29171.85,Rep 8,Region West,Suite,11.23,false,67,true
2025-05-15,cold_call,finance,medium,22044.87,Rep 1,Region East,Suite,0.0,true,50,true
2025-01-03,referral,tech,small,8170.63,Rep 1,Region Central,Platform,21.96,false,58,true
2024-01-18,organic,healthcare,large,78363.83,Rep 8,Region South,Suite,18.21,false,74,true
2025-07-05,organic,manufacturing,enterprise,153851.07,Rep 2,Region East,Platform,1.86,true,60,false
2025-08-18,cold_call,retail,small,9902.57,Rep 7,Region South,Platform,10.86,false,40,true
2024-11-09,cold_call,manufacturing,large,44218.34,Rep 4,Region Central,Suite,16.06,true,75,true
2024-07-07,organic,tech,small,8190.99,Rep 8,Region South,Platform,14.01,false,30,false
2024-08-10,webinar,tech,small,9089.14,Rep 4,Region South,Platform,8.65,false,75,true
2024-09-02,organic,healthcare,medium,22402.09,Rep 7,Region West,Platform,16.86,false,56,false
2025-11-02,referral,retail,small,6577.34,Rep 4,Region West,Platform,13.65,false,42,false
2024-11-23,referral,healthcare,small,9410.4,Rep 2,Region South,Platform,17.36,false,65,true
2024-11-11,webinar,healthcare,large,75527.9,Rep 1,Region East,Platform,0.0,true,50,true
2025-03-07,paid,tech,medium,19962.75,Rep 2,Region South,Suite,12.74,false,55,false
2024-05-28,referral,retail,medium,20917.86,Rep 5,Region Central,Platform,29.54,true,48,false
2025-10-09,paid,manufacturing,small,10181.31,Rep 8,Region West,Platform,9.18,false,68,true
2025-12-14,cold_call,retail,large,63500.72,Rep 2,Region South,Platform,15.93,false,45,true
2025-01-25,organic,tech,medium,31255.79,Rep 2,Region Central,Standalone,15.79,false,77,true
2025-08-20,referral,manufacturing,small,8903.85,Rep 2,Region Central,Platform,20.63,true,86,true
2024-05-04,organic,tech,small,8617.5,Rep 5,Region South,Platform,9.77,true,40,true
2025-03-18,paid,manufacturing,small,8476.79,Rep 2,Region West,Platform,5.96,false,72,true
2024-11-13,organic,manufacturing,small,8075.76,Rep 1,Region Central,Platform,15.73,true,37,true
2025-08-11,referral,tech,medium,21423.35,Rep 5,Region South,Standalone,19.2,false,66,true
2025-06-28,cold_call,retail,large,70461.21,Rep 5,Region West,Suite,9.5,true,60,false
2024-07-21,paid,tech,enterprise,154380.35,Rep 2,Region Central,Suite,3.56,false,64,false
2024-09-20,webinar,manufacturing,medium,23117.52,Rep 8,Region Central,Standalone,15.11,false,34,true
2025-04-09,webinar,retail,medium,25530.32,Rep 7,Region South,Standalone,0.0,true,75,true
2024-10-27,paid,retail,small,7650.32,Rep 2,Region Central,Platform,14.34,true,52,false
2024-06-21,referral,tech,large,65148.73,Rep 4,Region West,Suite,24.62,true,78,true
2025-03-14,cold_call,tech,small,8909.68,Rep 2,Region East,Platform,16.15,false,100,true
2024-03-22,referral,healthcare,small,6681.59,Rep 8,Region West,Platform,5.59,false,38,true
2024-09-13,paid,manufacturing,small,7917.9,Rep 2,Region West,Suite,27.04,false,42,true
2025-01-20,paid,healthcare,large,63160.86,Rep 5,Region South,Suite,0.0,false,50,false
2025-11-25,cold_call,tech,small,8329.3,Rep 5,Region Central,Platform,4.65,false,94,true
2025-03-24,referral,healthcare,medium,26130.83,Rep 8,Region West,Standalone,25.61,false,16,true
2024-11-11,cold_call,healthcare,medium,26912.41,Rep 1,Region East,Standalone,12.31,false,59,false
2025-06-18,paid,retail,medium,29751.47,Rep 2,Region West,Suite,3.39,true,74,true
2024-05-18,cold_call,retail,small,10481.75,Rep 8,Region Central,Platform,1.92,false,32,false
2025-02-10,paid,tech,small,11354.31,Rep 1,Region West,Platform,7.44,false,62,false
2024-03-04,referral,retail,enterprise,147470.55,Rep 2,Region West,Standalone,20.38,true,43,false
2024-11-19,cold_call,retail,large,52430.12,Rep 3,Region West,Platform,2.38,true,53,false
2025-07-25,organic,retail,medium,24298.2,Rep 3,Region South,Standalone,7.27,true,83,true
2024-10-28,webinar,tech,small,11617.48,Rep 8,Region South,Suite,11.0,false,99,true
2025-09-21,organic,retail,large,57406.54,Rep 2,Region West,Standalone,17.19,false,63,true
2025-08-19,referral,tech,small,5095.25,Rep 8,Region East,Platform,25.73,false,32,false
2024-10-26,webinar,tech,medium,27175.16,Rep 5,Region East,Standalone,16.22,false,55,false
2025-08-26,cold_call,tech,medium,23255.35,Rep 8,Region South,Platform,0.68,true,58,false
2024-01-27,webinar,finance,large,63955.44,Rep 2,Region East,Platform,1.23,false,73,true
2024-02-02,organic,finance,small,7884.77,Rep 1,Region East,Platform,14.88,false,77,true
2025-10-31,organic,tech,small,9540.84,Rep 8,Region West,Platform,17.34,true,63,false
2025-11-02,cold_call,tech,enterprise,172552.23,Rep 2,Region East,Platform,14.12,true,95,true
2024-10-02,referral,manufacturing,small,6626.21,Rep 3,Region Central,Platform,23.41,true,54,true
2025-03-25,cold_call,tech,large,52351.9,Rep 1,Region East,Suite,3.15,false,80,true
2024-02-12,paid,healthcare,medium,22647.21,Rep 5,Region South,Suite,10.48,true,73,true
2024-09-13,referral,finance,medium,25929.39,Rep 3,Region East,Standalone,23.86,false,60,false
2024-11-21,organic,healthcare,large,49201.27,Rep 3,Region West,Suite,5.52,false,57,false
2024-10-18,webinar,healthcare,large,58545.03,Rep 5,Region Central,Standalone,18.11,false,67,true
2025-05-27,referral,tech,small,7895.61,Rep 5,Region Central,Platform,23.17,false,66,true
2024-10-09,organic,manufacturing,medium,30882.33,Rep 5,Region South,Platform,13.58,false,69,true
2024-02-13,cold_call,finance,medium,33065.97,Rep 4,Region East,Platform,27.4,true,65,true
2025-06-28,organic,finance,small,7775.19,Rep 8,Region East,Platform,14.77,false,73,true
2024-05-14,cold_call,retail,medium,18826.65,Rep 4,Region South,Platform,7.74,false,66,true
2024-11-20,referral,finance,enterprise,155587.94,Rep 2,Region East,Suite,20.69,true,52,false
2025-10-12,webinar,tech,medium,25479.01,Rep 7,Region South,Platform,7.52,true,69,true
2024-07-15,organic,finance,large,60342.34,Rep 2,Region East,Suite,15.78,true,44,true
2025-12-17,referral,finance,medium,23169.5,Rep 2,Region East,Standalone,23.45,false,48,true
2025-02-09,referral,tech,medium,25510.17,Rep 6,Region West,Suite,18.39,false,82,true
2025-03-14,paid,retail,large,68074.83,Rep 6,Region Central,Platform,0.15,false,81,true
2025-12-25,cold_call,healthcare,medium,19451.14,Rep 4,Region West,Platform,17.96,true,64,false
2025-05-02,referral,finance,large,56244.76,Rep 8,Region East,Suite,13.98,false,44,false
2025-08-29,webinar,tech,medium,20428.18,Rep 8,Region East,Standalone,16.26,false,60,true
2024-06-08,organic,tech,small,7385.72,Rep 8,Region Central,Platform,11.01,false,78,true
2025-04-20,cold_call,manufacturing,medium,31109.01,Rep 2,Region Central,Platform,4.67,false,89,true
2024-11-20,referral,tech,small,6163.84,Rep 1,Region East,Platform,19.78,false,43,false
2024-09-08,organic,healthcare,medium,23266.21,Rep 6,Region Central,Platform,3.47,false,80,true
2024-10-09,organic,retail,large,57975.82,Rep 2,Region East,Suite,6.34,false,21,true
2025-06-28,referral,manufacturing,medium,27545.47,Rep 3,Region South,Suite,23.3,false,100,true
2025-05-27,cold_call,retail,medium,26959.67,Rep 3,Region Central,Platform,9.88,false,34,false
2025-07-13,referral,tech,small,8344.95,Rep 6,Region Central,Platform,26.74,true,44,false
2024-01-03,organic,retail,medium,30971.45,Rep 3,Region East,Standalone,8.1,false,31,false
2025-11-16,webinar,retail,large,55302.76,Rep 7,Region West,Platform,8.02,false,68,true
2024-02-02,paid,tech,large,59665.64,Rep 2,Region Central,Platform,4.13,false,58,false
2024-11-19,referral,healthcare,small,9161.82,Rep 3,Region West,Platform,19.2,false,41,false
2025-02-21,cold_call,retail,small,8028.63,Rep 5,Region Central,Platform,10.27,false,60,true
2025-11-29,referral,healthcare,medium,27637.09,Rep 1,Region West,Suite,11.78,false,85,true
2025-05-31,organic,retail,large,47970.63,Rep 3,Region West,Standalone,6.95,false,34,false
2024-06-16,referral,tech,small,6496.83,Rep 3,Region Central,Platform,20.01,false,49,false
2025-08-12,referral,healthcare,large,58998.83,Rep 1,Region West,Standalone,20.35,false,69,true
2024-04-18,referral,retail,large,59213.94,Rep 8,Region Central,Standalone,26.97,false,79,true
2024-12-30,webinar,tech,large,60801.62,Rep 4,Region West,Platform,4.34,true,54,false
2025-02-20,paid,retail,large,70057.91,Rep 2,Region South,Suite,11.31,true,95,true
2025-11-15,cold_call,healthcare,large,35430.08,Rep 3,Region Central,Standalone,18.57,true,45,false
2024-08-12,organic,healthcare,large,58014.27,Rep 6,Region South,Platform,14.2,false,89,true
2025-04-23,referral,healthcare,enterprise,155872.94,Rep 5,Region West,Standalone,7.4,false,80,true
2025-06-07,paid,tech,small,6563.34,Rep 7,Region Central,Platform,15.71,true,65,true
2025-08-07,referral,finance,large,32752.75,Rep 1,Region East,Suite,16.77,false,57,false
2024-03-14,referral,healthcare,medium,26090.11,Rep 1,Region West,Platform,20.14,false,48,true
2025-06-19,referral,tech,small,6232.66,Rep 7,Region East,Platform,6.57,false,63,false
2024-06-13,organic,manufacturing,small,5082.78,Rep 2,Region South,Platform,17.08,true,48,true
2024-06-26,cold_call,finance,small,7331.16,Rep 3,Region East,Platform,13.29,false,72,true
2025-09-01,cold_call,manufacturing,large,76658.16,Rep 7,Region East,Suite,13.26,true,76,true
2024-09-29,paid,healthcare,large,56233.15,Rep 1,Region Central,Platform,4.12,false,46,false
2024-09-13,cold_call,manufacturing,large,60329.97,Rep 5,Region East,Platform,15.51,false,66,true
2025-07-28,referral,manufacturing,medium,27364.02,Rep 4,Region West,Suite,20.31,false,46,false
2024-01-05,cold_call,healthcare,small,7456.17,Rep 8,Region East,Suite,11.8,false,59,true
2024-10-24,organic,retail,small,9149.78,Rep 3,Region West,Platform,17.12,false,50,false
2025-06-12,referral,healthcare,small,9265.31,Rep 8,Region East,Platform,26.63,false,51,true
2025-05-04,referral,retail,small,8197.22,Rep 1,Region Central,Platform,15.57,true,58,true
2024-01-31,referral,retail,small,7639.41,Rep 6,Region West,Platform,19.31,false,41,true
2024-11-20,referral,retail,small,6252.47,Rep 8,Region West,Platform,25.49,false,44,false
2024-12-15,webinar,manufacturing,enterprise,140556.45,Rep 2,Region South,Suite,12.6,true,82,true
2025-05-15,referral,manufacturing,large,53223.87,Rep 2,Region West,Platform,11.46,true,63,false
2025-11-06,referral,retail,enterprise,164407.94,Rep 3,Region South,Standalone,19.34,true,55,false
2024-05-17,paid,tech,enterprise,176380.33,Rep 2,Region Central,Standalone,16.08,false,48,false
2025-08-09,referral,retail,large,65786.0,Rep 3,Region East,Platform,18.06,true,64,false
2024-09-09,paid,tech,small,6442.58,Rep 4,Region Central,Platform,7.58,true,71,true
2024-04-11,webinar,tech,medium,28624.74,Rep 5,Region East,Suite,6.22,false,87,true
2025-01-18,referral,finance,medium,25785.94,Rep 8,Region Central,Standalone,0.0,false,68,true
2025-05-24,referral,manufacturing,small,10904.34,Rep 8,Region Central,Platform,13.64,false,51,true
2024-01-15,paid,healthcare,small,7928.31,Rep 8,Region East,Platform,1.37,true,83,true
2025-04-05,cold_call,manufacturing,small,5716.02,Rep 3,Region South,Platform,0.0,true,82,true
2024-01-04,cold_call,healthcare,medium,28098.46,Rep 8,Region East,Platform,0.0,false,100,true
2025-12-05,paid,finance,small,8263.1,Rep 4,Region East,Platform,0.72,false,86,true
2024-08-29,webinar,tech,medium,24527.88,Rep 5,Region South,Platform,0.0,true,52,false
2025-03-21,paid,tech,large,63173.31,Rep 1,Region South,Platform,10.07,true,37,true
2024-05-12,cold_call,tech,small,7378.74,Rep 6,Region West,Platform,14.21,false,81,true
2024-07-23,referral,manufacturing,small,6885.76,Rep 7,Region West,Platform,19.29,false,76,true
2025-09-26,organic,tech,medium,25448.85,Rep 7,Region Central,Suite,10.11,true,20,true
2025-09-20,referral,retail,large,62446.33,Rep 4,Region East,Standalone,9.89,true,70,true
2025-10-08,referral,manufacturing,medium,27843.27,Rep 4,Region West,Suite,32.17,false,79,true
2024-02-04,webinar,retail,small,3732.97,Rep 4,Region West,Platform,6.24,true,71,true
2025-01-03,webinar,healthcare,medium,26261.95,Rep 5,Region East,Suite,14.72,false,29,true
2024-02-16,referral,manufacturing,small,7392.9,Rep 8,Region South,Platform,12.75,false,71,true
2024-09-10,cold_call,healthcare,medium,24254.98,Rep 2,Region South,Suite,10.35,false,91,true
2024-06-02,referral,manufacturing,small,8161.61,Rep 3,Region East,Platform,15.97,false,40,false
2025-10-12,paid,tech,large,61538.88,Rep 3,Region West,Suite,11.08,true,72,true
2025-10-09,referral,manufacturing,medium,26187.3,Rep 5,Region West,Suite,17.19,false,69,true
2025-01-20,paid,finance,large,56977.05,Rep 2,Region East,Standalone,9.97,true,68,true
2025-09-12,referral,manufacturing,large,71933.25,Rep 1,Region South,Standalone,11.64,false,51,true
2025-05-01,cold_call,finance,large,57905.42,Rep 3,Region East,Standalone,14.27,true,72,true
2025-11-20,organic,manufacturing,medium,28857.95,Rep 5,Region Central,Platform,4.81,false,63,false
2025-02-15,referral,finance,medium,20926.58,Rep 2,Region Central,Standalone,11.02,false,65,true
2025-04-07,cold_call,healthcare,enterprise,114843.03,Rep 2,Region South,Suite,17.73,true,66,true
2024-08-15,paid,retail,large,50179.54,Rep 4,Region West,Standalone,0.0,true,60,false
2025-03-12,organic,manufacturing,medium,22100.38,Rep 5,Region South,Platform,1.57,false,65,true
2025-02-08,organic,tech,small,8181.42,Rep 3,Region East,Platform,31.84,false,58,false
2024-08-08,webinar,healthcare,small,8411.71,Rep 8,Region Central,Platform,11.21,false,70,true
2024-11-11,cold_call,manufacturing,large,74427.75,Rep 1,Region West,Platform,12.48,true,33,true
2025-12-08,paid,retail,medium,22199.74,Rep 8,Region West,Platform,5.58,true,67,true
2025-03-22,referral,finance,enterprise,206079.14,Rep 1,Region East,Standalone,23.81,false,54,false
2024-02-24,organic,tech,medium,27101.3,Rep 7,Region East,Platform,10.5,true,67,true
2025-08-30,referral,healthcare,medium,29217.01,Rep 6,Region Central,Standalone,18.55,false,77,true
2025-09-07,cold_call,retail,small,6297.24,Rep 7,Region East,Platform,10.77,false,44,false
2025-01-06,paid,manufacturing,large,78095.3,Rep 1,Region Central,Standalone,1.68,false,59,false
2024-08-05,referral,healthcare,small,8409.44,Rep 2,Region South,Platform,9.09,true,77,true
2025-11-29,referral,healthcare,enterprise,144297.3,Rep 3,Region South,Standalone,4.84,true,58,true
2024-05-21,cold_call,healthcare,small,8379.54,Rep 3,Region South,Platform,3.75,false,49,true
2025-07-10,cold_call,manufacturing,large,65163.53,Rep 4,Region Central,Platform,0.71,true,55,false
2025-06-30,webinar,tech,medium,24653.77,Rep 4,Region West,Suite,9.34,false,44,false
2025-01-07,referral,healthcare,medium,25530.45,Rep 1,Region West,Platform,22.74,false,68,true
2025-02-08,cold_call,retail,small,8876.98,Rep 4,Region South,Standalone,12.75,false,53,true
2025-11-26,referral,tech,small,8690.55,Rep 7,Region Central,Platform,13.82,true,100,true
2024-05-04,cold_call,tech,medium,24376.83,Rep 2,Region East,Platform,4.53,false,53,true
2025-04-15,referral,tech,small,8652.21,Rep 7,Region East,Platform,20.75,false,40,true
2024-01-24,webinar,tech,small,9584.55,Rep 1,Region South,Platform,9.56,false,49,false
2025-11-17,referral,finance,small,12300.93,Rep 5,Region East,Platform,4.74,true,100,true
2024-10-09,organic,tech,small,8420.56,Rep 5,Region East,Platform,12.31,false,54,true
2025-04-05,webinar,manufacturing,small,10006.96,Rep 6,Region South,Platform,13.12,false,88,true
2024-05-10,webinar,retail,enterprise,161095.69,Rep 2,Region West,Platform,2.37,true,50,false
2025-02-10,referral,healthcare,large,64024.23,Rep 4,Region West,Platform,18.96,false,76,true
2025-10-12,webinar,finance,small,9133.17,Rep 6,Region East,Platform,12.3,true,47,false
2024-03-09,referral,manufacturing,medium,20029.16,Rep 7,Region East,Platform,0.96,false,33,true
2025-09-23,referral,retail,large,53763.67,Rep 2,Region East,Standalone,28.35,true,73,true
2025-12-16,cold_call,healthcare,small,9070.41,Rep 8,Region Central,Platform,6.11,true,100,true
2024-05-09,referral,tech,medium,27032.83,Rep 6,Region Central,Platform,18.77,true,28,false
2025-11-30,referral,tech,enterprise,115879.51,Rep 2,Region South,Suite,19.27,false,56,true
2024-05-25,referral,tech,enterprise,142813.6,Rep 2,Region West,Standalone,12.42,false,48,true
2025-05-18,webinar,tech,small,5243.25,Rep 6,Region East,Platform,8.92,false,59,false
2024-02-11,paid,retail,medium,22084.29,Rep 5,Region East,Suite,0.54,false,50,false
2025-09-30,referral,tech,small,5785.04,Rep 7,Region South,Platform,21.33,false,11,true
2025-12-09,cold_call,healthcare,small,7895.46,Rep 6,Region East,Platform,10.32,false,89,true
2024-05-07,organic,retail,small,8673.2,Rep 5,Region South,Platform,5.67,false,60,false
2025-08-11,webinar,tech,small,7855.25,Rep 2,Region Central,Platform,8.02,true,73,true
2024-07-03,organic,tech,large,62330.97,Rep 3,Region South,Platform,12.68,false,71,true
2025-04-20,cold_call,retail,enterprise,117067.16,Rep 5,Region Central,Platform,5.09,true,34,false
2024-06-18,paid,healthcare,small,9097.48,Rep 1,Region East,Platform,30.5,true,85,true
2025-04-28,cold_call,retail,medium,21969.52,Rep 8,Region South,Suite,12.46,true,26,false
2025-08-19,paid,tech,large,64188.66,Rep 4,Region East,Platform,19.93,false,55,false
2024-03-31,referral,retail,large,58012.73,Rep 2,Region West,Standalone,5.42,false,45,false
2025-04-26,cold_call,finance,small,7268.79,Rep 2,Region East,Platform,6.79,false,47,true
2025-02-16,referral,healthcare,enterprise,149106.59,Rep 2,Region Central,Suite,9.44,false,68,true
2024-08-08,webinar,healthcare,enterprise,143171.52,Rep 2,Region West,Standalone,1.92,true,91,true
2025-02-27,organic,retail,small,9494.75,Rep 4,Region East,Platform,9.79,true,63,true
2025-09-27,cold_call,finance,enterprise,188385.19,Rep 2,Region East,Platform,0.0,true,56,false
2025-11-11,referral,manufacturing,large,55298.93,Rep 3,Region West,Standalone,6.32,false,67,true
2025-05-09,referral,finance,medium,28932.12,Rep 7,Region East,Platform,18.03,false,59,false
2025-03-27,referral,retail,medium,21405.06,Rep 3,Region Central,Standalone,11.65,false,73,true
2025-02-23,webinar,retail,small,7716.94,Rep 7,Region West,Platform,14.07,true,79,true
2024-07-20,referral,finance,small,6857.16,Rep 1,Region East,Platform,13.78,false,51,false
2025-01-29,paid,manufacturing,medium,26982.8,Rep 4,Region Central,Suite,17.28,false,44,false
2024-05-20,referral,manufacturing,medium,21855.69,Rep 8,Region Central,Standalone,5.24,false,98,true
2024-04-02,paid,healthcare,medium,18736.29,Rep 2,Region South,Standalone,10.36,true,22,false
2025-04-09,organic,healthcare,medium,35486.81,Rep 7,Region East,Suite,12.15,true,65,true
2024-02-29,referral,manufacturing,medium,28753.02,Rep 7,Region South,Platform,21.88,true,75,true
2024-01-02,cold_call,healthcare,small,8390.19,Rep 8,Region West,Platform,6.57,true,77,true
2024-10-23,paid,retail,small,9175.24,Rep 4,Region South,Suite,12.37,true,47,true
2025-03-30,referral,tech,small,7668.86,Rep 5,Region East,Platform,6.58,false,78,true
2025-05-01,cold_call,healthcare,medium,24559.58,Rep 4,Region Central,Standalone,6.97,true,57,true
2024-01-07,referral,tech,enterprise,148869.22,Rep 2,Region East,Platform,14.05,true,43,false
2025-10-07,referral,manufacturing,small,10978.85,Rep 7,Region South,Platform,2.29,false,36,true
2025-09-04,referral,manufacturing,small,8688.73,Rep 5,Region West,Platform,12.38,false,83,true
2025-11-07,webinar,retail,small,8108.52,Rep 5,Region South,Platform,10.44,false,57,false
2025-05-23,paid,retail,small,6605.27,Rep 7,Region Central,Platform,0.0,true,45,false
2025-04-30,paid,retail,small,8128.04,Rep 8,Region Central,Platform,25.38,false,51,false
2025-07-29,referral,tech,small,7911.7,Rep 5,Region South,Platform,10.79,false,29,false
2024-11-07,referral,manufacturing,large,68612.93,Rep 6,Region South,Platform,16.31,false,59,false
2024-05-11,webinar,manufacturing,large,64765.86,Rep 6,Region South,Standalone,14.71,false,71,true
2025-10-15,referral,finance,small,9363.14,Rep 4,Region East,Platform,14.29,false,81,true
2024-04-08,cold_call,healthcare,large,52643.82,Rep 6,Region Central,Platform,4.65,true,54,false
2024-01-03,webinar,retail,small,7381.21,Rep 3,Region South,Platform,9.38,false,57,false
2025-08-18,webinar,healthcare,small,8375.53,Rep 1,Region West,Platform,13.41,false,85,true
2025-01-06,webinar,tech,small,7979.77,Rep 7,Region Central,Platform,5.01,true,54,false
2024-05-22,organic,healthcare,small,8002.49,Rep 6,Region West,Platform,5.42,true,67,true
2025-10-08,referral,retail,enterprise,144391.33,Rep 2,Region Central,Suite,8.38,false,100,true
2024-04-06,organic,healthcare,enterprise,131205.81,Rep 2,Region Central,Standalone,12.82,true,15,false
2025-09-27,paid,retail,small,7257.08,Rep 5,Region South,Platform,16.13,false,68,true
2025-01-01,webinar,tech,enterprise,150553.09,Rep 2,Region West,Platform,9.83,true,58,true
2025-10-30,organic,tech,enterprise,139648.8,Rep 2,Region South,Suite,11.77,true,44,false
2024-11-14,referral,healthcare,large,64481.04,Rep 3,Region Central,Platform,24.3,false,46,false
2024-12-13,referral,retail,small,7756.16,Rep 8,Region Central,Platform,21.34,true,60,false
2024-05-22,cold_call,finance,medium,29952.88,Rep 7,Region East,Suite,14.26,false,69,true
2025-12-18,referral,finance,small,6437.61,Rep 1,Region East,Platform,22.28,false,71,true
2025-02-23,referral,manufacturing,medium,22186.4,Rep 6,Region Central,Platform,12.6,true,64,true
2024-04-26,referral,manufacturing,small,7762.28,Rep 7,Region West,Platform,10.23,false,67,true
2024-10-01,paid,finance,small,7584.95,Rep 4,Region East,Platform,7.64,true,70,true
2024-08-15,referral,tech,medium,27513.71,Rep 1,Region Central,Platform,15.31,true,49,false
2025-03-15,paid,healthcare,small,7811.25,Rep 3,Region South,Platform,5.13,false,36,false
2025-12-19,referral,finance,small,7835.34,Rep 5,Region East,Platform,13.9,false,53,false
2025-04-28,paid,finance,enterprise,155715.41,Rep 2,Region East,Platform,1.18,false,50,false
2024-10-03,cold_call,tech,medium,24307.53,Rep 6,Region West,Standalone,17.43,true,61,false
2025-02-27,webinar,healthcare,medium,15454.42,Rep 5,Region East,Suite,9.38,true,100,true
2024-08-19,webinar,finance,medium,20280.34,Rep 2,Region East,Suite,12.85,false,75,true
2024-09-15,referral,tech,medium,24158.35,Rep 2,Region Central,Suite,19.48,false,60,true
2025-07-07,cold_call,retail,medium,30132.78,Rep 7,Region South,Suite,2.66,false,70,true
2024-02-25,webinar,manufacturing,enterprise,94080.88,Rep 6,Region South,Suite,17.02,false,95,true
2024-02-21,referral,tech,medium,30101.46,Rep 6,Region West,Platform,18.75,true,57,true
2025-11-13,paid,finance,medium,17667.84,Rep 3,Region East,Standalone,9.64,false,57,false
2025-03-31,referral,manufacturing,small,7790.84,Rep 6,Region East,Platform,29.39,false,57,true
2025-04-11,webinar,tech,large,69057.52,Rep 1,Region East,Suite,8.94,true,61,false
2024-04-11,referral,retail,large,46219.2,Rep 6,Region Central,Standalone,26.67,false,84,true
2025-04-29,referral,finance,small,11350.89,Rep 3,Region East,Platform,30.93,true,80,true
2024-09-14,cold_call,healthcare,small,7487.68,Rep 1,Region South,Platform,16.81,false,35,false
2025-11-12,cold_call,tech,medium,23167.8,Rep 5,Region Central,Suite,15.54,true,46,true
2025-02-09,cold_call,tech,small,8276.69,Rep 6,Region South,Platform,17.23,false,53,false
2025-04-11,cold_call,tech,medium,30960.58,Rep 5,Region East,Platform,7.76,false,46,false
2024-06-16,referral,manufacturing,medium,24159.78,Rep 2,Region Central,Platform,35.13,false,69,true
2025-06-11,paid,finance,small,7955.21,Rep 7,Region East,Platform,17.3,true,52,true
2025-09-11,organic,tech,enterprise,98501.58,Rep 2,Region West,Platform,14.05,true,81,true
2025-11-21,referral,manufacturing,small,6591.37,Rep 6,Region South,Platform,11.36,true,40,true
2024-11-23,organic,retail,small,5824.59,Rep 1,Region West,Platform,4.44,false,54,false
2024-11-15,referral,finance,large,53096.91,Rep 4,Region East,Platform,13.56,false,72,true
2024-04-24,organic,healthcare,large,56112.2,Rep 2,Region West,Platform,5.23,false,64,false
2024-02-18,cold_call,healthcare,medium,23436.15,Rep 4,Region South,Suite,12.5,true,38,false
2024-09-30,referral,tech,small,7305.41,Rep 3,Region South,Platform,0.0,false,68,true
2024-08-24,referral,manufacturing,small,9107.38,Rep 8,Region South,Platform,29.19,true,58,true
2025-04-07,referral,retail,small,3942.7,Rep 4,Region East,Platform,29.32,true,91,true
2025-11-03,webinar,tech,medium,26970.92,Rep 8,Region South,Standalone,10.58,true,64,true
2025-08-28,referral,retail,enterprise,180485.79,Rep 2,Region East,Standalone,1.22,false,49,false
2024-09-08,organic,manufacturing,medium,28607.37,Rep 3,Region West,Platform,0.65,false,74,true
2025-05-12,webinar,healthcare,large,51973.87,Rep 1,Region Central,Platform,14.75,false,60,false
2025-08-04,organic,manufacturing,medium,22452.18,Rep 1,Region East,Platform,13.05,false,91,true
2024-04-22,referral,manufacturing,medium,21613.17,Rep 8,Region East,Standalone,30.62,false,51,true
2025-07-16,referral,tech,large,67549.31,Rep 7,Region West,Platform,27.07,false,87,true
2025-08-20,referral,tech,medium,26856.03,Rep 4,Region South,Suite,18.85,false,44,false
2024-09-14,referral,manufacturing,medium,26397.19,Rep 3,Region South,Standalone,30.34,true,56,false
2025-07-29,cold_call,manufacturing,enterprise,137557.21,Rep 2,Region South,Standalone,12.9,true,53,false
2025-01-20,cold_call,tech,medium,23183.51,Rep 6,Region South,Standalone,6.43,true,45,true
2025-06-22,cold_call,healthcare,small,11009.02,Rep 1,Region Central,Platform,9.23,false,70,true
2024-01-21,organic,retail,medium,24012.6,Rep 8,Region Central,Standalone,6.91,false,62,true
2025-12-16,paid,finance,medium,22638.47,Rep 7,Region East,Suite,10.1,false,58,false
2025-12-25,paid,finance,small,7859.85,Rep 4,Region Central,Platform,8.93,true,99,true
2025-01-09,paid,tech,medium,21192.23,Rep 7,Region East,Suite,7.78,false,25,false
2024-12-28,paid,retail,large,58543.92,Rep 3,Region Central,Platform,1.67,false,75,true
2024-10-11,paid,retail,enterprise,133772.07,Rep 2,Region East,Platform,16.22,false,65,true
2024-12-27,cold_call,healthcare,medium,25458.79,Rep 6,Region West,Suite,19.25,false,74,true
2025-06-04,webinar,tech,enterprise,163707.08,Rep 4,Region South,Standalone,17.16,true,60,false
2024-01-28,referral,manufacturing,medium,22499.44,Rep 5,Region South,Platform,19.85,false,37,false
2024-11-22,cold_call,retail,small,8653.06,Rep 8,Region South,Platform,4.87,false,93,true
2024-04-23,referral,tech,enterprise,142603.57,Rep 2,Region West,Standalone,3.28,true,21,false
2025-10-29,webinar,retail,medium,23124.34,Rep 6,Region Central,Platform,16.19,false,62,true
2024-01-08,paid,tech,large,58352.64,Rep 7,Region South,Suite,7.84,false,62,false
2025-04-15,organic,manufacturing,small,9463.78,Rep 6,Region East,Platform,0.2,false,64,false
2024-04-23,organic,retail,small,7965.27,Rep 3,Region South,Platform,23.37,false,35,false
2025-09-13,organic,retail,small,7117.32,Rep 4,Region West,Platform,7.24,false,42,false
2025-04-02,referral,healthcare,small,8511.06,Rep 5,Region South,Platform,20.62,true,49,true
2024-04-19,webinar,healthcare,small,7888.12,Rep 1,Region Central,Platform,1.17,false,48,false
2024-03-18,organic,healthcare,large,59277.89,Rep 8,Region East,Suite,9.65,true,34,false
2025-12-17,cold_call,retail,large,48837.35,Rep 7,Region Central,Suite,2.85,false,66,true
2024-12-09,paid,finance,small,6195.53,Rep 1,Region East,Platform,0.72,false,30,false
2024-10-20,webinar,healthcare,small,9807.53,Rep 2,Region West,Platform,9.98,false,67,true
2025-01-27,cold_call,retail,large,57584.86,Rep 1,Region South,Suite,15.91,false,56,false
2024-04-03,referral,healthcare,medium,26323.26,Rep 6,Region Central,Platform,22.53,false,17,false
2024-11-03,organic,finance,large,56969.04,Rep 3,Region East,Platform,10.76,false,63,true
2024-06-06,webinar,retail,medium,25387.78,Rep 1,Region Central,Platform,10.71,false,17,true
2025-07-19,paid,finance,enterprise,147511.27,Rep 2,Region East,Standalone,3.04,false,84,true
2025-08-18,webinar,tech,medium,20072.68,Rep 3,Region South,Suite,12.86,true,69,true
2024-11-08,referral,manufacturing,medium,23075.35,Rep 8,Region West,Standalone,12.57,true,61,false
2024-07-26,referral,tech,medium,20121.86,Rep 6,Region South,Platform,11.37,false,36,false
2024-02-06,referral,tech,medium,22122.55,Rep 3,Region West,Platform,14.2,true,88,true
2025-01-17,paid,retail,medium,21822.46,Rep 8,Region East,Suite,11.14,true,36,false
2024-07-23,paid,finance,small,6655.89,Rep 1,Region East,Platform,7.39,true,69,true
2024-11-24,referral,tech,enterprise,144580.75,Rep 2,Region West,Standalone,25.58,false,29,false
2025-02-12,paid,retail,small,6899.85,Rep 6,Region East,Platform,6.79,false,39,false
2024-02-02,referral,retail,medium,22574.39,Rep 2,Region West,Platform,25.98,false,74,true
2025-03-23,webinar,finance,medium,22116.33,Rep 4,Region East,Platform,6.62,true,46,false
2024-11-03,cold_call,tech,small,6177.8,Rep 4,Region South,Platform,6.54,true,78,true
2024-09-26,cold_call,retail,enterprise,145083.52,Rep 2,Region West,Standalone,21.97,true,37,true
2024-04-15,referral,tech,large,61866.23,Rep 7,Region South,Suite,20.19,false,85,true
2025-03-25,webinar,manufacturing,small,7110.39,Rep 5,Region East,Platform,13.72,false,79,true
2025-04-19,cold_call,tech,small,5736.33,Rep 4,Region West,Platform,3.28,true,82,true
2024-07-01,cold_call,healthcare,large,79812.92,Rep 5,Region East,Suite,6.2,true,76,true
2024-03-09,paid,retail,medium,20155.67,Rep 1,Region East,Suite,5.48,false,75,true
2025-11-25,cold_call,tech,large,59308.79,Rep 5,Region East,Platform,10.8,false,37,false
2025-08-06,referral,finance,enterprise,171939.06,Rep 5,Region East,Standalone,24.73,false,41,true
2025-01-14,cold_call,manufacturing,medium,23240.03,Rep 8,Region South,Platform,22.78,false,82,true
2025-02-08,webinar,finance,small,7890.78,Rep 1,Region West,Platform,11.41,true,95,true
2024-06-12,cold_call,retail,enterprise,179812.62,Rep 2,Region Central,Standalone,15.39,false,69,true
2024-07-08,organic,tech,medium,28763.69,Rep 1,Region East,Platform,11.66,false,64,false
2025-07-30,webinar,finance,enterprise,138009.74,Rep 2,Region East,Platform,9.95,true,68,true
2024-09-28,organic,tech,small,9239.59,Rep 5,Region South,Platform,13.61,true,40,false
2025-09-26,cold_call,tech,large,62935.77,Rep 6,Region Central,Standalone,14.19,false,72,true
2024-03-04,cold_call,finance,medium,21503.51,Rep 1,Region East,Standalone,1.35,false,37,true
2025-06-09,webinar,tech,medium,24063.86,Rep 3,Region Central,Suite,3.74,false,14,false
2025-07-06,referral,healthcare,small,10127.72,Rep 7,Region South,Platform,8.83,false,100,true
2024-12-24,cold_call,tech,enterprise,154774.12,Rep 3,Region West,Standalone,12.51,false,33,true
2025-06-12,cold_call,healthcare,medium,27413.05,Rep 1,Region West,Platform,13.68,false,70,true
2024-11-03,cold_call,retail,large,63567.1,Rep 5,Region South,Platform,0.0,true,81,true
2025-12-07,paid,tech,medium,20739.66,Rep 6,Region West,Standalone,16.33,false,37,false
2025-09-03,webinar,finance,large,68252.38,Rep 6,Region East,Platform,14.07,true,50,false
2025-07-09,organic,manufacturing,medium,25006.96,Rep 2,Region Central,Standalone,4.4,false,38,true
2024-03-09,cold_call,healthcare,large,64885.63,Rep 3,Region East,Standalone,4.66,false,65,true
2025-04-02,cold_call,healthcare,medium,21342.49,Rep 3,Region South,Platform,9.94,true,79,true
2024-06-20,organic,healthcare,medium,22893.42,Rep 3,Region Central,Suite,8.86,false,58,false
2024-02-23,webinar,finance,large,68481.18,Rep 1,Region East,Standalone,15.33,true,84,true
2025-11-12,organic,retail,enterprise,158899.63,Rep 2,Region East,Platform,0.0,true,64,false
2025-02-06,organic,tech,large,56911.67,Rep 3,Region Central,Standalone,17.8,false,12,false
2025-04-01,organic,finance,large,49153.59,Rep 6,Region East,Suite,3.36,false,90,true
2025-08-28,cold_call,retail,medium,23446.24,Rep 3,Region East,Suite,17.33,true,58,true
2024-10-22,paid,retail,large,59797.59,Rep 4,Region West,Standalone,17.95,false,55,true
2024-08-05,organic,tech,large,61643.45,Rep 2,Region East,Standalone,11.39,true,66,true
2025-03-13,referral,manufacturing,large,47297.7,Rep 3,Region East,Suite,18.38,true,51,false
2025-03-15,webinar,healthcare,medium,27210.41,Rep 2,Region East,Suite,11.85,false,75,false
2024-12-14,cold_call,healthcare,large,66122.51,Rep 7,Region East,Standalone,11.56,false,51,true
2024-07-14,cold_call,finance,large,73696.69,Rep 8,Region East,Standalone,11.58,false,53,true
2024-04-10,cold_call,manufacturing,small,6796.17,Rep 5,Region West,Platform,10.23,true,71,true
2024-03-06,webinar,manufacturing,enterprise,121064.87,Rep 8,Region Central,Platform,12.42,false,65,true
2024-06-04,referral,tech,large,71025.05,Rep 4,Region South,Platform,2.18,true,84,true
2024-03-10,organic,tech,medium,21942.66,Rep 1,Region Central,Suite,11.55,true,58,false
2024-06-15,referral,healthcare,enterprise,142585.88,Rep 2,Region Central,Standalone,19.66,true,47,false
2024-04-30,referral,finance,medium,27442.59,Rep 4,Region East,Standalone,36.68,false,46,false
2025-07-17,paid,manufacturing,small,7834.89,Rep 2,Region East,Platform,0.0,false,82,true
2024-09-05,paid,tech,enterprise,152328.4,Rep 2,Region Central,Platform,4.94,true,51,false
2024-12-26,referral,manufacturing,medium,33939.63,Rep 1,Region South,Suite,4.63,false,10,false
2025-02-25,organic,tech,medium,23661.56,Rep 6,Region Central,Standalone,2.53,false,51,true
2024-02-20,webinar,tech,medium,25559.44,Rep 1,Region Central,Standalone,16.79,true,76,true
2025-07-27,cold_call,finance,large,68017.18,Rep 1,Region Central,Standalone,17.29,false,19,false
2025-11-20,cold_call,tech,small,9301.09,Rep 6,Region Central,Platform,8.49,false,81,true
2024-11-01,organic,healthcare,medium,25258.12,Rep 2,Region South,Platform,11.64,true,53,false
2025-02-26,organic,retail,small,7639.43,Rep 7,Region East,Platform,0.0,true,47,false
2025-11-01,organic,tech,large,89915.55,Rep 6,Region Central,Platform,12.03,false,46,true
2025-12-18,referral,finance,large,58846.41,Rep 1,Region East,Standalone,8.26,true,43,true
2025-03-23,webinar,finance,medium,21117.17,Rep 5,Region East,Platform,6.45,true,76,true
2025-07-26,cold_call,healthcare,medium,23263.73,Rep 2,Region Central,Suite,0.0,false,44,false
2025-11-14,cold_call,retail,enterprise,153156.64,Rep 2,Region South,Suite,10.11,false,60,false
2025-04-25,referral,finance,small,8592.45,Rep 1,Region East,Platform,13.9,false,92,true
2024-11-04,paid,tech,large,60584.88,Rep 1,Region Central,Suite,11.18,false,36,false
2025-04-22,paid,retail,medium,27601.59,Rep 3,Region East,Platform,10.08,false,36,false
2024-06-24,webinar,tech,small,9980.66,Rep 1,Region Central,Platform,8.51,false,45,false
2025-12-03,paid,retail,large,58897.9,Rep 1,Region South,Suite,15.85,true,83,true
2024-09-28,referral,finance,medium,29104.4,Rep 1,Region South,Standalone,6.7,false,67,true
2025-03-20,cold_call,manufacturing,small,11077.44,Rep 2,Region South,Platform,14.04,true,42,false
2025-07-04,cold_call,healthcare,enterprise,207292.16,Rep 2,Region Central,Standalone,9.8,false,81,true
2025-12-17,webinar,healthcare,small,9090.65,Rep 8,Region South,Platform,0.0,false,67,true
2025-07-22,webinar,tech,large,72970.9,Rep 2,Region Central,Platform,11.37,false,34,false
2024-12-16,referral,tech,medium,23052.38,Rep 1,Region Central,Standalone,11.09,true,43,true
2025-08-05,referral,finance,medium,25192.66,Rep 7,Region East,Platform,6.38,false,100,true
2024-08-18,paid,tech,enterprise,161547.98,Rep 8,Region West,Suite,30.41,false,58,true
2025-11-25,referral,manufacturing,enterprise,145059.66,Rep 2,Region West,Suite,20.67,false,78,true
2024-05-14,organic,healthcare,medium,22010.72,Rep 8,Region East,Standalone,10.13,false,60,true
2024-01-05,paid,finance,medium,22676.54,Rep 8,Region East,Platform,14.63,true,40,true
2024-04-10,cold_call,finance,large,65122.77,Rep 3,Region East,Platform,13.51,true,95,true
2025-11-12,webinar,finance,small,8170.46,Rep 2,Region East,Platform,1.22,true,71,true
2025-03-23,cold_call,retail,small,7227.43,Rep 2,Region Central,Platform,0.0,true,32,false
2025-09-15,referral,finance,medium,21785.35,Rep 6,Region East,Platform,8.92,false,47,false
2024-07-22,webinar,healthcare,large,42820.46,Rep 5,Region South,Platform,5.07,true,78,true
2024-05-27,cold_call,healthcare,small,11091.91,Rep 2,Region Central,Platform,15.38,true,52,false
2024-06-07,referral,retail,medium,26848.17,Rep 3,Region Central,Platform,11.93,false,49,false
2025-04-17,referral,healthcare,medium,23207.75,Rep 3,Region Central,Standalone,12.14,true,79,true
2024-02-02,cold_call,tech,medium,24961.42,Rep 1,Region Central,Platform,11.17,true,43,false
2024-05-20,paid,manufacturing,medium,28051.37,Rep 5,Region East,Standalone,22.93,false,67,true
2024-11-23,organic,manufacturing,large,57666.19,Rep 1,Region South,Platform,8.44,true,65,true
2025-04-05,referral,retail,large,61041.22,Rep 1,Region South,Standalone,6.43,false,41,false
2024-07-25,webinar,tech,medium,28756.65,Rep 8,Region West,Platform,6.35,false,45,true
2024-09-01,paid,retail,small,8284.15,Rep 3,Region Central,Platform,3.35,false,46,true
2025-06-20,referral,healthcare,small,3672.84,Rep 4,Region South,Platform,10.55,false,92,true
2025-08-23,cold_call,finance,small,6736.96,Rep 5,Region East,Platform,10.76,true,88,true
2025-06-24,paid,finance,large,56770.57,Rep 1,Region Central,Platform,15.93,true,51,false
2025-12-20,organic,finance,small,6560.11,Rep 2,Region South,Platform,17.89,false,34,true
2025-09-19,cold_call,healthcare,enterprise,106849.77,Rep 1,Region South,Standalone,14.18,false,77,true
2025-09-28,cold_call,retail,enterprise,144115.59,Rep 2,Region South,Platform,7.19,false,54,false
2025-03-18,cold_call,manufacturing,large,49253.72,Rep 4,Region South,Platform,11.54,false,60,false
2024-06-20,organic,healthcare,small,7634.57,Rep 7,Region East,Platform,15.66,false,55,false
2025-09-09,referral,retail,medium,24395.02,Rep 2,Region West,Standalone,27.41,true,54,true
2024-09-03,paid,healthcare,large,43785.24,Rep 4,Region South,Standalone,0.0,true,50,false
2024-03-15,paid,retail,medium,34073.84,Rep 8,Region South,Standalone,15.64,false,47,false
2025-10-24,webinar,healthcare,enterprise,152706.02,Rep 2,Region East,Suite,9.63,true,61,false
2024-06-24,referral,finance,large,59865.76,Rep 6,Region East,Platform,21.0,true,77,true
2025-05-15,cold_call,manufacturing,medium,23192.38,Rep 2,Region East,Platform,7.96,false,46,true
2025-03-24,referral,healthcare,medium,26250.37,Rep 2,Region West,Platform,19.78,false,45,false
2024-11-11,webinar,finance,large,68686.41,Rep 8,Region East,Standalone,35.89,true,35,true
2024-04-30,referral,healthcare,medium,32519.09,Rep 2,Region East,Standalone,0.0,false,62,false
2025-02-05,webinar,retail,enterprise,123345.44,Rep 2,Region South,Standalone,2.15,false,47,false
2025-05-12,paid,manufacturing,small,10493.43,Rep 6,Region East,Platform,12.66,false,50,false
2025-09-15,organic,healthcare,medium,26597.21,Rep 7,Region South,Suite,10.78,false,58,true
2024-09-06,webinar,retail,medium,29270.03,Rep 7,Region South,Platform,4.75,true,90,true
2024-11-04,referral,finance,enterprise,122223.09,Rep 2,Region East,Suite,0.0,false,50,false
2025-03-08,cold_call,healthcare,small,6170.54,Rep 6,Region West,Platform,9.38,false,67,true
2024-05-02,organic,manufacturing,small,8613.78,Rep 4,Region Central,Platform,4.15,false,40,true
2024-12-27,cold_call,finance,medium,29320.7,Rep 2,Region East,Platform,15.35,false,23,false
2025-06-03,referral,finance,small,11857.66,Rep 4,Region East,Platform,22.02,false,37,false
2024-02-29,referral,tech,small,6617.16,Rep 6,Region East,Platform,23.43,true,46,false
2024-08-21,paid,finance,medium,25061.87,Rep 1,Region East,Standalone,7.39,true,46,true
2025-11-18,webinar,finance,small,6718.52,Rep 4,Region East,Platform,12.9,false,33,false
2025-12-07,webinar,manufacturing,small,6709.54,Rep 1,Region West,Platform,0.0,true,64,true
2024-11-20,cold_call,retail,large,55033.82,Rep 2,Region Central,Suite,2.96,true,70,true
2024-11-12,referral,manufacturing,small,7700.46,Rep 3,Region South,Platform,28.48,true,93,true
2025-05-16,cold_call,tech,medium,22655.95,Rep 3,Region South,Standalone,13.36,true,51,false
2024-11-11,paid,finance,small,8382.96,Rep 2,Region East,Platform,19.58,false,46,false
2024-11-07,cold_call,tech,small,5876.55,Rep 4,Region Central,Platform,6.35,true,9,false
2025-12-25,paid,manufacturing,enterprise,144981.75,Rep 3,Region East,Standalone,12.74,false,35,false
2024-01-23,referral,tech,large,66812.87,Rep 6,Region Central,Platform,30.45,false,70,true
2024-10-08,webinar,tech,large,46911.49,Rep 1,Region Central,Standalone,0.0,false,60,true
2025-06-27,organic,manufacturing,medium,24046.63,Rep 3,Region West,Platform,16.36,false,68,true
2024-05-12,referral,retail,medium,28289.02,Rep 8,Region Central,Standalone,4.33,true,42,false
2025-01-18,cold_call,healthcare,small,7498.11,Rep 2,Region South,Platform,4.96,false,48,true
2024-10-21,webinar,finance,medium,28476.46,Rep 8,Region East,Platform,0.0,false,67,true
2024-08-23,webinar,healthcare,small,7687.02,Rep 8,Region West,Platform,9.42,false,68,true
2025-06-17,organic,manufacturing,large,61098.8,Rep 2,Region East,Standalone,14.5,false,69,true
2024-03-16,referral,tech,medium,25179.93,Rep 1,Region East,Platform,18.1,true,51,false
2024-03-01,referral,manufacturing,medium,24363.51,Rep 5,Region Central,Suite,12.76,false,51,false
2025-04-16,referral,tech,medium,14830.76,Rep 3,Region Central,Platform,10.95,true,63,false
2025-02-12,referral,finance,small,6628.68,Rep 1,Region East,Platform,25.24,false,46,true
2025-09-13,organic,finance,large,80115.42,Rep 3,Region East,Platform,13.23,false,46,true
2024-05-24,referral,healthcare,large,78646.54,Rep 6,Region East,Suite,19.24,true,31,false
2025-08-01,cold_call,tech,small,6284.32,Rep 6,Region Central,Platform,8.92,false,53,false
2024-04-23,referral,retail,large,58571.02,Rep 4,Region West,Standalone,0.0,false,79,true
2025-09-27,referral,manufacturing,small,7563.49,Rep 6,Region Central,Platform,28.56,false,77,true
2025-06-21,referral,retail,small,7066.15,Rep 1,Region East,Platform,9.51,true,66,true
2025-11-10,organic,finance,small,8851.41,Rep 1,Region East,Platform,3.56,false,33,false
2025-08-09,paid,retail,medium,23586.66,Rep 8,Region East,Platform,11.44,true,92,true
2024-05-12,webinar,healthcare,small,8950.73,Rep 8,Region West,Platform,7.8,false,42,false
2025-04-13,referral,healthcare,medium,22599.95,Rep 2,Region South,Standalone,29.06,true,45,true
2025-09-06,cold_call,healthcare,medium,16870.05,Rep 7,Region Central,Platform,16.23,false,71,true
2024-10-12,organic,healthcare,small,8829.05,Rep 6,Region West,Platform,12.2,true,38,false
2024-09-25,referral,tech,medium,28608.11,Rep 4,Region South,Platform,10.41,false,85,true
2025-08-18,webinar,tech,small,7448.2,Rep 2,Region East,Platform,0.0,false,45,false
2024-01-07,referral,retail,small,6252.41,Rep 4,Region West,Platform,15.22,false,69,true
2024-05-10,referral,healthcare,medium,23161.33,Rep 2,Region East,Platform,22.69,true,55,false
2025-04-01,organic,tech,enterprise,143871.68,Rep 2,Region Central,Standalone,10.73,true,62,false
2025-06-21,webinar,tech,medium,28234.86,Rep 5,Region West,Standalone,5.06,true,48,true
2025-01-21,referral,tech,large,61808.23,Rep 5,Region South,Platform,13.71,false,78,true
2025-06-18,organic,tech,medium,25037.65,Rep 7,Region South,Platform,12.61,false,37,false
2025-03-10,referral,manufacturing,medium,24610.21,Rep 4,Region South,Platform,19.1,true,50,true
2025-09-30,cold_call,tech,medium,24297.79,Rep 3,Region South,Standalone,16.96,false,81,true
2025-06-18,referral,tech,small,7624.92,Rep 3,Region West,Platform,21.19,false,66,true
2025-09-12,cold_call,tech,small,7187.87,Rep 4,Region Central,Platform,3.62,false,42,true
2024-01-28,webinar,healthcare,small,9773.16,Rep 6,Region Central,Platform,3.95,false,64,true
2024-02-11,webinar,tech,large,59067.25,Rep 3,Region Central,Standalone,9.48,true,75,true
2025-03-15,organic,retail,small,8069.15,Rep 8,Region Central,Platform,11.55,true,73,true
2025-09-20,referral,finance,enterprise,129736.14,Rep 2,Region East,Standalone,10.38,true,96,true
2025-12-23,paid,tech,large,60440.51,Rep 7,Region East,Standalone,16.35,false,71,true
2024-05-13,organic,retail,large,59284.97,Rep 3,Region Central,Standalone,14.87,true,50,false
2025-01-24,webinar,finance,small,8087.14,Rep 3,Region East,Platform,8.09,true,60,true
2024-11-10,webinar,finance,small,9578.91,Rep 5,Region East,Platform,16.67,false,47,false
2025-11-25,referral,retail,medium,28016.47,Rep 5,Region South,Suite,5.84,true,87,true
2025-05-17,referral,manufacturing,medium,32724.78,Rep 8,Region South,Suite,27.21,false,68,true
2024-07-09,organic,tech,medium,19364.6,Rep 1,Region East,Platform,10.47,true,77,true
2024-05-26,cold_call,tech,medium,36231.4,Rep 2,Region West,Suite,21.87,false,60,false
2024-03-26,organic,retail,medium,27034.69,Rep 2,Region Central,Suite,4.61,false,53,false
2024-07-09,referral,tech,small,7627.85,Rep 7,Region East,Platform,12.68,true,40,false
2025-03-01,organic,manufacturing,medium,23803.68,Rep 7,Region West,Platform,5.32,false,55,false
2024-12-28,cold_call,retail,enterprise,192888.54,Rep 2,Region East,Suite,8.49,false,53,true
2024-03-20,webinar,manufacturing,small,9701.05,Rep 4,Region South,Platform,15.69,true,100,true
2025-09-24,paid,tech,small,7281.15,Rep 1,Region Central,Platform,11.82,false,39,true
2025-04-26,cold_call,tech,large,66748.92,Rep 3,Region South,Platform,11.81,true,35,true
2024-11-18,paid,finance,medium,19762.41,Rep 7,Region East,Suite,17.6,false,31,false
2024-08-18,referral,healthcare,small,6936.01,Rep 2,Region Central,Platform,23.49,false,52,true
2024-03-04,paid,manufacturing,medium,24626.95,Rep 1,Region East,Suite,13.56,false,11,false
2024-12-03,referral,healthcare,enterprise,163813.01,Rep 2,Region South,Platform,16.24,false,48,true
2025-12-03,cold_call,finance,medium,30163.52,Rep 1,Region East,Suite,9.04,false,50,true
2025-08-29,cold_call,tech,small,12203.53,Rep 3,Region South,Standalone,10.47,false,88,true
2024-01-14,paid,finance,medium,24889.13,Rep 8,Region East,Suite,12.08,true,24,true
2024-07-14,cold_call,retail,medium,21233.33,Rep 5,Region West,Suite,5.7,false,90,true
2025-05-11,referral,manufacturing,large,51240.62,Rep 6,Region West,Platform,27.47,true,52,false
2024-06-12,cold_call,manufacturing,enterprise,112987.22,Rep 4,Region West,Suite,12.23,true,84,true
2025-07-17,organic,tech,large,57491.1,Rep 5,Region South,Standalone,14.86,false,66,true
2024-08-16,organic,manufacturing,small,8577.35,Rep 8,Region Central,Platform,1.71,true,39,false
2025-03-08,paid,tech,small,6772.56,Rep 7,Region South,Platform,15.71,true,67,true
2025-09-14,referral,tech,large,52715.44,Rep 3,Region East,Platform,19.62,false,61,true
2024-09-05,referral,retail,large,57302.29,Rep 8,Region East,Standalone,30.44,true,71,true
2025-10-26,paid,tech,large,53219.92,Rep 1,Region West,Platform,3.65,true,39,false
2025-10-10,organic,manufacturing,small,9488.92,Rep 6,Region West,Platform,9.07,true,75,true
2025-10-17,cold_call,healthcare,small,6754.8,Rep 5,Region West,Platform,8.44,false,59,true
2025-07-18,paid,tech,large,66701.78,Rep 8,Region East,Suite,2.51,false,52,false
2024-08-29,referral,finance,medium,30422.98,Rep 1,Region Central,Suite,6.85,true,61,false
2024-09-07,organic,manufacturing,medium,22494.99,Rep 2,Region West,Standalone,16.05,false,64,false
2025-06-30,webinar,tech,large,62411.54,Rep 6,Region West,Standalone,16.24,false,62,false
2025-02-12,referral,tech,large,63907.85,Rep 2,Region South,Standalone,8.57,false,64,false
2025-05-10,paid,tech,small,9004.02,Rep 7,Region East,Platform,8.23,false,88,true
2024-08-11,webinar,healthcare,small,8969.18,Rep 8,Region South,Platform,3.01,false,45,false
2024-04-25,paid,retail,medium,28648.74,Rep 2,Region West,Platform,8.4,true,84,true
2024-07-07,webinar,retail,large,62994.75,Rep 2,Region Central,Suite,12.05,false,69,true
2025-04-08,referral,healthcare,small,7716.89,Rep 5,Region South,Platform,9.66,true,72,true
2024-12-18,webinar,tech,enterprise,130708.44,Rep 2,Region Central,Suite,7.83,true,46,false
2025-05-17,referral,retail,small,8509.02,Rep 8,Region West,Platform,5.81,false,71,true
2024-01-27,cold_call,healthcare,large,61884.28,Rep 8,Region Central,Suite,0.0,false,29,false
2024-10-25,referral,tech,medium,23513.29,Rep 4,Region Central,Suite,3.34,false,71,true
2025-08-19,referral,manufacturing,medium,30294.52,Rep 2,Region South,Platform,15.23,true,63,false
2025-04-01,organic,manufacturing,small,6439.82,Rep 4,Region East,Platform,4.81,false,76,true
2025-03-11,webinar,retail,medium,21187.07,Rep 3,Region Central,Suite,28.77,true,91,true
2025-10-13,cold_call,tech,enterprise,171581.02,Rep 2,Region East,Suite,10.17,false,83,true
2024-06-06,cold_call,finance,small,6650.95,Rep 5,Region East,Platform,11.64,false,84,true
2024-07-12,organic,retail,enterprise,143494.91,Rep 2,Region South,Standalone,6.15,false,21,false
2025-05-14,cold_call,tech,enterprise,179603.6,Rep 2,Region South,Platform,17.63,false,96,true
2024-01-20,referral,retail,large,50239.66,Rep 3,Region East,Platform,26.72,false,81,true
2024-02-28,organic,finance,small,9069.46,Rep 4,Region East,Platform,0.87,false,68,true
2025-04-20,organic,manufacturing,medium,21470.52,Rep 8,Region East,Platform,13.53,false,25,true
2025-08-07,referral,manufacturing,enterprise,129181.49,Rep 2,Region West,Platform,15.11,true,51,false
2024-11-28,webinar,healthcare,medium,21073.01,Rep 6,Region Central,Standalone,3.11,true,44,false
2025-04-13,referral,retail,large,48052.32,Rep 3,Region East,Suite,13.45,false,56,false
2024-01-11,referral,retail,medium,15739.75,Rep 5,Region Central,Suite,9.68,false,68,true
2025-09-16,cold_call,finance,small,6019.01,Rep 7,Region East,Platform,13.26,false,67,true
2025-09-09,referral,finance,medium,24814.45,Rep 2,Region East,Suite,2.2,false,47,true
2024-12-18,referral,finance,large,37774.95,Rep 4,Region East,Platform,14.09,true,60,true
2025-03-11,referral,retail,medium,20898.1,Rep 1,Region South,Platform,9.42,true,70,true
2024-04-10,paid,tech,small,8481.99,Rep 7,Region Central,Platform,17.89,false,56,false
2025-05-23,organic,retail,small,9450.93,Rep 8,Region West,Platform,17.18,true,43,false
2024-01-13,paid,tech,small,9870.81,Rep 3,Region Central,Platform,13.91,false,44,false
2024-06-14,organic,finance,small,5466.62,Rep 1,Region East,Platform,14.55,true,79,true
2025-08-22,organic,tech,large,61709.11,Rep 2,Region South,Standalone,28.02,true,86,true
2025-07-12,cold_call,retail,enterprise,140931.88,Rep 2,Region West,Suite,6.22,true,51,true
2024-06-19,referral,healthcare,large,54311.44,Rep 7,Region Central,Suite,7.23,true,70,true
2024-01-29,cold_call,retail,medium,18099.13,Rep 5,Region East,Suite,29.34,false,79,true
2025-11-30,cold_call,retail,large,62396.29,Rep 4,Region Central,Platform,15.31,false,46,false
2025-03-21,organic,finance,medium,32476.31,Rep 6,Region East,Suite,17.57,false,40,false
2025-01-01,webinar,healthcare,medium,25283.27,Rep 5,Region Central,Platform,30.05,false,40,true
2024-03-24,paid,retail,large,62734.73,Rep 2,Region Central,Suite,3.02,true,100,true
2024-06-05,organic,tech,medium,28384.3,Rep 4,Region West,Standalone,9.99,false,87,false
2024-12-17,organic,manufacturing,medium,19854.7,Rep 3,Region East,Standalone,17.64,false,72,true
2025-03-21,organic,finance,large,56433.42,Rep 3,Region East,Standalone,3.45,true,47,false
2025-04-16,referral,retail,small,7981.36,Rep 8,Region South,Platform,18.8,false,88,true
2024-04-05,paid,tech,small,5406.85,Rep 1,Region West,Platform,11.61,false,78,true
2024-09-13,webinar,manufacturing,large,70050.16,Rep 2,Region East,Suite,15.85,true,40,false
2025-06-26,organic,retail,medium,26229.28,Rep 5,Region Central,Standalone,11.69,false,68,true
2025-01-13,webinar,retail,medium,28923.78,Rep 6,Region Central,Platform,12.29,true,62,false
2025-11-05,cold_call,healthcare,small,10667.15,Rep 6,Region West,Suite,7.44,true,60,false
2025-03-26,cold_call,finance,small,6493.67,Rep 6,Region East,Platform,6.06,false,55,false
2024-01-09,organic,tech,medium,21666.63,Rep 8,Region South,Platform,6.26,true,70,true
2024-03-13,referral,manufacturing,large,63108.45,Rep 8,Region South,Platform,19.19,false,59,true
2024-09-27,referral,finance,enterprise,140709.55,Rep 2,Region East,Platform,30.83,true,36,false
2025-12-15,webinar,finance,large,67020.57,Rep 7,Region East,Platform,16.15,false,81,true
2025-03-27,organic,manufacturing,medium,29808.48,Rep 6,Region East,Standalone,4.05,true,54,false
2025-10-21,referral,manufacturing,small,11084.31,Rep 8,Region East,Platform,19.44,true,26,false
2024-11-07,organic,finance,medium,25265.19,Rep 2,Region East,Platform,0.0,false,72,true
2025-10-14,cold_call,manufacturing,small,6641.91,Rep 5,Region Central,Platform,9.38,false,26,false
2025-02-17,referral,retail,enterprise,141970.69,Rep 2,Region Central,Platform,0.0,false,60,true
2025-08-14,webinar,tech,small,7246.43,Rep 4,Region West,Platform,2.66,false,62,false
2025-01-01,referral,manufacturing,medium,31448.98,Rep 3,Region Central,Standalone,7.94,false,70,true
2024-08-22,organic,finance,enterprise,135769.4,Rep 2,Region East,Platform,0.95,true,72,true
2024-05-06,paid,retail,small,7903.91,Rep 3,Region South,Platform,10.55,false,46,false
2024-10-29,cold_call,retail,medium,21985.69,Rep 3,Region Central,Standalone,0.0,true,52,true
2025-09-05,organic,retail,medium,28815.86,Rep 4,Region Central,Suite,4.93,false,59,false
2025-06-06,webinar,retail,enterprise,128053.76,Rep 2,Region South,Platform,8.3,true,75,true
2025-01-14,cold_call,retail,large,63061.38,Rep 8,Region West,Suite,7.82,false,85,true
2025-11-09,referral,healthcare,enterprise,175699.68,Rep 2,Region Central,Standalone,25.67,false,100,true
2025-12-26,cold_call,manufacturing,medium,20709.32,Rep 2,Region West,Platform,3.83,false,43,true
2025-08-13,webinar,manufacturing,enterprise,99133.04,Rep 2,Region Central,Standalone,0.0,true,65,true
2024-09-04,referral,tech,medium,19323.82,Rep 3,Region West,Standalone,6.77,false,47,false
2025-05-19,cold_call,tech,large,64779.52,Rep 3,Region Central,Standalone,7.51,false,21,false
2024-03-18,referral,tech,small,6434.3,Rep 2,Region East,Platform,25.84,false,14,false
2024-03-27,webinar,retail,medium,23137.54,Rep 6,Region West,Suite,11.04,true,82,true
2025-10-15,referral,healthcare,enterprise,157955.64,Rep 2,Region South,Platform,23.45,false,24,false
2025-11-29,referral,tech,small,11783.47,Rep 1,Region East,Platform,21.32,false,43,true
2025-08-16,referral,retail,medium,23161.21,Rep 4,Region West,Standalone,21.93,false,60,false
2025-07-22,webinar,retail,medium,27864.07,Rep 8,Region West,Platform,14.4,false,100,true
2024-12-19,referral,healthcare,medium,23413.28,Rep 7,Region West,Suite,25.64,false,65,false
2025-12-06,cold_call,finance,large,71467.12,Rep 6,Region East,Suite,12.5,true,100,true
2025-04-08,paid,finance,large,30560.9,Rep 3,Region South,Standalone,14.53,false,30,true
2024-10-22,referral,retail,large,78134.05,Rep 1,Region South,Platform,10.92,false,33,false
2025-01-09,referral,healthcare,small,8586.15,Rep 5,Region West,Platform,7.37,false,42,false
2025-12-12,webinar,healthcare,small,7382.37,Rep 6,Region East,Platform,11.52,false,78,true
2024-09-21,referral,manufacturing,medium,22697.74,Rep 3,Region East,Suite,2.39,false,47,true
2024-09-09,paid,healthcare,large,56911.32,Rep 6,Region Central,Suite,9.71,false,55,true
2025-04-22,webinar,retail,large,35098.41,Rep 4,Region Central,Platform,23.4,true,19,false
2024-07-27,organic,finance,enterprise,172491.8,Rep 2,Region East,Platform,11.55,false,95,true
2024-08-16,organic,finance,medium,22795.47,Rep 3,Region East,Suite,14.18,true,57,true
2025-02-20,referral,tech,medium,24439.03,Rep 2,Region East,Standalone,10.29,false,63,false
2024-09-21,webinar,retail,enterprise,154167.67,Rep 2,Region South,Platform,16.79,false,76,false
2024-08-04,referral,tech,medium,29501.81,Rep 6,Region South,Suite,23.73,false,63,true
2024-05-31,webinar,healthcare,enterprise,157076.72,Rep 2,Region West,Platform,6.08,false,61,false
2025-07-01,referral,finance,small,6694.11,Rep 2,Region Central,Platform,0.0,false,71,true
2024-04-06,paid,healthcare,small,7387.86,Rep 1,Region Central,Platform,4.94,false,53,false
2025-10-03,referral,manufacturing,medium,27791.37,Rep 1,Region East,Platform,30.15,false,82,true
2025-08-21,referral,retail,enterprise,128245.92,Rep 2,Region East,Platform,5.67,false,47,false
2024-09-14,cold_call,finance,small,5932.38,Rep 8,Region East,Platform,12.75,true,50,true
2024-08-03,webinar,retail,large,73843.75,Rep 1,Region East,Standalone,0.0,true,22,false
2024-05-06,referral,manufacturing,medium,24502.52,Rep 5,Region South,Platform,12.09,false,34,false
2025-03-03,paid,healthcare,medium,20470.07,Rep 1,Region West,Suite,22.0,true,57,true
2025-10-28,cold_call,healthcare,large,65352.16,Rep 5,Region West,Standalone,2.77,false,64,true
2025-07-27,cold_call,finance,small,4603.05,Rep 7,Region East,Platform,16.7,false,67,true
2024-02-01,referral,retail,small,9594.31,Rep 6,Region West,Platform,19.18,true,46,true
2024-12-24,organic,finance,small,8082.28,Rep 8,Region East,Platform,19.12,false,89,true
2024-09-19,webinar,tech,medium,22644.89,Rep 5,Region South,Platform,4.74,true,80,true
2025-09-28,cold_call,retail,large,81645.92,Rep 6,Region East,Standalone,14.37,true,44,false
2025-11-15,referral,healthcare,small,8124.44,Rep 4,Region South,Platform,13.24,true,69,true
2025-03-28,cold_call,healthcare,medium,23629.46,Rep 8,Region West,Standalone,11.26,true,63,true
2024-11-11,webinar,retail,enterprise,150443.96,Rep 2,Region South,Suite,9.39,false,91,true
2025-02-16,referral,finance,large,61256.03,Rep 4,Region East,Standalone,18.16,true,59,true
2025-04-06,organic,finance,medium,22754.15,Rep 6,Region East,Platform,14.24,false,73,true
2025-01-28,webinar,manufacturing,small,9343.97,Rep 2,Region West,Platform,7.99,false,98,true
2025-08-03,organic,retail,small,5895.7,Rep 7,Region Central,Platform,1.8,false,56,false
2024-05-23,webinar,tech,medium,29065.24,Rep 4,Region East,Suite,0.84,false,58,false
2025-07-23,cold_call,tech,small,10269.67,Rep 4,Region West,Platform,14.27,true,63,false
2025-01-11,referral,manufacturing,small,9887.77,Rep 8,Region Central,Platform,20.03,false,100,true
2024-09-23,cold_call,finance,small,8013.03,Rep 7,Region East,Platform,5.25,true,96,true
2025-04-08,referral,healthcare,small,5210.26,Rep 4,Region West,Platform,20.86,false,18,false
2024-10-16,webinar,retail,small,4457.63,Rep 4,Region Central,Platform,12.95,true,81,true
2024-02-20,referral,tech,small,9494.56,Rep 5,Region South,Platform,10.47,false,80,true
2025-07-13,organic,tech,medium,24849.51,Rep 5,Region Central,Suite,7.63,true,91,true
2024-01-26,referral,finance,small,8182.51,Rep 6,Region East,Platform,22.58,false,57,true
2025-08-10,referral,tech,small,7188.62,Rep 6,Region West,Platform,3.41,false,89,true
2024-06-18,webinar,retail,large,38093.36,Rep 2,Region South,Suite,10.3,true,85,true
2025-11-29,paid,finance,medium,26360.16,Rep 5,Region East,Suite,0.0,true,40,false
2025-09-25,referral,healthcare,large,66151.61,Rep 5,Region South,Platform,8.8,true,40,false
2024-02-12,webinar,finance,large,61079.66,Rep 2,Region East,Standalone,0.0,true,73,true
2024-02-06,paid,manufacturing,small,8763.11,Rep 8,Region East,Platform,15.24,true,91,true
2025-12-04,cold_call,tech,enterprise,131908.86,Rep 2,Region East,Platform,1.13,false,77,true
2025-06-26,referral,healthcare,small,8641.76,Rep 7,Region West,Platform,19.61,false,54,false
2025-11-06,paid,manufacturing,large,48108.19,Rep 3,Region Central,Standalone,10.32,true,61,false
2025-09-15,organic,finance,small,7616.36,Rep 3,Region East,Platform,7.36,false,52,true
2024-11-23,cold_call,manufacturing,small,9186.51,Rep 8,Region Central,Platform,0.0,true,54,false
2025-02-19,webinar,finance,small,6836.86,Rep 5,Region East,Platform,0.0,true,36,false
2024-08-17,organic,healthcare,large,44018.14,Rep 2,Region South,Standalone,3.58,false,44,false
2024-09-27,referral,manufacturing,medium,20970.49,Rep 6,Region East,Platform,5.25,true,47,false
2025-08-26,paid,retail,medium,22247.24,Rep 6,Region West,Suite,5.77,true,69,true
2024-04-27,referral,manufacturing,large,55960.03,Rep 2,Region Central,Suite,21.04,true,74,true
2025-03-30,organic,retail,small,9789.91,Rep 5,Region Central,Suite,3.74,false,73,true
2025-08-31,organic,finance,small,6664.46,Rep 8,Region East,Platform,10.39,false,46,false
2025-10-17,organic,tech,small,5888.34,Rep 2,Region West,Platform,13.72,false,34,true
2024-07-23,paid,retail,small,6107.17,Rep 3,Region West,Platform,10.16,true,52,false
2024-02-08,webinar,retail,small,8865.77,Rep 3,Region South,Platform,13.57,true,80,true
2024-05-03,referral,retail,small,9085.97,Rep 1,Region Central,Platform,32.0,true,45,false
2024-06-24,paid,manufacturing,medium,23008.67,Rep 2,Region South,Platform,14.69,false,47,true
2024-10-15,referral,healthcare,medium,27466.66,Rep 5,Region Central,Suite,11.11,true,61,false
2025-02-04,organic,manufacturing,enterprise,164549.71,Rep 2,Region West,Platform,12.82,false,30,false
2024-10-17,cold_call,healthcare,enterprise,156456.39,Rep 2,Region East,Platform,16.33,true,62,false
2025-03-20,cold_call,manufacturing,large,51060.93,Rep 4,Region East,Standalone,17.48,true,54,false
2025-01-19,referral,manufacturing,medium,22508.72,Rep 1,Region Central,Platform,24.81,false,100,true
2025-06-03,referral,tech,medium,15417.02,Rep 5,Region South,Suite,12.2,false,55,false
2025-10-05,referral,healthcare,small,6955.18,Rep 1,Region East,Platform,23.58,false,94,true
2025-03-11,webinar,manufacturing,small,11055.12,Rep 7,Region East,Platform,21.24,true,76,true
2024-01-18,webinar,retail,medium,24992.0,Rep 6,Region East,Platform,3.88,false,66,true
2025-04-15,paid,tech,medium,25574.93,Rep 3,Region Central,Platform,27.99,false,68,false
2025-08-14,paid,tech,medium,23693.19,Rep 7,Region East,Standalone,10.84,false,46,false
2024-08-27,paid,healthcare,medium,19987.75,Rep 6,Region Central,Standalone,1.84,false,46,false
2024-12-17,webinar,finance,enterprise,121111.08,Rep 2,Region East,Standalone,12.62,true,39,true
2024-04-29,organic,manufacturing,medium,16953.98,Rep 2,Region East,Platform,14.22,true,65,true
2024-10-04,referral,tech,enterprise,176139.19,Rep 2,Region Central,Platform,19.91,false,58,false
2024-08-15,referral,tech,medium,24643.18,Rep 6,Region West,Standalone,20.23,false,76,true
2024-08-08,organic,tech,large,54212.62,Rep 6,Region West,Suite,22.4,false,58,true
2024-02-15,paid,healthcare,large,55615.44,Rep 3,Region East,Platform,1.59,true,79,true
2025-08-08,cold_call,manufacturing,enterprise,149711.36,Rep 6,Region West,Standalone,4.15,false,18,false
2025-07-22,referral,manufacturing,small,7480.56,Rep 8,Region West,Platform,8.21,true,95,true
2025-07-12,paid,manufacturing,small,9836.54,Rep 7,Region East,Platform,16.53,false,50,false
2025-11-29,organic,manufacturing,large,49259.4,Rep 4,Region Central,Platform,15.07,false,58,true
2025-07-24,webinar,tech,small,5853.32,Rep 6,Region West,Platform,3.72,false,64,false
2024-05-25,paid,healthcare,small,9010.66,Rep 3,Region South,Platform,9.28,false,90,true
2025-01-27,cold_call,healthcare,medium,27711.99,Rep 3,Region South,Suite,11.49,false,41,false
2025-05-19,referral,manufacturing,small,9045.65,Rep 5,Region South,Platform,21.51,false,52,false
2024-06-29,cold_call,manufacturing,small,6328.7,Rep 2,Region West,Platform,13.97,false,83,true
2025-09-05,referral,manufacturing,medium,15121.15,Rep 8,Region Central,Standalone,21.98,true,41,false
2025-11-27,referral,healthcare,small,10234.86,Rep 3,Region Central,Platform,36.5,true,82,true
2025-05-24,referral,healthcare,enterprise,138377.31,Rep 7,Region East,Platform,13.0,false,46,false
2025-10-03,organic,retail,large,51667.38,Rep 7,Region West,Suite,5.58,false,100,true
2025-07-27,referral,retail,small,9787.6,Rep 5,Region South,Platform,5.56,false,59,false
2024-09-15,cold_call,tech,small,8894.58,Rep 2,Region South,Platform,10.86,true,79,true
2024-11-13,organic,finance,medium,25896.46,Rep 4,Region East,Standalone,10.69,false,74,true
2025-01-11,organic,tech,medium,31869.15,Rep 8,Region West,Platform,0.0,false,38,false
2024-12-24,webinar,tech,large,59515.34,Rep 6,Region West,Suite,11.59,false,31,false
2025-10-16,paid,retail,medium,27567.39,Rep 6,Region Central,Platform,8.35,false,76,true
2025-12-21,referral,tech,large,52301.76,Rep 5,Region West,Platform,10.8,true,44,false
2024-05-29,cold_call,tech,large,78043.79,Rep 8,Region East,Suite,13.12,true,47,false
2024-01-13,cold_call,tech,enterprise,141816.52,Rep 6,Region Central,Standalone,15.17,false,83,true
2024-11-07,cold_call,healthcare,large,56181.02,Rep 6,Region West,Standalone,3.38,false,71,true
2024-06-10,cold_call,healthcare,small,7695.25,Rep 5,Region Central,Platform,3.94,true,19,false
2025-08-30,referral,retail,enterprise,174553.27,Rep 2,Region West,Standalone,20.93,false,76,true
2025-02-21,referral,manufacturing,large,55996.02,Rep 3,Region Central,Platform,11.22,true,80,false
2025-04-15,cold_call,retail,small,7049.64,Rep 3,Region West,Platform,5.94,false,63,true
2024-12-11,webinar,healthcare,small,8129.51,Rep 8,Region East,Platform,4.42,true,62,true
2024-01-22,cold_call,finance,small,9538.86,Rep 2,Region East,Platform,12.9,false,68,true
2025-01-04,webinar,retail,small,7387.16,Rep 3,Region Central,Platform,7.35,false,32,true
2025-09-26,referral,retail,large,47605.18,Rep 6,Region West,Platform,13.76,false,32,false
2024-05-07,referral,retail,small,4605.51,Rep 7,Region West,Platform,3.29,false,71,true
2025-07-20,referral,retail,large,48583.12,Rep 2,Region South,Standalone,16.63,true,64,false
2025-03-03,webinar,manufacturing,large,68971.5,Rep 4,Region East,Platform,11.2,false,77,true
2025-12-02,organic,retail,small,7058.96,Rep 5,Region South,Platform,16.5,false,100,true
2025-05-30,referral,tech,small,8607.77,Rep 2,Region East,Platform,11.18,true,58,true
2025-05-28,referral,retail,enterprise,150828.33,Rep 2,Region West,Suite,23.86,true,67,true
2024-01-25,webinar,manufacturing,medium,27391.33,Rep 1,Region West,Standalone,13.03,true,59,false
2024-06-12,referral,retail,small,8292.14,Rep 3,Region West,Platform,19.75,false,21,false
2025-05-01,cold_call,retail,medium,28973.17,Rep 4,Region South,Standalone,0.0,false,50,false
2025-09-24,organic,finance,small,10612.81,Rep 8,Region East,Platform,10.67,true,96,true
2025-10-18,paid,finance,medium,34893.84,Rep 2,Region East,Platform,6.1,true,72,true
2024-05-26,cold_call,manufacturing,large,79300.2,Rep 3,Region West,Standalone,6.69,false,75,true
2025-04-19,cold_call,healthcare,small,7560.14,Rep 2,Region East,Platform,17.66,false,26,false
2024-06-13,cold_call,manufacturing,medium,27238.6,Rep 2,Region Central,Platform,13.86,false,100,true
2025-05-02,referral,retail,small,7513.8,Rep 8,Region West,Platform,18.11,false,69,true
2024-02-04,paid,healthcare,small,10996.07,Rep 5,Region South,Platform,13.77,false,5,true
2024-05-25,referral,finance,medium,34242.48,Rep 4,Region East,Standalone,0.42,false,37,false
2024-06-08,cold_call,healthcare,large,71332.48,Rep 6,Region East,Platform,15.47,true,41,false
2024-06-28,referral,tech,medium,33061.54,Rep 6,Region Central,Standalone,17.97,false,51,false
2024-04-10,cold_call,retail,small,6386.09,Rep 3,Region South,Platform,19.95,false,93,true
2024-12-01,webinar,healthcare,small,6493.97,Rep 1,Region East,Platform,16.52,true,52,false
2024-10-26,referral,retail,large,51068.9,Rep 8,Region West,Platform,28.09,false,35,false
2025-10-28,cold_call,healthcare,large,66833.04,Rep 1,Region East,Suite,16.35,false,47,false
2024-12-17,paid,manufacturing,large,60115.84,Rep 5,Region West,Platform,15.04,false,57,false
2025-01-04,referral,retail,enterprise,155075.97,Rep 2,Region Central,Standalone,5.6,false,43,true
2025-07-24,paid,finance,medium,25750.46,Rep 6,Region East,Suite,11.04,false,76,true
2024-12-26,paid,tech,medium,23287.22,Rep 8,Region South,Suite,8.16,true,44,true
2024-08-08,organic,tech,medium,29920.68,Rep 1,Region East,Platform,24.93,false,78,true
2024-03-24,referral,retail,medium,25107.75,Rep 8,Region Central,Suite,18.7,false,56,false
2025-08-19,organic,tech,enterprise,174561.26,Rep 1,Region South,Suite,2.34,true,39,false
2024-11-24,referral,retail,large,48086.85,Rep 8,Region West,Standalone,33.65,false,53,false
2025-03-01,webinar,tech,large,67983.23,Rep 8,Region South,Platform,11.34,true,55,false
2025-12-20,cold_call,retail,large,61214.15,Rep 7,Region Central,Suite,4.2,false,45,true
2024-09-23,cold_call,tech,medium,27795.68,Rep 2,Region South,Suite,12.75,false,48,false
2024-09-06,paid,retail,large,64880.72,Rep 4,Region East,Suite,0.0,true,60,false
2024-08-09,paid,healthcare,large,52325.41,Rep 4,Region South,Platform,0.0,true,58,true
2024-02-01,referral,retail,large,75616.98,Rep 3,Region West,Suite,21.26,false,80,true
2024-12-21,cold_call,manufacturing,small,8571.26,Rep 5,Region East,Platform,2.33,false,38,false
2025-04-01,referral,tech,large,43768.46,Rep 8,Region East,Platform,27.85,false,34,false
2025-03-04,organic,finance,large,61517.96,Rep 4,Region East,Suite,1.75,false,56,false
2024-10-12,paid,tech,enterprise,140441.36,Rep 2,Region South,Standalone,0.0,false,28,true
2025-09-26,paid,finance,medium,30062.88,Rep 8,Region East,Standalone,14.63,false,50,false
2025-06-23,webinar,healthcare,large,53986.3,Rep 5,Region West,Suite,3.49,false,39,true
2025-03-27,paid,finance,medium,31917.61,Rep 8,Region East,Platform,6.57,true,63,true
2024-08-05,referral,finance,medium,27561.09,Rep 8,Region East,Platform,6.08,true,49,false
2025-01-04,webinar,healthcare,medium,27480.06,Rep 2,Region West,Platform,1.53,true,73,true
2024-11-15,organic,tech,small,8639.78,Rep 8,Region Central,Platform,11.62,false,50,false
2025-04-06,referral,retail,large,55774.22,Rep 6,Region Central,Platform,0.0,true,68,true
2024-07-01,organic,healthcare,large,54003.43,Rep 8,Region West,Platform,12.98,false,35,true
2025-10-16,cold_call,healthcare,medium,19869.39,Rep 5,Region Central,Standalone,11.1,true,52,true
2024-03-29,cold_call,retail,small,6800.33,Rep 6,Region West,Suite,7.93,false,28,false
2024-03-01,referral,finance,large,57432.26,Rep 7,Region East,Suite,23.78,true,68,true
2025-02-24,cold_call,retail,medium,31906.45,Rep 6,Region East,Standalone,14.55,true,64,false
2025-05-20,paid,finance,small,9983.8,Rep 5,Region East,Platform,13.69,false,66,true
2025-09-02,referral,tech,small,7092.13,Rep 1,Region South,Platform,9.65,false,55,false
2024-04-13,webinar,retail,large,44935.35,Rep 3,Region West,Platform,8.38,true,73,true
2025-03-03,referral,tech,small,8719.76,Rep 7,Region South,Platform,20.15,false,66,true
2025-07-08,referral,healthcare,enterprise,153566.9,Rep 2,Region Central,Platform,27.65,true,38,false
2025-12-15,webinar,finance,medium,25607.28,Rep 3,Region East,Standalone,8.72,false,66,true
2024-01-01,paid,healthcare,enterprise,152092.86,Rep 2,Region South,Standalone,13.26,true,36,false
2024-01-13,cold_call,retail,medium,20338.69,Rep 5,Region South,Platform,5.47,false,90,true
2025-04-08,referral,manufacturing,medium,29015.0,Rep 2,Region East,Standalone,22.54,false,59,true
2024-09-15,organic,retail,medium,23117.16,Rep 3,Region East,Platform,10.87,true,36,false
2024-01-06,cold_call,retail,small,8381.86,Rep 3,Region South,Platform,9.51,false,81,true
2025-03-19,organic,manufacturing,small,10234.63,Rep 8,Region Central,Platform,7.48,false,61,false
2025-04-25,cold_call,manufacturing,medium,23241.51,Rep 4,Region Central,Platform,1.68,false,38,true
2024-10-31,referral,healthcare,large,61915.88,Rep 5,Region Central,Suite,11.5,false,40,true
2024-03-17,organic,retail,small,10921.42,Rep 4,Region East,Platform,0.0,false,74,true
2024-09-15,organic,manufacturing,medium,23527.67,Rep 5,Region West,Platform,35.16,false,35,false
2025-08-09,webinar,retail,small,9534.44,Rep 6,Region East,Platform,10.69,false,34,true
2025-10-08,organic,manufacturing,medium,23464.59,Rep 6,Region South,Platform,0.0,false,71,true
2024-10-07,referral,healthcare,enterprise,136120.47,Rep 2,Region West,Standalone,13.17,true,44,false
2025-03-12,referral,finance,medium,29571.79,Rep 6,Region East,Suite,16.06,false,59,false
2024-06-02,cold_call,finance,medium,21992.2,Rep 1,Region East,Standalone,13.28,false,68,true
2025-04-19,cold_call,retail,large,51073.62,Rep 6,Region Central,Platform,11.45,false,62,false
2025-12-30,organic,tech,large,57993.87,Rep 4,Region West,Platform,8.78,false,18,false
2024-08-08,organic,retail,medium,22781.45,Rep 3,Region East,Suite,8.63,true,34,false
2025-04-04,referral,tech,medium,29980.21,Rep 2,Region South,Suite,7.63,false,46,true
2025-04-02,referral,finance,small,9734.85,Rep 6,Region East,Platform,24.29,false,89,true
2024-10-27,paid,retail,small,8874.8,Rep 8,Region West,Platform,0.0,true,35,true
2025-03-22,cold_call,manufacturing,small,10807.17,Rep 1,Region Central,Platform,16.59,false,68,true
2024-08-08,cold_call,finance,small,6989.58,Rep 1,Region East,Platform,9.76,false,68,true
2025-12-21,organic,tech,small,8914.22,Rep 4,Region South,Platform,0.0,false,95,true
2024-12-14,cold_call,finance,enterprise,125093.04,Rep 2,Region East,Platform,0.0,true,76,true
2024-05-11,referral,manufacturing,enterprise,130913.16,Rep 2,Region Central,Platform,19.36,false,57,false
2024-02-16,referral,manufacturing,large,79841.6,Rep 7,Region West,Platform,29.3,false,58,false
2025-10-18,referral,tech,enterprise,147485.76,Rep 2,Region Central,Platform,21.38,false,64,false
2024-10-25,cold_call,tech,small,7975.06,Rep 7,Region West,Platform,5.96,false,37,false
2024-11-08,cold_call,finance,large,54511.4,Rep 6,Region East,Suite,6.71,false,58,false
2025-12-27,organic,retail,enterprise,150359.68,Rep 2,Region South,Platform,14.7,true,78,true
2025-03-16,cold_call,finance,medium,26282.2,Rep 2,Region East,Standalone,13.24,false,71,true
2024-12-15,paid,healthcare,large,59696.18,Rep 4,Region Central,Suite,15.19,true,37,false
2025-10-30,cold_call,finance,medium,28388.67,Rep 5,Region East,Platform,8.53,false,77,true
2024-12-26,cold_call,finance,large,69389.57,Rep 1,Region East,Standalone,4.74,true,63,true
2024-08-09,paid,retail,large,56256.89,Rep 6,Region Central,Suite,2.92,true,78,true
2024-09-16,cold_call,manufacturing,small,8096.25,Rep 7,Region West,Platform,0.0,false,30,false
2025-05-19,cold_call,tech,small,6509.14,Rep 1,Region East,Platform,13.32,false,63,true
2025-05-01,organic,tech,medium,24408.81,Rep 3,Region South,Standalone,17.02,false,49,false
2024-04-02,cold_call,retail,large,55035.77,Rep 4,Region East,Platform,8.55,false,78,true
2024-08-27,webinar,finance,small,7315.29,Rep 4,Region East,Platform,17.14,false,30,false
2024-04-28,organic,healthcare,large,61629.31,Rep 5,Region West,Standalone,15.66,false,54,false
2024-01-03,paid,finance,small,7528.85,Rep 4,Region East,Platform,0.0,false,31,true
2024-07-17,referral,manufacturing,medium,19164.15,Rep 7,Region East,Suite,12.77,false,60,true
2024-04-28,cold_call,tech,large,44302.4,Rep 2,Region West,Standalone,7.65,false,26,false
2024-09-29,paid,finance,enterprise,181707.09,Rep 2,Region South,Suite,12.78,true,57,false
2024-01-28,webinar,retail,medium,22692.45,Rep 6,Region West,Suite,13.13,false,73,true
2025-05-13,webinar,tech,small,7677.7,Rep 5,Region East,Platform,14.44,false,42,false
2025-01-09,cold_call,retail,large,50470.47,Rep 6,Region West,Standalone,6.21,true,36,false
2024-06-11,organic,manufacturing,small,7121.25,Rep 8,Region Central,Platform,4.89,false,31,false
2025-01-27,organic,tech,small,7887.04,Rep 5,Region East,Platform,15.46,false,48,false
2025-05-02,cold_call,tech,enterprise,186054.94,Rep 7,Region West,Standalone,5.86,false,40,false
2024-12-22,referral,retail,medium,22613.28,Rep 6,Region West,Suite,17.2,true,42,true
2025-03-17,referral,finance,small,8052.41,Rep 8,Region South,Platform,26.51,true,47,true
2025-05-23,referral,tech,small,7242.07,Rep 2,Region Central,Platform,20.94,true,50,false
2025-04-23,cold_call,retail,large,75944.74,Rep 2,Region South,Standalone,5.01,false,61,false
2024-07-12,cold_call,retail,medium,31224.28,Rep 6,Region West,Suite,9.66,false,64,false
2024-05-18,organic,retail,enterprise,178647.8,Rep 2,Region South,Platform,10.05,true,57,false
2025-09-30,webinar,finance,medium,26276.67,Rep 6,Region East,Standalone,9.67,true,67,true
2025-12-12,referral,tech,enterprise,190984.94,Rep 2,Region West,Platform,6.58,true,75,true
2024-02-12,referral,manufacturing,small,7494.26,Rep 6,Region West,Platform,21.72,true,61,false
2025-02-25,organic,retail,medium,28155.61,Rep 5,Region South,Platform,4.89,true,80,true
2024-02-04,referral,retail,medium,28159.51,Rep 2,Region Central,Platform,20.26,true,62,false
2024-10-24,referral,manufacturing,small,5292.84,Rep 4,Region West,Platform,22.51,true,61,false
2025-04-07,cold_call,manufacturing,large,55189.79,Rep 4,Region East,Standalone,7.31,false,61,true
2025-09-25,paid,retail,small,8050.21,Rep 5,Region East,Platform,13.9,false,36,false
2024-09-03,referral,manufacturing,small,7957.48,Rep 8,Region South,Platform,19.05,true,66,true
2025-03-09,paid,manufacturing,small,10436.32,Rep 4,Region East,Platform,2.6,true,63,false
2024-04-20,organic,tech,small,7072.04,Rep 3,Region West,Platform,24.82,false,43,true
2024-12-09,cold_call,finance,large,27708.15,Rep 8,Region East,Suite,10.07,true,40,false
2025-05-18,cold_call,healthcare,medium,25112.97,Rep 5,Region East,Standalone,12.42,false,48,false
2025-04-10,organic,tech,medium,26336.56,Rep 5,Region South,Suite,10.95,false,60,false
2025-03-07,referral,tech,enterprise,156168.21,Rep 2,Region Central,Platform,10.06,true,59,true
2024-02-29,organic,healthcare,medium,23437.22,Rep 2,Region Central,Platform,12.01,true,61,false
2024-04-23,referral,manufacturing,medium,26655.03,Rep 6,Region Central,Platform,25.85,true,100,true
2025-07-23,webinar,retail,small,8937.06,Rep 6,Region Central,Platform,15.14,false,62,false
2025-02-28,referral,healthcare,small,8047.52,Rep 2,Region Central,Platform,12.83,false,67,true
2024-10-28,organic,tech,small,9391.74,Rep 5,Region West,Platform,5.35,false,60,false
2024-01-18,cold_call,finance,large,54342.95,Rep 2,Region East,Platform,16.39,true,35,false
2024-08-27,referral,tech,medium,25692.98,Rep 4,Region West,Suite,24.26,false,75,true
2025-12-13,cold_call,tech,large,72894.42,Rep 3,Region Central,Standalone,4.68,false,73,true
2024-07-15,referral,manufacturing,medium,18288.75,Rep 6,Region West,Standalone,0.0,true,63,false
2024-02-05,cold_call,manufacturing,small,5772.71,Rep 8,Region Central,Platform,17.09,true,100,true
2024-04-03,webinar,tech,large,45592.07,Rep 5,Region West,Standalone,22.83,false,71,true
2024-01-17,referral,tech,enterprise,164219.32,Rep 3,Region Central,Standalone,15.55,true,63,false
2024-05-02,webinar,finance,small,8662.09,Rep 8,Region South,Platform,0.0,true,44,true
2025-11-15,cold_call,retail,large,75054.23,Rep 2,Region East,Suite,10.51,false,76,true
2024-01-02,cold_call,tech,medium,22436.06,Rep 3,Region Central,Standalone,4.68,true,55,true
2025-04-28,referral,healthcare,medium,28126.99,Rep 2,Region South,Standalone,18.3,false,98,true
2024-03-16,referral,manufacturing,small,6122.28,Rep 4,Region South,Platform,8.67,true,64,false
2024-06-11,referral,manufacturing,medium,24358.92,Rep 6,Region West,Suite,7.65,false,66,true
2025-10-25,referral,retail,large,55644.1,Rep 1,Region West,Standalone,21.74,false,54,true
2024-02-03,paid,retail,medium,30280.13,Rep 3,Region Central,Suite,2.02,false,57,true
2025-03-10,webinar,finance,small,8985.3,Rep 2,Region East,Platform,5.5,false,60,false
2025-07-13,organic,manufacturing,small,8128.13,Rep 2,Region South,Platform,0.0,true,55,true
2024-12-17,webinar,finance,small,8732.55,Rep 3,Region East,Platform,19.67,false,56,false
2025-07-01,webinar,finance,medium,30313.98,Rep 7,Region East,Suite,0.0,false,55,false
2024-01-24,referral,retail,medium,24331.4,Rep 4,Region West,Suite,18.82,true,69,true
2025-07-22,paid,finance,enterprise,140669.52,Rep 2,Region East,Standalone,14.7,false,78,true
2024-11-28,paid,tech,medium,32978.23,Rep 8,Region West,Platform,14.47,true,65,true
2025-02-08,organic,retail,large,73643.47,Rep 4,Region West,Standalone,12.36,false,67,true
2025-10-30,organic,healthcare,medium,24932.79,Rep 3,Region East,Standalone,0.0,false,73,true
2025-03-12,cold_call,retail,small,9091.11,Rep 4,Region West,Platform,10.17,false,35,true
2025-03-08,organic,healthcare,medium,33218.61,Rep 7,Region East,Platform,7.15,true,25,false
2025-07-23,cold_call,healthcare,small,7734.2,Rep 7,Region East,Platform,17.84,false,29,false
2024-02-24,paid,retail,medium,31997.48,Rep 1,Region West,Platform,10.51,true,89,true
2025-12-30,paid,healthcare,large,62479.75,Rep 6,Region Central,Suite,0.81,false,61,false
2024-06-18,cold_call,healthcare,small,8172.91,Rep 6,Region West,Platform,24.22,false,78,true
2024-01-20,cold_call,retail,large,58600.58,Rep 6,Region South,Standalone,7.64,false,100,true
2024-10-03,organic,retail,large,56529.48,Rep 5,Region East,Platform,1.23,false,73,true
2024-06-20,cold_call,tech,large,54102.05,Rep 7,Region South,Standalone,0.0,true,54,false
2024-09-30,referral,retail,small,7629.64,Rep 1,Region South,Platform,23.51,false,34,false
2025-08-11,referral,manufacturing,large,60237.39,Rep 8,Region East,Platform,9.9,false,69,true
2024-03-21,organic,healthcare,small,6663.73,Rep 6,Region Central,Platform,14.53,false,50,true
2025-09-24,referral,manufacturing,medium,23058.83,Rep 3,Region Central,Suite,18.91,true,46,false
2025-10-06,paid,finance,small,8239.7,Rep 7,Region East,Platform,3.49,true,87,true
2024-11-12,referral,retail,small,7667.49,Rep 4,Region West,Platform,24.66,false,83,true
2024-02-10,referral,tech,small,5224.21,Rep 7,Region Central,Platform,27.71,false,49,false
2024-10-10,referral,finance,large,51562.22,Rep 5,Region East,Platform,21.14,false,76,true
2024-10-05,organic,manufacturing,small,8727.93,Rep 3,Region South,Platform,12.24,true,55,true
2025-10-25,referral,healthcare,large,74391.93,Rep 1,Region West,Platform,20.74,false,44,false
2025-04-07,referral,retail,small,8230.82,Rep 1,Region South,Standalone,20.65,true,42,false
2024-03-09,referral,retail,small,10754.13,Rep 5,Region Central,Platform,17.22,false,54,false
2024-06-01,referral,healthcare,small,8500.01,Rep 8,Region Central,Platform,22.99,false,24,false
2025-12-11,cold_call,retail,enterprise,157061.56,Rep 2,Region West,Standalone,6.97,false,90,true
2025-10-19,organic,finance,large,59421.6,Rep 7,Region East,Platform,3.41,true,89,true
2024-09-07,referral,retail,enterprise,163500.52,Rep 2,Region East,Platform,19.44,true,60,false
2024-03-11,paid,finance,medium,20974.56,Rep 5,Region East,Platform,4.93,false,27,false
2025-12-30,cold_call,healthcare,large,50403.4,Rep 4,Region East,Standalone,4.01,true,30,true
2024-06-16,cold_call,finance,medium,20084.07,Rep 6,Region East,Platform,14.82,false,53,false
2024-10-01,referral,retail,medium,26534.36,Rep 3,Region South,Standalone,24.49,false,53,true
2025-08-16,referral,tech,large,63791.96,Rep 1,Region Central,Platform,12.55,false,60,true
2025-06-20,paid,tech,medium,18420.54,Rep 4,Region West,Platform,7.61,false,43,true
2024-11-05,cold_call,retail,large,72655.8,Rep 6,Region South,Platform,10.33,false,65,true
2025-05-27,referral,finance,medium,28263.77,Rep 2,Region East,Standalone,18.03,false,81,true
2024-07-04,webinar,tech,medium,31154.91,Rep 5,Region West,Platform,11.01,false,34,false
2024-01-25,referral,finance,large,61585.29,Rep 1,Region East,Standalone,2.23,true,88,true
2024-01-06,paid,finance,small,7533.61,Rep 6,Region East,Standalone,7.61,false,70,true
2024-02-26,webinar,retail,small,6387.38,Rep 3,Region West,Suite,17.71,false,39,true
2025-10-12,paid,tech,small,5483.67,Rep 1,Region West,Platform,16.17,false,72,true
2024-12-21,organic,retail,medium,20569.95,Rep 6,Region East,Platform,16.55,false,93,true
2025-08-24,paid,finance,small,6854.34,Rep 1,Region East,Platform,14.63,true,68,true
2025-06-25,referral,healthcare,medium,26852.0,Rep 8,Region South,Platform,0.17,false,100,true
2024-09-30,referral,manufacturing,enterprise,156814.94,Rep 2,Region East,Standalone,26.62,true,12,true
2025-08-23,paid,tech,large,72496.36,Rep 3,Region South,Standalone,12.0,false,47,true
2025-10-04,paid,healthcare,small,6705.18,Rep 8,Region West,Platform,17.96,true,45,false
2025-05-21,webinar,retail,small,8011.38,Rep 4,Region West,Platform,13.8,false,75,true
2025-10-26,referral,tech,medium,30702.36,Rep 8,Region East,Platform,23.06,true,35,false
2024-04-12,organic,manufacturing,medium,19537.84,Rep 1,Region Central,Suite,7.09,false,32,false
2024-06-07,referral,finance,medium,17464.6,Rep 3,Region East,Suite,28.04,true,65,true
2024-12-04,referral,tech,medium,29884.83,Rep 1,Region West,Suite,20.8,false,52,false
2025-05-22,webinar,retail,small,9500.71,Rep 1,Region West,Platform,6.07,true,65,true
2025-08-26,organic,tech,medium,30913.64,Rep 3,Region South,Suite,19.99,false,70,true
2025-02-04,cold_call,manufacturing,medium,30783.17,Rep 8,Region West,Platform,5.52,false,62,false
2024-08-31,referral,tech,small,9005.94,Rep 8,Region West,Platform,6.03,true,44,false
2024-07-28,cold_call,tech,medium,28773.86,Rep 7,Region Central,Platform,5.48,true,93,true
2025-06-02,cold_call,manufacturing,small,6537.93,Rep 6,Region West,Platform,5.79,false,78,false
2025-08-31,organic,tech,small,6696.73,Rep 2,Region South,Platform,14.27,true,78,true
2025-02-05,cold_call,tech,medium,34128.56,Rep 3,Region West,Suite,22.83,true,23,false
2024-12-19,referral,finance,small,6440.23,Rep 2,Region West,Platform,18.19,true,52,false
2025-10-24,referral,retail,medium,24685.26,Rep 3,Region Central,Platform,20.41,false,68,true
2025-03-27,referral,tech,large,48149.25,Rep 2,Region West,Suite,18.03,true,68,true
2024-09-08,referral,manufacturing,medium,27684.13,Rep 7,Region Central,Suite,19.65,true,60,true
2025-02-23,paid,healthcare,large,84344.18,Rep 8,Region South,Platform,9.73,false,48,false
2025-06-23,paid,manufacturing,large,64899.98,Rep 7,Region West,Suite,12.91,true,75,true
2025-09-26,webinar,retail,small,10778.16,Rep 8,Region East,Platform,0.0,false,73,true
2024-11-21,webinar,tech,small,7915.66,Rep 6,Region Central,Platform,8.75,false,51,true
2024-06-22,paid,healthcare,medium,21796.76,Rep 3,Region West,Suite,0.0,true,34,true
2025-04-25,paid,tech,small,6070.94,Rep 8,Region Central,Platform,13.36,false,75,true
2024-04-26,organic,tech,large,44510.17,Rep 2,Region South,Suite,16.33,false,45,false
2025-09-18,cold_call,manufacturing,small,6110.52,Rep 7,Region Central,Platform,0.0,false,77,true
2024-01-10,webinar,retail,medium,19869.24,Rep 2,Region East,Suite,1.95,false,83,true
2025-03-28,cold_call,retail,enterprise,176706.53,Rep 4,Region Central,Suite,7.2,false,43,false
2025-10-04,referral,healthcare,medium,26719.23,Rep 5,Region West,Platform,19.28,false,62,true
2025-08-08,referral,healthcare,large,76604.31,Rep 1,Region South,Standalone,23.03,false,48,false
2024-10-30,referral,tech,large,55574.61,Rep 7,Region West,Suite,14.52,false,52,false
2025-01-10,cold_call,healthcare,small,7813.09,Rep 7,Region West,Suite,9.89,false,17,false
2025-04-12,paid,retail,medium,24420.91,Rep 7,Region East,Suite,22.54,true,45,true
2024-06-14,webinar,tech,small,7220.11,Rep 7,Region East,Platform,7.49,true,54,false
2025-08-02,referral,retail,medium,25256.66,Rep 6,Region East,Platform,13.73,true,28,false
2024-01-13,organic,manufacturing,medium,28114.42,Rep 6,Region East,Standalone,8.72,false,83,true
2024-10-14,referral,healthcare,small,7351.93,Rep 5,Region West,Platform,18.95,false,24,true
2025-11-21,referral,tech,medium,27761.95,Rep 4,Region South,Standalone,29.02,false,63,false
2025-03-04,cold_call,retail,enterprise,176388.16,Rep 2,Region East,Suite,28.75,false,22,false
2025-08-18,webinar,tech,small,7999.8,Rep 7,Region South,Platform,16.71,false,46,true
2024-01-28,organic,retail,medium,23400.44,Rep 3,Region West,Platform,15.69,false,77,false
2025-06-04,referral,healthcare,medium,21285.93,Rep 8,Region West,Platform,7.55,false,22,false
2024-06-21,organic,retail,small,7859.55,Rep 4,Region Central,Platform,12.95,true,19,false
2025-07-18,cold_call,tech,small,8255.94,Rep 1,Region South,Platform,0.0,false,100,true
2024-10-08,paid,tech,large,58606.24,Rep 8,Region Central,Suite,15.95,false,39,false
2024-07-02,cold_call,retail,small,5374.15,Rep 2,Region West,Platform,5.41,true,41,true
2024-05-08,paid,finance,medium,32075.06,Rep 6,Region East,Platform,12.73,true,83,true
2024-12-21,referral,tech,enterprise,123674.71,Rep 2,Region Central,Platform,22.93,true,50,false
2024-08-07,referral,finance,large,51072.98,Rep 8,Region South,Suite,7.25,true,56,false
2024-08-20,cold_call,retail,medium,21124.32,Rep 2,Region East,Standalone,13.75,true,42,false
2024-01-21,webinar,retail,small,6573.65,Rep 4,Region West,Platform,5.3,false,46,false
2025-06-09,referral,retail,small,7978.91,Rep 2,Region East,Platform,27.36,true,60,true
2025-01-10,referral,healthcare,medium,18855.69,Rep 5,Region East,Suite,19.45,false,53,false
2024-06-23,cold_call,finance,medium,29590.3,Rep 1,Region West,Platform,13.43,false,100,true
2025-07-15,referral,tech,medium,21874.39,Rep 4,Region South,Standalone,6.14,false,63,true
2024-03-30,referral,finance,small,4446.8,Rep 2,Region East,Platform,18.99,false,38,false
2024-10-14,organic,finance,small,5788.03,Rep 3,Region East,Platform,14.88,false,100,true
2025-05-07,cold_call,manufacturing,small,4895.42,Rep 2,Region South,Platform,15.55,false,24,false
2025-10-30,paid,tech,small,8981.63,Rep 5,Region West,Platform,3.57,false,4,false
2024-08-25,organic,healthcare,small,7017.04,Rep 2,Region Central,Platform,2.61,false,37,true
2024-10-21,cold_call,healthcare,small,9603.87,Rep 4,Region Central,Standalone,6.87,false,30,true
2025-10-21,referral,tech,small,10087.09,Rep 8,Region Central,Platform,21.19,false,70,true
2024-06-17,organic,retail,medium,21188.53,Rep 8,Region South,Platform,12.42,false,22,false
2024-12-25,paid,healthcare,large,42448.42,Rep 4,Region Central,Standalone,14.29,true,76,true
2024-05-25,referral,manufacturing,medium,29760.32,Rep 7,Region West,Standalone,7.02,false,71,true
2025-01-16,referral,healthcare,small,8059.91,Rep 4,Region West,Platform,3.42,true,40,true
2024-01-23,referral,finance,enterprise,161762.88,Rep 2,Region East,Platform,19.34,true,99,true
2025-11-30,webinar,retail,medium,25475.66,Rep 4,Region Central,Suite,6.68,false,74,true
2025-04-21,referral,tech,small,5282.21,Rep 3,Region West,Platform,23.16,false,71,true
2024-06-10,webinar,healthcare,large,67544.51,Rep 4,Region South,Platform,0.0,true,85,true
2025-04-02,referral,tech,small,6821.4,Rep 7,Region Central,Platform,25.87,true,49,true
2024-11-05,paid,finance,small,6585.91,Rep 6,Region East,Platform,15.57,false,40,false
2024-05-04,webinar,tech,medium,21871.49,Rep 3,Region South,Platform,8.56,true,59,false
2025-03-27,referral,finance,medium,28613.19,Rep 7,Region East,Suite,17.99,false,38,false
2024-11-04,webinar,retail,small,9828.76,Rep 8,Region Central,Platform,9.42,true,91,true
2025-01-11,referral,manufacturing,small,8567.11,Rep 1,Region South,Platform,21.62,false,96,true
2024-11-21,organic,retail,small,9403.41,Rep 6,Region South,Platform,8.07,true,59,false
2024-10-22,cold_call,tech,enterprise,183945.89,Rep 2,Region East,Standalone,0.0,false,56,false
2025-08-22,paid,retail,small,10632.65,Rep 5,Region South,Platform,0.77,true,58,false
2024-04-23,paid,tech,medium,25984.14,Rep 2,Region Central,Standalone,13.54,false,75,true
2025-09-24,organic,retail,medium,28914.36,Rep 2,Region West,Suite,13.19,true,65,true
2024-08-03,cold_call,tech,small,8124.14,Rep 7,Region South,Platform,12.36,false,64,false
2024-08-02,organic,tech,small,10765.55,Rep 2,Region South,Platform,16.42,false,57,false
2025-05-02,cold_call,retail,medium,20903.2,Rep 5,Region Central,Standalone,15.7,false,51,false
2024-08-17,webinar,healthcare,small,7965.0,Rep 8,Region Central,Platform,7.9,false,66,true
2025-04-24,referral,finance,enterprise,136570.49,Rep 2,Region East,Suite,24.19,true,43,true
2025-06-14,cold_call,tech,large,71084.24,Rep 1,Region East,Platform,9.45,true,77,true
2025-03-03,referral,finance,large,63537.63,Rep 7,Region East,Standalone,13.54,true,71,true
2025-07-10,paid,healthcare,medium,23300.49,Rep 2,Region East,Platform,4.55,true,57,false
2025-03-27,referral,tech,medium,25332.01,Rep 6,Region West,Standalone,25.49,false,46,false
2025-12-19,paid,manufacturing,medium,18694.07,Rep 2,Region South,Platform,12.03,true,40,true
2025-06-02,cold_call,manufacturing,enterprise,175243.95,Rep 2,Region Central,Platform,10.5,false,91,true
2024-01-25,referral,manufacturing,medium,27423.99,Rep 1,Region Central,Platform,16.4,true,28,false
2024-07-07,webinar,tech,medium,31258.49,Rep 4,Region East,Suite,13.81,false,32,false
2025-12-03,paid,retail,medium,20288.59,Rep 7,Region Central,Platform,20.97,false,44,false
2025-12-31,referral,retail,large,58506.24,Rep 4,Region South,Suite,29.24,true,80,true
2024-07-12,cold_call,finance,large,60059.64,Rep 2,Region East,Suite,11.65,true,69,true
2024-09-16,cold_call,finance,medium,21446.93,Rep 6,Region East,Suite,12.11,false,42,false
2024-05-13,referral,retail,medium,23720.63,Rep 8,Region South,Platform,19.23,false,47,true
2025-12-09,cold_call,tech,medium,24282.55,Rep 5,Region South,Standalone,9.47,false,62,false
2024-12-31,cold_call,retail,large,62182.33,Rep 3,Region South,Standalone,0.0,true,77,true
2024-05-23,organic,tech,small,7382.43,Rep 1,Region South,Platform,3.51,false,67,true
2024-07-22,organic,tech,large,68157.39,Rep 4,Region South,Standalone,7.23,true,65,true
2025-09-28,webinar,finance,large,57819.57,Rep 6,Region East,Standalone,11.97,true,81,true
2024-11-15,organic,finance,enterprise,143867.02,Rep 5,Region East,Platform,32.04,false,57,false
2025-06-11,referral,healthcare,medium,25546.22,Rep 6,Region South,Standalone,20.79,true,59,false
2024-03-11,referral,tech,small,7684.26,Rep 3,Region West,Platform,18.38,false,50,false
2024-09-23,referral,healthcare,medium,28976.16,Rep 2,Region South,Suite,0.0,false,23,true
2025-06-12,paid,tech,large,55318.17,Rep 5,Region West,Standalone,16.78,false,78,true
2024-06-10,referral,healthcare,small,9083.96,Rep 6,Region South,Platform,21.29,false,24,false
2024-04-12,webinar,tech,medium,25830.58,Rep 6,Region Central,Suite,24.27,false,62,false
2025-01-28,cold_call,manufacturing,large,81578.94,Rep 7,Region South,Standalone,0.0,false,43,true
2024-07-11,cold_call,tech,small,8654.93,Rep 2,Region Central,Platform,22.84,true,51,false
2024-02-07,organic,finance,large,60560.67,Rep 6,Region East,Platform,2.2,false,11,true
2024-06-29,organic,tech,large,70551.02,Rep 5,Region South,Suite,4.56,false,41,true
2025-11-29,cold_call,tech,enterprise,182673.63,Rep 2,Region East,Standalone,16.82,false,89,true
2024-09-13,cold_call,finance,medium,22143.1,Rep 6,Region East,Suite,0.0,true,61,false
2024-12-27,cold_call,tech,enterprise,145960.4,Rep 2,Region South,Suite,13.68,false,74,true
2024-07-30,paid,healthcare,large,50447.82,Rep 7,Region South,Suite,11.75,false,26,true
2024-01-22,referral,finance,small,8080.69,Rep 8,Region East,Standalone,22.82,true,100,true
2025-07-15,cold_call,retail,small,8597.91,Rep 4,Region South,Platform,9.26,true,90,true
2025-12-09,referral,retail,medium,30217.03,Rep 3,Region South,Platform,19.98,false,100,true
2024-12-14,paid,manufacturing,small,8800.67,Rep 1,Region East,Platform,13.01,false,43,false
2025-03-15,referral,manufacturing,enterprise,166549.73,Rep 2,Region East,Suite,0.0,true,50,true
2025-06-10,organic,tech,medium,24369.77,Rep 8,Region West,Suite,10.91,true,74,false
2025-11-12,referral,manufacturing,large,50697.7,Rep 2,Region South,Platform,10.0,false,87,true
2024-09-18,referral,tech,small,7109.82,Rep 5,Region West,Platform,9.31,true,53,false
2024-01-06,referral,retail,large,60743.41,Rep 3,Region Central,Platform,18.34,false,82,true
2025-02-11,referral,retail,enterprise,131306.39,Rep 2,Region West,Standalone,12.24,false,66,true
2024-04-24,referral,tech,small,6023.06,Rep 2,Region South,Platform,22.11,true,60,false
2024-07-08,paid,tech,large,56008.75,Rep 1,Region South,Standalone,14.51,true,74,true
2025-12-28,cold_call,manufacturing,small,7614.28,Rep 7,Region East,Platform,11.97,false,10,true
2025-09-02,cold_call,healthcare,medium,31315.43,Rep 5,Region South,Standalone,1.79,false,58,false
2025-12-17,webinar,tech,large,64449.1,Rep 5,Region East,Platform,0.59,false,51,true
2025-07-27,organic,finance,large,67097.41,Rep 3,Region East,Platform,5.92,false,69,true
2025-12-11,cold_call,tech,small,7794.59,Rep 4,Region South,Platform,3.34,false,59,false
2025-07-28,referral,healthcare,small,6112.1,Rep 3,Region West,Platform,7.29,false,52,true
2024-12-12,cold_call,healthcare,large,52786.6,Rep 3,Region East,Platform,15.09,true,22,false
2024-11-11,referral,tech,medium,25342.89,Rep 3,Region East,Suite,25.61,true,35,false
2025-06-12,paid,healthcare,medium,18531.07,Rep 6,Region East,Suite,12.95,true,48,false
2024-12-07,organic,tech,medium,18744.86,Rep 6,Region South,Standalone,3.93,true,46,false
2024-06-10,cold_call,retail,small,7329.89,Rep 1,Region Central,Platform,17.87,true,33,false
2024-06-10,paid,finance,large,58904.37,Rep 8,Region East,Standalone,0.0,false,60,false
2025-01-19,organic,tech,small,7416.43,Rep 3,Region East,Platform,4.2,false,55,false
2025-04-08,webinar,retail,large,68917.47,Rep 8,Region South,Suite,15.81,false,81,true
2025-12-05,cold_call,finance,medium,22347.29,Rep 6,Region East,Platform,12.42,false,65,true
2025-01-19,referral,retail,large,65423.88,Rep 5,Region Central,Suite,28.2,false,53,false
2024-07-15,cold_call,manufacturing,large,65134.04,Rep 5,Region East,Standalone,12.38,true,90,true
2025-12-01,referral,finance,medium,24291.19,Rep 2,Region East,Platform,25.16,true,59,true
2025-08-18,organic,healthcare,medium,25252.09,Rep 6,Region East,Suite,9.19,false,49,false
2025-04-11,cold_call,manufacturing,small,7184.44,Rep 5,Region East,Platform,7.55,false,45,false
2025-03-23,referral,healthcare,medium,22286.08,Rep 2,Region Central,Suite,18.46,false,67,true
2025-08-04,referral,manufacturing,large,67624.55,Rep 4,Region Central,Platform,18.15,false,48,false
2025-05-09,paid,tech,small,7996.59,Rep 6,Region East,Platform,17.36,false,63,true
2024-09-27,paid,finance,medium,22457.36,Rep 3,Region East,Platform,7.83,true,72,true
2024-11-01,webinar,finance,medium,21787.92,Rep 6,Region East,Suite,1.18,false,36,false
2024-05-05,cold_call,manufacturing,small,8179.76,Rep 4,Region West,Platform,7.29,false,89,true
2024-03-14,referral,manufacturing,medium,19826.72,Rep 4,Region South,Suite,12.97,false,19,false
2024-02-26,cold_call,manufacturing,large,58472.78,Rep 3,Region West,Platform,17.01,false,74,true
2025-11-07,referral,manufacturing,medium,20683.52,Rep 8,Region West,Standalone,19.01,true,69,true
2025-09-26,webinar,finance,medium,21422.62,Rep 2,Region East,Platform,13.25,false,52,false
2025-10-12,webinar,finance,large,48220.74,Rep 5,Region East,Standalone,10.62,false,51,false
2024-01-15,referral,finance,small,8701.33,Rep 1,Region East,Platform,14.66,true,84,true
2024-05-07,referral,manufacturing,small,8791.08,Rep 8,Region West,Platform,6.78,true,66,true
2024-12-20,cold_call,tech,small,7983.94,Rep 3,Region East,Platform,7.5,true,72,true
2025-11-30,cold_call,retail,small,9408.16,Rep 8,Region Central,Platform,8.82,false,79,true
2025-04-26,referral,tech,small,9261.47,Rep 7,Region Central,Platform,15.3,true,81,true
2025-07-08,referral,finance,small,6499.94,Rep 2,Region East,Platform,10.84,false,41,false
2024-05-29,paid,manufacturing,small,8284.39,Rep 6,Region West,Platform,8.47,false,65,true
2024-06-25,cold_call,tech,large,62034.18,Rep 1,Region South,Suite,13.62,true,54,true
2025-06-19,webinar,tech,enterprise,162574.67,Rep 2,Region Central,Platform,5.91,true,47,true
2025-02-04,cold_call,tech,enterprise,173369.31,Rep 2,Region East,Suite,17.06,true,45,true
2024-11-12,webinar,healthcare,enterprise,152876.21,Rep 2,Region East,Platform,12.97,true,62,true
2025-12-31,webinar,retail,medium,27065.11,Rep 3,Region East,Suite,8.59,false,57,false
2024-09-21,cold_call,tech,small,5227.48,Rep 8,Region Central,Platform,8.55,false,62,true
2024-01-27,paid,finance,small,7613.24,Rep 7,Region East,Standalone,15.37,true,53,false
2024-06-13,organic,tech,medium,30192.05,Rep 3,Region South,Standalone,12.65,true,47,true
2024-10-24,cold_call,manufacturing,medium,24119.71,Rep 8,Region East,Standalone,7.47,true,90,true
2025-08-05,organic,retail,medium,28934.81,Rep 8,Region West,Suite,8.0,true,55,false
2024-03-21,referral,tech,small,6881.26,Rep 3,Region West,Platform,7.89,false,92,true
2024-04-20,paid,healthcare,small,6121.37,Rep 2,Region Central,Platform,0.0,true,41,true
2025-12-10,cold_call,tech,small,12477.75,Rep 8,Region East,Standalone,3.24,false,43,true
2025-01-19,referral,tech,small,9443.9,Rep 6,Region South,Platform,0.0,true,47,true
2025-09-27,referral,finance,medium,29809.51,Rep 4,Region East,Platform,18.35,true,41,false
2024-05-21,paid,manufacturing,large,68336.31,Rep 8,Region West,Platform,7.14,true,60,false
2025-01-17,referral,healthcare,large,77250.82,Rep 4,Region South,Platform,17.4,false,29,false
2025-07-30,webinar,manufacturing,large,62197.79,Rep 2,Region West,Platform,12.87,true,91,true
2024-11-10,referral,healthcare,enterprise,175687.73,Rep 2,Region South,Platform,29.65,false,83,true
2024-06-22,referral,finance,medium,27277.96,Rep 5,Region East,Standalone,21.18,true,58,true
2025-02-12,referral,retail,medium,24428.15,Rep 4,Region East,Platform,0.09,false,52,false
2024-01-03,cold_call,tech,medium,32247.56,Rep 8,Region Central,Standalone,10.02,true,71,true
2025-10-27,referral,retail,medium,29161.96,Rep 6,Region Central,Platform,9.73,false,41,false
2024-06-27,organic,finance,enterprise,169548.7,Rep 2,Region South,Standalone,10.74,false,87,true
2025-09-07,webinar,finance,small,6567.89,Rep 1,Region East,Platform,10.54,false,100,true
2024-12-21,cold_call,retail,large,53276.91,Rep 6,Region Central,Platform,17.69,false,54,false
2025-12-12,paid,tech,large,61080.83,Rep 6,Region East,Platform,17.52,true,63,true
2024-11-21,cold_call,manufacturing,enterprise,153660.25,Rep 2,Region Central,Platform,9.99,false,65,true
2024-04-18,referral,retail,large,66859.94,Rep 3,Region South,Standalone,27.34,false,80,true
2025-11-08,organic,retail,small,9324.19,Rep 1,Region West,Platform,6.92,true,91,true
2025-01-16,referral,retail,enterprise,150923.52,Rep 2,Region South,Suite,28.48,true,100,true
2024-05-02,referral,retail,enterprise,168265.47,Rep 2,Region East,Standalone,13.9,false,74,true
2025-07-11,organic,manufacturing,enterprise,140732.62,Rep 2,Region Central,Suite,17.6,true,83,true
2025-08-16,organic,retail,small,7427.34,Rep 2,Region East,Platform,0.55,true,84,true
2024-06-28,cold_call,retail,medium,17857.72,Rep 3,Region West,Standalone,9.25,false,34,true
2025-09-29,cold_call,finance,medium,26621.85,Rep 1,Region East,Standalone,8.47,false,73,true
2024-07-11,referral,tech,small,9624.25,Rep 3,Region South,Platform,19.76,false,77,true
2025-07-21,referral,retail,medium,26018.16,Rep 7,Region East,Standalone,16.02,false,89,true
2025-09-04,webinar,healthcare,small,9349.82,Rep 8,Region East,Platform,8.47,true,42,true
2024-07-26,paid,manufacturing,enterprise,133992.78,Rep 2,Region Central,Suite,13.11,true,59,true
2024-08-14,paid,retail,small,4089.92,Rep 2,Region East,Platform,0.31,false,100,true
2024-07-11,organic,tech,large,73578.08,Rep 7,Region Central,Standalone,1.96,false,61,false
2025-07-30,cold_call,tech,small,8853.6,Rep 8,Region South,Platform,1.6,true,59,true
2025-05-16,referral,tech,large,61298.83,Rep 2,Region West,Standalone,33.4,true,93,true
2024-03-23,referral,finance,medium,26715.59,Rep 6,Region East,Standalone,22.65,false,34,true
2024-01-12,organic,manufacturing,large,56203.73,Rep 6,Region West,Standalone,0.0,false,59,false
2025-03-21,webinar,retail,medium,19856.68,Rep 2,Region West,Suite,17.99,true,44,false
2024-08-20,organic,retail,large,48693.83,Rep 2,Region South,Suite,2.4,true,58,true
2025-04-05,referral,manufacturing,medium,24494.52,Rep 1,Region Central,Standalone,12.28,true,62,false
2025-06-20,cold_call,finance,medium,31626.57,Rep 6,Region East,Suite,12.57,false,72,true
2025-10-16,organic,retail,small,8207.54,Rep 2,Region West,Platform,6.02,true,91,true
2025-10-21,cold_call,retail,large,71473.73,Rep 2,Region West,Platform,2.11,false,83,true
2024-09-11,referral,healthcare,medium,24695.32,Rep 8,Region Central,Platform,26.57,false,49,true
2025-04-20,cold_call,retail,medium,27355.91,Rep 8,Region East,Standalone,18.58,false,73,true
2025-01-02,referral,retail,large,62467.08,Rep 7,Region East,Suite,20.71,true,76,true
2024-04-10,webinar,tech,medium,29848.08,Rep 6,Region West,Standalone,1.64,true,81,true
2025-09-28,cold_call,retail,large,51059.25,Rep 4,Region Central,Standalone,3.06,true,48,false
2025-08-22,cold_call,finance,small,9241.73,Rep 2,Region East,Platform,14.46,false,59,true
2025-02-13,referral,manufacturing,small,7267.77,Rep 8,Region South,Platform,13.16,false,98,true
2024-09-09,referral,finance,small,7188.05,Rep 4,Region East,Platform,12.45,false,83,true
2024-01-07,organic,finance,small,11710.17,Rep 7,Region East,Platform,9.54,false,61,true
2025-06-25,webinar,retail,enterprise,122045.4,Rep 2,Region Central,Platform,22.97,true,62,true
2024-04-04,organic,retail,small,6443.77,Rep 2,Region South,Platform,6.01,false,61,false
2024-02-08,cold_call,tech,large,64989.02,Rep 3,Region South,Standalone,10.97,false,34,false
2024-08-20,referral,tech,small,8032.81,Rep 4,Region East,Platform,0.0,true,51,false
2024-04-13,organic,retail,enterprise,132694.88,Rep 2,Region East,Standalone,8.44,true,54,true
2025-06-19,referral,retail,large,72545.37,Rep 3,Region South,Standalone,5.95,false,100,true
2024-11-17,organic,finance,enterprise,167081.74,Rep 2,Region East,Standalone,21.95,true,70,true
2024-09-10,paid,manufacturing,medium,15545.01,Rep 5,Region East,Platform,7.92,true,78,true
2025-07-31,paid,manufacturing,large,52546.0,Rep 3,Region East,Platform,11.85,false,83,true
2025-11-07,referral,tech,small,9123.19,Rep 2,Region Central,Platform,18.58,true,42,true
2025-09-25,webinar,manufacturing,large,57791.84,Rep 5,Region Central,Standalone,6.07,false,54,true
2025-11-04,referral,manufacturing,enterprise,161787.18,Rep 2,Region West,Suite,13.05,false,48,true
2025-09-02,cold_call,manufacturing,small,8316.45,Rep 2,Region Central,Platform,11.65,false,81,true
2024-09-14,organic,tech,small,6973.29,Rep 7,Region West,Platform,10.81,true,51,false
2024-05-06,webinar,tech,medium,29205.39,Rep 7,Region West,Suite,18.3,false,53,false
2024-02-25,cold_call,retail,small,7583.74,Rep 2,Region South,Platform,8.51,false,75,true
2025-06-14,referral,manufacturing,large,57026.94,Rep 8,Region Central,Suite,2.09,true,100,false
2025-07-28,referral,finance,medium,25228.77,Rep 6,Region East,Platform,14.08,false,85,true
2025-11-11,cold_call,tech,small,9712.36,Rep 6,Region West,Platform,4.21,true,65,true
2025-12-15,webinar,finance,enterprise,152730.29,Rep 2,Region East,Platform,17.43,true,70,true
2024-12-28,webinar,manufacturing,large,55337.71,Rep 5,Region Central,Suite,2.6,false,88,true
2025-11-09,organic,finance,small,7679.78,Rep 6,Region East,Platform,5.78,false,54,false
2024-02-09,organic,finance,medium,25220.45,Rep 3,Region East,Platform,9.91,false,71,true
2025-09-07,cold_call,manufacturing,medium,29831.1,Rep 1,Region West,Standalone,10.81,false,43,false
2025-05-13,cold_call,healthcare,large,68597.93,Rep 6,Region Central,Suite,7.94,true,46,false
2025-03-21,paid,manufacturing,enterprise,152618.48,Rep 2,Region East,Standalone,12.91,true,69,true
2024-07-15,organic,manufacturing,small,9171.06,Rep 5,Region East,Platform,19.55,false,78,true
2024-05-06,organic,retail,enterprise,178539.56,Rep 2,Region South,Suite,14.47,false,55,false
2024-01-13,cold_call,manufacturing,medium,21308.77,Rep 3,Region West,Platform,9.52,true,46,false
2024-08-30,cold_call,retail,large,49629.08,Rep 2,Region East,Platform,14.02,true,0,false
2024-02-13,paid,retail,small,6647.5,Rep 4,Region West,Platform,17.87,false,73,true
2024-11-07,webinar,tech,medium,27447.79,Rep 6,Region South,Suite,11.68,false,62,false
2024-10-30,webinar,finance,medium,26449.85,Rep 7,Region East,Suite,17.94,true,35,true
2025-07-17,referral,manufacturing,small,8595.99,Rep 7,Region South,Platform,22.58,false,42,true
2025-04-16,referral,tech,large,53384.85,Rep 8,Region East,Suite,22.24,false,39,true
2025-05-21,referral,tech,small,8622.31,Rep 3,Region Central,Platform,18.26,false,17,false
2025-06-03,referral,tech,large,61467.25,Rep 4,Region South,Platform,20.15,true,77,true
2024-04-21,paid,finance,small,9420.93,Rep 6,Region East,Platform,15.76,false,70,true
2024-06-11,referral,retail,medium,21162.86,Rep 3,Region Central,Standalone,14.32,false,62,true
2025-09-17,referral,finance,large,68259.62,Rep 8,Region East,Suite,18.17,false,49,false
2024-02-09,paid,manufacturing,large,65300.59,Rep 1,Region Central,Platform,10.6,false,86,true
2025-10-25,webinar,tech,small,10211.24,Rep 7,Region Central,Platform,17.13,true,71,true
2025-12-07,cold_call,finance,small,6834.98,Rep 6,Region East,Platform,12.07,false,66,true
2025-09-11,referral,retail,large,78131.75,Rep 5,Region South,Suite,12.69,true,76,true
2024-02-17,referral,finance,medium,27581.68,Rep 3,Region East,Suite,15.27,false,52,false
2024-07-25,webinar,finance,small,8845.2,Rep 3,Region East,Platform,11.67,false,72,true
2025-01-08,paid,healthcare,medium,29274.85,Rep 8,Region South,Standalone,13.12,false,54,true
2025-02-12,referral,finance,medium,31940.47,Rep 1,Region East,Suite,10.72,false,66,true
2024-02-06,webinar,finance,large,72152.29,Rep 5,Region East,Platform,10.33,false,17,false
2025-04-08,referral,tech,large,52323.28,Rep 6,Region East,Suite,19.03,false,58,false
2025-02-08,paid,manufacturing,enterprise,149069.17,Rep 2,Region West,Platform,17.01,true,26,true
2025-01-24,organic,manufacturing,medium,23684.77,Rep 2,Region East,Suite,16.09,false,34,true
2025-12-25,paid,finance,large,64841.14,Rep 1,Region East,Platform,13.32,false,67,true
2024-03-27,organic,healthcare,medium,23893.39,Rep 2,Region South,Standalone,7.0,false,52,true
2025-07-11,cold_call,tech,small,8785.58,Rep 8,Region Central,Platform,14.43,false,79,true
2025-11-30,cold_call,manufacturing,medium,17561.65,Rep 6,Region East,Standalone,20.27,true,48,false
2024-08-02,referral,manufacturing,medium,28563.76,Rep 7,Region South,Standalone,12.71,false,63,false
2025-04-03,referral,manufacturing,large,56982.3,Rep 7,Region East,Platform,5.44,false,98,true
2024-04-12,referral,retail,small,9391.85,Rep 6,Region West,Platform,21.84,false,38,false
2024-08-09,cold_call,manufacturing,medium,20654.68,Rep 5,Region East,Platform,17.53,false,62,false
2025-07-19,cold_call,retail,small,8531.69,Rep 6,Region West,Platform,8.36,false,73,true
2024-02-22,webinar,finance,large,88668.75,Rep 7,Region South,Suite,12.5,false,36,true
2025-02-09,webinar,retail,large,70480.73,Rep 8,Region Central,Standalone,18.5,false,65,true
2024-11-03,referral,tech,large,60771.38,Rep 4,Region West,Suite,23.24,true,65,true
2025-03-27,cold_call,tech,small,8939.16,Rep 4,Region Central,Platform,1.54,false,30,true
2025-05-22,referral,finance,small,9555.42,Rep 8,Region East,Platform,24.03,false,65,true
2024-10-28,webinar,tech,medium,24195.82,Rep 1,Region South,Platform,15.01,true,54,false
2025-08-02,organic,manufacturing,large,59404.2,Rep 3,Region East,Standalone,13.01,false,25,true
2024-01-16,referral,retail,large,49014.56,Rep 5,Region South,Standalone,13.9,false,72,true
2025-12-07,paid,retail,small,8731.78,Rep 8,Region South,Platform,8.56,false,45,false
2024-07-07,cold_call,finance,small,6893.52,Rep 2,Region East,Platform,10.95,true,88,true
2024-05-18,organic,tech,small,9229.08,Rep 1,Region West,Platform,9.2,false,60,true
2024-06-23,referral,healthcare,large,65885.0,Rep 7,Region East,Platform,19.85,false,86,true
2024-03-01,organic,tech,small,7325.04,Rep 6,Region East,Platform,16.38,true,49,false
2024-11-02,referral,finance,enterprise,130168.1,Rep 5,Region East,Platform,1.85,true,70,true
2024-02-28,referral,retail,large,66820.24,Rep 5,Region East,Platform,6.86,false,74,true
2024-05-26,paid,manufacturing,large,80618.03,Rep 2,Region West,Suite,8.98,true,66,true
2024-03-05,webinar,finance,large,46764.41,Rep 1,Region East,Standalone,0.17,true,59,false
2025-07-19,referral,manufacturing,medium,18020.08,Rep 1,Region Central,Platform,33.8,true,81,true
2024-03-10,referral,finance,small,10372.51,Rep 6,Region East,Platform,15.6,false,99,true
2024-07-12,referral,finance,enterprise,161218.7,Rep 2,Region East,Suite,25.7,true,75,true
2024-01-29,organic,healthcare,small,9222.78,Rep 3,Region South,Platform,0.14,true,54,true
2024-08-07,cold_call,healthcare,enterprise,113816.53,Rep 2,Region South,Platform,10.84,true,28,false
2025-06-01,webinar,retail,small,8185.72,Rep 7,Region Central,Platform,17.15,true,52,true
2025-07-28,referral,finance,medium,24347.8,Rep 2,Region East,Platform,23.69,true,38,true
2024-09-28,referral,manufacturing,small,7628.73,Rep 4,Region East,Platform,10.91,false,51,false
2025-12-20,webinar,manufacturing,enterprise,155821.45,Rep 2,Region West,Platform,16.19,false,71,true
2024-08-24,referral,tech,small,7176.03,Rep 7,Region South,Platform,22.76,false,72,true
2025-12-16,referral,tech,small,4828.89,Rep 8,Region South,Platform,18.89,false,85,false
2025-12-12,organic,manufacturing,small,6447.42,Rep 5,Region East,Platform,16.6,false,50,false
2025-08-11,cold_call,tech,medium,31153.07,Rep 2,Region West,Suite,17.7,true,71,true
2025-06-15,cold_call,finance,small,8232.54,Rep 5,Region East,Platform,7.7,false,35,true
2025-04-19,cold_call,finance,medium,21041.63,Rep 5,Region East,Standalone,10.59,false,46,true
2024-12-30,cold_call,healthcare,medium,21438.86,Rep 8,Region East,Platform,20.62,true,75,true
2024-09-21,paid,retail,small,8081.22,Rep 6,Region South,Platform,14.6,false,48,true
2025-03-25,referral,finance,large,45138.17,Rep 8,Region East,Platform,20.44,false,74,true
2025-04-03,referral,finance,medium,26300.7,Rep 4,Region East,Suite,20.18,true,50,true
2025-02-15,referral,manufacturing,small,6733.99,Rep 1,Region East,Platform,26.65,false,48,false
2025-12-24,webinar,healthcare,medium,14115.18,Rep 2,Region South,Platform,4.32,false,55,false
2024-10-30,cold_call,retail,medium,19090.49,Rep 5,Region Central,Standalone,30.52,false,38,true
2024-02-14,cold_call,finance,medium,25745.43,Rep 4,Region East,Standalone,0.44,true,83,true
2025-11-14,referral,retail,small,7966.5,Rep 7,Region West,Platform,13.72,false,56,false
2025-12-11,webinar,retail,medium,23367.85,Rep 7,Region Central,Suite,11.37,false,21,false
2025-10-22,paid,tech,small,5366.73,Rep 3,Region East,Standalone,3.17,true,25,false
2024-05-10,referral,healthcare,medium,23497.12,Rep 6,Region East,Suite,23.35,false,61,false
2024-06-05,paid,tech,medium,29948.23,Rep 2,Region South,Suite,16.62,true,57,false
2024-10-12,cold_call,manufacturing,small,7666.63,Rep 2,Region South,Platform,17.75,false,53,true
2024-04-09,organic,manufacturing,small,6487.11,Rep 8,Region South,Platform,23.67,true,59,false
2025-01-26,referral,retail,enterprise,149114.05,Rep 2,Region Central,Standalone,8.6,false,46,false
2024-10-21,paid,tech,small,7264.27,Rep 4,Region South,Platform,17.29,true,85,true
2025-05-07,referral,finance,medium,25845.55,Rep 1,Region East,Platform,14.09,false,43,false
2025-04-03,paid,finance,medium,23669.12,Rep 5,Region East,Standalone,11.17,true,87,true
2025-01-01,referral,tech,small,8430.59,Rep 2,Region East,Platform,15.72,false,26,false
2024-01-03,cold_call,finance,small,8775.19,Rep 3,Region East,Suite,5.9,true,54,true
2024-10-15,referral,tech,enterprise,174969.12,Rep 2,Region Central,Platform,22.3,true,62,true
2024-09-14,webinar,finance,small,9637.7,Rep 8,Region East,Platform,5.79,false,32,false
2025-10-07,referral,finance,medium,25785.39,Rep 4,Region East,Suite,25.92,false,76,true
2025-04-11,paid,manufacturing,enterprise,146432.76,Rep 2,Region West,Standalone,6.62,false,45,false
2024-05-22,organic,manufacturing,large,61383.05,Rep 5,Region West,Suite,9.8,false,67,true
2025-09-14,cold_call,tech,small,6911.8,Rep 8,Region East,Platform,7.44,true,43,false
2025-10-25,referral,healthcare,large,64126.12,Rep 8,Region West,Suite,2.19,false,87,true
2025-08-22,webinar,manufacturing,small,5476.12,Rep 3,Region East,Platform,2.62,false,53,false
2024-09-01,organic,tech,medium,30832.38,Rep 5,Region South,Suite,13.96,false,25,false
2024-11-20,referral,manufacturing,large,48931.36,Rep 2,Region South,Platform,24.21,false,19,true
2024-11-21,organic,tech,medium,30551.7,Rep 3,Region West,Platform,8.72,true,0,false
2024-05-02,referral,manufacturing,medium,19189.64,Rep 6,Region East,Platform,6.22,false,68,true
2025-08-04,organic,finance,large,57527.56,Rep 5,Region East,Platform,2.75,true,40,false
2025-02-13,cold_call,retail,medium,17933.05,Rep 2,Region East,Platform,25.54,false,87,true
2025-03-29,webinar,manufacturing,large,82766.22,Rep 7,Region Central,Platform,7.35,false,45,true
2024-12-22,webinar,manufacturing,small,10169.94,Rep 1,Region Central,Platform,11.64,false,82,true
2024-04-29,webinar,manufacturing,small,6815.65,Rep 1,Region Central,Platform,10.7,false,59,true
2025-08-26,paid,retail,large,44124.67,Rep 2,Region Central,Platform,17.46,true,89,true
2024-03-15,referral,healthcare,enterprise,157130.81,Rep 2,Region West,Standalone,13.59,false,35,false
2025-06-02,cold_call,tech,small,5324.13,Rep 6,Region Central,Platform,5.98,false,38,true
2024-12-12,referral,healthcare,medium,29869.87,Rep 1,Region Central,Suite,22.03,false,79,true
2025-05-02,paid,manufacturing,large,67332.68,Rep 5,Region East,Platform,0.0,false,68,true
2024-11-26,paid,tech,large,64634.77,Rep 8,Region East,Platform,14.65,false,71,true
2025-07-26,webinar,healthcare,large,47547.11,Rep 4,Region South,Platform,10.01,false,27,false
2024-02-03,cold_call,finance,large,58075.82,Rep 1,Region East,Standalone,5.37,false,35,true
2024-06-09,referral,retail,medium,24050.84,Rep 2,Region West,Standalone,14.13,true,57,false
2025-06-17,cold_call,retail,small,7792.52,Rep 6,Region West,Platform,17.13,false,58,false
2024-07-28,referral,manufacturing,medium,25335.8,Rep 5,Region South,Platform,12.39,false,83,true
2024-11-23,referral,healthcare,small,10367.96,Rep 1,Region West,Platform,5.7,false,62,false
2025-03-20,organic,manufacturing,medium,20385.5,Rep 2,Region South,Standalone,24.02,false,39,false
2025-04-28,paid,finance,medium,27534.05,Rep 4,Region East,Suite,17.08,false,54,false
2025-07-17,referral,retail,small,9560.53,Rep 6,Region East,Platform,18.78,false,62,false
2025-10-05,cold_call,finance,medium,23689.97,Rep 5,Region East,Standalone,5.38,true,40,true
2024-06-15,paid,tech,small,6704.72,Rep 6,Region West,Platform,16.77,false,39,true
2025-06-05,webinar,retail,large,27909.79,Rep 7,Region West,Suite,9.96,true,46,false
2024-03-20,referral,tech,medium,28552.15,Rep 5,Region West,Platform,24.49,false,47,false
2024-12-12,webinar,tech,medium,26935.07,Rep 2,Region West,Suite,17.72,false,68,true
2025-07-08,cold_call,healthcare,small,8102.89,Rep 5,Region South,Platform,5.66,false,81,true
2025-02-01,cold_call,finance,small,7637.54,Rep 5,Region East,Platform,1.82,false,76,true
2025-04-01,organic,finance,small,8247.87,Rep 2,Region East,Platform,10.52,false,51,false
2024-12-15,referral,retail,small,12341.22,Rep 1,Region East,Platform,8.6,true,60,false
2024-09-08,cold_call,finance,large,56077.96,Rep 8,Region East,Standalone,12.58,true,53,false
2024-08-23,webinar,manufacturing,small,5689.26,Rep 5,Region Central,Platform,7.36,false,73,true
2024-04-26,webinar,tech,small,9255.96,Rep 7,Region East,Platform,15.43,false,73,true
2025-07-15,cold_call,retail,small,9079.78,Rep 4,Region South,Platform,13.31,false,69,true
2024-02-15,referral,finance,enterprise,165435.82,Rep 2,Region East,Platform,15.6,false,71,false
2024-10-22,paid,manufacturing,medium,23362.55,Rep 4,Region South,Suite,13.21,false,66,true
2025-12-22,paid,manufacturing,medium,27461.44,Rep 3,Region Central,Suite,2.41,true,25,false
2025-11-23,referral,finance,medium,25063.35,Rep 6,Region East,Suite,2.28,false,44,false
2024-08-28,cold_call,tech,large,54212.67,Rep 8,Region East,Suite,3.66,false,100,true
2024-01-07,cold_call,retail,small,7844.85,Rep 7,Region Central,Platform,5.59,false,39,false
2025-01-14,referral,healthcare,medium,29550.7,Rep 5,Region Central,Platform,25.31,false,56,true
2025-01-25,webinar,finance,small,10307.78,Rep 2,Region East,Platform,14.43,false,66,true
2025-05-08,webinar,manufacturing,large,67599.66,Rep 4,Region Central,Standalone,9.04,false,56,false
2025-03-31,webinar,finance,medium,24746.46,Rep 1,Region East,Suite,13.46,false,54,false
2024-08-18,paid,finance,medium,27652.01,Rep 8,Region East,Platform,11.72,false,69,true
2025-03-22,referral,retail,large,61438.59,Rep 5,Region Central,Standalone,20.17,false,38,false
2025-02-24,referral,retail,small,8206.22,Rep 5,Region South,Platform,28.0,false,39,true
2024-03-30,webinar,retail,medium,23198.14,Rep 2,Region Central,Platform,0.0,false,52,false
2024-06-13,referral,retail,medium,24793.61,Rep 3,Region Central,Suite,18.56,true,29,false
2024-11-21,referral,retail,large,46284.49,Rep 7,Region South,Standalone,6.15,true,59,true
2025-01-19,referral,healthcare,medium,26919.6,Rep 5,Region South,Suite,20.26,false,91,true
2025-11-14,cold_call,healthcare,small,7673.84,Rep 7,Region West,Platform,17.67,false,40,true
2025-06-01,paid,retail,large,54332.31,Rep 6,Region Central,Suite,0.0,false,63,false
2024-08-30,referral,retail,small,7775.19,Rep 7,Region West,Platform,19.2,false,52,false
2025-05-16,webinar,finance,small,7138.67,Rep 4,Region East,Platform,6.7,true,53,false
2024-10-26,cold_call,healthcare,large,54838.18,Rep 1,Region South,Standalone,6.87,false,56,true
2024-06-03,organic,manufacturing,medium,20044.3,Rep 7,Region South,Platform,0.0,false,85,true
2024-01-02,referral,finance,medium,25075.95,Rep 1,Region East,Suite,16.45,true,100,true
2025-02-18,cold_call,retail,enterprise,176322.56,Rep 2,Region East,Platform,6.59,true,50,true
2025-03-08,cold_call,manufacturing,small,8581.42,Rep 1,Region Central,Platform,6.01,true,37,true
2024-01-29,cold_call,retail,enterprise,128015.59,Rep 2,Region West,Standalone,16.81,true,54,false
2025-03-06,referral,retail,small,8376.93,Rep 5,Region Central,Platform,15.05,true,81,true
2025-04-13,webinar,healthcare,small,7273.52,Rep 5,Region West,Platform,17.29,false,53,true
2025-12-07,organic,healthcare,large,71282.15,Rep 6,Region West,Standalone,9.53,false,75,true
2025-01-11,webinar,tech,medium,24127.67,Rep 2,Region West,Platform,9.1,false,62,false
2024-07-14,cold_call,finance,enterprise,122639.37,Rep 2,Region East,Standalone,0.0,true,46,true
2024-01-22,organic,tech,medium,20547.89,Rep 8,Region Central,Standalone,15.82,false,59,false
2025-07-20,cold_call,healthcare,medium,22089.69,Rep 7,Region West,Standalone,12.42,true,67,true
2025-09-12,referral,retail,small,5883.22,Rep 2,Region Central,Platform,25.58,false,48,true
2024-01-16,referral,tech,large,53106.14,Rep 7,Region East,Standalone,6.52,false,60,false
2025-09-19,paid,finance,enterprise,120407.7,Rep 4,Region East,Suite,2.7,false,71,true
2025-01-09,referral,retail,small,8731.88,Rep 7,Region South,Platform,20.83,true,10,false
2024-03-07,referral,tech,large,64807.54,Rep 6,Region South,Standalone,17.41,true,66,true
2024-06-28,cold_call,finance,enterprise,152753.56,Rep 2,Region East,Platform,4.49,false,63,true
2024-08-29,paid,manufacturing,medium,22804.65,Rep 8,Region East,Platform,16.7,false,85,true
2025-04-17,paid,tech,medium,21221.49,Rep 3,Region Central,Platform,20.63,false,97,true
2024-04-20,referral,tech,medium,20586.65,Rep 6,Region West,Suite,18.2,false,93,true
2024-07-31,organic,tech,enterprise,142081.38,Rep 2,Region West,Suite,0.0,true,46,false
2025-04-14,cold_call,tech,medium,21960.0,Rep 4,Region South,Platform,0.0,true,42,true
2025-02-24,referral,tech,medium,15006.41,Rep 3,Region West,Platform,28.09,false,62,false
2024-05-11,webinar,retail,small,7298.15,Rep 1,Region East,Platform,10.6,false,84,true
2025-09-22,webinar,tech,medium,18262.18,Rep 7,Region West,Suite,12.88,true,21,false
2025-12-15,cold_call,healthcare,small,9032.42,Rep 5,Region Central,Platform,16.73,true,51,false
2024-03-02,webinar,manufacturing,enterprise,136773.14,Rep 2,Region South,Suite,12.0,true,55,true
2024-01-10,cold_call,tech,enterprise,133236.44,Rep 2,Region East,Standalone,16.24,false,52,false
2025-03-03,organic,healthcare,medium,28723.57,Rep 2,Region West,Standalone,17.93,false,59,false
2024-10-18,organic,retail,large,74008.98,Rep 2,Region South,Standalone,11.78,false,27,true
2024-07-12,cold_call,healthcare,small,8617.6,Rep 5,Region West,Platform,17.79,false,64,true
2025-03-07,referral,healthcare,medium,22283.67,Rep 6,Region South,Suite,11.95,true,66,true
2024-06-17,referral,finance,large,61681.08,Rep 8,Region East,Suite,18.39,false,48,false
2024-01-30,referral,tech,medium,26426.28,Rep 8,Region South,Suite,19.66,false,55,true
2025-12-23,paid,healthcare,large,51854.96,Rep 2,Region West,Platform,16.65,false,66,true
2025-06-01,referral,manufacturing,medium,27978.62,Rep 4,Region West,Suite,20.01,false,67,true
2025-07-26,referral,retail,small,5101.12,Rep 5,Region East,Platform,20.72,false,29,true
2025-08-13,paid,healthcare,large,85427.75,Rep 5,Region Central,Platform,7.15,false,50,true
2024-02-10,organic,retail,enterprise,142829.9,Rep 2,Region Central,Suite,9.24,false,44,true
2025-07-19,webinar,tech,small,9102.46,Rep 1,Region Central,Platform,0.0,false,48,false
2025-04-01,cold_call,healthcare,medium,26637.19,Rep 5,Region West,Suite,11.4,false,53,false
2025-01-13,organic,tech,large,64376.61,Rep 7,Region West,Suite,16.79,false,57,false
2024-05-14,webinar,finance,medium,20285.53,Rep 2,Region East,Platform,9.54,true,42,false
2025-03-23,referral,healthcare,medium,24570.65,Rep 3,Region East,Platform,20.96,false,28,true
2025-09-22,paid,finance,large,56660.88,Rep 3,Region East,Suite,14.82,false,67,true
2025-02-27,paid,tech,small,8331.59,Rep 7,Region East,Platform,13.51,false,46,true
2024-01-09,cold_call,tech,medium,25011.22,Rep 2,Region East,Platform,17.93,false,48,false
2025-12-31,cold_call,manufacturing,small,9113.14,Rep 2,Region East,Platform,11.49,true,58,false
2025-11-28,organic,healthcare,enterprise,104114.74,Rep 2,Region South,Suite,10.06,false,57,false
2024-07-08,webinar,finance,small,10871.34,Rep 5,Region East,Platform,11.89,false,62,false
2024-03-19,cold_call,tech,enterprise,150963.71,Rep 2,Region West,Platform,11.8,false,68,true
2025-04-16,cold_call,healthcare,large,64480.57,Rep 7,Region South,Standalone,11.31,true,61,true
2025-08-16,paid,finance,medium,22088.25,Rep 5,Region East,Suite,7.58,false,21,false
2024-08-08,cold_call,healthcare,large,65247.28,Rep 6,Region West,Suite,7.69,false,66,true
2025-12-24,paid,finance,small,7287.01,Rep 5,Region East,Platform,7.64,true,45,true
2025-04-21,organic,healthcare,medium,20027.18,Rep 2,Region South,Standalone,15.48,false,82,true
2024-02-11,referral,retail,medium,29177.21,Rep 6,Region West,Platform,18.69,true,93,true
2025-04-03,cold_call,tech,small,6617.35,Rep 3,Region Central,Platform,4.24,true,79,true
2024-12-19,cold_call,manufacturing,medium,25387.97,Rep 5,Region West,Suite,10.5,false,67,true
2025-06-01,organic,tech,small,7333.79,Rep 8,Region West,Platform,8.5,false,68,true
2025-10-25,referral,tech,medium,16828.89,Rep 7,Region South,Standalone,10.2,false,41,false
2025-04-04,organic,finance,small,9508.46,Rep 3,Region East,Platform,10.62,true,82,true
2024-08-26,paid,manufacturing,enterprise,141718.79,Rep 5,Region South,Platform,8.22,true,34,false
2024-07-26,webinar,finance,small,9003.43,Rep 3,Region East,Platform,0.92,false,65,true
2025-09-02,referral,finance,medium,25095.38,Rep 1,Region East,Standalone,6.21,false,61,false
2025-09-01,referral,tech,large,64924.85,Rep 5,Region West,Platform,28.73,false,58,false
2024-08-03,referral,tech,medium,24010.66,Rep 4,Region West,Suite,18.3,false,62,true
2024-03-22,referral,finance,medium,25409.28,Rep 1,Region East,Platform,21.9,true,47,true
2025-11-26,organic,healthcare,medium,19023.56,Rep 5,Region East,Suite,17.27,true,90,true
2025-08-01,referral,healthcare,medium,21949.97,Rep 2,Region Central,Platform,14.29,false,79,true
2024-10-02,referral,tech,small,7971.75,Rep 8,Region South,Platform,26.61,false,33,false
2024-07-29,paid,tech,medium,25744.71,Rep 1,Region East,Suite,7.34,false,90,false
2024-04-05,webinar,retail,large,64483.54,Rep 4,Region Central,Platform,6.84,false,75,true
2024-12-14,paid,retail,medium,29715.44,Rep 5,Region West,Suite,4.73,false,86,false
2024-09-16,webinar,tech,large,62831.03,Rep 7,Region East,Standalone,11.62,false,90,true
2025-04-16,webinar,manufacturing,medium,28801.82,Rep 1,Region Central,Suite,15.35,false,65,true
2024-04-26,cold_call,finance,medium,19662.96,Rep 5,Region East,Standalone,7.7,false,100,true
2025-12-10,webinar,healthcare,small,7788.7,Rep 4,Region South,Platform,5.96,false,15,false
2024-10-13,cold_call,healthcare,small,7809.51,Rep 3,Region Central,Platform,21.46,false,36,false
2024-09-13,paid,tech,small,6598.93,Rep 7,Region South,Platform,19.09,true,53,true
2025-07-07,referral,finance,medium,25076.92,Rep 5,Region East,Platform,26.25,true,46,true
2024-03-18,webinar,finance,large,54978.12,Rep 5,Region East,Standalone,11.48,false,91,true
2024-05-29,webinar,retail,enterprise,140237.36,Rep 6,Region Central,Platform,2.18,false,69,true
2025-06-16,referral,healthcare,medium,19064.46,Rep 3,Region Central,Platform,18.19,true,82,true
2025-12-18,webinar,finance,large,81481.62,Rep 7,Region East,Standalone,14.36,false,75,false
2025-09-17,referral,manufacturing,large,48092.1,Rep 6,Region Central,Standalone,23.6,true,59,false
2024-10-13,organic,manufacturing,enterprise,127516.29,Rep 8,Region South,Platform,13.28,false,53,false
2024-06-16,webinar,retail,small,5301.3,Rep 1,Region East,Platform,14.97,true,56,false
2024-08-07,cold_call,healthcare,medium,33198.04,Rep 2,Region South,Standalone,4.22,true,89,true
2025-11-10,webinar,tech,medium,29893.7,Rep 8,Region Central,Standalone,13.36,false,67,true
2025-08-31,referral,retail,small,9161.59,Rep 7,Region Central,Platform,12.3,true,53,false
2025-12-20,cold_call,tech,large,58875.69,Rep 2,Region Central,Suite,5.79,false,54,true
2024-08-17,webinar,retail,medium,22380.67,Rep 1,Region East,Platform,5.46,false,83,true
2025-01-18,webinar,finance,medium,25560.83,Rep 4,Region East,Platform,0.0,false,41,false
2024-12-08,organic,finance,medium,25110.08,Rep 3,Region East,Suite,7.86,false,30,true
2024-03-06,organic,tech,small,7806.63,Rep 4,Region West,Platform,10.76,false,35,true
2025-02-18,referral,retail,small,8383.87,Rep 1,Region Central,Platform,28.59,true,29,false
2025-10-04,cold_call,finance,small,8319.28,Rep 6,Region East,Platform,2.54,false,51,true
2025-02-15,cold_call,tech,small,7568.3,Rep 6,Region South,Platform,19.67,false,56,true
2025-04-08,paid,healthcare,small,6999.39,Rep 5,Region South,Platform,4.93,false,77,true
2024-03-01,cold_call,manufacturing,small,6780.71,Rep 4,Region West,Platform,5.14,true,60,false
2024-11-24,paid,retail,small,8700.45,Rep 4,Region East,Platform,17.22,false,57,false
2025-06-23,cold_call,retail,medium,32038.91,Rep 2,Region South,Suite,14.75,false,84,true
2024-02-05,paid,manufacturing,medium,22638.74,Rep 2,Region South,Standalone,8.8,false,48,false
2024-12-13,webinar,retail,small,6747.6,Rep 4,Region South,Platform,3.0,false,14,false
2025-07-01,webinar,healthcare,medium,29592.27,Rep 3,Region Central,Standalone,17.77,true,20,false
2024-02-16,webinar,healthcare,small,7586.58,Rep 1,Region Central,Platform,15.3,false,55,false
2025-04-09,referral,healthcare,small,8111.53,Rep 3,Region South,Platform,20.89,true,43,true
2025-04-19,referral,retail,small,6570.49,Rep 1,Region West,Platform,8.62,true,61,false
2024-12-18,webinar,tech,small,6604.22,Rep 8,Region West,Platform,13.85,false,67,true
2024-01-05,webinar,healthcare,small,8636.43,Rep 6,Region East,Platform,13.84,false,28,false
2024-02-28,referral,healthcare,small,8444.79,Rep 8,Region East,Platform,15.77,false,69,true
2024-09-19,paid,retail,large,48672.07,Rep 2,Region East,Standalone,25.56,false,36,false
2025-09-04,webinar,retail,large,52831.38,Rep 6,Region Central,Platform,11.52,false,56,false
2025-05-21,cold_call,tech,small,8444.87,Rep 1,Region South,Platform,13.06,false,43,true
2025-06-27,organic,healthcare,medium,30602.05,Rep 4,Region East,Platform,3.88,true,42,false
2024-05-17,referral,tech,small,9967.88,Rep 1,Region East,Platform,8.24,false,29,true
2024-08-10,webinar,tech,enterprise,140772.04,Rep 2,Region West,Suite,16.79,false,37,false
2024-09-15,paid,finance,medium,30015.33,Rep 7,Region East,Platform,10.97,true,64,false
2025-02-25,referral,healthcare,small,5126.51,Rep 5,Region South,Standalone,18.54,true,70,true
2025-03-09,referral,tech,small,7583.78,Rep 3,Region West,Platform,20.94,false,46,false
2024-08-29,organic,tech,enterprise,126862.34,Rep 2,Region East,Platform,5.38,false,48,false
2024-09-23,cold_call,retail,medium,28326.16,Rep 6,Region Central,Suite,0.0,false,60,true
2025-06-28,cold_call,manufacturing,medium,23123.86,Rep 5,Region West,Standalone,9.95,false,47,true
2024-08-04,cold_call,retail,medium,19306.58,Rep 5,Region West,Platform,3.37,false,37,false
2024-11-08,organic,manufacturing,small,8556.18,Rep 8,Region South,Platform,1.56,false,53,true
2025-10-27,referral,healthcare,enterprise,149957.3,Rep 2,Region West,Platform,26.22,false,85,false
2024-06-04,cold_call,healthcare,small,8376.27,Rep 5,Region South,Platform,5.85,true,41,true
2024-04-11,cold_call,finance,small,5783.06,Rep 3,Region East,Platform,13.93,false,53,false
2024-11-23,referral,tech,enterprise,209391.15,Rep 2,Region South,Suite,16.38,false,45,false
2024-04-27,webinar,manufacturing,large,44502.17,Rep 1,Region West,Standalone,10.55,false,49,true
2024-09-29,cold_call,finance,small,7778.96,Rep 1,Region East,Platform,6.48,true,50,false
2024-04-30,organic,manufacturing,large,51710.63,Rep 7,Region East,Platform,17.81,true,54,false
2024-02-14,organic,tech,medium,18939.55,Rep 1,Region South,Suite,16.71,true,46,true
2025-11-06,referral,manufacturing,medium,27380.51,Rep 6,Region South,Platform,10.44,false,76,true
2024-01-14,referral,retail,medium,21382.62,Rep 2,Region South,Platform,17.91,false,82,true
2025-04-02,referral,finance,small,7037.42,Rep 7,Region East,Platform,20.32,false,59,false
2025-02-27,referral,retail,large,43858.7,Rep 7,Region Central,Platform,14.6,false,58,false
2025-01-31,referral,finance,enterprise,133023.45,Rep 2,Region East,Platform,18.24,false,75,true
2024-08-31,paid,finance,small,8308.9,Rep 2,Region East,Platform,0.0,false,51,true
2024-10-09,webinar,healthcare,medium,29801.69,Rep 1,Region East,Standalone,24.51,false,60,true
2025-04-14,paid,healthcare,medium,24428.38,Rep 8,Region West,Platform,8.36,true,24,true
2025-03-01,referral,finance,small,8769.92,Rep 1,Region East,Platform,19.93,false,38,false
2025-06-16,referral,manufacturing,medium,22849.78,Rep 5,Region East,Standalone,31.87,false,39,false
2025-01-09,paid,finance,large,45725.78,Rep 1,Region East,Suite,2.02,false,75,true
2024-05-27,paid,manufacturing,enterprise,181122.77,Rep 2,Region East,Standalone,2.86,true,42,false
2025-07-25,webinar,retail,small,7917.8,Rep 7,Region East,Platform,14.13,true,72,true
2024-12-16,webinar,finance,enterprise,178277.82,Rep 2,Region East,Platform,16.4,true,80,true
2025-07-15,organic,finance,large,62073.67,Rep 3,Region East,Suite,16.21,false,67,true
2024-07-14,paid,finance,medium,25033.53,Rep 2,Region East,Platform,16.36,true,40,true
2025-06-26,referral,tech,large,52630.08,Rep 8,Region South,Standalone,17.72,false,75,true
2025-12-27,referral,retail,small,7236.95,Rep 5,Region Central,Platform,0.0,true,84,true
2024-02-07,organic,retail,enterprise,143598.81,Rep 8,Region West,Suite,3.35,false,54,false
2024-02-27,cold_call,manufacturing,medium,26458.33,Rep 5,Region Central,Standalone,2.33,false,41,true
2025-08-07,cold_call,tech,medium,28723.56,Rep 2,Region East,Suite,3.86,false,75,true
2024-07-17,organic,manufacturing,large,54730.97,Rep 7,Region West,Platform,0.0,false,52,false
2025-03-22,referral,manufacturing,small,7380.67,Rep 6,Region South,Platform,20.39,true,70,true
2024-04-01,paid,retail,large,71718.9,Rep 8,Region Central,Suite,16.4,true,67,true
2025-11-29,organic,tech,medium,23993.69,Rep 5,Region East,Platform,7.27,false,84,true
2024-07-03,organic,finance,medium,15773.29,Rep 2,Region East,Platform,8.15,true,53,false
2024-11-25,webinar,finance,small,10463.48,Rep 5,Region East,Platform,14.13,true,31,false
2024-02-28,webinar,retail,small,6274.6,Rep 7,Region East,Platform,13.77,false,57,false
2024-01-16,referral,tech,small,9722.62,Rep 3,Region South,Platform,8.02,false,35,false
2024-10-04,paid,tech,enterprise,112394.85,Rep 2,Region West,Suite,15.99,true,61,true
2024-06-23,webinar,tech,enterprise,114149.67,Rep 2,Region East,Suite,3.62,false,62,false
2024-10-25,referral,finance,large,68313.14,Rep 7,Region East,Platform,22.94,false,27,false
2025-09-04,cold_call,retail,small,8468.24,Rep 3,Region South,Platform,8.74,false,52,false
2024-11-12,referral,finance,large,52284.49,Rep 8,Region East,Platform,19.2,true,23,true
2025-09-10,paid,finance,medium,25207.42,Rep 5,Region East,Standalone,0.0,false,59,false
2024-07-27,organic,retail,large,66658.89,Rep 8,Region West,Suite,8.28,false,69,true
2024-11-23,referral,tech,medium,22014.22,Rep 5,Region West,Suite,25.02,true,72,true
2025-11-04,cold_call,finance,large,43885.46,Rep 3,Region East,Platform,13.75,false,82,true
2024-02-29,referral,manufacturing,medium,23842.84,Rep 6,Region South,Platform,20.72,true,42,false
2025-12-29,paid,manufacturing,large,63281.26,Rep 8,Region Central,Suite,3.66,false,33,false
2024-08-04,organic,healthcare,medium,22483.69,Rep 6,Region West,Suite,7.44,true,74,true
2024-02-26,cold_call,retail,enterprise,144698.49,Rep 2,Region Central,Suite,16.73,true,34,false
2024-02-02,cold_call,tech,small,8346.96,Rep 5,Region Central,Platform,15.71,true,72,true
2024-02-29,organic,retail,medium,24414.15,Rep 3,Region West,Platform,0.0,false,69,true
2024-08-15,referral,healthcare,small,6755.43,Rep 6,Region Central,Platform,21.67,true,63,false
2025-10-01,referral,tech,small,8210.4,Rep 4,Region West,Platform,0.72,false,28,false
2024-09-17,webinar,healthcare,enterprise,170642.92,Rep 2,Region West,Platform,0.0,false,68,true
2024-03-02,referral,tech,small,8610.95,Rep 4,Region West,Platform,3.91,false,61,false
2025-08-05,referral,tech,small,7648.67,Rep 7,Region East,Platform,22.67,false,65,true
2024-08-29,cold_call,finance,medium,19957.03,Rep 8,Region East,Suite,0.0,false,78,true
2025-08-09,webinar,tech,small,6276.25,Rep 7,Region South,Platform,12.5,false,74,true
2025-12-05,paid,tech,small,7306.64,Rep 6,Region West,Platform,17.19,false,87,true
2024-02-09,referral,tech,enterprise,156701.76,Rep 2,Region East,Standalone,19.11,true,72,true
2025-03-07,webinar,tech,enterprise,158554.81,Rep 2,Region West,Platform,2.49,true,66,true
2024-05-16,organic,finance,small,9317.97,Rep 6,Region East,Platform,12.37,false,80,true
2025-03-30,referral,retail,medium,27674.53,Rep 5,Region Central,Standalone,20.18,false,71,true
2025-02-05,referral,manufacturing,large,75901.0,Rep 1,Region East,Platform,23.12,false,76,false
2024-09-17,paid,tech,large,68423.63,Rep 8,Region Central,Standalone,17.25,true,65,true
2025-10-22,organic,finance,medium,21899.99,Rep 3,Region East,Platform,4.04,false,75,true
2024-07-09,cold_call,manufacturing,medium,28800.75,Rep 3,Region East,Platform,15.59,false,61,true
2024-07-28,referral,retail,medium,26610.9,Rep 4,Region South,Suite,21.32,false,64,true
2025-08-20,referral,tech,enterprise,130661.76,Rep 2,Region East,Suite,7.06,false,52,false
2025-09-15,organic,manufacturing,small,9537.21,Rep 2,Region South,Platform,6.28,false,61,false
2024-10-09,cold_call,finance,enterprise,159884.41,Rep 2,Region East,Platform,13.59,false,82,true
2025-03-14,referral,retail,medium,22715.93,Rep 1,Region Central,Suite,10.78,false,62,false
2025-01-23,organic,finance,small,7660.72,Rep 7,Region East,Platform,12.42,true,55,false
2024-09-14,cold_call,retail,enterprise,161355.46,Rep 2,Region South,Suite,12.52,false,95,true
2024-11-14,organic,tech,large,58755.31,Rep 2,Region South,Platform,9.72,true,51,true
2025-07-06,referral,healthcare,medium,21078.62,Rep 1,Region South,Standalone,25.53,false,71,true
2024-11-21,organic,tech,medium,17243.15,Rep 4,Region East,Suite,0.72,true,35,false
2024-10-28,cold_call,retail,medium,25377.66,Rep 5,Region South,Platform,11.91,false,61,true
2024-01-17,referral,manufacturing,large,64438.82,Rep 4,Region Central,Platform,30.24,true,95,true
2024-05-26,organic,manufacturing,small,6982.15,Rep 5,Region Central,Platform,8.07,false,58,false
2025-04-04,referral,manufacturing,medium,26505.59,Rep 6,Region West,Suite,20.41,true,76,true
2025-11-30,webinar,healthcare,large,63600.85,Rep 4,Region East,Suite,10.05,true,67,true
2024-04-17,cold_call,manufacturing,large,78552.31,Rep 6,Region West,Standalone,6.62,true,74,true
2024-04-24,referral,retail,large,55960.88,Rep 2,Region South,Standalone,2.25,false,33,false
2025-10-16,cold_call,retail,small,8243.78,Rep 2,Region Central,Platform,18.0,false,56,false
2025-11-25,referral,healthcare,large,57543.08,Rep 2,Region West,Suite,0.0,true,78,true
2024-02-08,paid,tech,large,71298.53,Rep 5,Region West,Standalone,16.8,false,89,true
2024-02-21,cold_call,finance,large,48785.96,Rep 3,Region East,Suite,16.39,false,63,true
2025-06-11,cold_call,finance,medium,20358.95,Rep 2,Region East,Standalone,5.99,false,8,true
2025-04-18,referral,finance,large,73991.17,Rep 8,Region East,Platform,20.72,false,62,false
2025-11-30,referral,finance,small,8393.62,Rep 7,Region East,Platform,13.39,false,52,false
2025-04-16,cold_call,tech,enterprise,162461.42,Rep 2,Region Central,Standalone,9.74,false,31,false
2024-12-28,organic,finance,small,6244.86,Rep 3,Region East,Platform,8.91,false,63,false
2025-10-06,paid,retail,small,4535.52,Rep 5,Region South,Platform,14.58,false,52,true
2025-07-17,referral,finance,large,55920.91,Rep 7,Region East,Platform,18.02,false,60,false
2025-10-07,paid,retail,large,55923.84,Rep 6,Region East,Platform,9.43,false,19,false
2024-10-23,referral,tech,small,6257.11,Rep 4,Region South,Platform,3.63,true,94,true
2024-09-18,referral,manufacturing,large,60659.18,Rep 4,Region South,Suite,13.99,true,73,true
2025-10-25,referral,healthcare,small,6620.16,Rep 4,Region Central,Platform,21.65,true,63,false
2025-06-03,webinar,manufacturing,small,8891.54,Rep 3,Region Central,Platform,13.54,false,57,false
2025-07-03,referral,retail,medium,20546.22,Rep 7,Region South,Platform,21.92,true,38,true
2025-01-18,referral,manufacturing,enterprise,162713.08,Rep 2,Region South,Platform,15.77,true,53,true
2024-03-04,cold_call,healthcare,large,60334.53,Rep 8,Region Central,Standalone,8.35,true,61,true
2024-05-08,referral,tech,small,6162.24,Rep 6,Region Central,Platform,10.28,true,47,true
2025-05-11,webinar,manufacturing,small,8821.85,Rep 5,Region South,Platform,9.46,true,66,true
2024-03-30,cold_call,healthcare,enterprise,148464.38,Rep 2,Region East,Platform,0.03,true,77,true
2024-03-11,webinar,healthcare,medium,35230.78,Rep 8,Region South,Standalone,14.5,false,84,true
2024-10-20,referral,retail,enterprise,142936.6,Rep 2,Region Central,Standalone,13.36,true,30,false
2025-08-13,organic,healthcare,medium,21058.16,Rep 1,Region South,Suite,1.59,true,59,false
2025-07-12,webinar,tech,enterprise,163340.78,Rep 2,Region West,Standalone,7.39,true,25,false
2024-11-29,organic,finance,medium,24666.43,Rep 6,Region East,Platform,8.24,true,47,false
2025-07-24,webinar,manufacturing,small,5048.81,Rep 3,Region West,Platform,13.74,false,49,false
2025-10-07,organic,healthcare,small,8208.91,Rep 7,Region West,Platform,11.53,false,59,true
2025-10-11,referral,tech,medium,29345.4,Rep 5,Region Central,Platform,17.9,true,54,true
2025-12-22,paid,healthcare,small,6239.95,Rep 6,Region East,Platform,12.08,true,66,true
2024-09-17,referral,retail,medium,33563.51,Rep 4,Region South,Suite,9.85,false,98,true
2024-10-23,webinar,tech,enterprise,174328.9,Rep 2,Region South,Platform,0.0,false,49,true
2024-07-08,cold_call,tech,medium,24981.19,Rep 4,Region South,Standalone,15.27,true,70,true
2025-12-15,referral,retail,medium,26742.08,Rep 8,Region Central,Suite,8.6,false,48,true
2024-03-17,cold_call,retail,large,62305.74,Rep 4,Region Central,Suite,15.66,true,71,true
2025-05-19,paid,retail,enterprise,156156.56,Rep 2,Region South,Standalone,9.48,false,58,false
2025-07-26,organic,tech,enterprise,182739.24,Rep 5,Region South,Standalone,14.26,true,71,true
2025-11-14,paid,healthcare,medium,28254.47,Rep 3,Region West,Suite,15.11,false,55,true
2024-05-01,referral,tech,medium,21638.06,Rep 5,Region South,Standalone,18.41,false,44,false
2024-03-06,referral,tech,large,59393.41,Rep 1,Region East,Platform,21.39,true,62,false
2025-07-05,organic,finance,medium,20276.45,Rep 5,Region East,Platform,15.66,false,81,true
2025-12-19,organic,retail,medium,21362.37,Rep 2,Region East,Standalone,17.2,false,87,true
2025-01-07,referral,tech,large,54467.64,Rep 3,Region Central,Suite,26.06,true,100,true
2025-11-17,paid,finance,medium,27178.91,Rep 5,Region East,Standalone,0.0,false,69,true
2025-03-26,referral,finance,medium,22751.46,Rep 6,Region East,Standalone,4.31,true,48,false
2025-12-13,paid,tech,small,9876.04,Rep 4,Region West,Platform,6.53,false,54,false
2024-12-21,paid,tech,medium,29120.28,Rep 7,Region South,Platform,14.25,false,48,false
2025-05-23,paid,tech,large,51752.09,Rep 8,Region South,Platform,0.0,false,57,false
2025-08-25,referral,retail,large,46112.61,Rep 4,Region Central,Suite,25.98,false,15,false
2024-05-21,referral,tech,large,63227.39,Rep 1,Region Central,Platform,23.36,false,75,true
2025-11-22,paid,retail,large,44687.63,Rep 8,Region West,Standalone,5.25,false,29,true
2024-01-08,organic,retail,medium,31850.42,Rep 8,Region East,Standalone,12.79,true,64,true
2024-12-29,referral,manufacturing,medium,26858.06,Rep 5,Region South,Standalone,22.78,true,69,true
2025-08-26,organic,retail,large,41343.17,Rep 2,Region West,Standalone,5.5,false,39,false
2025-04-08,referral,manufacturing,small,9027.84,Rep 6,Region South,Platform,1.31,true,61,false
2024-09-29,referral,retail,large,64492.6,Rep 7,Region East,Platform,17.21,false,47,true
2024-10-04,cold_call,retail,medium,31412.84,Rep 4,Region Central,Standalone,0.0,false,18,false
2024-04-05,referral,tech,large,59952.48,Rep 8,Region Central,Standalone,23.05,false,35,false
2024-02-21,paid,finance,medium,25816.71,Rep 3,Region East,Suite,15.6,true,32,false
2025-09-16,referral,tech,medium,29635.46,Rep 3,Region East,Suite,11.85,false,31,true
2024-06-11,referral,retail,small,9257.87,Rep 3,Region Central,Platform,18.81,false,79,true
2025-09-27,paid,healthcare,medium,20564.03,Rep 4,Region West,Platform,8.97,false,89,true
2025-07-06,referral,manufacturing,large,47928.68,Rep 4,Region East,Standalone,22.42,false,72,true
2025-02-01,organic,retail,large,59557.31,Rep 5,Region West,Platform,15.77,true,55,false
2025-03-31,referral,healthcare,small,6686.38,Rep 6,Region West,Platform,18.29,false,100,true
2025-11-08,webinar,finance,medium,19362.59,Rep 3,Region East,Suite,9.01,true,60,true
2025-10-24,webinar,finance,large,54357.78,Rep 2,Region East,Suite,34.83,true,74,true
2024-07-14,organic,tech,small,7497.66,Rep 3,Region South,Platform,12.48,false,27,false
2024-03-02,paid,finance,medium,22499.17,Rep 2,Region East,Platform,14.48,true,68,true
2025-03-29,referral,tech,small,10945.25,Rep 7,Region East,Platform,20.18,false,49,false
2025-02-09,organic,healthcare,medium,22892.63,Rep 8,Region East,Suite,8.89,false,61,false
2025-05-12,paid,tech,small,7387.52,Rep 5,Region Central,Platform,6.11,false,49,false
2024-08-24,referral,finance,medium,23698.91,Rep 1,Region East,Platform,18.4,true,38,true
2025-03-29,referral,tech,medium,28893.81,Rep 5,Region West,Standalone,10.0,false,61,true
2025-04-16,webinar,manufacturing,small,4885.62,Rep 5,Region East,Platform,15.04,false,89,true
2024-10-09,webinar,healthcare,enterprise,149795.47,Rep 2,Region East,Platform,21.99,true,84,true
2025-05-16,webinar,tech,small,6620.41,Rep 7,Region West,Platform,16.68,false,39,true
2025-03-25,organic,retail,medium,27871.79,Rep 8,Region East,Platform,11.99,true,49,false
2025-07-22,referral,tech,small,7304.73,Rep 4,Region South,Platform,17.03,false,87,true
2024-12-15,webinar,finance,large,75494.38,Rep 3,Region East,Platform,16.42,false,95,true
2024-06-24,paid,finance,large,65829.41,Rep 5,Region East,Suite,16.92,false,47,false
2024-12-16,referral,tech,small,10432.68,Rep 2,Region South,Platform,6.93,false,35,false
2024-10-23,referral,tech,small,7696.42,Rep 5,Region West,Platform,17.94,true,55,false
2024-02-05,cold_call,manufacturing,medium,22610.0,Rep 4,Region East,Platform,6.25,false,93,true
2024-10-27,cold_call,tech,large,47140.64,Rep 2,Region West,Suite,1.8,false,45,false
2025-04-11,webinar,healthcare,small,6027.43,Rep 5,Region Central,Platform,16.97,false,100,true
2024-08-05,referral,manufacturing,large,65070.54,Rep 3,Region Central,Suite,26.46,false,61,true
2024-07-16,cold_call,retail,medium,29505.85,Rep 3,Region East,Platform,2.29,true,77,true
2025-12-07,webinar,finance,medium,29017.54,Rep 3,Region East,Suite,4.92,true,73,true
2024-07-08,cold_call,finance,small,7385.9,Rep 8,Region East,Platform,26.75,false,32,false
2024-03-09,referral,manufacturing,enterprise,153659.98,Rep 2,Region Central,Platform,24.11,false,43,false
2024-07-18,paid,tech,medium,24967.9,Rep 1,Region South,Standalone,15.04,false,25,false
2024-12-13,referral,retail,medium,27903.14,Rep 1,Region South,Suite,18.52,false,62,false
2024-07-14,cold_call,retail,small,7247.81,Rep 4,Region West,Platform,9.09,true,59,false
2025-03-27,referral,finance,small,9404.52,Rep 1,Region East,Platform,20.5,false,62,true
2024-05-26,organic,healthcare,medium,29337.46,Rep 1,Region South,Suite,0.0,false,50,true
2024-02-05,referral,healthcare,large,54444.49,Rep 2,Region East,Platform,19.09,true,32,false
2025-06-10,organic,manufacturing,small,8648.93,Rep 7,Region East,Platform,14.97,true,38,false
2025-06-02,webinar,tech,medium,20807.23,Rep 3,Region West,Suite,0.0,true,49,false
2024-10-12,cold_call,healthcare,medium,28103.52,Rep 2,Region South,Platform,7.0,true,59,false
2024-03-19,organic,manufacturing,small,7615.36,Rep 8,Region East,Platform,6.21,false,43,true
2025-09-27,organic,manufacturing,enterprise,152647.13,Rep 6,Region West,Platform,24.12,false,29,false
2025-11-22,cold_call,retail,large,68389.24,Rep 7,Region East,Suite,4.5,false,86,true
2025-03-20,referral,manufacturing,large,59718.08,Rep 8,Region West,Platform,19.23,false,74,true
2024-04-16,referral,retail,medium,28851.12,Rep 4,Region South,Platform,22.13,true,85,true
2025-05-04,organic,finance,medium,27468.86,Rep 2,Region East,Suite,0.85,false,72,true
2024-03-27,referral,retail,small,9927.03,Rep 2,Region West,Platform,21.39,false,53,false
2024-06-08,referral,tech,medium,29842.83,Rep 5,Region South,Standalone,19.49,false,32,true
2024-12-09,referral,tech,small,7908.21,Rep 2,Region West,Platform,30.14,false,61,false
2025-08-13,referral,finance,medium,19769.71,Rep 6,Region East,Standalone,24.04,false,48,true
2024-01-02,referral,retail,medium,23932.7,Rep 4,Region West,Platform,29.48,false,64,true
2024-07-16,webinar,healthcare,medium,34325.54,Rep 7,Region Central,Standalone,0.0,false,30,true
2025-05-01,organic,manufacturing,medium,33464.28,Rep 5,Region South,Platform,17.55,false,56,false
2024-08-01,cold_call,retail,medium,21647.77,Rep 1,Region Central,Suite,9.92,true,75,true
2025-01-20,referral,healthcare,medium,20641.5,Rep 4,Region Central,Platform,5.26,false,72,true
2025-03-06,cold_call,manufacturing,small,8288.37,Rep 5,Region South,Platform,2.83,false,33,false
2024-02-15,paid,healthcare,enterprise,162656.09,Rep 2,Region South,Suite,13.18,false,56,false
2024-03-03,organic,tech,large,60248.64,Rep 7,Region South,Standalone,17.09,false,74,true
2025-01-30,referral,retail,small,7089.62,Rep 1,Region West,Platform,12.5,true,46,false
2025-04-08,organic,tech,large,71181.26,Rep 6,Region East,Standalone,7.03,false,53,true
2024-09-04,webinar,finance,small,9083.14,Rep 1,Region East,Platform,11.15,true,60,true
2024-09-01,webinar,retail,large,52827.51,Rep 8,Region West,Standalone,15.66,false,32,false
2025-08-16,webinar,retail,large,81753.76,Rep 2,Region West,Suite,9.58,false,63,false
2025-09-17,organic,healthcare,small,7424.09,Rep 5,Region West,Platform,3.2,true,49,false
2024-02-25,paid,manufacturing,enterprise,132538.05,Rep 2,Region Central,Suite,16.61,true,82,true
2024-07-14,webinar,finance,large,46542.05,Rep 5,Region East,Platform,18.77,false,69,true
2025-09-12,webinar,healthcare,large,35388.45,Rep 7,Region East,Standalone,0.0,false,77,true
2025-08-16,paid,tech,small,5707.87,Rep 3,Region Central,Platform,6.34,false,71,true
2024-02-14,organic,retail,enterprise,137107.21,Rep 1,Region West,Platform,21.59,false,77,true
2025-11-25,cold_call,retail,enterprise,176355.83,Rep 7,Region West,Suite,18.52,true,47,false
2024-04-17,webinar,healthcare,medium,27809.72,Rep 2,Region Central,Platform,12.5,true,49,false
2025-12-03,cold_call,tech,medium,28992.56,Rep 1,Region East,Standalone,10.12,true,69,true
2025-06-03,paid,retail,medium,23372.77,Rep 7,Region East,Standalone,5.26,false,45,true
2025-09-28,organic,manufacturing,medium,26422.1,Rep 1,Region West,Suite,5.56,true,73,true
2024-12-09,paid,retail,medium,21226.0,Rep 3,Region Central,Suite,9.76,true,66,true
2024-01-12,paid,retail,large,64746.87,Rep 3,Region South,Suite,9.83,false,100,true
2024-03-15,referral,healthcare,medium,18255.72,Rep 8,Region Central,Platform,5.91,false,45,true
2025-01-30,organic,finance,enterprise,174498.88,Rep 2,Region East,Standalone,19.53,true,73,true
2025-09-28,referral,tech,large,60968.16,Rep 5,Region West,Standalone,20.96,false,44,true
2025-12-08,referral,retail,small,6539.11,Rep 8,Region South,Platform,6.36,false,37,false
2024-09-27,referral,manufacturing,medium,19121.26,Rep 2,Region East,Suite,19.98,true,71,true
2024-02-25,webinar,healthcare,large,68388.78,Rep 8,Region East,Platform,6.44,true,50,true
2024-06-15,referral,manufacturing,large,40496.56,Rep 8,Region Central,Platform,1.23,false,40,false
2024-12-31,organic,manufacturing,medium,27250.12,Rep 7,Region West,Suite,16.0,true,52,false
2024-06-18,referral,healthcare,medium,19576.78,Rep 4,Region South,Suite,20.76,true,70,true
2024-07-17,referral,finance,small,8706.41,Rep 4,Region East,Platform,17.32,true,33,false
2025-09-21,webinar,healthcare,medium,20881.38,Rep 3,Region South,Platform,10.2,false,58,false
2024-11-25,cold_call,tech,small,6615.23,Rep 7,Region Central,Platform,17.48,true,86,true
2025-05-07,cold_call,retail,small,5609.58,Rep 1,Region South,Platform,5.65,false,74,true
2025-03-15,cold_call,healthcare,large,54990.81,Rep 2,Region West,Standalone,15.45,true,78,true
2025-04-06,cold_call,healthcare,medium,22319.93,Rep 1,Region Central,Suite,15.96,false,46,false
2025-04-18,organic,retail,small,7586.24,Rep 1,Region Central,Platform,7.52,true,91,true
2024-09-12,referral,tech,large,51550.14,Rep 4,Region West,Standalone,24.13,false,70,true
2024-11-12,referral,finance,small,7022.07,Rep 6,Region East,Platform,20.0,false,67,true
2025-03-16,cold_call,retail,large,53178.19,Rep 2,Region Central,Platform,16.37,true,49,true
2025-08-09,cold_call,retail,small,8176.53,Rep 4,Region West,Platform,10.64,false,68,true
2025-02-22,referral,healthcare,small,6590.27,Rep 7,Region Central,Platform,31.39,true,38,true
2025-06-12,organic,tech,medium,25770.85,Rep 2,Region East,Standalone,9.95,false,74,true
2024-10-07,paid,tech,large,61820.02,Rep 3,Region Central,Platform,12.71,false,85,false
2025-09-08,organic,finance,large,45976.21,Rep 1,Region East,Suite,12.14,false,66,true
2024-09-07,organic,finance,small,9000.37,Rep 1,Region East,Platform,16.6,false,37,false
2025-10-24,referral,healthcare,small,6924.55,Rep 6,Region West,Platform,0.0,false,36,false
2025-04-17,webinar,finance,small,7540.61,Rep 8,Region East,Platform,17.05,false,53,true
2024-07-04,referral,finance,small,11226.0,Rep 1,Region East,Platform,4.7,false,89,true
2024-02-06,referral,retail,small,10078.98,Rep 5,Region East,Platform,5.0,true,33,true
2025-11-16,cold_call,tech,small,6890.12,Rep 2,Region South,Platform,7.92,false,53,false
2025-01-09,organic,retail,medium,26441.18,Rep 6,Region Central,Standalone,16.08,true,58,true
2025-04-25,cold_call,tech,medium,23448.35,Rep 5,Region West,Standalone,2.64,false,67,true
2025-11-27,cold_call,finance,small,11867.78,Rep 4,Region East,Platform,14.92,false,78,true
2024-06-26,referral,tech,small,7450.61,Rep 7,Region Central,Platform,13.97,true,63,true
2024-09-25,referral,finance,medium,28628.15,Rep 4,Region East,Standalone,11.45,false,66,true
2024-01-01,organic,tech,small,7133.31,Rep 8,Region South,Platform,13.81,false,43,false
2025-03-11,paid,manufacturing,small,6558.64,Rep 3,Region South,Platform,24.73,true,52,false
2024-09-06,referral,tech,medium,20047.1,Rep 3,Region Central,Platform,5.74,false,65,true
2024-07-12,cold_call,healthcare,medium,26811.04,Rep 6,Region Central,Standalone,5.94,false,76,true
2024-06-07,organic,retail,medium,25882.27,Rep 8,Region West,Standalone,14.48,true,100,true
2024-10-14,webinar,finance,medium,24740.55,Rep 3,Region East,Suite,6.02,true,36,false
2024-05-09,referral,finance,medium,24107.09,Rep 2,Region East,Platform,33.91,false,40,false
2025-09-09,referral,finance,medium,24092.54,Rep 4,Region East,Standalone,23.21,false,70,true
2024-02-13,paid,finance,medium,20112.01,Rep 2,Region East,Standalone,8.73,false,100,true
2025-04-19,webinar,healthcare,medium,24131.04,Rep 1,Region South,Platform,9.65,false,63,false
2024-06-20,paid,retail,small,8187.02,Rep 3,Region Central,Platform,8.56,true,79,true
2024-04-22,paid,tech,medium,19851.35,Rep 6,Region South,Platform,0.0,true,85,true
2024-03-01,referral,tech,small,6675.94,Rep 4,Region South,Platform,24.84,false,83,true
2024-03-18,cold_call,finance,medium,14197.11,Rep 7,Region Central,Suite,9.06,false,36,true
2024-03-06,webinar,manufacturing,medium,20537.52,Rep 6,Region West,Suite,9.63,true,66,true
2024-06-20,referral,retail,large,58406.47,Rep 5,Region East,Standalone,19.3,false,70,true
2025-05-16,webinar,tech,enterprise,169174.4,Rep 2,Region Central,Platform,13.38,false,29,true
2025-09-05,organic,tech,large,54173.3,Rep 7,Region South,Standalone,6.49,true,72,true
2025-06-03,referral,retail,small,9390.57,Rep 8,Region South,Platform,21.38,false,67,true
2024-06-15,organic,manufacturing,medium,30577.35,Rep 8,Region West,Suite,10.37,true,64,false
2024-11-04,referral,tech,small,11118.79,Rep 5,Region Central,Platform,28.31,true,40,true
2024-08-02,referral,retail,enterprise,168278.85,Rep 2,Region Central,Platform,18.18,false,73,true
2025-03-24,referral,finance,enterprise,174198.79,Rep 2,Region East,Suite,17.23,false,38,false
2024-10-20,cold_call,tech,enterprise,167543.52,Rep 2,Region East,Platform,4.98,false,28,false
2024-01-26,cold_call,tech,large,57184.9,Rep 8,Region South,Suite,19.71,false,70,true
2024-08-14,cold_call,tech,small,6964.04,Rep 7,Region West,Platform,7.6,true,68,true
2024-04-07,organic,healthcare,small,7752.18,Rep 6,Region Central,Platform,4.08,false,56,false
2024-05-08,referral,retail,large,48965.87,Rep 7,Region East,Suite,24.87,true,72,true
2025-10-21,cold_call,finance,large,69171.74,Rep 8,Region East,Standalone,10.11,false,49,false
2025-10-20,paid,retail,large,69696.99,Rep 5,Region East,Platform,0.0,true,55,false
2025-05-26,webinar,finance,large,73254.68,Rep 6,Region East,Suite,13.42,false,51,false
2025-11-13,organic,finance,small,6626.87,Rep 5,Region East,Platform,11.69,false,75,true
2024-05-12,organic,tech,large,61303.95,Rep 1,Region West,Standalone,10.63,false,100,true
2024-02-24,referral,tech,small,5668.34,Rep 8,Region South,Platform,11.62,false,79,true
2024-10-24,paid,retail,small,10538.23,Rep 3,Region East,Platform,9.71,false,37,false
2025-04-14,cold_call,manufacturing,enterprise,125862.11,Rep 2,Region East,Suite,9.09,true,2,true
2025-10-03,organic,tech,medium,14375.62,Rep 6,Region West,Standalone,14.58,false,42,true
2024-07-29,cold_call,healthcare,small,11064.44,Rep 2,Region South,Platform,15.55,true,79,true
2025-06-26,webinar,finance,large,70084.52,Rep 2,Region East,Suite,10.93,true,82,true
2024-01-24,referral,finance,enterprise,133064.01,Rep 2,Region East,Standalone,18.32,false,83,true
2025-09-01,cold_call,retail,medium,25197.02,Rep 3,Region South,Platform,10.1,true,42,false
2024-03-25,webinar,finance,large,57247.42,Rep 5,Region East,Platform,16.82,false,73,true
2025-09-26,cold_call,finance,medium,18782.49,Rep 5,Region East,Platform,7.41,true,36,false
2024-02-13,organic,manufacturing,medium,25061.71,Rep 3,Region Central,Suite,6.41,false,45,true
2025-07-13,referral,finance,small,8582.85,Rep 5,Region East,Platform,24.24,false,60,false
2025-02-04,organic,tech,small,9419.89,Rep 7,Region East,Platform,16.38,true,51,true
2025-03-04,referral,finance,medium,21800.96,Rep 1,Region East,Standalone,15.33,true,33,false
2024-07-30,organic,retail,medium,24616.64,Rep 5,Region South,Standalone,6.49,true,41,false
2025-04-30,webinar,tech,small,6746.19,Rep 5,Region East,Platform,4.6,false,53,false
2025-10-08,cold_call,healthcare,large,66694.5,Rep 8,Region East,Platform,0.0,false,52,true
2024-08-10,cold_call,finance,large,76170.6,Rep 1,Region East,Standalone,0.0,false,38,false
2024-11-15,organic,healthcare,enterprise,142635.34,Rep 7,Region West,Platform,14.94,false,85,true
2024-07-09,referral,manufacturing,medium,25551.04,Rep 5,Region South,Platform,20.9,false,43,false
2024-12-05,referral,finance,small,8049.43,Rep 2,Region East,Platform,20.44,false,48,false
2024-10-05,webinar,tech,medium,29320.7,Rep 4,Region West,Suite,6.87,true,100,true
2025-01-05,referral,retail,small,10769.29,Rep 2,Region Central,Platform,20.71,false,81,true
2025-03-18,referral,manufacturing,small,7154.15,Rep 7,Region Central,Platform,29.61,false,42,false
2025-06-24,webinar,tech,enterprise,203170.55,Rep 2,Region Central,Platform,0.0,false,18,true
2024-11-18,referral,finance,small,9360.9,Rep 7,Region East,Platform,19.51,false,63,false
2024-03-04,organic,healthcare,large,49875.53,Rep 1,Region Central,Platform,4.5,true,61,false
2024-12-18,referral,retail,large,58848.73,Rep 3,Region West,Suite,25.19,true,64,false
2025-03-15,webinar,retail,medium,30099.47,Rep 2,Region Central,Standalone,9.71,false,78,true
2024-05-05,organic,healthcare,medium,25120.56,Rep 7,Region East,Suite,10.4,false,51,false
2024-04-02,referral,tech,small,7947.73,Rep 1,Region West,Platform,26.32,false,31,false
2024-04-07,referral,healthcare,large,82272.74,Rep 8,Region South,Platform,19.69,true,62,true
2025-02-13,referral,manufacturing,enterprise,178158.38,Rep 2,Region Central,Standalone,23.45,false,82,true
2025-08-02,cold_call,manufacturing,medium,23701.73,Rep 2,Region East,Platform,5.68,true,74,true
2025-02-03,webinar,tech,large,47661.03,Rep 3,Region Central,Suite,15.35,true,62,true
2025-09-17,paid,retail,medium,24482.09,Rep 4,Region East,Suite,20.75,false,44,false
2025-05-22,webinar,retail,large,49011.37,Rep 8,Region West,Standalone,0.4,false,57,false
2024-04-26,referral,manufacturing,small,6862.6,Rep 6,Region East,Platform,20.93,false,34,false
2024-09-16,paid,manufacturing,small,6002.22,Rep 4,Region East,Platform,7.24,true,65,true
2024-11-27,paid,finance,medium,19600.17,Rep 2,Region East,Standalone,12.13,false,80,true
2024-04-15,webinar,finance,enterprise,140366.87,Rep 2,Region East,Standalone,5.56,false,30,true
2024-11-08,cold_call,healthcare,small,8760.25,Rep 1,Region West,Platform,13.76,false,89,true
2024-08-07,cold_call,retail,medium,16190.52,Rep 8,Region East,Standalone,9.61,true,78,true
2025-12-17,organic,tech,medium,21211.13,Rep 7,Region West,Suite,0.0,false,57,true
2024-02-19,webinar,manufacturing,enterprise,163486.31,Rep 2,Region East,Platform,1.5,false,63,false
2024-08-18,organic,retail,small,8602.59,Rep 3,Region East,Platform,14.46,false,72,true
2024-12-28,cold_call,tech,small,10069.79,Rep 6,Region South,Platform,19.94,false,44,false
2024-04-07,paid,manufacturing,medium,25968.24,Rep 3,Region Central,Standalone,8.15,false,33,true
2025-01-24,cold_call,retail,enterprise,166787.86,Rep 2,Region Central,Suite,17.97,true,70,true
2024-10-29,webinar,retail,medium,24153.78,Rep 6,Region South,Standalone,12.5,false,38,false
2025-08-14,webinar,tech,medium,22415.5,Rep 8,Region Central,Platform,4.34,false,59,true
2024-02-12,organic,healthcare,small,9610.35,Rep 1,Region West,Platform,13.23,true,50,false
2025-07-27,cold_call,tech,medium,29034.34,Rep 6,Region West,Platform,7.81,false,51,true
2025-02-09,organic,finance,enterprise,135551.97,Rep 6,Region East,Suite,13.13,false,49,false
2025-01-20,referral,finance,small,9152.49,Rep 6,Region East,Platform,8.73,false,93,true
2024-08-10,paid,tech,medium,21718.95,Rep 2,Region East,Suite,8.96,false,19,false
2025-08-27,organic,tech,medium,21361.25,Rep 1,Region Central,Suite,8.0,false,46,true
2024-01-03,organic,finance,small,8633.6,Rep 7,Region East,Platform,16.11,true,46,false
2024-06-16,paid,manufacturing,small,8785.59,Rep 1,Region South,Platform,6.68,false,59,true
2025-03-27,organic,healthcare,medium,27859.87,Rep 1,Region West,Suite,28.09,true,41,true
2024-10-06,paid,healthcare,medium,21588.62,Rep 5,Region West,Suite,16.42,false,60,true
2025-03-22,webinar,tech,enterprise,124747.51,Rep 2,Region South,Platform,0.0,true,93,true
2025-10-20,cold_call,retail,large,53972.08,Rep 1,Region South,Suite,12.11,true,55,true
2024-10-24,organic,tech,enterprise,184724.36,Rep 2,Region East,Suite,9.69,true,42,true
2024-08-11,paid,manufacturing,enterprise,153319.3,Rep 2,Region South,Standalone,22.37,false,45,true
2025-03-16,webinar,finance,small,7245.12,Rep 3,Region East,Platform,17.58,false,61,false
2024-03-24,referral,finance,small,6121.37,Rep 1,Region East,Platform,10.06,false,48,false
2025-07-01,webinar,tech,medium,21690.01,Rep 5,Region West,Suite,23.22,true,91,true
2025-08-21,paid,retail,medium,20432.51,Rep 7,Region West,Suite,18.35,true,62,false
2024-05-01,referral,tech,enterprise,140691.18,Rep 6,Region South,Platform,0.0,true,13,false
2025-01-23,cold_call,retail,small,5952.89,Rep 6,Region West,Platform,7.64,true,55,false
2025-08-27,referral,tech,small,6953.39,Rep 8,Region East,Platform,7.29,true,69,true
2025-11-04,organic,manufacturing,small,8036.06,Rep 4,Region South,Platform,1.09,true,74,true
2025-09-20,referral,healthcare,large,58244.61,Rep 6,Region South,Suite,14.12,true,43,false
2024-05-24,cold_call,retail,enterprise,162305.83,Rep 2,Region East,Suite,19.99,false,53,false
2025-07-20,referral,manufacturing,large,40142.65,Rep 1,Region South,Standalone,18.55,true,58,false
2025-12-11,webinar,finance,enterprise,149456.35,Rep 2,Region East,Suite,9.67,false,16,false
2025-01-07,referral,retail,small,5763.71,Rep 6,Region West,Platform,19.38,true,68,true
2024-07-18,referral,healthcare,large,55233.69,Rep 7,Region South,Platform,3.38,false,56,false
2025-10-05,paid,tech,large,66248.54,Rep 8,Region West,Platform,6.35,false,28,false
2025-01-02,paid,finance,large,68792.45,Rep 1,Region East,Platform,11.0,false,67,true
2025-02-02,organic,retail,small,6796.46,Rep 1,Region West,Platform,16.84,false,79,true
2024-11-30,organic,healthcare,medium,27508.92,Rep 7,Region East,Standalone,14.52,false,41,false
2025-11-02,organic,manufacturing,medium,24010.82,Rep 6,Region East,Standalone,10.9,false,84,true
2024-06-18,referral,healthcare,small,9724.47,Rep 5,Region South,Platform,25.16,false,54,false
2025-08-20,referral,retail,medium,24342.25,Rep 3,Region South,Suite,25.39,false,34,false
2024-08-17,referral,manufacturing,enterprise,170927.62,Rep 2,Region West,Suite,18.92,false,54,false
2024-05-04,paid,manufacturing,small,9004.7,Rep 4,Region South,Platform,14.1,false,61,true
2025-11-13,referral,finance,small,4777.93,Rep 7,Region East,Platform,25.78,false,84,true
2025-12-17,webinar,retail,medium,27297.24,Rep 5,Region South,Platform,14.22,false,56,false
2025-11-22,referral,tech,enterprise,186488.52,Rep 4,Region Central,Standalone,36.03,true,98,true
2024-06-21,referral,tech,medium,23648.75,Rep 3,Region East,Suite,23.3,true,84,true
2024-11-28,cold_call,tech,small,4904.69,Rep 5,Region Central,Platform,15.02,true,48,true
2024-12-22,referral,healthcare,large,68637.43,Rep 4,Region South,Suite,8.0,false,73,true
2024-01-09,paid,manufacturing,enterprise,160966.6,Rep 2,Region West,Standalone,20.16,false,60,true
2024-09-24,cold_call,tech,medium,26750.67,Rep 4,Region South,Standalone,21.44,false,79,true
2025-01-17,cold_call,retail,small,4302.38,Rep 3,Region East,Platform,4.77,true,65,true
2024-05-02,webinar,finance,large,50617.37,Rep 3,Region East,Standalone,17.95,false,48,false
2025-08-08,cold_call,healthcare,medium,16010.04,Rep 6,Region South,Platform,10.51,true,57,false
2025-01-20,organic,finance,enterprise,175601.66,Rep 2,Region East,Standalone,12.92,false,51,true
2024-07-18,organic,tech,small,4055.5,Rep 2,Region East,Platform,7.16,false,85,true
2025-04-20,paid,retail,medium,22394.66,Rep 3,Region East,Platform,8.66,true,44,false
2025-11-03,referral,healthcare,medium,21473.84,Rep 7,Region Central,Suite,21.03,true,61,false
2024-06-06,referral,healthcare,medium,26513.7,Rep 6,Region West,Standalone,22.31,false,67,true
2024-04-21,referral,retail,medium,26894.96,Rep 8,Region West,Platform,19.15,false,44,false
2025-04-24,referral,finance,medium,23123.91,Rep 1,Region East,Suite,14.79,false,57,true
2024-11-06,webinar,finance,medium,33188.21,Rep 4,Region Central,Suite,13.27,false,46,false
2025-02-17,organic,retail,enterprise,122172.76,Rep 2,Region East,Standalone,8.0,false,47,false
2025-01-30,referral,tech,enterprise,132949.13,Rep 5,Region East,Platform,24.38,false,46,true
2024-08-06,organic,tech,large,52935.47,Rep 2,Region Central,Standalone,14.76,false,43,true
2025-04-25,cold_call,tech,small,9518.07,Rep 1,Region East,Platform,0.0,false,77,true
2024-08-09,referral,healthcare,small,6259.21,Rep 2,Region South,Platform,19.16,true,82,true
2025-06-12,paid,retail,large,53500.0,Rep 7,Region Central,Platform,1.57,false,32,false
2024-04-30,referral,retail,small,8096.56,Rep 6,Region East,Platform,26.34,false,64,false
2025-12-23,referral,manufacturing,medium,25511.32,Rep 5,Region Central,Platform,21.2,true,54,false
2025-06-23,webinar,retail,enterprise,160953.71,Rep 2,Region Central,Platform,11.45,false,77,true
2024-06-27,paid,tech,large,69204.41,Rep 4,Region South,Suite,25.24,false,69,true
2024-05-08,webinar,healthcare,medium,20745.33,Rep 7,Region Central,Suite,0.0,false,40,true
2024-04-04,organic,retail,medium,21274.41,Rep 2,Region West,Standalone,5.14,true,54,true
2024-04-15,paid,retail,large,43529.53,Rep 2,Region East,Suite,2.79,false,93,true
2024-01-21,referral,finance,large,53244.26,Rep 8,Region East,Platform,18.7,true,54,true
2025-12-28,referral,tech,small,7558.81,Rep 3,Region East,Platform,6.9,false,42,false
2024-11-28,referral,healthcare,medium,28174.27,Rep 5,Region East,Platform,16.96,true,36,false
2025-10-19,cold_call,retail,small,6884.48,Rep 6,Region West,Platform,17.52,true,59,false
2025-01-27,organic,finance,medium,21072.3,Rep 6,Region East,Standalone,0.0,false,83,true
2025-02-27,cold_call,tech,large,51570.63,Rep 8,Region East,Standalone,0.0,false,61,false
2025-08-16,organic,finance,enterprise,141351.58,Rep 2,Region East,Platform,12.45,true,100,true
2024-09-25,referral,tech,medium,28330.5,Rep 1,Region Central,Standalone,5.76,false,53,false
2024-09-24,paid,tech,small,7166.11,Rep 2,Region South,Platform,19.86,false,44,true
2024-01-17,cold_call,manufacturing,medium,23653.15,Rep 5,Region East,Standalone,11.42,false,45,false
2025-03-22,referral,tech,large,63845.99,Rep 1,Region West,Standalone,21.92,false,42,false
2024-05-29,referral,tech,small,10505.19,Rep 4,Region Central,Platform,29.95,true,42,false
2025-02-07,referral,tech,small,7586.16,Rep 3,Region Central,Platform,25.41,false,79,true
2024-04-25,cold_call,tech,small,5608.02,Rep 8,Region East,Platform,0.13,false,53,false
2024-01-16,webinar,finance,large,58502.42,Rep 2,Region East,Standalone,6.72,false,42,false
2025-11-20,referral,retail,large,75233.87,Rep 7,Region South,Suite,24.08,false,25,false
2024-03-26,webinar,finance,small,7450.32,Rep 7,Region East,Platform,12.62,true,70,true
2025-05-21,referral,retail,enterprise,134033.43,Rep 2,Region West,Standalone,19.97,false,53,true
2025-12-10,cold_call,finance,small,9305.73,Rep 7,Region South,Platform,2.59,true,34,false
2025-01-21,webinar,manufacturing,small,8853.97,Rep 5,Region Central,Platform,18.02,true,49,true
2025-11-14,organic,retail,small,9376.96,Rep 4,Region West,Platform,8.95,false,61,false
2024-09-10,webinar,finance,small,10489.45,Rep 8,Region East,Platform,1.56,false,46,true
2024-08-09,organic,retail,small,8289.12,Rep 7,Region East,Platform,0.0,false,53,false
2025-03-08,webinar,retail,medium,22580.09,Rep 4,Region West,Standalone,15.11,false,100,true
2024-08-10,webinar,manufacturing,small,8375.56,Rep 6,Region South,Platform,9.96,false,100,true
2024-01-23,cold_call,tech,large,67004.17,Rep 6,Region East,Suite,16.97,false,75,true
2024-11-27,referral,retail,medium,24014.36,Rep 2,Region West,Suite,5.56,true,76,true
2025-04-23,webinar,healthcare,large,65509.43,Rep 8,Region Central,Suite,12.85,true,36,false
2024-09-28,referral,tech,medium,26998.93,Rep 6,Region West,Standalone,4.68,true,13,true
2024-10-13,cold_call,manufacturing,large,66572.17,Rep 1,Region West,Platform,20.62,true,74,true
2024-01-29,webinar,finance,large,75407.77,Rep 4,Region East,Standalone,0.0,true,100,true
2024-08-18,referral,manufacturing,enterprise,165283.67,Rep 2,Region South,Suite,0.0,false,63,false
2024-07-01,referral,manufacturing,small,6983.83,Rep 3,Region West,Platform,13.44,false,27,false
2025-11-16,paid,manufacturing,small,10001.04,Rep 5,Region South,Platform,27.35,false,74,true
2024-02-04,paid,manufacturing,small,7474.26,Rep 7,Region Central,Platform,0.0,true,45,true
2024-07-07,referral,tech,small,8792.52,Rep 6,Region West,Platform,18.86,true,52,false
2024-02-27,organic,finance,medium,25010.58,Rep 4,Region East,Platform,9.0,false,62,false
2025-06-13,webinar,tech,medium,16862.65,Rep 3,Region Central,Platform,0.0,false,87,true
2024-06-06,organic,tech,small,7976.49,Rep 5,Region Central,Platform,13.36,false,50,false
2024-04-20,organic,healthcare,small,8252.17,Rep 2,Region West,Platform,14.29,false,46,true
2025-08-18,cold_call,finance,large,47395.99,Rep 2,Region East,Platform,0.0,false,37,true
2025-02-17,cold_call,manufacturing,medium,24381.14,Rep 3,Region South,Platform,15.21,true,65,true
2024-06-24,webinar,retail,enterprise,155835.13,Rep 2,Region Central,Platform,8.0,true,68,true
2024-07-28,webinar,healthcare,enterprise,150468.14,Rep 1,Region Central,Standalone,5.05,false,59,false
2024-06-07,cold_call,healthcare,small,10557.12,Rep 4,Region South,Platform,5.03,true,91,true
2025-08-08,webinar,finance,medium,24107.53,Rep 4,Region East,Suite,1.49,false,27,true
2025-07-18,referral,tech,enterprise,173220.46,Rep 2,Region Central,Suite,13.75,false,65,false
2024-09-28,paid,tech,small,8522.41,Rep 1,Region South,Platform,23.18,true,87,true
2024-10-14,organic,tech,small,9020.35,Rep 7,Region East,Platform,0.0,false,73,true
2024-04-28,paid,tech,large,70255.53,Rep 8,Region East,Platform,0.0,true,63,false
2024-11-14,webinar,tech,large,60236.45,Rep 5,Region South,Standalone,9.84,false,90,true
2024-07-20,paid,healthcare,medium,19760.85,Rep 4,Region East,Suite,19.11,false,61,false
2024-06-15,paid,finance,small,8963.15,Rep 2,Region West,Platform,13.98,true,79,false
2025-02-03,cold_call,tech,enterprise,163998.54,Rep 2,Region East,Platform,18.5,false,50,true
2024-07-20,webinar,manufacturing,enterprise,150807.02,Rep 3,Region West,Suite,9.92,false,66,true
2025-07-16,referral,retail,small,11077.47,Rep 4,Region Central,Platform,19.4,true,74,true
2025-06-30,paid,finance,large,47296.92,Rep 8,Region East,Platform,4.99,false,0,true
2025-10-04,organic,healthcare,medium,23449.34,Rep 1,Region East,Suite,0.0,false,51,true
2024-05-28,cold_call,tech,medium,17133.41,Rep 4,Region Central,Platform,5.38,false,76,true
2025-06-16,cold_call,tech,medium,20952.46,Rep 4,Region West,Standalone,0.0,false,67,true
2025-10-05,referral,manufacturing,enterprise,126182.32,Rep 2,Region East,Standalone,0.0,true,73,true
2025-04-08,organic,tech,medium,24450.74,Rep 3,Region South,Platform,5.9,false,52,false
2024-04-22,referral,finance,small,9013.48,Rep 4,Region East,Platform,18.94,true,56,true
2025-03-28,cold_call,manufacturing,small,9340.67,Rep 4,Region West,Platform,16.31,false,19,false
2024-07-26,webinar,retail,large,52608.2,Rep 7,Region East,Platform,9.51,true,87,true
2025-07-30,webinar,tech,small,9102.2,Rep 4,Region South,Platform,0.66,true,100,true
2024-01-31,organic,tech,large,52542.21,Rep 1,Region East,Suite,0.9,false,57,false
2024-07-29,paid,tech,small,8262.9,Rep 6,Region South,Platform,9.67,false,43,false
2024-02-02,organic,retail,medium,25210.78,Rep 4,Region East,Platform,0.0,false,40,false
2024-04-15,paid,tech,enterprise,158401.73,Rep 2,Region South,Standalone,7.56,false,64,false
2025-07-21,referral,tech,large,54440.99,Rep 8,Region Central,Platform,23.09,false,94,true
2024-12-30,paid,tech,small,8292.71,Rep 3,Region South,Platform,7.42,true,80,true
2025-01-24,organic,tech,large,62178.25,Rep 3,Region West,Suite,17.03,false,86,true
2025-07-26,referral,tech,small,6023.83,Rep 6,Region West,Platform,21.16,false,55,false
2024-10-22,referral,manufacturing,medium,15984.5,Rep 4,Region East,Standalone,13.5,false,49,false
2025-08-08,organic,healthcare,medium,32259.06,Rep 2,Region East,Suite,15.41,false,74,true
2024-02-27,organic,manufacturing,large,54802.99,Rep 2,Region South,Standalone,12.78,false,40,false
2024-12-17,cold_call,finance,large,76209.81,Rep 3,Region East,Platform,10.61,false,60,true
2025-04-14,referral,retail,small,7056.22,Rep 5,Region West,Platform,28.06,false,43,false
2025-05-25,cold_call,healthcare,large,56832.35,Rep 6,Region West,Standalone,11.88,false,58,true
2025-05-17,referral,tech,medium,14367.9,Rep 8,Region Central,Platform,21.69,true,55,false
2025-03-22,cold_call,tech,small,8733.19,Rep 1,Region South,Platform,5.42,true,60,false
2025-12-06,referral,manufacturing,enterprise,111369.07,Rep 2,Region West,Platform,19.7,false,27,false
2025-08-10,organic,tech,small,8354.8,Rep 5,Region Central,Platform,8.43,true,32,false
2025-01-22,organic,retail,large,56000.4,Rep 8,Region West,Suite,6.05,false,65,true
2024-02-11,paid,manufacturing,large,79910.4,Rep 7,Region Central,Standalone,0.19,true,59,true
2024-06-11,referral,manufacturing,medium,29387.78,Rep 7,Region South,Suite,18.39,true,48,false
2025-03-08,webinar,manufacturing,medium,24503.21,Rep 4,Region South,Standalone,0.0,true,53,false
2025-09-06,cold_call,tech,medium,26233.43,Rep 7,Region West,Platform,7.87,false,35,false
2024-02-23,cold_call,tech,enterprise,121924.87,Rep 2,Region East,Platform,14.59,false,67,true
2024-06-07,cold_call,manufacturing,small,9197.2,Rep 2,Region East,Suite,16.16,false,47,false
2024-10-06,webinar,tech,small,5983.96,Rep 3,Region East,Platform,11.29,true,96,true
2024-01-18,organic,tech,medium,30700.07,Rep 2,Region East,Suite,6.26,true,95,false
2024-10-03,referral,finance,medium,25750.08,Rep 4,Region East,Standalone,7.04,true,89,true
2024-05-11,organic,finance,medium,25007.13,Rep 3,Region East,Platform,0.0,false,63,true
2025-04-08,webinar,retail,small,5952.26,Rep 8,Region South,Platform,3.9,true,81,true
2025-09-01,webinar,tech,small,7796.5,Rep 5,Region West,Platform,4.8,false,39,true
2024-12-12,organic,finance,small,11090.36,Rep 4,Region East,Platform,8.14,true,52,false
2024-08-15,referral,retail,medium,24652.3,Rep 1,Region East,Platform,18.97,true,58,false
2024-06-10,webinar,retail,large,57113.75,Rep 7,Region East,Platform,13.03,true,45,false
2024-08-09,webinar,healthcare,enterprise,156221.33,Rep 2,Region Central,Standalone,8.19,true,100,true
2024-06-09,organic,finance,medium,16813.66,Rep 3,Region East,Standalone,6.74,true,58,true
2025-03-01,paid,healthcare,medium,19280.16,Rep 2,Region Central,Suite,12.0,false,74,true
2024-06-05,paid,healthcare,enterprise,134076.55,Rep 2,Region West,Standalone,6.79,true,26,false
2024-10-29,webinar,retail,small,2506.66,Rep 3,Region Central,Platform,13.89,false,57,false
2024-09-24,organic,healthcare,small,8197.29,Rep 6,Region West,Platform,9.29,false,54,false
2025-05-21,referral,tech,large,51531.02,Rep 8,Region East,Standalone,12.21,true,42,true
2025-05-31,cold_call,finance,medium,28349.52,Rep 2,Region East,Standalone,6.76,false,35,true
2024-11-05,cold_call,finance,small,6496.78,Rep 2,Region East,Platform,13.8,false,62,true
2025-12-16,organic,tech,small,10026.05,Rep 7,Region South,Platform,10.54,false,74,true
2024-05-24,webinar,tech,medium,25643.04,Rep 4,Region South,Suite,0.0,false,66,true
2025-06-29,webinar,tech,medium,23664.75,Rep 5,Region West,Suite,9.78,false,31,true
2025-09-17,paid,healthcare,large,60088.34,Rep 8,Region South,Platform,15.66,true,67,true
2025-05-17,cold_call,tech,small,6880.0,Rep 4,Region East,Platform,1.49,false,53,false
2024-09-11,webinar,finance,enterprise,168345.55,Rep 2,Region East,Suite,7.88,true,55,true
2025-10-18,cold_call,finance,enterprise,140409.58,Rep 5,Region East,Standalone,17.5,false,27,false
2024-12-13,webinar,tech,enterprise,111097.13,Rep 3,Region West,Standalone,13.15,true,58,false
2024-01-14,webinar,manufacturing,small,8283.37,Rep 3,Region East,Platform,7.87,false,9,false
2024-09-10,webinar,healthcare,medium,29293.19,Rep 2,Region West,Platform,17.36,true,49,false
2024-10-10,referral,tech,medium,33060.61,Rep 2,Region West,Standalone,9.77,false,69,true
2025-07-11,paid,manufacturing,small,7548.7,Rep 1,Region South,Platform,7.26,true,76,true
2025-07-26,webinar,tech,small,7721.59,Rep 4,Region Central,Platform,15.15,false,39,false
2024-03-19,organic,finance,small,7515.78,Rep 2,Region East,Platform,28.26,false,36,false
2025-12-02,cold_call,manufacturing,small,7384.45,Rep 7,Region West,Platform,9.26,false,55,false
2024-05-04,cold_call,manufacturing,medium,29841.83,Rep 5,Region South,Standalone,2.19,false,63,true
2025-09-22,cold_call,finance,medium,29725.69,Rep 8,Region East,Standalone,7.47,false,100,false
2025-12-08,referral,tech,medium,25865.89,Rep 2,Region South,Standalone,22.06,false,49,true
2024-05-20,organic,finance,medium,21826.83,Rep 4,Region East,Platform,17.47,false,53,false
2025-09-05,organic,healthcare,enterprise,117142.4,Rep 2,Region West,Suite,16.99,true,71,true
2025-06-01,cold_call,healthcare,enterprise,119298.79,Rep 4,Region Central,Standalone,15.65,false,58,true
2025-04-27,paid,tech,small,6181.16,Rep 4,Region West,Platform,5.62,false,39,true
2025-03-31,cold_call,retail,medium,33807.36,Rep 7,Region South,Platform,15.33,false,83,true
2025-10-24,organic,manufacturing,enterprise,130335.18,Rep 2,Region East,Platform,3.62,false,90,true
2024-05-20,cold_call,healthcare,enterprise,180079.52,Rep 2,Region West,Standalone,17.76,true,73,true
2024-02-07,referral,retail,medium,28228.14,Rep 5,Region South,Standalone,12.74,true,68,true
2024-09-04,referral,healthcare,enterprise,155241.0,Rep 2,Region West,Platform,5.61,false,55,false
2025-08-17,referral,retail,small,5906.78,Rep 6,Region South,Platform,2.43,false,88,true
2024-04-19,organic,finance,small,8506.32,Rep 5,Region East,Platform,3.05,true,16,false
2024-11-18,organic,manufacturing,large,52459.83,Rep 5,Region South,Suite,0.0,false,76,false
2025-05-09,webinar,manufacturing,medium,25240.98,Rep 2,Region South,Standalone,5.57,false,71,true
2025-09-11,paid,manufacturing,medium,27328.0,Rep 7,Region West,Platform,17.64,true,60,false
2024-06-27,organic,retail,medium,28222.69,Rep 3,Region Central,Suite,13.24,true,73,true
2024-08-25,referral,retail,medium,21086.57,Rep 1,Region East,Standalone,19.27,false,29,false
2024-06-10,paid,tech,medium,32137.61,Rep 6,Region East,Suite,12.69,false,43,false
2024-09-14,paid,finance,small,8684.86,Rep 5,Region East,Platform,11.11,false,67,true
2025-01-28,paid,tech,medium,19049.92,Rep 6,Region Central,Platform,21.63,true,64,false
2025-08-23,organic,tech,medium,25248.64,Rep 6,Region East,Platform,12.97,false,34,false
2024-09-08,referral,finance,medium,28004.42,Rep 4,Region East,Platform,15.28,false,65,true
2025-03-22,webinar,retail,small,8129.02,Rep 5,Region South,Platform,11.32,true,100,true
2025-05-15,organic,healthcare,medium,28690.79,Rep 5,Region East,Platform,0.0,true,64,false
2024-05-14,cold_call,tech,large,60775.19,Rep 8,Region Central,Platform,12.78,false,45,true
2024-09-05,webinar,tech,enterprise,163332.43,Rep 2,Region Central,Standalone,15.64,true,77,true
2024-03-26,referral,tech,medium,22205.57,Rep 7,Region East,Platform,22.15,false,70,true
2024-02-05,webinar,tech,small,6884.61,Rep 4,Region West,Platform,4.44,false,78,true
2024-09-15,organic,manufacturing,small,9135.46,Rep 8,Region East,Platform,6.37,false,70,true
2025-08-10,paid,finance,medium,26961.19,Rep 8,Region East,Suite,8.78,true,80,true
2024-11-05,referral,healthcare,medium,31577.3,Rep 3,Region West,Platform,18.5,false,76,true
2025-03-19,organic,retail,large,61995.73,Rep 4,Region Central,Suite,16.53,false,66,true
2024-08-01,organic,finance,enterprise,190304.94,Rep 3,Region East,Suite,17.02,true,54,true
2024-08-02,cold_call,manufacturing,medium,25586.26,Rep 1,Region West,Standalone,17.39,false,49,false
2025-12-27,cold_call,retail,small,8526.33,Rep 8,Region Central,Platform,2.33,true,64,true
2024-03-20,webinar,finance,enterprise,148920.18,Rep 4,Region East,Suite,9.4,false,46,true
2024-11-29,referral,tech,small,6395.58,Rep 3,Region South,Platform,19.21,false,94,true
2024-10-19,webinar,finance,large,54363.92,Rep 8,Region East,Standalone,5.6,true,73,true
2025-01-25,organic,manufacturing,small,10207.37,Rep 7,Region Central,Platform,16.77,false,93,false
2024-08-24,organic,healthcare,enterprise,156399.02,Rep 2,Region Central,Standalone,9.6,true,66,true
2025-06-14,referral,tech,large,74127.43,Rep 3,Region Central,Suite,4.1,false,40,false
2025-02-13,webinar,retail,large,58361.42,Rep 2,Region South,Standalone,16.19,false,25,true
2025-09-20,referral,tech,medium,20346.37,Rep 3,Region South,Standalone,12.88,true,21,false
2024-04-14,referral,tech,enterprise,156074.18,Rep 2,Region Central,Suite,21.31,true,66,true
2025-05-22,webinar,finance,medium,22074.44,Rep 5,Region East,Platform,0.01,true,76,true
2024-11-07,cold_call,manufacturing,large,60248.22,Rep 5,Region East,Standalone,11.67,true,64,false
2025-05-26,referral,finance,medium,25486.31,Rep 1,Region West,Platform,23.16,true,99,true
2024-06-27,referral,retail,small,4581.44,Rep 2,Region West,Platform,0.38,true,70,true
2025-01-10,cold_call,tech,small,5448.1,Rep 3,Region West,Platform,4.22,false,35,false
2025-03-29,organic,tech,large,61811.18,Rep 5,Region East,Standalone,1.52,true,62,false
2025-11-20,referral,retail,medium,31987.72,Rep 4,Region Central,Platform,15.56,true,43,false
2025-05-11,cold_call,tech,enterprise,158738.1,Rep 2,Region South,Standalone,7.4,true,37,false
2025-08-27,referral,manufacturing,large,44986.37,Rep 6,Region West,Suite,19.02,true,77,true
2025-11-06,referral,healthcare,medium,29454.76,Rep 5,Region West,Suite,9.2,false,80,true
2024-04-12,referral,healthcare,medium,26854.74,Rep 4,Region Central,Platform,16.68,true,31,false
2024-10-06,webinar,tech,medium,26702.91,Rep 2,Region South,Platform,4.76,false,81,true
2025-11-27,referral,retail,enterprise,155710.03,Rep 2,Region Central,Platform,21.17,false,71,true
2025-06-05,referral,retail,enterprise,143468.95,Rep 2,Region West,Suite,5.82,false,100,true
2024-12-28,organic,tech,medium,32146.98,Rep 4,Region Central,Platform,16.42,false,52,false
2024-05-28,referral,tech,small,6695.91,Rep 8,Region East,Platform,22.18,false,66,true
2025-05-01,paid,retail,large,58980.36,Rep 8,Region West,Platform,0.35,true,66,true
2025-10-14,organic,healthcare,medium,22330.85,Rep 8,Region South,Standalone,13.75,false,34,false
2025-07-15,cold_call,tech,medium,27263.13,Rep 8,Region East,Standalone,15.44,true,57,false
2024-12-23,referral,finance,small,9203.68,Rep 1,Region East,Platform,21.37,true,33,false
2025-05-04,webinar,finance,small,8108.8,Rep 6,Region East,Suite,12.01,false,47,false
2024-11-13,webinar,finance,small,6416.07,Rep 8,Region East,Platform,0.0,true,57,false
2025-10-19,referral,finance,small,8500.94,Rep 8,Region East,Platform,0.0,false,60,true
2025-05-28,webinar,healthcare,small,6750.7,Rep 7,Region West,Platform,12.34,true,90,true
2024-09-27,referral,healthcare,small,9863.86,Rep 7,Region Central,Platform,25.01,true,33,true
2025-01-06,referral,tech,medium,23826.75,Rep 8,Region Central,Platform,15.81,false,26,false
2024-01-03,referral,retail,small,8008.31,Rep 2,Region Central,Platform,19.66,false,52,false
2025-03-23,cold_call,tech,small,7752.22,Rep 8,Region East,Platform,21.97,true,70,true
2024-07-19,organic,tech,small,9856.86,Rep 4,Region South,Platform,16.55,true,42,true
2025-06-14,webinar,tech,enterprise,154145.88,Rep 3,Region Central,Suite,0.28,false,58,false
2025-05-04,organic,healthcare,medium,26061.13,Rep 1,Region East,Platform,13.6,true,69,true
2025-10-17,organic,healthcare,medium,23901.27,Rep 5,Region Central,Standalone,0.05,false,90,true
2024-12-07,referral,manufacturing,small,9521.83,Rep 6,Region West,Platform,19.58,false,32,false
2024-10-03,organic,retail,large,60384.66,Rep 7,Region East,Suite,12.44,false,56,true
2025-04-20,cold_call,finance,medium,26105.54,Rep 5,Region East,Standalone,5.38,false,64,false
2025-05-07,referral,tech,medium,36986.51,Rep 7,Region West,Standalone,19.77,true,31,false
2024-05-11,organic,retail,enterprise,194060.22,Rep 2,Region West,Platform,11.96,true,50,false
2025-03-18,referral,tech,small,6034.95,Rep 3,Region West,Platform,25.8,false,75,true
2025-11-22,paid,retail,small,6332.61,Rep 5,Region Central,Platform,17.05,true,60,false
2024-06-08,referral,retail,large,49662.16,Rep 2,Region South,Standalone,26.39,false,61,false
2024-01-13,cold_call,finance,small,7183.51,Rep 8,Region East,Platform,2.92,false,68,true
2025-02-25,paid,finance,enterprise,149995.13,Rep 2,Region East,Suite,9.71,true,55,true
2024-04-27,organic,healthcare,small,4823.78,Rep 2,Region Central,Platform,0.0,true,81,true
2024-02-28,referral,retail,small,11835.74,Rep 4,Region East,Platform,10.73,true,99,true
2024-02-17,webinar,retail,large,68958.08,Rep 7,Region South,Standalone,7.41,false,77,true
2024-11-14,referral,retail,small,4570.57,Rep 5,Region Central,Platform,21.95,false,58,true
2024-04-21,organic,manufacturing,medium,26286.44,Rep 4,Region Central,Platform,3.98,true,51,true
2025-08-29,webinar,retail,large,56715.08,Rep 6,Region West,Platform,15.32,false,31,false
2025-10-08,referral,retail,medium,20745.17,Rep 6,Region South,Suite,20.72,true,59,false
2025-11-15,organic,manufacturing,small,8809.0,Rep 7,Region West,Platform,3.78,false,52,true
2025-10-14,organic,tech,small,6334.38,Rep 5,Region West,Platform,17.29,false,72,true
2024-05-01,referral,tech,small,9828.27,Rep 3,Region East,Platform,19.31,false,73,true
2024-07-23,referral,healthcare,medium,23686.68,Rep 3,Region West,Suite,16.26,false,75,true
2024-06-12,referral,manufacturing,enterprise,93711.44,Rep 1,Region Central,Platform,5.57,true,47,false
2024-06-16,referral,manufacturing,medium,24590.69,Rep 4,Region East,Platform,25.4,false,79,true
2024-02-23,referral,tech,large,52385.54,Rep 1,Region South,Platform,15.33,false,63,false
2025-04-22,organic,tech,small,10094.66,Rep 4,Region West,Platform,14.05,false,55,true
2024-01-22,cold_call,manufacturing,medium,30351.34,Rep 5,Region West,Platform,18.36,false,56,false
2025-01-03,referral,finance,medium,18068.26,Rep 2,Region East,Platform,21.95,false,71,true
2025-11-30,referral,healthcare,medium,19929.98,Rep 1,Region South,Platform,24.91,false,65,true
2025-07-03,referral,retail,large,50473.93,Rep 5,Region West,Suite,19.67,false,87,true
2025-03-05,organic,manufacturing,medium,26351.92,Rep 6,Region West,Platform,9.8,true,48,false
2025-05-20,paid,finance,enterprise,143780.27,Rep 2,Region East,Platform,1.96,false,67,true
2024-05-06,referral,finance,small,9214.39,Rep 6,Region East,Platform,14.24,false,59,false
2025-11-14,organic,tech,large,53441.54,Rep 7,Region West,Standalone,19.8,true,56,false
2024-02-04,webinar,tech,large,65294.3,Rep 4,Region West,Standalone,8.07,false,67,true
2025-09-07,paid,finance,enterprise,147432.14,Rep 2,Region East,Suite,9.32,true,54,false
2024-02-15,webinar,retail,medium,19524.39,Rep 5,Region Central,Suite,9.17,false,91,true
2024-10-02,webinar,manufacturing,medium,20661.05,Rep 4,Region West,Suite,8.0,true,85,true
2025-06-20,organic,retail,medium,25757.36,Rep 5,Region South,Suite,2.23,false,25,false
2024-08-25,webinar,healthcare,large,74567.46,Rep 4,Region West,Standalone,4.41,false,69,true
2024-06-10,referral,tech,medium,33591.82,Rep 1,Region West,Standalone,2.74,true,70,true
2025-08-20,referral,retail,large,45671.65,Rep 2,Region East,Platform,28.01,false,60,false
2024-02-07,cold_call,manufacturing,small,8102.21,Rep 2,Region East,Platform,13.05,false,41,true
2025-02-26,referral,tech,medium,20781.71,Rep 5,Region West,Suite,7.93,true,30,false
2025-02-07,cold_call,tech,medium,23341.22,Rep 2,Region West,Suite,8.19,true,61,false
2024-12-20,organic,retail,enterprise,146481.21,Rep 2,Region Central,Platform,23.33,true,18,false
2025-09-13,webinar,retail,small,6662.96,Rep 8,Region East,Platform,1.33,true,58,false
2024-12-19,referral,retail,small,6561.45,Rep 5,Region East,Platform,10.18,false,47,false
2025-12-14,referral,healthcare,medium,21950.12,Rep 7,Region East,Suite,20.45,true,41,false
2024-08-06,webinar,retail,large,60968.5,Rep 1,Region East,Suite,0.0,true,95,true
2025-08-19,referral,tech,medium,30403.43,Rep 3,Region Central,Platform,10.25,false,68,true
2025-12-07,referral,retail,large,77265.88,Rep 4,Region West,Platform,19.74,false,38,false
2024-01-23,webinar,retail,small,7656.12,Rep 4,Region West,Platform,9.21,false,55,false
2025-06-18,organic,finance,medium,19505.15,Rep 7,Region East,Suite,0.63,true,73,true
2025-09-22,referral,tech,small,7152.44,Rep 1,Region South,Platform,19.26,false,59,false
2024-11-05,webinar,finance,medium,23068.92,Rep 5,Region East,Standalone,16.23,false,46,false
2024-08-03,referral,tech,small,8880.86,Rep 8,Region East,Platform,11.3,true,73,true
2025-08-01,organic,healthcare,small,4707.93,Rep 8,Region Central,Platform,9.85,false,95,true
2025-11-21,referral,finance,large,41876.06,Rep 7,Region East,Platform,20.75,false,40,false
2025-02-05,cold_call,healthcare,medium,27748.58,Rep 8,Region West,Standalone,17.17,false,60,false
2024-01-27,paid,retail,medium,21313.24,Rep 7,Region South,Suite,0.21,false,67,true
2024-05-28,webinar,finance,large,59611.76,Rep 3,Region East,Standalone,20.22,false,28,false
2025-03-06,cold_call,finance,enterprise,154261.56,Rep 2,Region East,Standalone,9.89,true,93,true
2025-01-02,referral,retail,medium,19673.78,Rep 7,Region East,Standalone,20.43,false,92,true
2025-10-19,organic,tech,small,6980.3,Rep 1,Region Central,Platform,15.75,true,38,false
2025-10-30,cold_call,retail,large,65616.25,Rep 4,Region Central,Platform,12.78,false,65,true
2024-10-10,organic,tech,enterprise,196951.0,Rep 2,Region East,Standalone,11.4,false,68,true
2024-11-16,paid,healthcare,small,10930.46,Rep 8,Region West,Platform,0.0,true,0,false
2025-11-21,paid,finance,small,7788.15,Rep 8,Region East,Platform,14.96,false,31,false
2024-01-29,cold_call,tech,enterprise,145809.6,Rep 2,Region West,Suite,12.5,true,65,true
2025-09-24,referral,tech,small,9973.35,Rep 4,Region East,Standalone,10.91,false,63,true
2024-03-27,webinar,tech,medium,23889.34,Rep 4,Region West,Platform,4.87,true,41,true
2024-07-16,paid,retail,small,9666.59,Rep 1,Region West,Platform,6.64,false,56,true
2025-09-20,referral,manufacturing,large,52422.87,Rep 5,Region West,Standalone,4.13,false,4,false
2024-03-03,referral,finance,large,62585.32,Rep 1,Region East,Standalone,19.99,false,87,true
2024-01-20,paid,tech,large,72343.59,Rep 1,Region East,Suite,5.64,false,50,true
2025-04-24,referral,tech,large,58448.14,Rep 2,Region West,Standalone,0.01,true,46,false
2025-04-06,paid,finance,large,67155.44,Rep 2,Region East,Platform,7.72,true,46,true
2024-12-15,referral,tech,medium,28679.47,Rep 5,Region South,Suite,31.26,false,63,false
2025-12-27,organic,tech,small,5329.68,Rep 7,Region South,Platform,9.15,true,78,true
2024-04-02,cold_call,finance,large,56744.34,Rep 2,Region East,Suite,12.18,false,62,true
2024-10-15,paid,tech,medium,16937.05,Rep 8,Region West,Platform,10.76,false,38,false
2025-02-26,paid,healthcare,medium,25911.85,Rep 6,Region West,Standalone,33.57,false,33,true
2024-01-11,organic,retail,medium,26280.65,Rep 7,Region South,Suite,12.37,false,26,true
2024-08-17,referral,tech,large,68666.51,Rep 8,Region Central,Platform,6.47,false,74,true
2024-09-16,organic,retail,large,62203.87,Rep 2,Region West,Suite,4.57,false,57,true
2024-11-15,organic,finance,medium,26998.71,Rep 7,Region East,Suite,13.16,false,95,true
2024-09-16,webinar,tech,small,6295.74,Rep 4,Region East,Platform,3.95,false,91,true
2024-05-05,cold_call,manufacturing,small,10396.08,Rep 1,Region Central,Platform,0.0,false,57,false
2025-07-15,webinar,healthcare,large,44913.16,Rep 4,Region East,Suite,8.92,true,74,true
2025-01-24,organic,retail,medium,19326.14,Rep 2,Region West,Standalone,7.09,true,71,true
2024-05-12,referral,finance,large,62175.71,Rep 3,Region East,Platform,26.71,true,52,false
2024-09-30,referral,tech,medium,25953.4,Rep 2,Region Central,Standalone,19.81,false,50,false
2025-03-07,referral,tech,large,38105.72,Rep 6,Region West,Platform,21.9,true,57,false
2025-02-13,organic,retail,medium,27114.57,Rep 2,Region Central,Standalone,10.47,true,71,true
2025-02-27,referral,tech,enterprise,143497.1,Rep 2,Region East,Suite,25.92,false,76,true
2025-11-04,organic,retail,small,10551.96,Rep 6,Region Central,Platform,3.27,true,62,false
2024-03-12,webinar,retail,small,11118.81,Rep 4,Region Central,Suite,8.41,false,18,false
2025-11-22,webinar,manufacturing,small,6846.2,Rep 7,Region East,Platform,19.65,false,54,true
2025-12-11,cold_call,manufacturing,small,8296.25,Rep 8,Region South,Platform,15.28,false,100,true
2024-03-10,organic,manufacturing,large,47812.26,Rep 8,Region Central,Platform,13.16,false,48,false
2025-06-29,webinar,finance,medium,26490.26,Rep 1,Region East,Platform,14.19,true,59,false
2025-06-16,organic,healthcare,large,62904.95,Rep 7,Region South,Suite,11.26,false,78,true
2025-03-28,webinar,tech,small,8435.47,Rep 5,Region West,Platform,13.54,false,74,true
2024-03-13,organic,manufacturing,enterprise,219467.19,Rep 5,Region East,Suite,0.0,false,64,false
2025-03-26,organic,tech,medium,19965.9,Rep 8,Region Central,Suite,13.35,false,39,false
2024-02-13,referral,tech,small,6635.69,Rep 3,Region Central,Platform,3.45,false,45,false
2025-04-24,paid,retail,small,7169.34,Rep 7,Region South,Platform,17.59,true,66,true
2025-03-09,paid,tech,medium,23040.28,Rep 5,Region South,Platform,4.46,true,99,true
2024-02-13,cold_call,tech,small,7295.19,Rep 1,Region South,Platform,9.98,false,57,true
2025-10-06,cold_call,manufacturing,small,8887.48,Rep 7,Region Central,Platform,10.78,false,81,true
2025-01-04,webinar,manufacturing,small,7597.73,Rep 3,Region West,Platform,8.59,true,87,true
2025-10-15,cold_call,retail,enterprise,129845.01,Rep 2,Region West,Standalone,8.67,false,70,true
2025-02-23,webinar,retail,enterprise,126461.0,Rep 2,Region South,Standalone,5.31,true,29,false
2024-07-29,paid,tech,large,57596.55,Rep 7,Region South,Standalone,14.53,true,79,true
2024-10-31,cold_call,healthcare,large,52547.85,Rep 2,Region East,Standalone,8.7,true,78,false
2024-03-04,organic,tech,small,7629.83,Rep 7,Region West,Standalone,17.35,false,57,true
2025-10-18,webinar,finance,large,71229.77,Rep 8,Region East,Platform,6.65,false,65,true
2025-12-06,referral,tech,medium,27153.51,Rep 3,Region Central,Suite,18.19,false,70,true
2024-03-03,paid,manufacturing,enterprise,124759.95,Rep 2,Region East,Suite,8.52,false,60,true
2025-04-07,webinar,tech,enterprise,115957.31,Rep 2,Region South,Platform,0.0,false,95,true
2025-05-10,referral,retail,medium,28979.3,Rep 7,Region Central,Platform,28.38,true,77,true
2025-03-18,cold_call,healthcare,small,5652.85,Rep 2,Region East,Platform,7.81,false,58,false
2024-04-18,cold_call,tech,medium,23905.81,Rep 3,Region West,Platform,14.47,false,55,true
2024-06-06,webinar,retail,large,49466.37,Rep 1,Region East,Suite,17.88,true,49,false
2024-10-30,referral,manufacturing,small,5465.59,Rep 6,Region Central,Platform,25.73,true,76,false
2025-07-22,referral,retail,medium,35358.25,Rep 7,Region East,Standalone,18.99,true,62,false
2024-05-13,cold_call,healthcare,small,8391.24,Rep 1,Region South,Platform,1.68,false,60,true
2024-11-13,organic,healthcare,small,8338.17,Rep 2,Region East,Platform,15.38,true,44,true
2025-10-04,referral,finance,medium,21188.95,Rep 4,Region East,Suite,22.85,false,21,false
2024-05-25,referral,retail,large,53269.32,Rep 6,Region East,Standalone,22.08,false,49,false
2024-05-06,referral,tech,enterprise,144112.53,Rep 2,Region West,Standalone,19.86,true,55,false
2024-07-18,referral,healthcare,small,9597.46,Rep 6,Region South,Platform,2.13,true,52,false
2025-06-18,referral,retail,small,10974.73,Rep 7,Region South,Platform,20.46,false,57,true
2025-02-06,organic,manufacturing,large,64379.51,Rep 5,Region South,Suite,14.37,false,62,false
2024-01-11,paid,finance,medium,22493.69,Rep 2,Region South,Platform,4.11,true,40,false
2024-11-09,cold_call,tech,large,54312.75,Rep 8,Region East,Platform,13.29,true,82,true
2025-10-10,organic,healthcare,medium,27691.25,Rep 3,Region East,Standalone,7.79,false,56,false
2024-02-08,referral,finance,large,82105.79,Rep 5,Region East,Suite,0.0,false,85,true
2024-06-20,webinar,tech,small,6004.48,Rep 2,Region South,Platform,21.19,false,66,true
2024-01-05,paid,healthcare,medium,27454.91,Rep 8,Region East,Standalone,14.61,false,72,true
2024-01-15,referral,finance,medium,22775.34,Rep 8,Region East,Standalone,20.27,true,50,true
2025-06-09,organic,finance,medium,29006.69,Rep 5,Region East,Suite,35.54,false,60,false
2024-12-16,referral,tech,enterprise,117870.49,Rep 2,Region South,Suite,12.65,false,51,false
2025-07-29,webinar,retail,enterprise,141732.93,Rep 8,Region South,Platform,11.78,true,52,false
2025-11-21,cold_call,healthcare,small,6171.27,Rep 8,Region East,Platform,20.66,false,46,true
2025-03-06,cold_call,healthcare,small,8639.13,Rep 2,Region West,Platform,10.81,false,60,false
2024-12-04,referral,retail,large,65318.04,Rep 4,Region Central,Standalone,35.97,false,40,true
2024-07-01,webinar,retail,medium,32401.65,Rep 1,Region West,Platform,15.49,false,69,true
2025-12-02,paid,finance,enterprise,156700.09,Rep 2,Region East,Suite,0.0,false,66,true
2025-07-29,organic,manufacturing,small,9522.1,Rep 6,Region South,Platform,8.95,true,68,true
2025-04-07,referral,healthcare,enterprise,168486.06,Rep 2,Region Central,Standalone,18.58,false,52,false
2025-02-06,organic,finance,large,54715.18,Rep 5,Region East,Suite,8.67,false,64,true
2024-08-07,cold_call,retail,large,71197.93,Rep 8,Region East,Standalone,0.0,false,29,true
2025-05-05,paid,retail,medium,27444.72,Rep 5,Region West,Platform,11.26,false,37,false
2024-03-21,referral,retail,small,7828.79,Rep 7,Region West,Platform,4.94,false,78,true
2025-01-20,organic,retail,medium,19899.44,Rep 4,Region South,Suite,6.65,true,60,false
2024-09-19,webinar,healthcare,medium,30402.81,Rep 2,Region South,Suite,15.96,true,82,true
2024-03-25,referral,manufacturing,large,65219.51,Rep 2,Region East,Suite,18.68,false,74,true
2025-05-08,webinar,finance,medium,25644.63,Rep 2,Region East,Standalone,8.59,true,97,true
2025-12-08,referral,finance,medium,29619.89,Rep 2,Region East,Suite,25.5,false,80,false
2024-02-14,cold_call,retail,small,5920.6,Rep 5,Region East,Platform,11.11,false,45,true
2024-02-25,organic,healthcare,medium,23543.34,Rep 3,Region South,Platform,0.0,true,56,true
2025-06-27,cold_call,retail,small,8845.81,Rep 2,Region South,Platform,10.3,false,52,false
2024-02-13,organic,finance,small,5449.38,Rep 4,Region East,Platform,5.47,false,65,true
2024-02-13,referral,tech,enterprise,169688.62,Rep 3,Region South,Suite,22.21,true,69,true
2025-11-19,cold_call,healthcare,medium,28149.47,Rep 7,Region South,Suite,12.25,true,64,false
2024-09-02,webinar,retail,medium,26353.5,Rep 2,Region South,Platform,1.38,false,65,true
2025-09-07,paid,tech,enterprise,134137.37,Rep 2,Region Central,Standalone,11.47,false,48,false
2024-04-10,organic,retail,medium,22706.02,Rep 4,Region South,Platform,11.48,false,68,true
2025-11-11,referral,retail,enterprise,116263.69,Rep 2,Region South,Suite,0.0,false,46,false
2025-11-19,webinar,retail,small,9792.13,Rep 8,Region West,Platform,4.7,false,89,true
2024-01-03,referral,manufacturing,medium,27554.8,Rep 2,Region South,Standalone,6.5,true,19,false
2024-07-02,cold_call,manufacturing,small,8392.64,Rep 1,Region Central,Platform,14.17,false,34,true
2025-05-12,organic,tech,small,8257.95,Rep 2,Region South,Platform,14.05,true,82,true
2024-01-22,organic,retail,small,8229.31,Rep 3,Region South,Platform,1.89,false,82,true
2024-07-30,cold_call,manufacturing,medium,33571.51,Rep 1,Region West,Platform,6.99,false,77,true
2025-02-07,referral,finance,medium,23236.66,Rep 3,Region East,Suite,13.47,false,54,false
2025-02-22,cold_call,finance,enterprise,160375.4,Rep 2,Region East,Suite,4.75,false,68,true
2024-05-05,organic,finance,large,56618.45,Rep 4,Region West,Standalone,15.25,false,71,true
2025-11-12,paid,healthcare,medium,28244.54,Rep 5,Region East,Platform,4.19,true,68,true
2024-12-14,webinar,tech,small,8883.68,Rep 8,Region South,Platform,7.95,true,78,true
2025-01-26,referral,manufacturing,medium,28517.07,Rep 7,Region Central,Standalone,9.61,true,58,true
2024-04-26,referral,retail,large,55186.54,Rep 1,Region West,Platform,0.0,true,76,true
2024-08-02,referral,manufacturing,medium,21620.34,Rep 3,Region West,Platform,26.14,false,100,true
2025-07-15,webinar,tech,small,8863.32,Rep 4,Region West,Platform,15.08,true,28,false
2025-08-13,paid,finance,medium,30663.75,Rep 7,Region East,Suite,9.67,false,86,true
2024-11-10,referral,manufacturing,small,9161.23,Rep 8,Region South,Platform,23.69,true,39,false
2025-01-20,referral,manufacturing,medium,16543.09,Rep 4,Region Central,Standalone,21.88,true,80,true
2024-08-12,webinar,tech,enterprise,154647.85,Rep 2,Region South,Standalone,11.38,false,40,false
2024-05-19,cold_call,finance,enterprise,151910.06,Rep 2,Region East,Standalone,10.52,true,60,false
2024-03-13,cold_call,finance,small,9109.8,Rep 6,Region East,Platform,15.87,false,60,false
2024-08-14,cold_call,manufacturing,small,9009.38,Rep 8,Region Central,Platform,17.94,false,61,false
2024-03-17,referral,retail,small,6579.34,Rep 7,Region West,Platform,24.61,false,47,false
2024-01-17,webinar,manufacturing,large,48930.12,Rep 3,Region East,Suite,3.89,false,55,false
2025-11-02,paid,tech,large,54444.22,Rep 6,Region East,Suite,18.01,false,69,true
2024-09-21,webinar,finance,medium,20418.81,Rep 3,Region East,Suite,13.54,true,21,true
2025-07-07,referral,healthcare,medium,28629.38,Rep 2,Region Central,Standalone,3.08,false,62,false
2025-10-13,referral,retail,medium,26403.18,Rep 7,Region South,Suite,2.14,false,51,false
2024-03-25,referral,finance,medium,25057.53,Rep 2,Region East,Suite,3.29,false,48,true
2025-09-07,cold_call,tech,enterprise,125086.5,Rep 2,Region South,Platform,16.45,true,50,false
2025-03-12,organic,tech,enterprise,168448.53,Rep 2,Region East,Suite,4.28,false,39,false
2024-04-18,paid,retail,small,6718.98,Rep 8,Region East,Platform,11.66,false,71,true
2024-04-11,paid,finance,small,7426.47,Rep 2,Region East,Platform,17.4,true,75,true
2024-03-31,referral,healthcare,small,6818.05,Rep 5,Region West,Platform,9.1,false,62,false
2024-07-21,referral,finance,small,7492.93,Rep 4,Region East,Platform,19.62,false,10,false
2025-11-19,webinar,healthcare,large,60027.36,Rep 7,Region Central,Suite,9.33,true,90,true
2024-01-29,paid,manufacturing,medium,27035.27,Rep 7,Region Central,Standalone,15.75,false,34,false
2024-05-26,organic,healthcare,small,8933.51,Rep 5,Region Central,Platform,6.74,false,23,true
2025-03-12,paid,healthcare,large,58812.73,Rep 4,Region Central,Suite,9.74,true,60,false
2025-06-16,paid,finance,medium,25640.2,Rep 5,Region East,Suite,7.36,false,74,true
2024-06-13,paid,retail,large,60930.63,Rep 2,Region East,Platform,8.14,false,40,false
2025-05-27,referral,retail,medium,23949.95,Rep 6,Region West,Standalone,19.14,true,26,true
2024-07-11,referral,tech,large,58172.3,Rep 8,Region Central,Suite,0.0,true,74,true
2024-07-04,webinar,healthcare,small,7676.09,Rep 2,Region West,Platform,7.23,false,84,true
2024-08-06,referral,retail,medium,17526.21,Rep 2,Region West,Standalone,23.81,true,32,false
2024-11-16,cold_call,tech,medium,24404.66,Rep 5,Region West,Standalone,10.73,false,50,false
2024-11-28,webinar,finance,medium,17592.86,Rep 2,Region East,Suite,28.31,false,83,true
2025-07-12,cold_call,tech,medium,23029.96,Rep 2,Region East,Suite,14.63,false,46,false
2025-08-10,organic,tech,large,46068.9,Rep 5,Region South,Standalone,2.95,true,57,false
2025-08-09,referral,healthcare,large,80239.44,Rep 7,Region West,Standalone,19.59,false,95,true
2025-03-26,referral,manufacturing,enterprise,140701.91,Rep 6,Region West,Standalone,13.69,true,40,false
2025-03-27,paid,manufacturing,medium,25844.61,Rep 6,Region West,Platform,11.53,false,42,false
2025-04-26,cold_call,manufacturing,medium,24711.17,Rep 6,Region West,Suite,23.0,false,58,false
2024-05-12,webinar,tech,medium,24289.49,Rep 3,Region South,Suite,0.0,true,76,true
2025-02-20,webinar,manufacturing,medium,25825.13,Rep 8,Region West,Platform,10.81,false,89,true
2025-07-23,organic,retail,small,8612.43,Rep 1,Region Central,Platform,0.0,false,68,true
2024-09-12,webinar,tech,enterprise,163210.21,Rep 2,Region East,Platform,3.2,true,67,true
2025-09-02,referral,manufacturing,large,57238.63,Rep 1,Region Central,Standalone,12.04,false,71,true
2025-03-09,referral,manufacturing,medium,17988.81,Rep 5,Region Central,Suite,4.14,true,72,true
2025-07-26,paid,retail,small,7469.54,Rep 4,Region Central,Platform,17.49,false,55,false
2024-03-30,webinar,healthcare,medium,24211.89,Rep 7,Region South,Platform,11.1,true,77,true
2025-01-09,organic,healthcare,small,7030.72,Rep 6,Region Central,Platform,0.0,false,59,false
2025-02-11,paid,retail,small,8940.5,Rep 8,Region West,Platform,7.68,true,45,false
2025-07-08,organic,retail,large,54009.21,Rep 8,Region South,Suite,12.95,false,65,true
2024-10-20,cold_call,tech,large,64668.02,Rep 4,Region East,Platform,0.0,false,48,true
2025-06-02,referral,manufacturing,small,8728.06,Rep 8,Region Central,Platform,3.92,false,60,false
2025-04-27,cold_call,manufacturing,medium,30361.32,Rep 7,Region West,Platform,25.87,false,36,false
2025-08-29,cold_call,healthcare,medium,25827.67,Rep 3,Region South,Platform,14.75,false,100,true
2024-09-09,referral,retail,small,6501.51,Rep 3,Region East,Platform,15.57,true,53,false
2025-03-04,organic,manufacturing,large,52714.67,Rep 6,Region Central,Standalone,5.69,false,30,false
2025-02-21,referral,finance,medium,14355.58,Rep 2,Region East,Suite,7.52,false,52,false
2024-03-11,organic,healthcare,large,57315.45,Rep 1,Region East,Platform,8.27,true,77,true
2025-11-19,paid,tech,medium,21418.44,Rep 7,Region Central,Standalone,18.13,false,87,true
2024-08-25,referral,tech,large,59229.91,Rep 1,Region East,Suite,20.7,false,67,true
2024-09-19,referral,finance,small,7826.79,Rep 8,Region Central,Platform,18.43,false,57,false
2025-05-19,paid,manufacturing,small,9353.94,Rep 4,Region Central,Platform,9.92,false,39,true
2024-03-15,webinar,retail,enterprise,122683.35,Rep 2,Region West,Platform,15.02,true,66,true
2025-04-04,cold_call,finance,enterprise,157248.59,Rep 2,Region East,Suite,14.61,false,35,false
2024-02-13,paid,manufacturing,large,47712.99,Rep 3,Region Central,Suite,3.39,false,74,true
2025-03-08,organic,healthcare,small,6958.46,Rep 2,Region East,Platform,18.18,true,66,true
2024-11-02,referral,retail,large,65955.07,Rep 1,Region South,Platform,20.19,false,42,false
2024-11-21,cold_call,retail,small,8960.6,Rep 7,Region West,Platform,17.57,true,49,false
2025-03-12,cold_call,retail,enterprise,133860.86,Rep 2,Region West,Platform,6.72,false,67,true
2024-02-16,referral,finance,medium,24721.42,Rep 4,Region East,Suite,25.98,true,32,false
2024-12-14,cold_call,healthcare,medium,26177.12,Rep 7,Region South,Platform,3.96,false,41,true
2025-06-18,referral,retail,enterprise,148531.48,Rep 2,Region East,Suite,25.57,false,68,true
2024-09-29,webinar,tech,small,6261.34,Rep 2,Region South,Platform,10.83,false,65,true
2024-03-16,cold_call,finance,medium,24929.99,Rep 1,Region East,Suite,2.17,false,58,false
2025-02-16,referral,healthcare,small,7745.57,Rep 8,Region East,Platform,19.13,true,40,true
2024-03-21,cold_call,retail,medium,33653.0,Rep 6,Region West,Platform,9.58,true,60,true
2024-11-06,webinar,tech,enterprise,130012.42,Rep 6,Region South,Standalone,0.0,true,58,false
2024-01-04,webinar,tech,medium,35783.57,Rep 5,Region South,Platform,17.71,false,60,false
2024-11-18,cold_call,retail,small,7732.73,Rep 5,Region Central,Platform,14.7,false,52,false
2025-11-01,organic,retail,medium,19975.23,Rep 2,Region West,Suite,10.48,false,74,true
2024-04-20,organic,healthcare,medium,26658.07,Rep 8,Region West,Platform,17.52,true,56,false
2024-08-28,webinar,manufacturing,small,8634.88,Rep 4,Region West,Platform,9.93,false,78,true
2024-02-16,cold_call,manufacturing,large,56337.86,Rep 5,Region Central,Standalone,16.08,false,51,false
2025-10-11,cold_call,healthcare,enterprise,150146.23,Rep 4,Region East,Standalone,9.44,false,41,false
2024-08-09,organic,retail,medium,24075.32,Rep 6,Region West,Platform,9.68,false,53,false
2025-06-04,organic,retail,medium,25266.79,Rep 4,Region West,Suite,10.12,true,44,true
2024-12-05,referral,retail,small,8153.69,Rep 8,Region Central,Platform,15.23,false,33,true
2025-05-29,paid,retail,enterprise,187031.14,Rep 2,Region East,Platform,12.84,false,78,true
2025-07-06,referral,manufacturing,medium,23121.41,Rep 6,Region South,Suite,27.11,true,38,false
2025-06-05,paid,healthcare,small,5554.38,Rep 1,Region Central,Platform,15.09,false,55,false
2025-12-06,organic,tech,small,6293.26,Rep 4,Region East,Platform,10.18,false,57,false
2024-03-15,referral,tech,large,74305.2,Rep 4,Region South,Platform,0.0,false,67,true
2024-04-20,referral,retail,large,74273.68,Rep 1,Region East,Standalone,22.11,false,88,true
2024-07-28,paid,healthcare,small,9749.97,Rep 3,Region West,Platform,4.05,false,37,false
2024-06-25,webinar,manufacturing,large,64231.17,Rep 6,Region South,Suite,5.35,false,46,false
2025-12-17,webinar,healthcare,small,7302.22,Rep 6,Region South,Platform,0.0,true,44,true
2024-01-02,webinar,tech,medium,25832.06,Rep 5,Region Central,Standalone,0.49,true,67,true
2024-02-07,cold_call,manufacturing,medium,23435.89,Rep 2,Region East,Suite,16.26,true,68,true
2025-07-01,cold_call,retail,medium,26983.85,Rep 5,Region West,Standalone,0.0,false,67,true
2025-08-28,paid,retail,medium,20681.54,Rep 4,Region East,Suite,11.1,true,84,true
2024-12-24,referral,manufacturing,medium,23259.19,Rep 7,Region East,Suite,0.0,false,47,false
2024-06-13,referral,healthcare,small,9508.41,Rep 7,Region South,Platform,3.78,false,43,true
2024-11-15,referral,retail,medium,29255.52,Rep 3,Region West,Standalone,26.99,false,76,true
2024-10-12,referral,retail,medium,33958.13,Rep 2,Region South,Standalone,19.15,false,83,true
2025-12-13,organic,retail,small,8680.6,Rep 1,Region Central,Platform,19.05,false,51,true
2025-03-10,paid,tech,small,7068.6,Rep 8,Region Central,Platform,5.64,false,60,true
2024-08-02,paid,manufacturing,medium,31145.86,Rep 6,Region Central,Standalone,17.06,true,52,false
2025-06-15,referral,manufacturing,large,69154.84,Rep 4,Region East,Standalone,25.14,true,46,true
2025-12-30,webinar,manufacturing,medium,26295.2,Rep 5,Region West,Standalone,2.91,true,63,false
2025-12-28,organic,healthcare,large,49356.01,Rep 5,Region Central,Suite,11.07,false,53,false
2024-06-20,referral,manufacturing,small,9185.39,Rep 6,Region South,Platform,16.9,false,94,true
2024-04-29,organic,healthcare,large,62952.84,Rep 5,Region West,Standalone,2.2,false,51,false
2025-06-23,organic,tech,small,7454.86,Rep 7,Region Central,Platform,20.96,false,41,true
2025-10-03,cold_call,tech,large,79756.52,Rep 4,Region East,Suite,7.37,true,68,true
2025-08-10,cold_call,manufacturing,small,7992.26,Rep 3,Region Central,Suite,0.0,false,73,true
2025-02-05,referral,tech,large,62692.74,Rep 6,Region West,Platform,21.69,false,33,false
2024-07-16,referral,finance,medium,27742.6,Rep 2,Region East,Platform,18.7,false,31,false
2025-04-22,cold_call,tech,large,67880.04,Rep 7,Region Central,Suite,4.9,true,83,false
2025-06-20,paid,retail,small,10952.23,Rep 3,Region Central,Platform,6.91,false,52,false
2025-11-28,paid,retail,large,50217.13,Rep 4,Region South,Platform,7.84,true,64,true
2024-04-25,paid,tech,large,60160.69,Rep 3,Region Central,Standalone,10.54,false,92,true
2024-12-25,cold_call,healthcare,medium,25171.01,Rep 8,Region East,Suite,4.15,false,41,true
2024-03-26,organic,healthcare,medium,22053.23,Rep 5,Region East,Platform,9.84,true,43,false
2024-07-30,paid,tech,medium,20060.54,Rep 2,Region Central,Platform,0.0,true,81,true
2024-08-28,referral,manufacturing,medium,21065.9,Rep 6,Region South,Platform,1.68,false,88,true
2025-02-21,cold_call,retail,small,6266.74,Rep 5,Region South,Platform,10.35,true,52,false
2025-02-23,referral,tech,medium,24451.16,Rep 2,Region West,Platform,14.76,false,46,false
2024-07-12,paid,retail,medium,25734.13,Rep 8,Region South,Standalone,15.22,true,80,true
2024-01-23,referral,tech,large,44061.24,Rep 8,Region Central,Suite,20.69,true,64,true
2025-03-13,referral,retail,small,6332.18,Rep 1,Region East,Platform,32.76,true,44,true
2024-02-13,paid,tech,medium,19742.45,Rep 3,Region East,Suite,7.81,true,62,false
2024-01-29,webinar,tech,large,53146.88,Rep 4,Region West,Standalone,7.95,true,75,true
2025-02-16,cold_call,healthcare,medium,30258.45,Rep 1,Region South,Suite,17.47,true,61,true
2024-04-16,referral,manufacturing,small,8551.63,Rep 2,Region East,Platform,20.59,false,80,true
2025-06-12,referral,healthcare,large,52702.54,Rep 2,Region East,Standalone,19.41,false,86,true
2025-10-17,paid,retail,enterprise,156229.42,Rep 2,Region Central,Standalone,9.06,false,65,true
2024-07-12,paid,tech,small,10127.22,Rep 3,Region East,Platform,10.76,true,54,false
2025-04-26,paid,healthcare,small,6597.25,Rep 4,Region Central,Platform,6.8,true,100,true
2025-02-28,organic,manufacturing,medium,21987.88,Rep 8,Region South,Platform,8.53,false,78,true
2025-07-14,webinar,healthcare,small,7873.75,Rep 6,Region Central,Platform,3.93,false,60,true
2025-12-14,cold_call,retail,small,7138.53,Rep 3,Region East,Platform,13.16,false,27,false
2024-05-13,webinar,tech,enterprise,143231.14,Rep 2,Region West,Platform,15.15,true,71,true
2025-10-31,cold_call,retail,enterprise,133617.91,Rep 7,Region Central,Platform,17.17,false,59,true
2025-10-02,cold_call,retail,enterprise,142008.03,Rep 2,Region South,Standalone,1.48,false,83,true
2024-11-30,referral,healthcare,small,8875.35,Rep 3,Region East,Platform,13.71,false,84,true
2025-01-12,webinar,tech,small,7873.82,Rep 1,Region South,Platform,5.58,true,76,true
2025-11-11,cold_call,manufacturing,medium,24223.54,Rep 5,Region West,Standalone,8.73,true,63,false
2025-04-11,webinar,tech,small,9645.64,Rep 1,Region Central,Platform,6.03,true,47,false
2024-06-24,referral,retail,small,10372.24,Rep 6,Region Central,Platform,24.12,false,72,true
2024-06-23,paid,finance,large,54819.32,Rep 4,Region West,Standalone,19.44,false,46,false
2025-08-10,paid,tech,medium,20577.94,Rep 6,Region South,Platform,15.01,true,78,true
2024-03-10,organic,healthcare,medium,29611.12,Rep 1,Region West,Suite,9.5,false,31,false
2024-08-09,referral,manufacturing,medium,28185.37,Rep 6,Region South,Standalone,20.33,true,52,true
2024-01-25,webinar,healthcare,small,9845.86,Rep 1,Region West,Platform,14.28,false,78,true
2025-01-28,organic,manufacturing,small,6317.55,Rep 6,Region West,Platform,10.69,false,44,true
2024-11-17,organic,tech,small,9160.28,Rep 6,Region East,Platform,5.09,false,82,true
2025-10-09,organic,healthcare,small,9742.63,Rep 7,Region Central,Platform,5.85,false,29,false
2025-06-14,referral,finance,medium,23955.2,Rep 8,Region East,Standalone,10.93,false,41,false
2025-12-13,cold_call,tech,small,7650.76,Rep 7,Region East,Platform,15.45,false,81,true
2024-12-17,referral,healthcare,small,8971.32,Rep 4,Region West,Platform,6.96,false,79,true
2024-08-03,paid,manufacturing,medium,20855.82,Rep 5,Region South,Standalone,4.65,true,62,false
2024-11-24,organic,tech,small,7954.29,Rep 4,Region East,Platform,0.0,false,47,false
2024-07-28,cold_call,retail,enterprise,171579.85,Rep 2,Region West,Suite,26.98,true,64,true
2025-07-13,referral,tech,medium,24698.76,Rep 3,Region West,Standalone,8.82,false,39,false
2024-05-18,referral,finance,medium,21240.69,Rep 5,Region East,Suite,20.87,false,18,true
2025-11-03,paid,tech,small,5123.44,Rep 8,Region West,Platform,6.63,true,77,true
2024-05-22,webinar,manufacturing,medium,24132.4,Rep 4,Region Central,Standalone,9.89,true,60,true
2025-03-18,referral,retail,enterprise,134641.62,Rep 2,Region East,Platform,23.15,true,17,false
2025-04-10,cold_call,tech,medium,21859.35,Rep 6,Region West,Platform,12.34,false,60,true
2025-04-10,referral,tech,small,9738.75,Rep 4,Region Central,Platform,13.03,false,79,true
2024-11-08,referral,healthcare,medium,25254.6,Rep 2,Region Central,Suite,7.01,false,37,true
2024-03-11,cold_call,manufacturing,small,9719.06,Rep 6,Region South,Platform,10.3,false,54,false
2024-07-10,organic,manufacturing,small,4323.16,Rep 7,Region South,Platform,4.69,true,90,true
2024-05-22,referral,tech,large,52628.01,Rep 7,Region East,Platform,20.61,false,29,true
2024-01-25,paid,retail,medium,24618.38,Rep 4,Region East,Platform,15.54,true,40,false
2025-07-20,cold_call,retail,large,69883.78,Rep 4,Region South,Suite,0.0,true,37,false
2025-08-30,paid,tech,large,57604.18,Rep 1,Region South,Suite,9.9,false,72,true
2024-07-23,referral,retail,enterprise,164521.63,Rep 2,Region South,Standalone,14.5,false,38,true
2024-06-02,organic,tech,large,47645.36,Rep 6,Region West,Platform,28.57,false,63,true
2024-07-25,cold_call,retail,enterprise,153289.47,Rep 5,Region South,Platform,8.34,false,80,true
2024-01-10,referral,tech,small,6629.95,Rep 8,Region Central,Platform,12.3,true,54,false
2025-06-21,referral,tech,small,8468.21,Rep 5,Region Central,Platform,19.09,false,38,true
2024-06-21,webinar,healthcare,medium,23068.31,Rep 1,Region South,Platform,13.07,false,59,false
2025-05-19,referral,tech,small,7972.98,Rep 4,Region West,Platform,15.36,false,65,true
2025-08-10,referral,tech,small,9895.77,Rep 5,Region East,Platform,32.13,false,100,true
2024-01-28,referral,retail,small,7459.34,Rep 7,Region Central,Platform,21.91,false,22,true
2025-10-14,organic,retail,small,6403.93,Rep 6,Region East,Standalone,4.72,false,82,true
2024-05-13,referral,tech,small,8366.68,Rep 3,Region East,Platform,22.21,true,87,true
2024-08-26,referral,retail,medium,30299.47,Rep 3,Region Central,Platform,9.72,false,88,true
2024-12-02,webinar,tech,small,8427.19,Rep 1,Region East,Platform,17.65,false,78,true
2024-10-12,referral,retail,small,8537.75,Rep 6,Region South,Platform,21.55,true,89,true
2025-10-01,referral,finance,enterprise,155725.59,Rep 2,Region East,Platform,11.14,true,54,false
2024-06-02,referral,finance,small,6518.59,Rep 3,Region East,Platform,24.54,true,63,false
2025-05-20,referral,healthcare,small,11106.55,Rep 6,Region Central,Platform,4.4,false,53,false
2025-08-21,webinar,tech,enterprise,159991.45,Rep 2,Region West,Suite,3.82,true,47,false
2025-05-31,referral,tech,medium,23742.83,Rep 3,Region Central,Suite,3.36,false,31,true
2024-06-21,referral,healthcare,enterprise,193571.83,Rep 2,Region South,Suite,17.83,false,30,false
2025-01-07,referral,retail,small,7955.21,Rep 4,Region East,Platform,23.57,true,60,true
2025-12-07,paid,finance,small,4996.77,Rep 1,Region East,Suite,14.83,false,48,false
2025-05-09,paid,tech,small,7020.57,Rep 2,Region East,Platform,16.36,false,76,true
2025-12-30,referral,healthcare,large,60977.66,Rep 4,Region South,Standalone,0.88,false,84,true
2025-06-09,organic,finance,large,57312.2,Rep 2,Region East,Standalone,16.88,false,51,false
2025-04-09,webinar,healthcare,medium,16919.71,Rep 3,Region South,Standalone,14.87,true,71,true
2025-05-08,cold_call,retail,medium,24444.79,Rep 7,Region East,Suite,15.5,false,88,true
2024-02-12,cold_call,healthcare,medium,30701.12,Rep 6,Region Central,Standalone,16.45,true,47,true
2025-09-24,webinar,tech,small,8081.69,Rep 5,Region Central,Platform,8.13,false,54,false
2024-03-10,organic,tech,large,52809.45,Rep 7,Region South,Platform,7.16,true,89,true
2024-04-13,paid,manufacturing,small,7115.63,Rep 7,Region West,Platform,10.64,true,52,true
2025-10-23,webinar,manufacturing,small,8549.46,Rep 4,Region South,Platform,10.93,false,75,true
2024-01-26,referral,finance,large,66795.85,Rep 3,Region South,Standalone,11.05,true,96,true
2024-05-17,organic,tech,large,57834.78,Rep 8,Region South,Suite,11.83,true,44,false
2024-06-04,organic,retail,small,8997.5,Rep 3,Region East,Platform,4.47,false,99,true
2025-12-07,webinar,healthcare,large,69735.36,Rep 2,Region South,Platform,9.44,false,67,true
2025-07-26,cold_call,tech,small,8468.59,Rep 7,Region East,Platform,17.77,true,75,true
2025-07-09,referral,tech,small,11184.16,Rep 5,Region Central,Platform,16.76,false,39,false
2025-06-15,cold_call,finance,enterprise,135754.48,Rep 2,Region East,Platform,11.21,false,56,false
2025-08-13,organic,manufacturing,medium,25943.09,Rep 5,Region East,Platform,13.86,false,69,true
2025-04-03,referral,tech,small,8700.38,Rep 7,Region East,Platform,20.48,false,55,false
2025-05-21,cold_call,healthcare,large,53422.79,Rep 3,Region West,Standalone,0.0,true,65,false
2025-07-16,referral,tech,large,67770.1,Rep 4,Region South,Suite,17.83,true,100,true
2024-03-27,cold_call,manufacturing,small,8613.6,Rep 2,Region East,Platform,16.65,false,31,false
2025-05-15,referral,tech,medium,19939.99,Rep 8,Region Central,Platform,5.76,false,40,false
2024-09-06,webinar,manufacturing,large,70140.24,Rep 2,Region West,Suite,9.92,false,70,true
2024-03-15,referral,finance,small,9790.69,Rep 6,Region Central,Platform,19.86,true,51,true
2024-02-17,referral,retail,enterprise,98210.72,Rep 2,Region South,Suite,7.32,false,79,true
2025-06-20,organic,manufacturing,medium,19974.72,Rep 7,Region Central,Suite,9.79,false,58,true
2024-10-06,webinar,tech,small,7260.97,Rep 7,Region East,Platform,2.48,true,51,false
2024-10-17,referral,tech,large,40066.5,Rep 1,Region Central,Suite,19.7,false,48,false
2024-04-14,webinar,manufacturing,medium,30848.28,Rep 3,Region West,Platform,13.36,true,49,true
2024-09-28,cold_call,tech,large,75064.03,Rep 7,Region East,Standalone,6.67,true,84,true
2025-07-04,organic,tech,enterprise,166443.5,Rep 2,Region West,Suite,3.44,false,7,true
2024-01-24,paid,tech,small,11386.45,Rep 6,Region South,Platform,5.06,false,66,true
2025-07-24,organic,tech,medium,31085.91,Rep 5,Region East,Standalone,9.65,true,63,false
2025-10-24,cold_call,healthcare,large,60574.14,Rep 7,Region West,Standalone,0.0,false,30,true
2025-01-24,organic,tech,small,8187.95,Rep 1,Region Central,Platform,7.95,false,82,true
2024-01-23,referral,manufacturing,small,6652.04,Rep 3,Region South,Platform,14.05,false,27,true
2024-03-28,cold_call,manufacturing,large,39736.41,Rep 2,Region South,Platform,0.0,false,46,false
2025-04-03,cold_call,finance,small,7960.97,Rep 3,Region East,Platform,1.05,false,42,true
2025-03-15,paid,retail,large,56523.66,Rep 4,Region South,Standalone,19.47,false,60,false
2025-01-13,referral,manufacturing,large,48863.49,Rep 4,Region South,Suite,19.43,true,90,true
2024-02-21,referral,healthcare,medium,18135.35,Rep 2,Region West,Standalone,13.93,true,28,false
2025-09-11,referral,finance,small,6135.52,Rep 5,Region East,Platform,18.01,false,72,true
2024-03-29,organic,tech,small,6665.76,Rep 6,Region Central,Platform,7.12,false,57,false
2025-10-19,organic,healthcare,medium,26171.64,Rep 8,Region West,Standalone,17.51,false,66,true
2024-10-01,webinar,finance,small,6954.06,Rep 5,Region East,Platform,14.63,false,33,false
2025-05-23,paid,healthcare,medium,25890.1,Rep 6,Region South,Suite,18.52,true,57,true
2024-12-31,paid,retail,small,6608.92,Rep 6,Region South,Platform,5.55,true,18,false
2024-05-28,paid,retail,large,64277.61,Rep 1,Region West,Platform,4.41,true,66,true
2024-01-27,organic,retail,medium,24449.67,Rep 1,Region West,Platform,16.36,false,62,false
2025-12-22,organic,finance,small,9037.33,Rep 6,Region West,Platform,26.45,true,63,true
2025-02-05,webinar,finance,medium,19778.03,Rep 1,Region East,Platform,3.55,false,36,false
2025-12-12,webinar,retail,small,10108.51,Rep 3,Region Central,Platform,18.42,true,54,false
2025-03-14,referral,tech,medium,27206.81,Rep 7,Region Central,Suite,20.1,false,67,true
2024-01-06,organic,tech,medium,20786.97,Rep 4,Region West,Standalone,14.69,true,81,true
2025-10-18,referral,tech,medium,20735.89,Rep 8,Region Central,Suite,21.87,true,47,false
2024-11-17,referral,tech,small,11508.67,Rep 3,Region South,Platform,4.08,false,46,true
2025-08-31,referral,finance,medium,16405.47,Rep 1,Region East,Suite,21.03,false,78,true
2024-05-30,cold_call,retail,large,72718.58,Rep 4,Region East,Platform,8.42,false,69,true
2025-10-14,paid,finance,enterprise,151109.61,Rep 2,Region East,Suite,5.48,true,48,false
2024-02-16,referral,retail,medium,31553.19,Rep 8,Region West,Standalone,12.99,true,70,true
2024-06-23,webinar,retail,small,9326.94,Rep 6,Region East,Platform,10.89,false,53,false
2024-06-02,referral,healthcare,large,59033.29,Rep 8,Region Central,Suite,0.0,true,62,false
2024-02-07,organic,manufacturing,small,6105.91,Rep 3,Region South,Platform,11.99,false,41,false
2025-10-08,paid,healthcare,small,5894.83,Rep 6,Region West,Platform,11.82,false,47,false
2025-08-21,referral,healthcare,medium,27045.86,Rep 2,Region Central,Standalone,19.62,false,86,true
2025-11-06,cold_call,retail,large,64523.9,Rep 5,Region East,Suite,12.81,false,51,true
2024-10-11,referral,retail,small,6749.26,Rep 6,Region Central,Platform,29.28,true,46,false
2025-10-18,webinar,finance,small,8365.53,Rep 3,Region East,Platform,5.82,false,12,true
2024-02-19,cold_call,retail,medium,22300.05,Rep 4,Region West,Standalone,13.14,false,79,true
2025-09-28,referral,manufacturing,small,5962.85,Rep 7,Region West,Platform,14.0,false,77,true
2025-01-11,webinar,tech,enterprise,140857.29,Rep 2,Region West,Standalone,17.63,false,51,false
2025-12-26,referral,tech,medium,28624.67,Rep 7,Region East,Standalone,20.05,false,46,false
2024-07-10,paid,tech,small,10706.89,Rep 1,Region South,Platform,0.0,false,97,true
2025-06-23,cold_call,tech,small,8808.73,Rep 4,Region Central,Standalone,16.42,false,45,false
2025-08-28,referral,tech,large,53643.97,Rep 8,Region Central,Standalone,15.57,false,62,false
2025-08-13,organic,retail,small,7791.39,Rep 1,Region West,Platform,15.67,true,55,false
2025-05-27,webinar,healthcare,small,6899.26,Rep 7,Region Central,Platform,14.99,false,45,false
2025-01-06,referral,tech,large,63502.53,Rep 4,Region Central,Suite,31.9,false,60,false
2024-03-12,cold_call,finance,medium,25863.88,Rep 2,Region East,Standalone,25.17,true,41,true
2024-03-24,paid,finance,small,8272.9,Rep 4,Region East,Platform,21.32,true,63,false
2025-10-27,webinar,healthcare,large,60861.29,Rep 6,Region South,Standalone,4.3,false,67,true
2025-04-19,paid,tech,small,8015.72,Rep 6,Region West,Platform,13.22,false,36,true
2025-05-02,cold_call,tech,medium,19729.51,Rep 5,Region Central,Standalone,12.1,true,73,true
2024-08-06,referral,healthcare,enterprise,158566.25,Rep 2,Region East,Platform,21.73,true,61,true
2025-09-01,organic,retail,small,11009.43,Rep 3,Region Central,Platform,0.0,true,22,false
2024-01-19,referral,healthcare,enterprise,179003.05,Rep 2,Region West,Suite,27.49,true,71,true
2025-08-25,organic,retail,large,59048.33,Rep 4,Region South,Platform,9.87,false,46,false
2025-12-07,cold_call,healthcare,large,48131.58,Rep 2,Region South,Platform,0.0,false,51,true
2024-08-23,webinar,manufacturing,enterprise,190748.29,Rep 4,Region East,Standalone,6.24,true,63,false
2025-08-03,organic,healthcare,medium,29352.66,Rep 2,Region Central,Platform,8.93,true,36,false
2024-04-06,cold_call,tech,large,54812.91,Rep 3,Region South,Platform,2.69,true,33,false
2024-01-16,webinar,retail,large,43343.59,Rep 5,Region South,Platform,0.0,true,77,true
2024-08-25,referral,healthcare,medium,20721.29,Rep 1,Region West,Suite,13.01,false,83,true
2025-04-16,cold_call,tech,medium,20220.48,Rep 8,Region Central,Standalone,15.08,true,59,false
2024-02-10,cold_call,finance,medium,19427.84,Rep 7,Region Central,Standalone,9.91,false,50,false
2025-07-15,webinar,manufacturing,small,7002.63,Rep 6,Region East,Platform,7.22,true,56,true
2025-02-19,webinar,retail,enterprise,156776.26,Rep 2,Region South,Standalone,16.53,true,51,true
2025-02-28,referral,healthcare,large,52005.33,Rep 2,Region West,Standalone,11.35,true,44,true
2024-03-07,organic,finance,medium,23193.5,Rep 7,Region East,Suite,6.68,false,89,true
2025-06-20,webinar,healthcare,large,77307.15,Rep 3,Region South,Standalone,12.69,false,35,true
2024-07-25,referral,finance,large,53435.16,Rep 5,Region East,Suite,18.11,false,47,true
2025-04-07,referral,manufacturing,small,6182.21,Rep 2,Region West,Platform,24.22,true,51,false
2025-03-10,paid,retail,medium,21386.84,Rep 1,Region Central,Suite,6.26,true,86,true
2025-03-15,cold_call,retail,large,62444.11,Rep 7,Region Central,Standalone,6.61,false,58,false
2025-09-11,cold_call,tech,small,9592.58,Rep 7,Region Central,Platform,11.89,true,28,false
2024-03-05,referral,finance,small,6777.13,Rep 5,Region East,Platform,17.6,false,48,false
2024-02-24,referral,tech,small,7983.27,Rep 8,Region East,Platform,19.71,false,60,true
2024-11-24,referral,healthcare,small,7574.79,Rep 8,Region Central,Platform,9.19,true,25,false
2024-08-04,webinar,manufacturing,medium,30104.69,Rep 5,Region West,Suite,24.82,false,28,true
2025-03-05,referral,tech,enterprise,159741.86,Rep 2,Region West,Standalone,4.03,false,73,true
2025-12-01,referral,finance,small,6543.23,Rep 4,Region East,Platform,6.01,true,44,true
2025-03-06,organic,healthcare,enterprise,185377.86,Rep 2,Region West,Platform,5.19,true,90,true
2024-08-14,paid,finance,small,7776.0,Rep 3,Region East,Platform,12.11,false,39,false
2025-09-18,paid,finance,large,73709.22,Rep 2,Region East,Platform,13.59,false,27,true
2025-02-17,cold_call,healthcare,small,6078.06,Rep 6,Region East,Platform,6.04,true,59,true
2025-04-19,organic,healthcare,medium,21940.85,Rep 7,Region East,Platform,11.7,true,60,false
2025-09-05,referral,healthcare,medium,30586.2,Rep 2,Region East,Standalone,16.57,false,43,true
2024-10-23,cold_call,tech,small,8084.89,Rep 4,Region East,Platform,6.34,false,77,true
2024-06-05,referral,finance,medium,32128.87,Rep 1,Region East,Standalone,11.38,false,69,true
2025-06-19,paid,finance,small,8618.96,Rep 2,Region East,Platform,13.28,true,43,false
2024-01-07,referral,tech,medium,29486.55,Rep 6,Region West,Platform,19.15,false,33,false
2024-03-10,cold_call,tech,small,7778.44,Rep 7,Region East,Platform,17.33,false,69,true
2025-11-19,referral,tech,enterprise,171428.31,Rep 2,Region East,Standalone,21.25,false,88,true
2024-12-14,referral,manufacturing,small,9847.93,Rep 1,Region South,Platform,25.14,true,64,true
2024-03-05,paid,manufacturing,large,70212.74,Rep 4,Region East,Standalone,0.8,true,91,true
2024-02-18,webinar,healthcare,small,9605.33,Rep 5,Region East,Platform,2.15,true,40,false
2024-07-13,paid,tech,medium,18688.4,Rep 1,Region West,Suite,16.33,false,77,true
2025-07-23,webinar,tech,enterprise,151845.38,Rep 2,Region East,Platform,14.53,false,24,false
2025-09-25,cold_call,finance,large,61387.86,Rep 1,Region East,Standalone,11.19,true,51,true
2024-08-15,organic,healthcare,large,49173.0,Rep 4,Region Central,Suite,5.49,false,78,true
2025-01-31,paid,healthcare,large,48461.75,Rep 7,Region Central,Standalone,11.06,false,31,false
2024-07-16,webinar,retail,medium,28600.95,Rep 2,Region Central,Suite,16.2,false,73,true
2024-04-16,webinar,retail,large,51821.23,Rep 1,Region East,Suite,10.12,false,53,false
2024-07-13,paid,tech,medium,38379.39,Rep 1,Region East,Platform,14.93,false,40,true
2025-02-07,organic,manufacturing,small,10494.45,Rep 5,Region South,Platform,24.26,false,47,false
2025-10-06,referral,tech,enterprise,122001.42,Rep 2,Region South,Standalone,23.92,true,26,false
2025-05-02,referral,retail,enterprise,167447.51,Rep 2,Region Central,Suite,23.53,false,44,true
2025-10-18,paid,finance,small,5779.23,Rep 5,Region East,Platform,12.09,false,62,true
2025-09-15,webinar,tech,small,6857.79,Rep 5,Region East,Platform,0.0,true,41,false
2025-11-12,organic,retail,small,6140.23,Rep 6,Region West,Platform,0.0,false,51,true
2025-07-29,referral,manufacturing,enterprise,182268.47,Rep 2,Region South,Standalone,21.05,false,17,true
2024-11-28,organic,tech,small,8357.31,Rep 6,Region Central,Platform,3.51,false,61,false
2024-11-07,paid,retail,medium,30355.26,Rep 5,Region East,Suite,12.97,false,57,true
2024-06-09,organic,manufacturing,small,6866.88,Rep 1,Region East,Platform,13.66,false,54,false
2024-08-30,referral,tech,medium,25225.83,Rep 1,Region South,Suite,11.99,true,61,false
2025-08-28,referral,tech,enterprise,167815.52,Rep 2,Region South,Suite,18.72,true,56,false
2024-04-01,webinar,manufacturing,medium,22959.09,Rep 1,Region East,Platform,8.24,false,69,true
2025-05-14,cold_call,manufacturing,large,61821.02,Rep 1,Region Central,Suite,7.59,true,85,true
2025-05-16,organic,healthcare,enterprise,183841.75,Rep 2,Region Central,Platform,7.98,false,69,true
2025-08-14,webinar,tech,large,58638.97,Rep 5,Region West,Suite,4.86,false,42,false
2025-06-14,referral,finance,small,9573.7,Rep 6,Region East,Platform,22.96,false,83,true
2025-10-01,webinar,retail,medium,25177.66,Rep 3,Region Central,Standalone,16.04,false,44,true
2025-04-18,webinar,healthcare,enterprise,143523.45,Rep 2,Region East,Suite,13.79,false,61,true
2025-03-15,referral,retail,medium,24261.96,Rep 4,Region Central,Standalone,34.1,false,76,true
2024-09-01,referral,finance,medium,25728.32,Rep 5,Region East,Suite,10.06,true,49,false
2024-12-05,cold_call,manufacturing,small,7857.08,Rep 1,Region Central,Platform,32.33,false,53,false
2024-12-09,referral,retail,medium,22988.33,Rep 4,Region West,Standalone,25.76,true,62,false
2025-07-21,cold_call,tech,medium,27059.44,Rep 5,Region Central,Suite,3.31,false,44,false
2025-02-17,referral,manufacturing,medium,20689.31,Rep 5,Region West,Suite,17.99,true,57,true
2025-11-11,cold_call,retail,small,5444.92,Rep 1,Region South,Platform,14.98,false,62,false
2024-11-21,paid,tech,large,54944.3,Rep 4,Region East,Platform,9.59,false,81,true
2024-06-12,cold_call,tech,small,6619.85,Rep 6,Region East,Platform,2.16,true,75,true
2024-04-07,webinar,manufacturing,small,8714.91,Rep 4,Region South,Platform,5.07,true,68,true
2025-11-28,cold_call,retail,small,7482.35,Rep 8,Region Central,Platform,8.7,false,71,true
2025-05-13,organic,tech,small,7505.97,Rep 8,Region West,Platform,8.56,false,52,false
2024-11-13,referral,retail,large,70467.83,Rep 4,Region West,Suite,18.76,true,72,true
2024-03-17,referral,healthcare,medium,20784.43,Rep 5,Region West,Standalone,17.1,false,71,true
2025-11-30,paid,tech,small,6723.81,Rep 8,Region West,Platform,15.55,true,65,true
2025-05-06,referral,manufacturing,medium,25862.8,Rep 6,Region West,Standalone,11.86,false,84,true
2024-07-01,organic,tech,medium,23776.68,Rep 7,Region East,Suite,5.74,true,48,false
2024-04-26,organic,tech,medium,21616.81,Rep 3,Region East,Platform,9.98,false,49,false
2024-10-13,organic,retail,large,63724.56,Rep 4,Region Central,Platform,9.0,true,48,true
2025-06-22,referral,tech,enterprise,124930.5,Rep 2,Region Central,Platform,9.06,false,53,false
2024-12-08,organic,finance,large,58251.69,Rep 3,Region East,Platform,8.44,false,77,true
2024-02-20,paid,finance,medium,23357.86,Rep 5,Region East,Suite,9.58,false,49,false
2024-02-04,paid,healthcare,medium,19698.59,Rep 6,Region East,Suite,0.0,false,75,true
2025-01-24,referral,manufacturing,small,9788.17,Rep 6,Region West,Platform,31.42,false,86,true
2025-08-15,cold_call,manufacturing,large,58496.01,Rep 3,Region Central,Suite,21.43,false,61,false
2025-07-17,organic,healthcare,enterprise,188546.16,Rep 2,Region East,Platform,13.45,false,47,false
2025-12-04,cold_call,finance,small,7587.21,Rep 8,Region East,Platform,2.37,false,37,false
2025-06-06,cold_call,finance,large,71121.03,Rep 4,Region East,Platform,15.89,false,78,true
2025-01-10,referral,manufacturing,medium,26939.66,Rep 1,Region Central,Platform,21.0,false,56,false
2025-06-18,paid,finance,small,8983.87,Rep 1,Region East,Platform,15.02,true,60,true
2025-03-19,referral,manufacturing,enterprise,142484.73,Rep 2,Region Central,Platform,23.36,true,42,true
2024-10-18,referral,retail,medium,21016.4,Rep 3,Region Central,Standalone,29.6,true,77,true
2025-02-26,organic,finance,enterprise,146380.75,Rep 2,Region East,Standalone,21.29,false,55,false
2024-06-04,organic,retail,small,9257.5,Rep 7,Region Central,Platform,2.79,true,39,false
2024-07-22,organic,manufacturing,medium,23094.92,Rep 7,Region Central,Platform,13.63,false,61,false
2025-08-11,referral,retail,small,8658.73,Rep 5,Region South,Standalone,11.76,true,94,true
2025-01-17,cold_call,finance,large,65214.3,Rep 3,Region East,Platform,8.44,true,72,true
2025-12-11,webinar,finance,medium,19605.34,Rep 8,Region East,Standalone,8.37,false,60,false
2025-10-08,paid,healthcare,small,6915.29,Rep 5,Region South,Platform,15.02,true,37,false
2024-10-18,webinar,healthcare,small,9351.17,Rep 6,Region East,Platform,0.56,true,51,true
2024-12-23,referral,finance,large,46319.56,Rep 1,Region East,Suite,5.53,true,82,true
2025-01-09,organic,tech,small,6744.49,Rep 4,Region West,Platform,14.32,false,88,true
2024-03-31,referral,finance,medium,23675.93,Rep 8,Region East,Platform,0.0,false,61,true
2025-11-12,webinar,tech,enterprise,138694.81,Rep 3,Region West,Standalone,8.15,true,35,false
2025-09-28,cold_call,finance,small,10184.88,Rep 5,Region East,Platform,17.52,true,55,false
2025-07-31,referral,finance,medium,19339.41,Rep 1,Region East,Platform,18.04,false,37,true
2024-03-03,cold_call,finance,small,9498.48,Rep 5,Region East,Platform,5.0,false,57,false
2025-11-06,webinar,finance,large,54528.7,Rep 8,Region East,Suite,12.94,true,63,true
2024-04-15,organic,retail,small,7064.78,Rep 7,Region East,Platform,7.98,false,99,true
2025-08-15,cold_call,retail,large,50366.13,Rep 1,Region Central,Platform,10.4,false,89,true
2024-12-15,paid,manufacturing,large,70839.08,Rep 1,Region West,Platform,19.73,false,35,false
2025-10-06,organic,manufacturing,medium,27139.75,Rep 1,Region Central,Suite,14.89,false,75,true
2024-05-02,cold_call,tech,medium,22428.59,Rep 4,Region West,Platform,9.46,true,39,false
2025-09-09,organic,tech,small,9307.61,Rep 8,Region South,Platform,6.45,false,70,true
2025-12-04,cold_call,healthcare,medium,25603.33,Rep 8,Region West,Platform,4.56,true,87,true
2024-05-05,cold_call,finance,medium,30028.18,Rep 3,Region East,Platform,15.07,false,80,true
2025-05-19,organic,tech,enterprise,156522.2,Rep 5,Region West,Platform,0.0,false,91,true
2024-01-06,referral,tech,medium,30193.16,Rep 6,Region East,Platform,25.66,false,53,false
2025-08-08,referral,finance,medium,29984.69,Rep 3,Region East,Platform,24.05,false,68,true
2024-12-18,organic,healthcare,large,41636.44,Rep 4,Region West,Platform,7.48,false,70,false
2024-04-21,paid,tech,small,9431.76,Rep 6,Region East,Platform,17.7,true,46,false
2024-06-28,cold_call,finance,large,65643.92,Rep 4,Region East,Platform,0.0,false,56,true
2024-11-12,webinar,retail,large,59933.55,Rep 3,Region South,Suite,11.69,false,51,true
2025-06-10,paid,retail,large,54363.68,Rep 3,Region East,Standalone,13.52,true,63,false
2024-11-30,cold_call,finance,small,9619.98,Rep 4,Region East,Platform,17.56,false,75,true
2024-01-24,organic,finance,small,9562.42,Rep 1,Region East,Platform,14.5,true,39,false
2025-01-05,organic,retail,small,9273.3,Rep 4,Region West,Platform,15.65,false,48,true
2024-01-05,organic,manufacturing,small,5606.69,Rep 8,Region Central,Platform,8.72,false,67,true
2025-01-05,referral,healthcare,large,59848.75,Rep 2,Region East,Platform,19.79,true,51,false
2025-10-27,paid,tech,small,8042.7,Rep 1,Region South,Platform,1.22,true,64,false
2025-03-29,organic,retail,small,8661.35,Rep 4,Region East,Platform,7.51,false,77,true
2025-05-04,paid,finance,small,6611.44,Rep 3,Region East,Platform,8.62,true,46,false
2025-11-22,referral,finance,medium,29554.06,Rep 6,Region East,Platform,6.82,false,58,false
2025-09-06,referral,retail,medium,22801.27,Rep 4,Region South,Platform,13.11,true,29,false
2025-07-12,organic,healthcare,small,9727.41,Rep 6,Region East,Platform,10.19,false,2,true
2024-04-23,organic,finance,medium,21515.24,Rep 4,Region East,Suite,4.27,false,84,true
2024-12-04,organic,healthcare,small,9103.27,Rep 7,Region West,Platform,13.57,true,71,true
2024-01-31,organic,manufacturing,large,55018.95,Rep 4,Region West,Platform,0.0,true,45,false
2025-11-03,organic,healthcare,small,8588.41,Rep 4,Region West,Platform,22.04,true,44,true
2024-08-03,paid,healthcare,small,8389.17,Rep 1,Region South,Platform,0.0,false,69,true
2025-01-28,paid,retail,medium,21855.18,Rep 4,Region Central,Platform,10.13,false,75,true
2024-04-06,cold_call,tech,small,6728.15,Rep 2,Region Central,Suite,6.23,false,61,false
2025-11-18,paid,retail,medium,22627.79,Rep 8,Region East,Suite,15.21,false,23,false
2024-06-22,organic,manufacturing,small,6000.52,Rep 5,Region East,Platform,17.13,true,53,false
2024-04-04,webinar,manufacturing,medium,25219.78,Rep 4,Region Central,Platform,13.46,false,55,false
2024-04-07,referral,retail,enterprise,173237.68,Rep 2,Region East,Suite,4.7,true,72,true
2024-07-08,organic,retail,large,58254.16,Rep 6,Region East,Suite,0.0,false,10,false
2024-06-23,organic,healthcare,large,64287.46,Rep 2,Region South,Suite,10.58,false,69,true
2024-07-22,referral,retail,medium,34755.73,Rep 6,Region South,Platform,0.84,false,77,true
2025-01-11,paid,tech,small,9221.46,Rep 1,Region South,Platform,14.63,false,61,false
2025-12-13,cold_call,finance,enterprise,157923.63,Rep 2,Region East,Platform,3.5,true,89,true
2025-08-07,webinar,healthcare,small,8833.11,Rep 3,Region East,Platform,11.65,true,58,false
2024-07-20,organic,finance,small,10303.13,Rep 1,Region East,Platform,1.24,false,84,true
2024-11-25,cold_call,tech,medium,27149.62,Rep 2,Region West,Platform,18.77,false,60,false
2025-06-09,referral,manufacturing,medium,25568.51,Rep 3,Region South,Suite,16.25,true,59,false
2025-09-16,referral,retail,medium,27421.06,Rep 1,Region East,Standalone,16.76,false,70,true
2025-10-01,paid,tech,small,6999.62,Rep 1,Region East,Platform,10.44,false,73,true
2024-01-25,paid,tech,large,76357.87,Rep 7,Region West,Suite,0.0,false,61,true
2024-05-23,cold_call,finance,medium,20535.29,Rep 8,Region East,Suite,7.99,true,81,true
2024-02-13,referral,healthcare,large,62781.44,Rep 5,Region East,Suite,22.79,false,58,false
2024-05-09,paid,tech,small,6079.34,Rep 1,Region West,Platform,11.12,false,75,true
2025-06-08,webinar,tech,small,6377.73,Rep 5,Region South,Platform,13.7,true,57,true
2024-06-29,referral,tech,large,53740.17,Rep 3,Region East,Platform,0.0,true,63,true
2025-07-08,webinar,finance,enterprise,179408.38,Rep 2,Region East,Standalone,19.79,false,94,true
2024-01-25,paid,healthcare,small,9114.85,Rep 4,Region East,Platform,12.71,true,97,true
2025-11-21,organic,retail,small,7983.06,Rep 1,Region Central,Platform,9.89,false,43,true
2025-11-05,referral,tech,medium,24215.25,Rep 3,Region South,Standalone,24.36,true,49,true
2024-04-30,referral,manufacturing,medium,20930.47,Rep 8,Region West,Suite,10.76,true,84,true
2025-01-11,organic,tech,small,8508.8,Rep 3,Region South,Platform,1.26,true,92,true
2024-05-27,organic,manufacturing,medium,31695.51,Rep 4,Region East,Platform,14.69,true,73,true
2025-07-07,cold_call,tech,small,8623.56,Rep 2,Region South,Platform,17.15,false,87,true
2024-03-13,referral,retail,medium,32273.05,Rep 6,Region West,Suite,16.56,false,53,false
2025-12-22,referral,finance,medium,25767.78,Rep 6,Region East,Platform,0.0,true,33,false
2025-02-04,cold_call,retail,small,8893.96,Rep 7,Region West,Platform,9.68,false,55,true
2025-08-18,referral,finance,small,7031.24,Rep 2,Region East,Platform,11.27,false,39,false
2025-07-29,referral,healthcare,small,7333.76,Rep 7,Region West,Platform,10.97,false,82,true
2025-05-22,paid,manufacturing,medium,21201.79,Rep 6,Region Central,Suite,6.83,false,55,true
2025-03-25,referral,retail,enterprise,175063.2,Rep 2,Region Central,Suite,20.8,true,75,true
2025-12-12,referral,retail,medium,24994.17,Rep 2,Region East,Standalone,9.83,true,49,false
2025-03-19,referral,tech,enterprise,141105.7,Rep 2,Region South,Platform,20.23,false,28,false
2024-03-28,referral,retail,large,63568.74,Rep 7,Region West,Platform,22.11,false,90,true
2024-08-25,paid,retail,small,9246.07,Rep 7,Region Central,Platform,22.33,false,43,false
2024-10-01,cold_call,tech,medium,22109.05,Rep 3,Region Central,Platform,24.33,true,67,true
2024-02-13,referral,finance,small,5759.92,Rep 6,Region East,Platform,14.23,false,45,true
2025-01-25,referral,retail,enterprise,155317.17,Rep 2,Region South,Platform,21.54,false,38,true
2024-05-11,paid,finance,small,6902.22,Rep 6,Region East,Platform,3.2,false,77,true
2025-06-24,referral,tech,small,8803.47,Rep 4,Region Central,Platform,6.99,false,50,false
2024-12-31,referral,manufacturing,small,6208.54,Rep 7,Region East,Platform,10.23,true,74,true
2025-01-23,webinar,retail,small,9544.49,Rep 3,Region West,Platform,10.98,false,71,true
2024-10-29,referral,tech,enterprise,187016.25,Rep 6,Region South,Standalone,2.37,true,49,false
2024-08-09,cold_call,retail,large,67688.22,Rep 4,Region East,Suite,0.0,false,47,false
2025-07-05,cold_call,tech,small,7877.08,Rep 3,Region East,Platform,12.59,true,53,true
2025-02-24,cold_call,finance,small,8791.35,Rep 7,Region East,Platform,7.22,false,17,false
2024-11-17,paid,finance,enterprise,168465.42,Rep 2,Region East,Suite,20.66,true,74,true
2025-12-07,paid,finance,medium,24408.81,Rep 6,Region East,Platform,16.37,false,56,false
2025-08-19,paid,finance,large,61318.16,Rep 4,Region East,Suite,21.82,false,38,true
2024-03-05,paid,tech,small,6987.22,Rep 8,Region West,Platform,7.12,false,41,false
2024-01-22,cold_call,tech,large,66794.35,Rep 7,Region West,Platform,12.3,true,54,false
2024-06-25,cold_call,healthcare,large,62182.28,Rep 3,Region East,Suite,13.29,false,33,false
2025-07-14,referral,tech,medium,30816.62,Rep 3,Region Central,Platform,5.37,true,51,false
2025-03-26,organic,retail,small,5957.82,Rep 8,Region West,Platform,8.33,false,78,true
2025-12-20,referral,tech,enterprise,166080.61,Rep 2,Region West,Suite,10.12,false,63,false
2024-09-10,referral,retail,medium,26416.35,Rep 7,Region West,Platform,7.39,true,37,true
2025-03-30,cold_call,healthcare,medium,25154.3,Rep 1,Region East,Suite,1.63,false,48,false
2024-02-10,cold_call,healthcare,large,52583.51,Rep 3,Region Central,Suite,3.31,false,66,true
2024-08-24,paid,manufacturing,large,46259.12,Rep 5,Region South,Platform,3.91,false,32,false
2025-03-02,paid,tech,medium,26218.12,Rep 6,Region East,Standalone,20.1,false,26,false
2024-05-06,webinar,retail,small,7127.72,Rep 2,Region Central,Platform,6.22,false,68,true
2024-08-21,organic,healthcare,medium,24242.63,Rep 7,Region South,Suite,5.43,false,66,true
2025-08-01,webinar,tech,medium,24145.78,Rep 5,Region Central,Suite,7.33,true,62,false
2024-05-20,referral,tech,small,7231.18,Rep 4,Region East,Platform,23.03,true,43,true
2025-09-30,cold_call,healthcare,large,60125.33,Rep 8,Region South,Standalone,13.32,false,75,true
2024-06-07,paid,retail,large,51727.7,Rep 4,Region Central,Standalone,14.27,true,62,false
2024-12-12,paid,finance,enterprise,173426.7,Rep 2,Region East,Standalone,3.56,true,70,true
2025-04-23,organic,healthcare,medium,22916.92,Rep 8,Region South,Suite,17.16,true,53,false
2024-07-06,webinar,tech,small,7667.39,Rep 8,Region Central,Platform,17.34,true,100,true
2024-07-01,cold_call,healthcare,small,8816.81,Rep 4,Region East,Platform,5.31,true,69,true
2024-02-10,webinar,tech,large,46765.08,Rep 7,Region Central,Standalone,2.46,false,85,true
2024-07-26,referral,retail,large,53427.77,Rep 1,Region East,Standalone,25.78,false,49,true
2024-07-01,referral,healthcare,large,66320.05,Rep 8,Region West,Standalone,28.16,true,20,false
2024-06-13,organic,tech,enterprise,139743.87,Rep 2,Region East,Standalone,15.96,false,71,true
2025-08-21,referral,tech,large,44998.66,Rep 8,Region East,Standalone,8.11,false,50,false
2025-09-02,referral,retail,small,10745.05,Rep 5,Region East,Platform,0.0,false,59,true
2025-01-25,referral,retail,small,6375.18,Rep 8,Region South,Platform,19.65,true,59,true
2024-05-24,paid,manufacturing,large,50163.97,Rep 5,Region East,Suite,7.08,false,58,false
2025-03-11,webinar,finance,medium,25831.75,Rep 2,Region East,Standalone,0.0,false,71,true
2025-11-16,referral,finance,small,9252.39,Rep 3,Region East,Platform,0.0,true,52,true
2024-11-21,cold_call,healthcare,small,4750.15,Rep 1,Region South,Platform,14.95,true,84,true
2025-10-25,webinar,tech,small,7540.31,Rep 2,Region West,Platform,14.17,true,100,true
2025-02-09,cold_call,manufacturing,medium,28323.11,Rep 6,Region Central,Platform,17.42,true,79,true
2024-12-09,referral,manufacturing,small,9133.97,Rep 4,Region South,Platform,14.63,true,39,false
2024-12-29,webinar,manufacturing,enterprise,148146.56,Rep 2,Region South,Platform,15.65,true,61,true
2025-10-01,webinar,tech,medium,29015.95,Rep 3,Region West,Standalone,10.16,false,96,true
2024-03-13,referral,manufacturing,medium,28825.63,Rep 5,Region South,Standalone,21.1,true,24,false
2024-10-03,cold_call,manufacturing,small,11506.5,Rep 6,Region Central,Platform,15.12,true,69,true
2025-02-20,referral,tech,large,58634.45,Rep 4,Region Central,Platform,23.59,false,63,false
2024-05-11,referral,tech,medium,19972.83,Rep 2,Region South,Standalone,26.12,false,59,true
2025-09-23,webinar,tech,small,8473.17,Rep 5,Region Central,Platform,15.37,false,30,false
2025-09-18,cold_call,manufacturing,small,8361.52,Rep 4,Region Central,Platform,15.38,false,53,false
2025-06-12,cold_call,finance,small,6981.35,Rep 6,Region East,Platform,2.03,true,75,true
2024-08-23,organic,healthcare,large,53921.73,Rep 7,Region Central,Platform,8.32,false,37,true
2024-03-16,organic,finance,small,9050.04,Rep 3,Region East,Platform,5.44,true,41,true
2025-05-04,referral,healthcare,medium,20717.5,Rep 7,Region East,Platform,24.13,false,91,true
2025-02-12,organic,finance,medium,15604.77,Rep 1,Region East,Suite,12.08,false,42,false
2024-10-30,webinar,tech,medium,28821.96,Rep 3,Region West,Standalone,7.53,false,59,true
2024-10-05,referral,tech,small,10089.94,Rep 4,Region South,Platform,16.09,true,27,true
2024-08-17,organic,finance,medium,21039.02,Rep 4,Region East,Platform,7.54,false,60,true
2024-01-26,cold_call,retail,small,4803.64,Rep 6,Region South,Platform,15.58,false,61,true
2024-01-31,referral,finance,medium,25259.5,Rep 7,Region East,Suite,19.92,true,76,true
2024-06-15,referral,finance,enterprise,122785.13,Rep 2,Region East,Standalone,23.27,true,82,true
2024-04-18,referral,retail,enterprise,163871.69,Rep 2,Region West,Platform,3.62,false,52,true
2024-02-02,referral,healthcare,enterprise,159564.82,Rep 2,Region East,Platform,14.97,false,88,true
2024-04-27,referral,tech,medium,24474.31,Rep 3,Region East,Platform,25.0,true,59,false
2025-06-02,webinar,tech,large,58845.96,Rep 1,Region West,Standalone,30.94,false,27,true
2024-02-09,referral,manufacturing,medium,24980.59,Rep 4,Region South,Standalone,23.3,false,89,true
2024-12-21,cold_call,healthcare,small,10086.42,Rep 5,Region West,Platform,5.38,false,75,true
2025-08-20,cold_call,healthcare,small,8742.58,Rep 6,Region South,Platform,19.33,false,54,false
2024-11-01,webinar,tech,enterprise,137031.83,Rep 2,Region West,Suite,0.25,false,65,true
2025-03-16,paid,retail,small,9465.43,Rep 7,Region West,Platform,5.98,false,31,true
2024-10-12,referral,finance,enterprise,127489.24,Rep 2,Region East,Suite,22.14,true,37,false
2025-09-24,cold_call,tech,medium,17382.36,Rep 6,Region East,Suite,3.73,true,64,true
2025-11-08,cold_call,retail,small,6609.16,Rep 7,Region Central,Platform,13.87,true,30,false
2024-12-21,cold_call,healthcare,small,8072.01,Rep 2,Region Central,Platform,22.68,false,43,false
2024-08-21,referral,healthcare,large,48387.74,Rep 7,Region East,Platform,25.84,false,42,false
2024-06-21,referral,healthcare,small,9140.41,Rep 2,Region South,Platform,8.79,true,85,true
2024-05-31,referral,tech,small,10284.82,Rep 8,Region South,Platform,5.82,false,72,true
2024-08-02,referral,tech,small,9193.87,Rep 2,Region Central,Platform,14.5,false,58,false
2024-12-01,cold_call,tech,small,7565.31,Rep 5,Region East,Platform,12.24,true,67,true
2025-06-19,paid,finance,large,52907.64,Rep 1,Region East,Platform,9.97,false,66,true
2024-05-10,webinar,tech,small,8678.21,Rep 4,Region West,Platform,6.91,true,81,true
2025-02-09,organic,finance,large,49446.8,Rep 6,Region East,Suite,6.94,false,55,true
2025-05-29,cold_call,retail,small,10660.63,Rep 8,Region Central,Platform,11.5,false,54,false
2025-07-11,paid,finance,medium,28621.44,Rep 1,Region East,Standalone,5.73,false,70,true
2024-08-25,referral,finance,small,5500.04,Rep 5,Region East,Platform,14.43,true,68,true
2024-01-02,webinar,healthcare,medium,27374.74,Rep 5,Region South,Platform,8.84,false,81,true
2025-10-25,organic,finance,medium,24155.62,Rep 1,Region East,Suite,3.54,false,81,true
2024-10-19,webinar,finance,large,31150.14,Rep 1,Region East,Suite,11.43,false,26,false
2024-11-27,organic,finance,small,9237.38,Rep 8,Region East,Platform,15.06,false,64,false
2025-02-03,cold_call,healthcare,large,63299.85,Rep 8,Region West,Suite,1.18,false,78,true
2024-06-26,referral,finance,large,56260.54,Rep 7,Region East,Suite,20.79,false,62,false
2024-06-04,webinar,retail,small,9148.3,Rep 5,Region South,Platform,17.18,true,77,true
2025-09-08,organic,retail,small,6785.77,Rep 8,Region East,Platform,7.35,true,30,false
2025-03-01,cold_call,manufacturing,large,63276.3,Rep 7,Region Central,Platform,7.1,true,60,false
2024-05-20,cold_call,tech,small,7223.56,Rep 4,Region South,Platform,14.7,true,69,true
2025-12-30,referral,tech,small,4638.38,Rep 5,Region West,Platform,4.4,false,66,true
2024-11-08,organic,manufacturing,small,7533.1,Rep 5,Region West,Platform,15.81,true,76,true
2024-02-10,referral,retail,small,6601.73,Rep 1,Region East,Platform,14.44,true,72,true
2025-11-19,referral,retail,medium,21540.05,Rep 2,Region Central,Platform,22.7,true,73,true
2024-05-14,webinar,retail,small,7652.19,Rep 3,Region South,Platform,15.42,true,53,false
2025-02-03,organic,finance,medium,31627.64,Rep 2,Region East,Standalone,16.57,false,87,true
2024-12-04,organic,finance,medium,29080.95,Rep 8,Region East,Platform,15.67,false,16,true
2025-12-04,organic,manufacturing,enterprise,180230.06,Rep 2,Region Central,Platform,5.83,false,70,true
2025-10-18,cold_call,tech,medium,15508.24,Rep 5,Region East,Standalone,10.91,true,32,true
2025-01-02,referral,tech,large,57251.0,Rep 4,Region East,Suite,30.65,false,32,false
2025-04-21,webinar,finance,small,7916.51,Rep 5,Region East,Platform,1.84,false,50,false
2024-07-24,webinar,manufacturing,small,7333.26,Rep 2,Region East,Platform,8.18,false,74,true
2025-07-31,organic,finance,small,9598.7,Rep 2,Region East,Platform,9.15,false,64,true
2025-09-23,referral,healthcare,small,3626.37,Rep 1,Region East,Platform,25.82,true,79,true
2025-04-08,cold_call,healthcare,enterprise,168177.59,Rep 2,Region East,Standalone,9.76,false,48,true
2025-10-16,organic,retail,large,63137.55,Rep 1,Region South,Standalone,16.94,false,68,true
2024-04-02,webinar,tech,medium,26171.76,Rep 1,Region West,Suite,5.92,false,34,false
2025-01-21,referral,tech,small,8532.0,Rep 7,Region West,Platform,4.47,false,35,true
2025-10-23,paid,manufacturing,small,8206.07,Rep 4,Region South,Platform,12.62,false,36,false
2024-05-28,webinar,finance,large,43581.21,Rep 4,Region East,Platform,5.43,false,60,false
2024-09-16,organic,tech,large,52236.22,Rep 3,Region West,Platform,16.71,false,93,true
2024-10-14,referral,finance,medium,27787.27,Rep 6,Region East,Platform,27.03,false,68,true
2025-07-19,referral,manufacturing,large,70098.76,Rep 6,Region Central,Standalone,29.59,true,30,true
2024-02-11,referral,healthcare,medium,30473.14,Rep 4,Region Central,Standalone,6.08,false,82,true
2024-11-29,organic,tech,enterprise,195434.73,Rep 2,Region West,Suite,14.99,false,45,false
2024-03-04,paid,tech,small,9528.33,Rep 3,Region East,Platform,9.11,false,41,true
2025-08-17,organic,finance,small,7695.86,Rep 3,Region East,Suite,15.29,true,74,true
2025-01-27,webinar,tech,small,7755.3,Rep 4,Region South,Platform,6.84,false,57,false
2025-09-24,referral,tech,small,8453.68,Rep 4,Region South,Platform,5.76,false,67,true
2025-12-03,webinar,tech,medium,29627.93,Rep 2,Region West,Standalone,6.26,true,55,false
2025-04-05,organic,retail,medium,28038.01,Rep 8,Region Central,Standalone,11.67,true,83,true
2024-03-09,paid,finance,medium,17442.23,Rep 3,Region East,Platform,4.74,true,39,false
2024-12-10,organic,healthcare,medium,28640.4,Rep 4,Region East,Standalone,5.14,false,88,false
2025-05-20,paid,retail,small,7439.21,Rep 8,Region South,Suite,3.08,false,51,true
2025-05-14,referral,finance,small,8369.66,Rep 1,Region East,Platform,0.0,false,75,true
2024-02-12,cold_call,finance,small,8735.67,Rep 8,Region East,Platform,3.31,false,62,true
2025-12-19,referral,manufacturing,small,7164.02,Rep 2,Region West,Platform,21.44,true,25,false
2025-11-23,webinar,tech,medium,21239.99,Rep 1,Region Central,Suite,17.51,true,79,true
2025-01-26,webinar,tech,medium,29183.51,Rep 1,Region South,Platform,4.69,false,71,true
2025-07-22,cold_call,finance,large,73233.21,Rep 3,Region East,Suite,14.55,true,65,true
2024-04-27,organic,manufacturing,medium,31625.48,Rep 3,Region Central,Platform,18.08,false,64,false
2025-03-07,cold_call,tech,enterprise,162780.38,Rep 3,Region Central,Platform,11.03,true,79,true
2025-07-09,paid,healthcare,small,8328.26,Rep 2,Region South,Platform,9.27,false,86,true
2024-05-02,cold_call,healthcare,small,9924.34,Rep 2,Region West,Platform,10.68,false,42,true
2024-09-15,referral,healthcare,small,7889.58,Rep 8,Region West,Platform,20.39,false,63,false
2025-09-11,referral,retail,medium,29150.93,Rep 2,Region West,Platform,32.38,false,77,true
2024-06-09,referral,finance,medium,21600.63,Rep 8,Region East,Suite,21.74,false,96,true
2025-12-13,organic,healthcare,medium,30223.2,Rep 1,Region West,Standalone,9.55,false,42,false
2024-02-24,organic,manufacturing,large,47692.98,Rep 5,Region West,Suite,16.95,false,40,true
2024-09-03,referral,finance,large,55733.3,Rep 4,Region East,Standalone,18.36,true,50,false
2024-08-31,referral,retail,large,54705.08,Rep 7,Region Central,Platform,12.64,false,45,false
2024-07-04,cold_call,healthcare,medium,20612.81,Rep 2,Region East,Suite,14.28,false,69,true
2024-11-03,referral,healthcare,small,7618.1,Rep 1,Region East,Platform,27.62,false,76,true
2024-01-13,referral,finance,medium,23821.28,Rep 5,Region East,Platform,24.11,true,57,false
2025-04-15,referral,finance,enterprise,121358.1,Rep 2,Region East,Standalone,17.11,false,50,true
2024-06-01,cold_call,tech,small,6730.99,Rep 1,Region East,Platform,0.0,false,48,false
2024-12-31,referral,manufacturing,small,6365.65,Rep 7,Region South,Platform,7.12,false,79,true
2025-01-30,paid,tech,enterprise,148373.92,Rep 2,Region Central,Suite,31.86,false,42,false
2025-03-16,webinar,tech,small,8985.41,Rep 8,Region West,Platform,16.35,false,36,false
2025-03-31,referral,healthcare,small,6950.54,Rep 2,Region East,Platform,12.6,false,81,true
2025-09-30,paid,tech,medium,21171.22,Rep 5,Region South,Platform,9.81,false,66,true
2025-03-24,organic,retail,small,7489.69,Rep 8,Region Central,Platform,15.59,true,89,true
2025-01-11,paid,finance,large,55969.99,Rep 3,Region East,Standalone,15.89,true,77,true
2025-10-02,referral,healthcare,small,8128.04,Rep 8,Region Central,Platform,13.88,false,79,true
2024-02-21,referral,finance,small,7426.23,Rep 4,Region East,Suite,19.26,true,80,true
2025-04-23,webinar,retail,large,74412.92,Rep 4,Region South,Standalone,13.05,false,63,false
2024-09-08,referral,healthcare,small,5067.43,Rep 6,Region West,Platform,24.0,false,39,true
2024-01-05,organic,finance,enterprise,169301.31,Rep 2,Region East,Platform,14.97,true,46,true
2024-08-28,cold_call,tech,medium,23995.15,Rep 7,Region West,Standalone,13.91,true,79,true
2024-05-09,paid,tech,enterprise,138495.86,Rep 2,Region Central,Standalone,7.04,false,60,false
2025-05-05,webinar,healthcare,small,9433.32,Rep 8,Region South,Platform,13.66,false,37,false
2024-08-19,organic,healthcare,small,9055.82,Rep 1,Region South,Platform,8.89,true,90,true
2025-12-24,webinar,retail,small,6136.94,Rep 4,Region South,Platform,17.14,false,76,true
2025-07-26,paid,tech,medium,21338.35,Rep 8,Region West,Suite,11.32,false,59,true
2025-06-09,cold_call,tech,medium,25010.28,Rep 6,Region Central,Platform,2.79,true,70,true
2024-09-22,referral,finance,medium,13695.34,Rep 4,Region East,Standalone,31.37,true,32,false
2025-06-05,cold_call,tech,large,66887.22,Rep 1,Region Central,Platform,10.3,false,80,true
2024-08-05,webinar,healthcare,small,8556.45,Rep 2,Region East,Platform,10.53,false,76,true
2025-10-13,organic,retail,small,6283.87,Rep 4,Region Central,Platform,10.44,false,66,true
2025-11-13,referral,tech,large,47384.87,Rep 7,Region West,Standalone,29.38,false,49,false
2025-06-25,cold_call,retail,small,8985.82,Rep 7,Region West,Platform,0.0,false,56,false
2024-03-02,referral,retail,enterprise,129246.92,Rep 2,Region East,Platform,24.42,true,72,true
2024-06-21,cold_call,manufacturing,large,68214.93,Rep 8,Region South,Platform,6.13,false,90,true
2024-07-04,webinar,finance,enterprise,135177.43,Rep 2,Region East,Platform,3.36,false,31,false
2024-01-26,webinar,finance,small,6507.46,Rep 7,Region East,Platform,16.25,false,64,false
2024-07-20,paid,tech,medium,21046.4,Rep 4,Region Central,Platform,13.08,false,80,true
2025-11-21,webinar,retail,small,6706.56,Rep 4,Region South,Platform,8.91,true,59,false
2025-01-22,referral,retail,medium,28057.83,Rep 1,Region South,Platform,9.23,true,69,true
2024-11-07,referral,tech,large,57578.61,Rep 5,Region West,Standalone,20.06,true,78,true
2025-04-03,cold_call,finance,enterprise,147890.79,Rep 2,Region East,Standalone,3.36,false,75,true
2024-09-10,paid,healthcare,small,10728.13,Rep 2,Region South,Platform,16.26,false,59,false
2024-05-30,organic,manufacturing,large,45037.42,Rep 2,Region East,Suite,15.01,false,43,false
2025-09-23,webinar,finance,small,6013.06,Rep 6,Region East,Platform,4.97,true,81,true
2024-08-26,cold_call,retail,medium,25038.3,Rep 4,Region South,Platform,2.18,false,24,false
2025-09-24,organic,finance,small,10010.34,Rep 2,Region East,Platform,15.74,false,82,true
2024-09-14,referral,tech,enterprise,133993.55,Rep 2,Region Central,Suite,1.03,true,91,true
2024-06-24,referral,healthcare,medium,23673.43,Rep 5,Region West,Standalone,8.63,true,49,false
2024-11-18,referral,tech,medium,28919.86,Rep 1,Region West,Platform,19.72,true,75,true
2025-09-24,cold_call,healthcare,medium,22468.87,Rep 4,Region West,Standalone,9.56,true,46,true
2025-05-28,paid,tech,small,7449.65,Rep 1,Region East,Platform,1.47,false,29,false
2024-02-17,organic,manufacturing,small,5564.75,Rep 5,Region West,Platform,11.86,false,100,true
2024-01-17,organic,retail,small,8200.59,Rep 1,Region South,Platform,6.94,false,59,true
2024-01-24,webinar,healthcare,small,7048.35,Rep 6,Region Central,Platform,8.72,false,54,false
2025-01-28,referral,finance,enterprise,167200.37,Rep 2,Region East,Platform,6.7,false,65,true
2025-04-29,paid,healthcare,large,72184.69,Rep 7,Region South,Platform,0.0,true,57,false
2024-02-02,paid,manufacturing,small,5299.13,Rep 8,Region South,Platform,13.55,false,62,false
2025-03-12,organic,tech,enterprise,214598.77,Rep 1,Region East,Suite,8.84,false,53,false
2024-08-04,webinar,finance,large,59356.97,Rep 5,Region East,Standalone,14.54,false,43,false
2025-01-19,referral,tech,large,43201.73,Rep 5,Region Central,Standalone,8.4,true,77,true
2025-01-05,referral,retail,medium,19087.37,Rep 7,Region Central,Suite,18.64,false,72,false
2024-07-10,organic,retail,medium,27178.65,Rep 2,Region West,Suite,15.47,false,76,true
2024-10-16,webinar,manufacturing,small,8615.65,Rep 7,Region West,Platform,0.0,false,100,true
2025-11-27,referral,healthcare,large,51194.62,Rep 7,Region East,Suite,18.46,false,88,true
2024-06-02,organic,finance,enterprise,167836.5,Rep 2,Region East,Platform,7.83,false,55,false
2024-04-17,organic,retail,medium,22274.23,Rep 8,Region West,Platform,1.4,false,37,true
2025-02-14,cold_call,healthcare,large,64874.77,Rep 7,Region South,Suite,7.33,false,95,true
2025-04-28,referral,tech,medium,27457.23,Rep 6,Region West,Standalone,31.63,false,58,false
2024-04-25,referral,healthcare,small,8691.05,Rep 2,Region East,Platform,10.18,false,83,true
2025-05-30,webinar,retail,large,53414.48,Rep 6,Region South,Platform,13.88,false,38,false
2025-05-28,referral,tech,small,6516.86,Rep 1,Region West,Platform,18.31,true,58,false
2025-02-22,referral,manufacturing,small,10474.42,Rep 1,Region West,Platform,7.36,false,22,false
2025-05-25,paid,tech,enterprise,176861.27,Rep 2,Region Central,Standalone,12.2,false,65,true
2024-04-05,cold_call,finance,large,66372.03,Rep 4,Region East,Suite,7.12,false,41,false
2025-11-13,organic,tech,small,8594.44,Rep 5,Region South,Platform,18.67,true,49,false
2025-08-07,cold_call,manufacturing,large,62165.7,Rep 8,Region Central,Standalone,9.75,true,54,true
2024-10-12,webinar,retail,small,7759.71,Rep 6,Region West,Platform,12.73,true,61,false
2025-05-23,referral,finance,enterprise,167992.73,Rep 2,Region East,Platform,8.3,true,72,true
2025-05-15,referral,tech,medium,26006.19,Rep 6,Region Central,Suite,27.64,true,78,true
2025-11-26,organic,retail,small,10805.72,Rep 6,Region Central,Platform,17.74,false,44,true
2024-01-30,referral,finance,large,46564.67,Rep 5,Region East,Platform,24.66,false,68,true
2024-04-18,paid,tech,large,74378.91,Rep 6,Region West,Standalone,9.91,false,87,false
2025-07-20,cold_call,finance,small,6410.55,Rep 3,Region East,Platform,14.53,true,54,false
2025-08-26,referral,finance,large,64948.14,Rep 7,Region East,Standalone,25.79,true,52,false
2024-10-31,paid,healthcare,enterprise,126452.25,Rep 4,Region East,Suite,10.58,false,14,false
2025-08-11,cold_call,healthcare,large,70740.1,Rep 1,Region South,Standalone,11.89,false,76,true
2025-01-12,cold_call,manufacturing,medium,26459.07,Rep 7,Region Central,Suite,6.95,false,44,false
2025-10-31,paid,tech,medium,28222.02,Rep 8,Region West,Suite,0.0,false,40,false
2025-04-11,organic,tech,medium,26540.99,Rep 5,Region West,Standalone,20.3,false,86,true
2025-01-13,referral,retail,large,66471.87,Rep 8,Region Central,Standalone,11.89,false,37,false
2025-07-30,referral,retail,medium,27678.8,Rep 6,Region South,Platform,19.46,false,44,false
2024-11-14,referral,manufacturing,enterprise,165071.17,Rep 5,Region East,Standalone,24.86,false,75,true
2025-07-24,referral,manufacturing,large,78227.35,Rep 8,Region Central,Suite,10.95,false,44,true
2024-01-06,webinar,retail,medium,20792.77,Rep 6,Region South,Platform,15.71,true,95,true
2024-02-12,referral,retail,medium,23868.52,Rep 5,Region West,Suite,6.85,true,43,false
2025-08-24,cold_call,retail,small,8238.08,Rep 4,Region West,Platform,6.34,true,71,true
2024-03-12,referral,healthcare,small,8875.29,Rep 1,Region Central,Platform,19.87,false,88,true
2024-04-04,referral,healthcare,large,67646.2,Rep 8,Region West,Standalone,29.65,true,59,true
2025-05-10,paid,healthcare,small,6559.23,Rep 2,Region South,Platform,9.45,false,52,false
2024-05-26,webinar,manufacturing,enterprise,169166.9,Rep 2,Region West,Standalone,13.54,true,96,true
2024-11-04,referral,manufacturing,small,7537.48,Rep 4,Region East,Platform,19.69,false,71,true
2025-09-03,referral,tech,large,51563.9,Rep 1,Region Central,Suite,12.93,true,80,true
2024-05-13,organic,finance,medium,25364.04,Rep 5,Region East,Platform,0.0,true,47,false
2025-11-12,referral,retail,small,6181.06,Rep 5,Region West,Platform,21.49,false,51,false
2024-12-30,paid,tech,enterprise,147251.95,Rep 2,Region South,Platform,4.0,false,65,true
2025-06-05,referral,healthcare,large,68449.52,Rep 2,Region Central,Suite,1.67,true,99,true
2024-03-04,webinar,healthcare,small,11053.23,Rep 1,Region East,Platform,16.08,true,47,false
2025-04-13,cold_call,retail,enterprise,158367.21,Rep 2,Region South,Suite,2.53,true,68,true
2025-08-28,referral,retail,small,8484.53,Rep 1,Region East,Platform,21.51,true,44,false
2024-03-26,referral,retail,small,7963.68,Rep 1,Region East,Platform,15.87,false,58,true
2024-04-04,referral,retail,large,51456.16,Rep 3,Region East,Standalone,19.05,true,44,false
2025-05-26,webinar,manufacturing,medium,27809.55,Rep 6,Region East,Suite,7.2,true,70,false
2025-10-28,cold_call,retail,small,8522.1,Rep 6,Region Central,Platform,15.23,false,78,true
2025-09-03,referral,tech,small,9133.69,Rep 8,Region Central,Platform,22.45,true,68,true
2024-05-01,cold_call,retail,small,7155.65,Rep 7,Region Central,Platform,13.68,false,62,false
2025-05-13,webinar,healthcare,small,10893.04,Rep 3,Region Central,Platform,15.46,true,31,false
2024-02-16,cold_call,tech,large,43408.15,Rep 8,Region Central,Standalone,0.88,false,26,false
2025-09-12,paid,finance,large,62937.14,Rep 4,Region East,Suite,0.0,false,76,true
2025-07-26,cold_call,tech,large,44651.98,Rep 1,Region South,Standalone,5.85,false,75,true
2025-08-25,webinar,finance,small,9691.13,Rep 2,Region East,Platform,10.56,true,51,true
2025-07-02,webinar,healthcare,large,69658.63,Rep 4,Region Central,Standalone,9.88,false,39,false
2024-06-18,paid,manufacturing,medium,25590.36,Rep 3,Region East,Platform,17.45,true,69,true
2025-07-19,cold_call,tech,medium,32947.1,Rep 5,Region Central,Platform,3.43,false,19,true
2024-05-22,referral,tech,medium,26162.31,Rep 2,Region South,Platform,21.02,true,49,false
2025-01-22,organic,retail,small,9257.44,Rep 1,Region Central,Platform,13.83,false,62,true
2025-04-29,cold_call,manufacturing,small,8234.81,Rep 5,Region South,Platform,9.03,true,55,false
2025-03-28,organic,tech,large,69032.74,Rep 3,Region East,Suite,4.17,true,58,false
2024-02-03,organic,tech,large,59530.1,Rep 7,Region West,Standalone,0.0,false,47,false
2024-01-07,referral,manufacturing,medium,26271.82,Rep 6,Region East,Platform,25.5,true,62,true
2024-06-17,referral,tech,large,55239.92,Rep 6,Region Central,Platform,22.91,false,85,true
2024-01-08,webinar,tech,medium,24031.99,Rep 2,Region East,Platform,29.52,true,72,false
2024-04-05,paid,manufacturing,medium,18146.68,Rep 4,Region Central,Suite,10.79,false,66,true
2024-07-19,referral,finance,enterprise,177294.69,Rep 2,Region Central,Platform,5.81,false,67,true
2024-04-01,referral,tech,large,33740.72,Rep 1,Region Central,Standalone,5.59,false,59,true
2024-03-28,cold_call,tech,small,5869.06,Rep 4,Region East,Platform,0.65,true,100,true
2024-02-18,referral,finance,small,9134.17,Rep 6,Region East,Platform,18.95,true,32,true
2025-06-17,referral,tech,small,7738.43,Rep 5,Region Central,Platform,21.83,false,26,true
2025-09-18,referral,tech,small,8799.58,Rep 4,Region Central,Platform,11.63,false,34,true
2025-03-11,referral,healthcare,small,6842.01,Rep 6,Region South,Platform,22.06,true,46,false
2025-05-31,paid,retail,small,10011.22,Rep 3,Region Central,Platform,13.37,false,45,false
2025-10-19,webinar,tech,medium,22888.35,Rep 6,Region West,Platform,20.82,false,29,true
2024-02-19,organic,manufacturing,medium,20150.23,Rep 8,Region East,Suite,1.06,true,37,false
2025-08-10,cold_call,tech,large,65434.01,Rep 5,Region South,Suite,12.57,true,56,true
2024-04-18,cold_call,healthcare,large,43641.23,Rep 8,Region East,Platform,12.4,false,31,false
2025-08-02,organic,finance,small,8727.06,Rep 8,Region East,Platform,20.88,true,92,true
2024-06-02,organic,manufacturing,small,7041.5,Rep 5,Region East,Platform,13.18,false,35,false
2024-01-03,paid,finance,medium,14769.4,Rep 3,Region East,Platform,3.18,false,60,false
2025-12-29,webinar,healthcare,enterprise,146099.87,Rep 2,Region South,Platform,0.0,true,47,false
2025-09-19,cold_call,healthcare,large,66101.12,Rep 3,Region Central,Platform,17.09,false,59,false
2025-10-16,referral,finance,small,12578.26,Rep 6,Region East,Suite,19.46,false,78,true
2025-08-28,referral,manufacturing,small,8225.19,Rep 7,Region West,Platform,12.94,true,74,true
2025-06-23,referral,healthcare,small,7094.04,Rep 3,Region West,Platform,17.8,true,36,false
2024-04-26,referral,manufacturing,medium,27624.57,Rep 6,Region South,Standalone,26.1,false,56,false
2025-10-08,cold_call,healthcare,small,7012.72,Rep 3,Region Central,Platform,8.21,true,31,false
2024-05-26,referral,tech,small,7141.83,Rep 6,Region South,Platform,19.02,true,86,true
2025-12-16,referral,retail,small,12701.67,Rep 5,Region East,Suite,6.92,false,70,true
2024-12-07,organic,healthcare,small,6390.79,Rep 4,Region East,Platform,9.39,true,63,false
2025-02-17,webinar,healthcare,large,70200.17,Rep 8,Region South,Standalone,1.25,false,65,true
2025-04-12,webinar,healthcare,large,46346.99,Rep 6,Region Central,Suite,0.0,false,54,false
2024-12-16,paid,healthcare,medium,28034.08,Rep 1,Region South,Suite,11.33,false,56,false
2024-03-05,referral,finance,medium,20022.18,Rep 1,Region East,Suite,8.77,false,82,true
2025-01-19,referral,manufacturing,large,53526.24,Rep 5,Region South,Standalone,0.39,false,77,true
2024-07-14,paid,manufacturing,large,68655.65,Rep 5,Region East,Platform,8.81,false,58,false
2025-11-18,cold_call,healthcare,medium,30751.48,Rep 8,Region Central,Platform,8.28,false,54,false
2025-09-24,referral,manufacturing,small,9778.57,Rep 1,Region West,Platform,19.29,true,58,false
2025-07-17,referral,finance,medium,26785.85,Rep 8,Region East,Standalone,14.66,true,64,false
2024-08-06,paid,finance,large,51088.42,Rep 5,Region East,Suite,0.0,false,29,false
2025-04-07,paid,manufacturing,medium,29997.43,Rep 8,Region Central,Standalone,9.47,false,86,true
2025-09-04,referral,retail,small,9425.47,Rep 2,Region East,Platform,10.59,true,79,true
2025-12-01,referral,tech,medium,29073.77,Rep 7,Region East,Standalone,5.86,false,64,false
2024-09-13,cold_call,tech,small,8346.3,Rep 7,Region East,Platform,12.28,true,79,true
2024-09-19,referral,manufacturing,large,54423.55,Rep 2,Region South,Standalone,18.79,true,40,true
2025-11-29,paid,retail,medium,21313.79,Rep 5,Region East,Standalone,1.45,false,95,true
2025-07-28,referral,healthcare,small,7548.28,Rep 1,Region South,Platform,23.19,false,63,true
2024-01-16,webinar,finance,large,58195.56,Rep 3,Region East,Suite,16.87,true,33,true
2025-10-22,referral,retail,small,8553.49,Rep 5,Region Central,Platform,16.91,false,96,true
2025-07-13,cold_call,finance,small,9676.46,Rep 2,Region East,Platform,5.18,true,71,true
2025-06-04,paid,tech,medium,14748.99,Rep 1,Region South,Suite,11.02,false,51,false
2025-11-11,cold_call,finance,medium,28932.94,Rep 6,Region East,Platform,12.09,false,88,true
2024-03-01,referral,finance,large,63228.82,Rep 3,Region East,Standalone,8.08,false,85,true
2025-11-24,referral,tech,enterprise,140460.71,Rep 2,Region East,Standalone,23.3,false,68,true
2024-06-16,paid,healthcare,enterprise,162915.52,Rep 2,Region East,Platform,11.91,false,63,false
2024-01-12,cold_call,tech,medium,28849.81,Rep 4,Region South,Suite,6.62,false,65,true
2025-12-24,cold_call,finance,medium,26871.74,Rep 3,Region East,Suite,9.28,true,56,true
2025-05-06,webinar,finance,small,8241.79,Rep 5,Region West,Platform,16.64,false,55,true
2025-05-03,cold_call,tech,medium,28877.72,Rep 6,Region East,Platform,8.86,false,53,false
2025-10-06,referral,healthcare,medium,20469.72,Rep 5,Region East,Suite,15.77,false,72,true
2024-08-23,referral,manufacturing,small,5675.5,Rep 1,Region South,Platform,19.86,true,75,true
2025-05-07,cold_call,manufacturing,medium,25112.89,Rep 1,Region South,Platform,6.72,true,87,true
2024-07-27,paid,manufacturing,medium,23076.13,Rep 6,Region South,Platform,5.05,false,67,true
2025-09-14,cold_call,manufacturing,medium,23770.55,Rep 5,Region East,Platform,14.5,false,53,false
2025-02-17,organic,tech,large,61365.47,Rep 4,Region South,Suite,10.44,false,86,true
2025-06-16,paid,healthcare,small,8318.12,Rep 5,Region East,Platform,8.19,true,75,true
2025-05-24,referral,tech,enterprise,132413.65,Rep 3,Region Central,Suite,10.9,true,41,false
2024-10-24,referral,finance,medium,24853.04,Rep 4,Region East,Standalone,20.51,false,46,false
2024-04-10,organic,retail,small,8744.64,Rep 2,Region West,Platform,10.16,true,95,true
2024-11-12,referral,healthcare,large,56984.67,Rep 1,Region South,Platform,23.84,false,55,false
2025-08-28,cold_call,retail,medium,29342.67,Rep 8,Region West,Standalone,4.95,true,78,true
2025-06-18,webinar,manufacturing,enterprise,127245.37,Rep 2,Region West,Standalone,0.85,true,62,false
2025-07-23,referral,healthcare,small,6826.62,Rep 7,Region West,Platform,6.24,true,86,true
2024-06-04,paid,healthcare,small,6963.91,Rep 3,Region West,Platform,17.32,false,81,true
2024-01-15,referral,retail,small,7387.78,Rep 5,Region East,Platform,18.0,false,72,true
2025-06-08,cold_call,finance,enterprise,150798.22,Rep 2,Region East,Suite,14.07,true,58,true
2025-02-06,referral,tech,small,7313.49,Rep 3,Region West,Platform,23.42,true,40,false
2024-07-12,referral,tech,small,8003.56,Rep 1,Region Central,Platform,21.97,false,73,true
2025-08-09,referral,tech,medium,24940.61,Rep 2,Region West,Standalone,0.54,false,57,false
2024-08-22,paid,finance,large,77077.93,Rep 1,Region East,Standalone,5.62,false,63,false
2025-07-11,webinar,tech,medium,19697.24,Rep 5,Region East,Suite,17.21,false,53,false
2024-04-08,referral,tech,large,70625.28,Rep 1,Region South,Suite,22.16,false,53,true
2025-04-29,referral,retail,large,57985.39,Rep 7,Region East,Platform,25.1,false,24,false
2025-01-20,webinar,finance,large,75891.29,Rep 2,Region East,Suite,10.89,true,50,false
2025-02-23,referral,manufacturing,small,6997.97,Rep 3,Region South,Platform,22.49,true,37,true
2024-04-02,referral,retail,large,48190.18,Rep 7,Region Central,Platform,13.16,false,75,true
2025-09-03,webinar,retail,medium,26878.87,Rep 5,Region South,Standalone,3.8,false,37,false
2024-10-17,webinar,finance,medium,23215.27,Rep 5,Region East,Standalone,3.91,false,61,false
2025-08-27,cold_call,finance,medium,17876.08,Rep 3,Region East,Standalone,26.23,true,71,true
2024-06-01,cold_call,manufacturing,medium,26330.09,Rep 8,Region West,Platform,13.8,true,75,true
2025-02-03,paid,retail,small,7505.19,Rep 2,Region West,Platform,17.31,false,52,true
2024-12-28,webinar,retail,large,44728.63,Rep 6,Region Central,Platform,16.64,false,45,true
2024-11-19,cold_call,finance,medium,25291.05,Rep 1,Region East,Suite,12.75,false,57,false
2024-06-05,referral,tech,enterprise,164072.83,Rep 2,Region East,Suite,18.54,false,68,true
2024-01-03,webinar,finance,medium,18202.39,Rep 3,Region East,Platform,12.65,false,55,false
2025-07-18,referral,healthcare,small,13969.2,Rep 6,Region West,Suite,25.05,true,66,true
2024-11-18,organic,finance,large,55764.27,Rep 7,Region East,Standalone,8.62,false,77,true
2025-11-12,paid,manufacturing,medium,24521.72,Rep 5,Region East,Platform,12.62,false,55,false
2025-10-17,paid,retail,large,46817.48,Rep 8,Region Central,Platform,8.05,true,78,true
2024-07-21,organic,healthcare,large,47307.85,Rep 2,Region East,Suite,4.15,true,71,true
2024-01-15,referral,finance,small,5732.48,Rep 4,Region East,Platform,20.43,false,23,false
2024-01-25,referral,manufacturing,medium,30944.02,Rep 5,Region West,Platform,3.53,true,81,true
2025-01-15,webinar,finance,enterprise,141539.41,Rep 3,Region East,Platform,0.9,false,88,true
2024-02-05,webinar,retail,medium,18053.66,Rep 7,Region East,Platform,9.77,true,43,true
2025-07-29,referral,finance,medium,23408.01,Rep 5,Region East,Platform,0.0,false,43,false
2024-06-03,webinar,retail,medium,28059.28,Rep 5,Region East,Platform,10.9,false,77,true
2024-06-08,webinar,tech,small,7701.28,Rep 5,Region East,Platform,15.68,false,58,false
2024-02-22,paid,finance,small,8756.69,Rep 7,Region East,Platform,0.0,true,68,true
2024-01-11,organic,manufacturing,medium,31282.53,Rep 4,Region Central,Standalone,17.55,true,83,true
2024-09-22,paid,finance,medium,18637.19,Rep 4,Region East,Standalone,13.34,false,97,true
2024-07-28,referral,retail,enterprise,159956.67,Rep 2,Region East,Platform,26.18,false,66,true
2025-01-23,paid,finance,medium,25522.66,Rep 3,Region East,Suite,5.37,false,50,true
2025-05-26,referral,finance,medium,23920.4,Rep 3,Region East,Suite,15.63,true,56,false
2024-10-01,webinar,healthcare,large,52460.43,Rep 6,Region South,Standalone,8.45,true,86,true
2024-03-10,organic,manufacturing,small,8151.19,Rep 1,Region West,Platform,14.7,false,88,true
2024-06-20,referral,finance,small,4788.19,Rep 3,Region East,Platform,17.42,false,70,true
2025-07-25,organic,retail,medium,19970.13,Rep 2,Region West,Standalone,14.43,true,43,true
2025-04-21,webinar,manufacturing,small,7390.57,Rep 7,Region Central,Platform,0.0,false,55,false
2025-01-19,organic,manufacturing,large,60556.07,Rep 6,Region Central,Platform,15.84,false,61,false
2025-09-24,organic,manufacturing,medium,17778.68,Rep 4,Region South,Standalone,13.44,true,78,true
2024-05-19,referral,retail,medium,25167.65,Rep 4,Region Central,Standalone,12.3,false,69,true
2024-01-16,organic,retail,medium,27387.13,Rep 8,Region West,Standalone,12.3,false,73,true
2024-02-20,webinar,retail,small,7410.79,Rep 8,Region Central,Platform,0.32,false,60,true
2025-02-05,organic,retail,small,9915.67,Rep 2,Region Central,Platform,3.72,false,79,true
2025-08-16,paid,retail,enterprise,166467.65,Rep 2,Region East,Suite,16.79,false,17,false
2025-12-04,referral,tech,large,75991.62,Rep 7,Region South,Standalone,23.25,false,82,true
2025-10-31,organic,tech,medium,32213.77,Rep 8,Region Central,Platform,5.65,false,88,true
2025-10-24,referral,tech,medium,25970.37,Rep 4,Region East,Platform,4.4,false,84,true
2024-03-14,organic,tech,large,74341.41,Rep 6,Region East,Platform,3.81,true,7,false
2024-12-22,webinar,finance,small,9601.01,Rep 1,Region East,Platform,0.0,true,61,true
2024-05-11,referral,tech,medium,29101.41,Rep 4,Region West,Platform,1.75,true,64,false
2025-10-22,paid,healthcare,medium,28715.44,Rep 8,Region East,Suite,11.55,true,42,true
2024-04-07,cold_call,retail,large,51514.04,Rep 4,Region East,Platform,22.48,true,42,true
2025-04-03,referral,tech,medium,23955.55,Rep 4,Region West,Standalone,20.14,false,20,true
2024-09-23,cold_call,manufacturing,small,5651.03,Rep 4,Region Central,Platform,15.22,true,60,false
2025-12-31,webinar,manufacturing,large,53343.52,Rep 6,Region West,Standalone,6.73,false,52,false
2024-08-01,webinar,retail,small,7026.52,Rep 8,Region West,Platform,0.85,false,69,true
2025-05-11,referral,retail,medium,25640.88,Rep 7,Region West,Platform,21.76,false,39,false
2024-11-04,paid,finance,medium,20253.95,Rep 8,Region East,Standalone,7.49,false,66,true
2025-05-06,cold_call,finance,large,58659.39,Rep 6,Region East,Standalone,7.19,false,41,true
2025-03-31,cold_call,finance,medium,37181.4,Rep 3,Region East,Standalone,15.55,false,48,true
2024-11-18,organic,retail,large,66817.48,Rep 8,Region South,Standalone,0.0,true,57,false
2025-10-02,referral,healthcare,small,9811.33,Rep 5,Region Central,Platform,11.13,false,65,true
2024-05-18,paid,tech,small,10873.09,Rep 7,Region West,Platform,10.85,false,84,true
2024-05-07,cold_call,tech,medium,25290.56,Rep 4,Region South,Suite,0.0,false,77,true
2024-03-30,cold_call,tech,small,6991.51,Rep 4,Region West,Platform,9.7,false,50,true
2024-04-26,cold_call,finance,small,10128.81,Rep 4,Region East,Platform,7.04,false,43,true
2025-06-19,referral,retail,large,61276.3,Rep 4,Region West,Suite,29.96,false,49,false
2024-10-21,referral,finance,large,62494.01,Rep 2,Region East,Standalone,1.18,false,49,true
2024-01-28,referral,healthcare,large,60085.44,Rep 5,Region Central,Platform,33.01,true,57,true
2025-10-14,paid,manufacturing,enterprise,161881.97,Rep 2,Region Central,Platform,14.54,false,48,false
2024-11-16,webinar,healthcare,small,6910.85,Rep 3,Region East,Platform,0.0,false,61,true
2025-04-21,organic,healthcare,small,7684.85,Rep 7,Region West,Platform,5.8,false,18,false
2024-12-23,organic,manufacturing,large,65655.32,Rep 7,Region West,Platform,14.99,false,72,true
2025-06-30,referral,retail,large,71085.79,Rep 8,Region West,Standalone,25.42,false,65,true
2025-09-14,paid,tech,small,9050.7,Rep 1,Region Central,Platform,6.35,false,33,true
2024-08-08,paid,tech,small,8500.34,Rep 7,Region West,Platform,2.26,false,56,false
2025-04-15,webinar,manufacturing,large,59659.34,Rep 3,Region Central,Standalone,6.6,false,34,true
2025-10-15,cold_call,retail,medium,25014.62,Rep 4,Region Central,Platform,12.22,false,42,false
2024-01-11,cold_call,retail,medium,15273.12,Rep 2,Region West,Platform,5.89,true,67,true
2025-10-03,organic,finance,large,66528.55,Rep 8,Region East,Platform,5.82,true,18,false
2025-03-11,organic,finance,enterprise,137435.22,Rep 2,Region East,Suite,14.76,true,79,true
2025-09-17,referral,tech,small,7424.58,Rep 4,Region South,Platform,19.58,true,61,false
2025-01-24,webinar,retail,enterprise,126078.77,Rep 2,Region Central,Suite,7.45,false,37,true
2025-10-27,cold_call,finance,large,56976.34,Rep 8,Region East,Standalone,8.17,false,49,true
2024-01-02,organic,tech,medium,19522.45,Rep 6,Region West,Standalone,14.49,false,60,true
2025-04-15,organic,retail,enterprise,169541.77,Rep 7,Region East,Suite,12.13,true,68,true
2024-02-10,referral,retail,medium,31971.07,Rep 6,Region Central,Suite,19.72,false,73,true
2024-03-16,paid,retail,medium,24463.08,Rep 8,Region Central,Standalone,8.03,true,89,true
2025-04-02,cold_call,retail,small,8916.0,Rep 7,Region South,Platform,10.21,false,88,true
2024-08-26,cold_call,retail,enterprise,155615.37,Rep 2,Region Central,Suite,11.75,false,70,true
2025-03-11,organic,finance,small,9595.5,Rep 8,Region East,Platform,14.87,true,90,true
2024-12-16,referral,finance,small,7050.8,Rep 3,Region East,Platform,20.25,false,70,false
2025-10-22,referral,tech,large,67827.54,Rep 1,Region East,Standalone,10.71,true,17,true
2025-10-13,referral,finance,small,5923.58,Rep 6,Region East,Platform,9.02,true,47,false
2025-07-28,cold_call,healthcare,medium,25051.11,Rep 6,Region West,Platform,17.84,false,47,false
2025-06-29,referral,healthcare,large,62490.2,Rep 6,Region East,Platform,18.26,true,81,true
2024-11-30,referral,retail,enterprise,127935.38,Rep 3,Region West,Standalone,23.33,true,55,false
2024-12-23,cold_call,manufacturing,small,6516.02,Rep 4,Region West,Platform,15.9,false,77,true
2025-11-16,referral,tech,small,7856.85,Rep 3,Region Central,Platform,21.51,false,58,false
2025-07-09,referral,finance,small,5586.79,Rep 1,Region East,Platform,9.23,true,100,true
2025-06-29,referral,retail,small,10259.45,Rep 3,Region Central,Platform,28.15,true,69,true
2024-08-24,paid,tech,enterprise,156568.54,Rep 4,Region Central,Standalone,11.68,false,84,true
2024-08-14,cold_call,healthcare,large,52307.82,Rep 1,Region East,Standalone,0.0,false,77,true
2024-05-24,cold_call,manufacturing,medium,25871.56,Rep 1,Region Central,Suite,9.74,true,48,false
2025-10-16,cold_call,retail,small,8425.32,Rep 3,Region Central,Platform,13.68,true,46,false
2024-03-04,referral,finance,large,51754.15,Rep 8,Region East,Platform,18.07,true,56,true
2025-12-09,paid,tech,large,81424.1,Rep 1,Region West,Standalone,13.91,false,58,false
2024-03-21,organic,finance,small,8997.48,Rep 6,Region East,Platform,15.86,false,84,true
2025-08-12,webinar,retail,medium,25009.27,Rep 3,Region Central,Suite,9.08,true,79,true
2025-11-15,referral,retail,large,55327.66,Rep 5,Region South,Standalone,19.62,true,54,false
2024-04-28,webinar,manufacturing,medium,26985.32,Rep 5,Region Central,Standalone,13.49,false,71,true
2025-08-28,organic,healthcare,large,61495.59,Rep 6,Region Central,Standalone,3.92,true,76,true
2024-12-02,webinar,manufacturing,enterprise,113014.81,Rep 2,Region East,Suite,19.44,false,46,false
2025-09-09,referral,manufacturing,large,68484.43,Rep 8,Region West,Standalone,18.64,false,40,false
2025-12-31,organic,healthcare,small,8359.99,Rep 8,Region Central,Platform,0.15,true,70,true
2024-02-16,cold_call,retail,small,7145.61,Rep 3,Region West,Platform,3.57,false,37,false
2025-08-03,paid,tech,medium,18094.26,Rep 3,Region South,Standalone,0.0,true,68,true
2025-01-25,referral,finance,large,73617.95,Rep 7,Region East,Standalone,26.35,true,23,true
2024-07-23,paid,tech,large,63333.05,Rep 8,Region South,Platform,11.19,false,34,true
2024-01-02,cold_call,tech,medium,29262.98,Rep 2,Region Central,Suite,12.44,true,27,true
2025-04-11,referral,manufacturing,large,66534.96,Rep 7,Region West,Platform,16.77,false,63,false
2025-06-19,webinar,tech,large,67505.82,Rep 7,Region Central,Platform,23.12,true,39,false
2024-11-18,referral,healthcare,medium,22433.3,Rep 2,Region South,Suite,30.08,true,64,false
2025-06-27,organic,finance,small,7220.68,Rep 3,Region East,Platform,13.57,true,78,true
2024-06-22,webinar,healthcare,small,8977.37,Rep 2,Region Central,Platform,20.73,false,41,true
2025-02-25,organic,finance,small,8019.33,Rep 2,Region East,Platform,12.7,false,7,false
2024-01-02,webinar,tech,enterprise,167286.27,Rep 2,Region South,Standalone,12.3,false,74,true
2024-10-04,paid,manufacturing,small,8395.72,Rep 8,Region Central,Platform,16.81,true,40,false
2024-07-20,organic,finance,medium,30053.74,Rep 7,Region East,Suite,9.18,false,57,true
2025-02-05,webinar,finance,medium,25695.27,Rep 7,Region South,Standalone,15.32,false,81,true
2025-09-05,referral,manufacturing,large,59539.55,Rep 2,Region Central,Standalone,25.39,false,33,true
2024-04-29,referral,manufacturing,small,8282.72,Rep 8,Region West,Platform,21.91,false,52,false
2024-06-10,webinar,healthcare,medium,26380.03,Rep 8,Region South,Suite,5.41,false,76,true
2024-04-13,referral,manufacturing,large,71369.3,Rep 7,Region Central,Standalone,29.66,false,45,true
2024-07-12,paid,finance,large,73487.26,Rep 7,Region East,Platform,7.14,false,43,true
2024-01-12,referral,healthcare,medium,22605.61,Rep 4,Region East,Standalone,24.96,false,59,false
2024-09-22,referral,retail,small,6089.58,Rep 5,Region West,Platform,23.28,false,95,true
2024-05-23,paid,retail,large,54833.31,Rep 5,Region Central,Platform,9.37,false,44,false
2025-05-16,webinar,manufacturing,small,9376.48,Rep 8,Region Central,Platform,7.21,false,92,true
2025-05-26,cold_call,finance,medium,17340.02,Rep 8,Region East,Platform,5.05,true,74,true
2024-02-11,referral,finance,medium,22200.59,Rep 5,Region East,Standalone,3.64,false,65,true
2025-09-04,referral,tech,small,11040.01,Rep 5,Region South,Platform,27.83,true,55,true
2025-12-01,referral,tech,small,6081.0,Rep 3,Region Central,Platform,19.7,true,78,true
2024-02-19,referral,healthcare,small,7562.06,Rep 5,Region East,Suite,21.84,false,68,true
2024-09-07,referral,tech,enterprise,144990.78,Rep 2,Region South,Standalone,13.27,false,32,false
2024-05-21,cold_call,tech,large,49112.66,Rep 6,Region Central,Suite,15.07,true,71,true
2025-05-05,referral,healthcare,medium,30735.76,Rep 8,Region Central,Standalone,18.19,false,67,true
2025-03-31,organic,retail,small,5976.28,Rep 7,Region West,Platform,14.25,false,55,false
2024-09-18,organic,finance,large,48639.09,Rep 3,Region East,Standalone,12.78,false,88,true
2024-07-28,referral,tech,medium,24330.68,Rep 7,Region East,Suite,18.6,true,68,true
2024-08-09,referral,tech,small,8413.08,Rep 1,Region East,Platform,24.56,false,62,false
2024-01-13,organic,tech,medium,23581.69,Rep 3,Region East,Suite,4.75,true,32,false
2025-12-01,referral,finance,medium,17289.36,Rep 3,Region East,Platform,2.91,false,78,true
2024-07-12,paid,healthcare,small,6901.48,Rep 3,Region East,Platform,16.77,false,73,true
2025-08-15,organic,manufacturing,small,8724.39,Rep 1,Region Central,Platform,1.54,true,69,true
2025-12-25,paid,retail,small,8403.97,Rep 6,Region Central,Platform,15.86,false,78,false
2025-08-12,paid,tech,medium,26081.69,Rep 4,Region West,Standalone,10.68,false,50,false
2024-04-12,cold_call,tech,medium,30457.98,Rep 5,Region South,Suite,10.02,false,84,true
2024-06-16,cold_call,tech,small,6742.59,Rep 7,Region South,Platform,10.89,false,78,true
2025-03-03,referral,healthcare,small,7544.06,Rep 3,Region West,Platform,22.53,false,61,false
2025-11-28,cold_call,manufacturing,enterprise,149843.05,Rep 3,Region Central,Suite,7.02,false,63,true
2024-11-19,referral,finance,enterprise,146984.58,Rep 2,Region East,Standalone,8.24,false,58,false
2025-08-31,paid,healthcare,small,8324.29,Rep 6,Region West,Suite,3.89,false,47,false
2025-03-27,cold_call,finance,small,6891.85,Rep 8,Region East,Platform,13.28,false,51,true
2024-11-09,webinar,retail,medium,19765.15,Rep 5,Region South,Platform,6.95,false,35,true
2025-10-06,paid,tech,medium,25496.04,Rep 7,Region East,Suite,19.11,false,74,true
2024-05-02,cold_call,tech,medium,19674.18,Rep 3,Region South,Platform,8.46,false,76,true
2025-02-12,referral,tech,small,9476.25,Rep 2,Region West,Platform,18.72,false,27,false
2025-10-08,referral,retail,medium,26377.62,Rep 6,Region Central,Platform,18.96,true,59,false
2024-09-19,referral,healthcare,small,8382.9,Rep 5,Region South,Platform,29.15,true,60,true
2025-09-16,webinar,finance,small,6734.79,Rep 7,Region East,Platform,11.02,false,53,true
2025-11-16,organic,healthcare,medium,24633.65,Rep 4,Region South,Standalone,6.04,true,36,false
2024-01-21,webinar,tech,medium,32920.35,Rep 6,Region Central,Platform,8.93,false,81,true
2024-12-30,paid,retail,large,81139.52,Rep 8,Region West,Platform,9.61,false,60,true
2025-01-12,paid,manufacturing,medium,25628.71,Rep 3,Region West,Suite,0.0,false,62,false
2025-11-25,webinar,manufacturing,large,60839.97,Rep 3,Region Central,Suite,10.71,false,15,true
2024-10-10,organic,retail,medium,24757.0,Rep 1,Region Central,Suite,1.64,true,50,false
2024-05-02,referral,tech,large,41090.29,Rep 6,Region East,Standalone,4.15,false,78,false
2024-05-01,cold_call,retail,small,9374.69,Rep 3,Region Central,Platform,15.98,false,30,false
2024-12-09,webinar,finance,large,51028.42,Rep 6,Region East,Platform,2.62,false,71,true
2025-11-24,referral,healthcare,large,75671.51,Rep 7,Region Central,Platform,23.1,false,70,true
2025-02-19,webinar,retail,enterprise,144725.85,Rep 2,Region Central,Platform,16.01,true,35,false
2024-07-21,cold_call,healthcare,large,51663.93,Rep 2,Region South,Standalone,13.05,false,21,true
2025-05-18,referral,healthcare,medium,23253.4,Rep 6,Region Central,Suite,21.93,false,53,true
2024-11-17,cold_call,tech,small,8744.05,Rep 5,Region West,Platform,13.7,false,63,false
2025-12-08,referral,healthcare,medium,25833.44,Rep 8,Region West,Platform,20.01,false,100,true
2025-03-13,webinar,retail,medium,23084.06,Rep 6,Region West,Standalone,8.69,false,100,true
2024-05-06,webinar,manufacturing,large,57380.21,Rep 6,Region East,Suite,17.92,false,30,true
2025-09-12,referral,finance,small,9932.51,Rep 3,Region East,Platform,5.77,false,32,true
2025-05-19,cold_call,healthcare,enterprise,131002.38,Rep 2,Region West,Platform,13.43,true,59,false
2025-11-16,webinar,tech,large,62915.7,Rep 6,Region West,Suite,10.54,false,25,false
2025-03-13,referral,tech,large,49273.69,Rep 8,Region South,Suite,11.31,false,94,true
2025-10-23,referral,retail,enterprise,157742.39,Rep 2,Region Central,Platform,19.26,false,59,false
2025-12-05,paid,manufacturing,enterprise,107656.44,Rep 2,Region Central,Standalone,15.73,false,97,true
2024-02-16,cold_call,finance,small,6561.72,Rep 6,Region East,Platform,13.98,true,59,true
2025-01-04,webinar,finance,medium,30398.35,Rep 4,Region East,Standalone,2.97,false,66,true
2024-03-10,webinar,finance,medium,25272.53,Rep 6,Region East,Platform,17.76,true,74,true
2025-12-12,cold_call,finance,small,9303.92,Rep 2,Region East,Platform,15.45,true,69,true
2024-05-04,referral,finance,medium,19548.68,Rep 4,Region East,Standalone,17.63,false,77,true
2024-09-30,cold_call,manufacturing,medium,27473.14,Rep 7,Region South,Platform,10.05,false,55,false
2025-11-07,cold_call,retail,enterprise,154100.44,Rep 2,Region East,Platform,0.42,false,47,true
2025-03-01,referral,tech,medium,19884.35,Rep 7,Region Central,Platform,21.38,false,52,false
2025-05-07,cold_call,manufacturing,small,10639.37,Rep 5,Region Central,Platform,1.34,false,52,false
2025-11-01,cold_call,retail,large,48844.21,Rep 5,Region West,Standalone,2.64,true,36,false
2024-02-20,referral,healthcare,medium,24223.3,Rep 3,Region West,Suite,23.09,true,54,false
2024-02-11,cold_call,tech,small,5385.76,Rep 6,Region West,Platform,9.7,true,79,true
2024-01-14,cold_call,finance,medium,25014.01,Rep 2,Region East,Suite,4.61,false,71,true
2024-08-09,referral,tech,medium,27707.92,Rep 4,Region Central,Standalone,3.03,true,49,false
2024-12-06,organic,tech,medium,31896.24,Rep 5,Region West,Standalone,14.28,false,99,true
2025-07-02,cold_call,tech,small,9046.65,Rep 2,Region East,Suite,15.62,false,69,true
2025-10-23,referral,finance,small,7833.4,Rep 6,Region East,Platform,4.39,false,37,false
2024-01-06,referral,healthcare,medium,24673.58,Rep 7,Region South,Standalone,18.62,true,37,false
2024-12-24,referral,finance,large,57164.13,Rep 2,Region East,Suite,18.38,true,72,true
2025-10-26,webinar,finance,medium,26581.27,Rep 4,Region East,Platform,0.0,false,83,true
2024-11-08,paid,finance,medium,25128.11,Rep 2,Region East,Platform,9.92,true,28,false
2024-07-29,organic,finance,large,51965.15,Rep 1,Region East,Suite,0.0,false,35,true
2025-01-05,paid,retail,large,52106.13,Rep 7,Region Central,Suite,14.99,false,68,true
2025-04-17,referral,finance,large,60503.29,Rep 7,Region East,Suite,18.88,false,72,true
2024-12-18,webinar,tech,small,7781.13,Rep 7,Region Central,Platform,5.86,false,40,false
2024-01-08,paid,tech,small,9126.5,Rep 8,Region South,Platform,18.72,false,48,false
2025-12-22,referral,manufacturing,medium,21598.09,Rep 2,Region East,Platform,19.65,false,67,true
2025-02-24,referral,finance,small,6589.45,Rep 2,Region East,Platform,0.0,true,55,false
2025-07-11,paid,finance,medium,26778.79,Rep 7,Region East,Platform,16.03,true,85,true
2025-10-25,referral,healthcare,medium,19213.66,Rep 6,Region West,Standalone,28.15,true,33,false
2024-05-06,organic,tech,large,70955.1,Rep 7,Region Central,Standalone,12.29,true,81,true
2025-05-22,referral,finance,large,53464.59,Rep 5,Region East,Suite,0.0,false,45,true
2024-01-24,referral,tech,small,7620.11,Rep 1,Region Central,Suite,4.49,false,77,true
2025-12-25,paid,tech,medium,28124.63,Rep 8,Region East,Suite,16.42,true,51,false
2024-08-29,cold_call,finance,medium,18724.73,Rep 1,Region East,Suite,5.24,true,83,true
2025-04-27,webinar,tech,small,4665.65,Rep 5,Region East,Platform,2.45,true,48,false
2024-05-01,organic,finance,small,7718.5,Rep 2,Region East,Platform,6.67,false,44,false
2025-12-19,cold_call,healthcare,small,9780.65,Rep 2,Region West,Platform,7.0,false,77,true
2025-06-09,referral,healthcare,small,7657.75,Rep 6,Region Central,Platform,3.76,false,44,true
2025-08-12,webinar,tech,small,8372.57,Rep 7,Region West,Platform,12.51,false,45,true
2025-12-01,webinar,tech,large,42760.7,Rep 8,Region Central,Platform,5.91,false,46,true
2025-06-24,referral,manufacturing,small,9330.07,Rep 1,Region East,Platform,8.22,true,40,true
2024-03-11,organic,finance,enterprise,148825.52,Rep 2,Region East,Platform,15.25,false,61,true
2025-06-11,referral,tech,large,60873.94,Rep 5,Region Central,Platform,40.0,true,53,true
2025-08-15,webinar,retail,medium,24804.49,Rep 5,Region South,Suite,0.0,false,64,false
2024-10-15,webinar,tech,small,7022.73,Rep 7,Region South,Platform,9.55,true,57,true
2024-06-27,referral,healthcare,large,71073.49,Rep 6,Region South,Suite,6.02,false,70,true
2024-12-15,cold_call,tech,large,61172.72,Rep 2,Region Central,Platform,13.03,false,93,true
2025-01-25,webinar,manufacturing,small,9160.78,Rep 1,Region East,Platform,19.95,true,96,true
2025-11-03,organic,healthcare,small,6304.71,Rep 1,Region West,Platform,5.48,true,61,false
2024-03-16,referral,finance,small,8957.66,Rep 6,Region East,Platform,7.47,true,48,false
2025-10-08,referral,retail,enterprise,156086.77,Rep 2,Region South,Standalone,0.0,false,50,false
2024-03-07,cold_call,tech,large,58329.22,Rep 8,Region South,Platform,14.57,true,63,false
2025-05-21,paid,finance,small,8568.18,Rep 5,Region East,Platform,12.81,false,48,false
2025-07-21,organic,finance,medium,29149.73,Rep 1,Region East,Platform,9.67,false,56,false
2025-06-23,organic,manufacturing,small,10313.45,Rep 4,Region East,Platform,5.29,false,44,false
2025-11-02,referral,healthcare,small,8483.33,Rep 8,Region East,Platform,21.0,true,95,false
2024-12-10,referral,retail,large,53311.2,Rep 6,Region South,Suite,1.55,false,61,false
2025-05-07,paid,manufacturing,large,69942.41,Rep 4,Region South,Standalone,21.96,false,57,false
2024-06-30,referral,tech,medium,28927.47,Rep 7,Region West,Platform,29.5,true,42,false
2024-06-21,webinar,finance,medium,16365.51,Rep 7,Region East,Platform,7.47,false,71,true
2025-10-23,referral,finance,medium,22484.97,Rep 7,Region East,Standalone,23.27,true,70,true
2025-04-14,referral,healthcare,small,8240.08,Rep 1,Region West,Platform,21.27,true,35,false
2025-06-17,referral,tech,small,8731.99,Rep 6,Region South,Platform,16.84,false,64,false
2025-08-24,cold_call,retail,small,7515.64,Rep 4,Region East,Platform,20.79,false,60,false
2024-03-12,cold_call,tech,small,7542.4,Rep 2,Region South,Platform,12.49,false,92,true
2024-11-23,organic,finance,small,10009.69,Rep 4,Region East,Platform,9.57,false,34,false
2024-08-29,organic,finance,small,10262.0,Rep 8,Region East,Platform,10.92,false,78,true
2024-02-27,referral,finance,large,44974.14,Rep 8,Region East,Platform,8.9,true,41,false
2024-03-07,referral,tech,large,65543.76,Rep 5,Region South,Standalone,19.38,false,55,false
2025-12-28,cold_call,healthcare,small,7163.75,Rep 7,Region West,Suite,14.03,true,82,true
2025-09-01,organic,retail,large,74393.81,Rep 4,Region Central,Platform,6.47,false,76,true
2025-03-10,webinar,finance,enterprise,121919.71,Rep 2,Region Central,Platform,12.3,false,75,true
2025-02-24,paid,tech,small,11867.38,Rep 8,Region East,Platform,13.5,false,28,true
2025-06-15,organic,tech,small,9693.86,Rep 6,Region West,Platform,17.8,false,84,true
2025-10-04,cold_call,manufacturing,large,67101.48,Rep 2,Region West,Suite,0.31,false,75,false
