deal_id,deal_created_date,split_label,outcomes_final
DEAL-00001,2024-12-08,development,true
DEAL-00002,2024-06-20,development,true
DEAL-00003,2025-10-01,future_holdout,true
DEAL-00004,2025-02-08,validation,true
DEAL-00005,2024-11-29,development,true
DEAL-00006,2024-08-17,development,true
DEAL-00007,2025-04-02,validation,true
DEAL-00008,2025-03-02,validation,true
DEAL-00009,2025-01-28,validation,true
DEAL-00010,2024-07-25,development,true
DEAL-00011,2025-01-26,validation,true
DEAL-00012,2024-06-09,development,true
DEAL-00013,2024-12-17,development,true
DEAL-00014,2024-09-27,development,true
DEAL-00015,2025-05-13,validation,true
DEAL-00016,2024-05-13,development,true
DEAL-00017,2024-11-06,development,true
DEAL-00018,2025-03-06,validation,true
DEAL-00019,2025-01-31,validation,true
DEAL-00020,2024-06-04,development,true
DEAL-00021,2024-11-27,development,true
DEAL-00022,2025-03-02,validation,true
DEAL-00023,2025-12-25,future_holdout,true
DEAL-00024,2024-12-16,development,true
DEAL-00025,2024-03-15,development,true
DEAL-00026,2025-05-08,validation,true
DEAL-00027,2024-05-05,development,true
DEAL-00028,2024-01-26,development,true
DEAL-00029,2024-06-25,development,true
DEAL-00030,2024-08-18,development,true
DEAL-00031,2024-01-20,development,true
DEAL-00032,2024-03-25,development,true
DEAL-00033,2025-06-02,validation,true
DEAL-00034,2025-09-28,future_holdout,true
DEAL-00035,2025-06-04,validation,true
DEAL-00036,2024-04-08,development,true
DEAL-00037,2025-07-24,future_holdout,true
DEAL-00038,2024-06-06,development,true
DEAL-00039,2024-02-06,development,true
DEAL-00040,2024-06-04,development,true
DEAL-00041,2024-06-27,development,true
DEAL-00042,2025-09-22,future_holdout,true
DEAL-00043,2024-08-07,development,true
DEAL-00044,2025-03-31,validation,true
DEAL-00045,2024-04-07,development,true
DEAL-00046,2024-08-21,development,true
DEAL-00047,2024-12-11,development,true
DEAL-00048,2025-04-09,validation,true
DEAL-00049,2025-04-26,validation,true
DEAL-00050,2025-04-11,validation,true
DEAL-00051,2024-03-17,development,true
DEAL-00052,2024-09-08,development,true
DEAL-00053,2024-08-09,development,true
DEAL-00054,2024-07-23,development,true
DEAL-00055,2024-02-15,development,true
DEAL-00056,2024-12-01,development,true
DEAL-00057,2024-08-24,development,true
DEAL-00058,2024-09-09,development,true
DEAL-00059,2024-10-22,development,true
DEAL-00060,2024-12-08,development,true
DEAL-00061,2025-12-18,future_holdout,true
DEAL-00062,2025-10-08,future_holdout,true
DEAL-00063,2025-06-19,validation,true
DEAL-00064,2024-11-09,development,true
DEAL-00065,2025-04-17,validation,true
DEAL-00066,2024-07-30,development,true
DEAL-00067,2025-08-24,future_holdout,true
DEAL-00068,2025-12-10,future_holdout,true
DEAL-00069,2024-05-23,development,true
DEAL-00070,2025-07-09,future_holdout,true
DEAL-00071,2024-10-04,development,true
DEAL-00072,2024-07-21,development,true
DEAL-00073,2025-05-17,validation,true
DEAL-00074,2024-03-10,development,true
DEAL-00075,2024-03-02,development,true
DEAL-00076,2024-08-03,development,true
DEAL-00077,2025-09-13,future_holdout,true
DEAL-00078,2025-08-14,future_holdout,true
DEAL-00079,2025-12-06,future_holdout,true
DEAL-00080,2025-03-18,validation,true
DEAL-00081,2025-04-10,validation,true
DEAL-00082,2025-07-13,future_holdout,true
DEAL-00083,2025-07-25,future_holdout,true
DEAL-00084,2024-06-09,development,true
DEAL-00085,2025-08-12,future_holdout,true
DEAL-00086,2025-02-22,validation,true
DEAL-00087,2024-08-31,development,true
DEAL-00088,2024-04-22,development,true
DEAL-00089,2024-09-09,development,true
DEAL-00090,2024-01-03,development,true
DEAL-00091,2024-08-24,development,true
DEAL-00092,2024-01-16,development,true
DEAL-00093,2024-02-26,development,true
DEAL-00094,2025-09-06,future_holdout,true
DEAL-00095,2024-09-12,development,true
DEAL-00096,2024-07-23,development,true
DEAL-00097,2025-02-17,validation,true
DEAL-00098,2025-08-06,future_holdout,true
DEAL-00099,2025-01-16,validation,true
DEAL-00100,2025-11-30,future_holdout,true
DEAL-00101,2025-07-13,future_holdout,true
DEAL-00102,2024-09-13,development,true
DEAL-00103,2025-12-09,future_holdout,true
DEAL-00104,2024-03-24,development,true
DEAL-00105,2025-06-20,validation,true
DEAL-00106,2024-07-31,development,true
DEAL-00107,2025-03-28,validation,true
DEAL-00108,2025-11-11,future_holdout,true
DEAL-00109,2024-08-10,development,true
DEAL-00110,2024-10-26,development,true
DEAL-00111,2025-03-08,validation,true
DEAL-00112,2024-06-23,development,true
DEAL-00113,2025-04-28,validation,true
DEAL-00114,2025-11-24,future_holdout,true
DEAL-00115,2025-04-13,validation,true
DEAL-00116,2025-08-10,future_holdout,true
DEAL-00117,2025-08-04,future_holdout,true
DEAL-00118,2024-03-23,development,true
DEAL-00119,2024-12-23,development,true
DEAL-00120,2024-03-11,development,true
DEAL-00121,2024-09-26,development,true
DEAL-00122,2025-04-18,validation,true
DEAL-00123,2024-10-02,development,true
DEAL-00124,2025-02-08,validation,true
DEAL-00125,2024-11-03,development,true
DEAL-00126,2024-04-24,development,true
DEAL-00127,2024-09-24,development,true
DEAL-00128,2025-06-26,validation,true
DEAL-00129,2025-06-21,validation,true
DEAL-00130,2024-12-30,development,true
DEAL-00131,2025-09-29,future_holdout,true
DEAL-00132,2025-01-30,validation,true
DEAL-00133,2025-05-18,validation,true
DEAL-00134,2025-10-26,future_holdout,true
DEAL-00135,2024-05-15,development,true
DEAL-00136,2024-03-08,development,true
DEAL-00137,2025-08-15,future_holdout,true
DEAL-00138,2024-10-28,development,true
DEAL-00139,2025-12-29,future_holdout,true
DEAL-00140,2025-09-23,future_holdout,true
DEAL-00141,2025-12-24,future_holdout,true
DEAL-00142,2024-12-03,development,true
DEAL-00143,2024-08-29,development,true
DEAL-00144,2024-01-24,development,true
DEAL-00145,2024-07-17,development,true
DEAL-00146,2024-01-17,development,true
DEAL-00147,2024-02-27,development,true
DEAL-00148,2024-10-18,development,true
DEAL-00149,2024-05-01,development,true
DEAL-00150,2025-12-09,future_holdout,true
DEAL-00151,2024-11-05,development,true
DEAL-00152,2024-07-14,development,true
DEAL-00153,2025-12-25,future_holdout,true
DEAL-00154,2024-05-29,development,true
DEAL-00155,2024-06-18,development,true
DEAL-00156,2025-03-04,validation,true
DEAL-00157,2024-06-14,development,true
DEAL-00158,2025-09-11,future_holdout,true
DEAL-00159,2024-01-15,development,true
DEAL-00160,2024-01-17,development,true
DEAL-00161,2024-08-09,development,true
DEAL-00162,2024-04-08,development,true
DEAL-00163,2024-01-25,development,true
DEAL-00164,2025-01-28,validation,true
DEAL-00165,2024-03-31,development,true
DEAL-00166,2024-06-26,development,true
DEAL-00167,2024-11-07,development,true
DEAL-00168,2024-01-12,development,true
DEAL-00169,2024-09-25,development,true
DEAL-00170,2024-02-10,development,true
DEAL-00171,2024-03-07,development,true
DEAL-00172,2025-12-10,future_holdout,true
DEAL-00173,2025-01-31,validation,true
DEAL-00174,2024-03-20,development,true
DEAL-00175,2024-08-24,development,true
DEAL-00176,2024-06-04,development,true
DEAL-00177,2025-05-10,validation,true
DEAL-00178,2024-10-05,development,true
DEAL-00179,2024-11-10,development,true
DEAL-00180,2024-04-05,development,true
DEAL-00181,2024-02-11,development,true
DEAL-00182,2024-05-01,development,true
DEAL-00183,2025-01-31,validation,true
DEAL-00184,2024-04-04,development,true
DEAL-00185,2024-08-23,development,true
DEAL-00186,2024-03-06,development,true
DEAL-00187,2024-01-22,development,true
DEAL-00188,2025-05-20,validation,true
DEAL-00189,2025-12-22,future_holdout,true
DEAL-00190,2025-08-21,future_holdout,true
DEAL-00191,2025-11-29,future_holdout,true
DEAL-00192,2025-07-19,future_holdout,true
DEAL-00193,2025-03-26,validation,true
DEAL-00194,2024-10-14,development,true
DEAL-00195,2025-11-30,future_holdout,true
DEAL-00196,2024-02-22,development,true
DEAL-00197,2024-04-02,development,true
DEAL-00198,2025-05-06,validation,true
DEAL-00199,2025-09-30,future_holdout,true
DEAL-00200,2025-03-23,validation,true
DEAL-00201,2024-12-12,development,true
DEAL-00202,2025-05-22,validation,true
DEAL-00203,2025-08-27,future_holdout,true
DEAL-00204,2025-06-19,validation,true
DEAL-00205,2024-01-10,development,true
DEAL-00206,2024-07-17,development,true
DEAL-00207,2024-05-07,development,true
DEAL-00208,2025-01-01,validation,true
DEAL-00209,2024-12-13,development,true
DEAL-00210,2024-08-03,development,true
DEAL-00211,2024-09-03,development,true
DEAL-00212,2025-07-27,future_holdout,true
DEAL-00213,2024-09-12,development,true
DEAL-00214,2024-06-07,development,true
DEAL-00215,2025-08-16,future_holdout,true
DEAL-00216,2025-04-27,validation,true
DEAL-00217,2025-06-25,validation,true
DEAL-00218,2024-12-03,development,true
DEAL-00219,2025-09-02,future_holdout,true
DEAL-00220,2025-01-12,validation,true
DEAL-00221,2024-12-31,development,true
DEAL-00222,2024-05-18,development,true
DEAL-00223,2024-11-26,development,true
DEAL-00224,2024-11-24,development,true
DEAL-00225,2025-01-02,validation,true
DEAL-00226,2024-09-14,development,true
DEAL-00227,2025-07-24,future_holdout,true
DEAL-00228,2025-04-28,validation,true
DEAL-00229,2025-07-04,future_holdout,true
DEAL-00230,2025-11-22,future_holdout,true
DEAL-00231,2024-02-11,development,true
DEAL-00232,2024-10-03,development,true
DEAL-00233,2024-10-21,development,true
DEAL-00234,2025-08-22,future_holdout,true
DEAL-00235,2025-08-24,future_holdout,true
DEAL-00236,2024-01-01,development,true
DEAL-00237,2025-07-06,future_holdout,true
DEAL-00238,2024-06-28,development,true
DEAL-00239,2025-07-26,future_holdout,true
DEAL-00240,2024-07-03,development,true
DEAL-00241,2025-01-25,validation,true
DEAL-00242,2025-05-28,validation,true
DEAL-00243,2024-07-13,development,true
DEAL-00244,2025-03-29,validation,true
DEAL-00245,2025-09-04,future_holdout,true
DEAL-00246,2025-03-03,validation,true
DEAL-00247,2025-10-12,future_holdout,true
DEAL-00248,2025-07-12,future_holdout,true
DEAL-00249,2024-07-24,development,true
DEAL-00250,2024-10-23,development,true
DEAL-00251,2024-02-27,development,true
DEAL-00252,2024-02-05,development,true
DEAL-00253,2024-06-01,development,true
DEAL-00254,2025-02-08,validation,true
DEAL-00255,2025-06-05,validation,true
DEAL-00256,2025-04-20,validation,true
DEAL-00257,2024-01-06,development,true
DEAL-00258,2024-01-20,development,true
DEAL-00259,2024-10-22,development,true
DEAL-00260,2024-03-08,development,true
DEAL-00261,2024-12-27,development,true
DEAL-00262,2025-11-09,future_holdout,true
DEAL-00263,2025-07-02,future_holdout,true
DEAL-00264,2025-11-29,future_holdout,true
DEAL-00265,2025-10-01,future_holdout,true
DEAL-00266,2024-01-30,development,true
DEAL-00267,2025-05-31,validation,true
DEAL-00268,2024-02-17,development,true
DEAL-00269,2024-02-16,development,true
DEAL-00270,2024-11-19,development,true
DEAL-00271,2024-09-01,development,true
DEAL-00272,2025-04-12,validation,true
DEAL-00273,2024-03-13,development,true
DEAL-00274,2025-05-10,validation,true
DEAL-00275,2024-03-23,development,true
DEAL-00276,2025-08-06,future_holdout,true
DEAL-00277,2025-05-25,validation,true
DEAL-00278,2025-05-15,validation,true
DEAL-00279,2025-09-09,future_holdout,true
DEAL-00280,2025-01-08,validation,true
DEAL-00281,2024-01-29,development,true
DEAL-00282,2024-02-06,development,true
DEAL-00283,2024-01-21,development,true
DEAL-00284,2025-10-24,future_holdout,true
DEAL-00285,2025-08-16,future_holdout,true
DEAL-00286,2024-02-10,development,true
DEAL-00287,2024-09-27,development,true
DEAL-00288,2025-04-13,validation,true
DEAL-00289,2025-01-22,validation,true
DEAL-00290,2025-06-30,validation,true
DEAL-00291,2024-12-16,development,true
DEAL-00292,2025-05-03,validation,true
DEAL-00293,2025-08-10,future_holdout,true
DEAL-00294,2025-05-06,validation,true
DEAL-00295,2024-11-23,development,true
DEAL-00296,2024-03-26,development,true
DEAL-00297,2024-01-22,development,true
DEAL-00298,2024-05-17,development,true
DEAL-00299,2024-01-31,development,true
DEAL-00300,2024-08-19,development,true
DEAL-00301,2025-12-15,future_holdout,true
DEAL-00302,2024-09-23,development,true
DEAL-00303,2025-08-09,future_holdout,true
DEAL-00304,2024-02-17,development,true
DEAL-00305,2025-03-10,validation,true
DEAL-00306,2024-08-30,development,true
DEAL-00307,2025-10-22,future_holdout,true
DEAL-00308,2024-12-30,development,true
DEAL-00309,2025-05-20,validation,true
DEAL-00310,2025-11-21,future_holdout,true
DEAL-00311,2025-08-11,future_holdout,true
DEAL-00312,2024-04-13,development,true
DEAL-00313,2025-08-20,future_holdout,true
DEAL-00314,2024-08-06,development,true
DEAL-00315,2025-04-25,validation,true
DEAL-00316,2024-01-26,development,true
DEAL-00317,2025-04-03,validation,true
DEAL-00318,2025-07-09,future_holdout,true
DEAL-00319,2024-01-11,development,true
DEAL-00320,2024-05-19,development,true
DEAL-00321,2025-08-28,future_holdout,true
DEAL-00322,2025-07-22,future_holdout,true
DEAL-00323,2024-09-25,development,true
DEAL-00324,2025-03-26,validation,true
DEAL-00325,2025-06-17,validation,true
DEAL-00326,2025-10-24,future_holdout,true
DEAL-00327,2025-12-18,future_holdout,true
DEAL-00328,2025-09-22,future_holdout,true
DEAL-00329,2024-09-05,development,true
DEAL-00330,2024-06-15,development,true
DEAL-00331,2024-06-27,development,true
DEAL-00332,2024-05-14,development,true
DEAL-00333,2025-10-25,future_holdout,true
DEAL-00334,2025-01-19,validation,true
DEAL-00335,2025-06-18,validation,true
DEAL-00336,2024-12-16,development,true
DEAL-00337,2024-01-28,development,true
DEAL-00338,2024-12-26,development,true
DEAL-00339,2024-02-03,development,true
DEAL-00340,2025-03-26,validation,true
DEAL-00341,2024-05-18,development,true
DEAL-00342,2024-05-07,development,true
DEAL-00343,2025-02-21,validation,true
DEAL-00344,2024-05-13,development,true
DEAL-00345,2025-01-31,validation,true
DEAL-00346,2024-03-30,development,true
DEAL-00347,2024-06-11,development,true
DEAL-00348,2024-05-12,development,true
DEAL-00349,2025-05-28,validation,true
DEAL-00350,2025-04-04,validation,true
DEAL-00351,2024-10-20,development,true
DEAL-00352,2024-10-22,development,true
DEAL-00353,2024-01-31,development,true
DEAL-00354,2024-02-05,development,true
DEAL-00355,2025-09-17,future_holdout,true
DEAL-00356,2024-07-27,development,true
DEAL-00357,2024-08-23,development,true
DEAL-00358,2025-07-26,future_holdout,true
DEAL-00359,2025-12-26,future_holdout,true
DEAL-00360,2025-03-12,validation,true
DEAL-00361,2025-12-16,future_holdout,true
DEAL-00362,2024-08-11,development,true
DEAL-00363,2025-03-15,validation,true
DEAL-00364,2025-12-16,future_holdout,true
DEAL-00365,2024-05-11,development,true
DEAL-00366,2025-05-29,validation,true
DEAL-00367,2025-12-21,future_holdout,true
DEAL-00368,2025-02-06,validation,true
DEAL-00369,2024-02-21,development,true
DEAL-00370,2025-01-09,validation,true
DEAL-00371,2024-09-01,development,true
DEAL-00372,2024-04-07,development,true
DEAL-00373,2024-09-23,development,true
DEAL-00374,2024-06-15,development,true
DEAL-00375,2024-04-26,development,true
DEAL-00376,2024-06-25,development,true
DEAL-00377,2024-11-11,development,true
DEAL-00378,2025-07-30,future_holdout,true
DEAL-00379,2025-05-26,validation,true
DEAL-00380,2024-11-20,development,true
DEAL-00381,2025-11-05,future_holdout,true
DEAL-00382,2024-04-16,development,true
DEAL-00383,2025-08-29,future_holdout,true
DEAL-00384,2024-12-30,development,true
DEAL-00385,2024-01-27,development,true
DEAL-00386,2024-11-01,development,true
DEAL-00387,2025-07-02,future_holdout,true
DEAL-00388,2024-08-12,development,true
DEAL-00389,2025-11-01,future_holdout,true
DEAL-00390,2025-06-08,validation,true
DEAL-00391,2024-03-10,development,true
DEAL-00392,2024-11-01,development,true
DEAL-00393,2024-11-19,development,true
DEAL-00394,2025-12-21,future_holdout,true
DEAL-00395,2025-01-24,validation,true
DEAL-00396,2025-06-08,validation,true
DEAL-00397,2025-01-29,validation,true
DEAL-00398,2025-05-01,validation,true
DEAL-00399,2024-12-10,development,true
DEAL-00400,2024-06-21,development,true
DEAL-00401,2025-02-04,validation,true
DEAL-00402,2024-03-04,development,true
DEAL-00403,2025-12-12,future_holdout,true
DEAL-00404,2025-11-20,future_holdout,true
DEAL-00405,2025-05-29,validation,true
DEAL-00406,2025-07-14,future_holdout,true
DEAL-00407,2025-10-03,future_holdout,true
DEAL-00408,2024-08-01,development,true
DEAL-00409,2025-07-13,future_holdout,true
DEAL-00410,2025-05-30,validation,true
DEAL-00411,2025-03-18,validation,true
DEAL-00412,2025-05-03,validation,true
DEAL-00413,2024-03-18,development,true
DEAL-00414,2025-02-21,validation,true
DEAL-00415,2025-12-23,future_holdout,true
DEAL-00416,2024-02-27,development,true
DEAL-00417,2024-02-13,development,true
DEAL-00418,2024-01-22,development,true
DEAL-00419,2025-04-04,validation,true
DEAL-00420,2025-05-19,validation,true
DEAL-00421,2025-02-13,validation,true
DEAL-00422,2025-04-28,validation,true
DEAL-00423,2024-05-17,development,true
DEAL-00424,2025-12-13,future_holdout,true
DEAL-00425,2025-10-03,future_holdout,true
DEAL-00426,2024-12-29,development,true
DEAL-00427,2025-01-02,validation,true
DEAL-00428,2025-09-30,future_holdout,true
DEAL-00429,2025-09-28,future_holdout,true
DEAL-00430,2025-01-28,validation,true
DEAL-00431,2025-03-22,validation,true
DEAL-00432,2024-05-03,development,true
DEAL-00433,2024-08-31,development,true
DEAL-00434,2025-12-20,future_holdout,true
DEAL-00435,2025-12-02,future_holdout,true
DEAL-00436,2024-08-12,development,true
DEAL-00437,2024-10-14,development,true
DEAL-00438,2025-04-24,validation,true
DEAL-00439,2024-07-26,development,true
DEAL-00440,2024-04-27,development,true
DEAL-00441,2025-03-19,validation,true
DEAL-00442,2025-05-21,validation,true
DEAL-00443,2025-03-04,validation,true
DEAL-00444,2025-09-18,future_holdout,true
DEAL-00445,2025-09-17,future_holdout,true
DEAL-00446,2025-11-08,future_holdout,true
DEAL-00447,2024-09-12,development,true
DEAL-00448,2025-04-23,validation,true
DEAL-00449,2025-11-26,future_holdout,true
DEAL-00450,2024-12-27,development,true
DEAL-00451,2025-01-17,validation,true
DEAL-00452,2024-11-18,development,true
DEAL-00453,2024-09-08,development,true
DEAL-00454,2025-09-24,future_holdout,true
DEAL-00455,2024-04-01,development,true
DEAL-00456,2024-12-22,development,true
DEAL-00457,2025-01-16,validation,true
DEAL-00458,2025-05-06,validation,true
DEAL-00459,2025-06-20,validation,true
DEAL-00460,2024-03-14,development,true
DEAL-00461,2025-06-04,validation,true
DEAL-00462,2024-09-19,development,true
DEAL-00463,2025-04-02,validation,true
DEAL-00464,2025-01-05,validation,true
DEAL-00465,2025-07-07,future_holdout,true
DEAL-00466,2024-05-04,development,true
DEAL-00467,2024-07-01,development,true
DEAL-00468,2024-03-01,development,true
DEAL-00469,2025-09-11,future_holdout,true
DEAL-00470,2025-06-14,validation,true
DEAL-00471,2024-06-03,development,true
DEAL-00472,2025-07-14,future_holdout,true
DEAL-00473,2024-02-16,development,true
DEAL-00474,2024-03-07,development,true
DEAL-00475,2024-12-06,development,true
DEAL-00476,2025-11-06,future_holdout,true
DEAL-00477,2025-02-15,validation,true
DEAL-00478,2025-06-05,validation,true
DEAL-00479,2025-03-18,validation,true
DEAL-00480,2025-08-10,future_holdout,true
DEAL-00481,2024-03-05,development,true
DEAL-00482,2024-10-05,development,true
DEAL-00483,2025-10-05,future_holdout,true
DEAL-00484,2025-06-24,validation,true
DEAL-00485,2025-11-18,future_holdout,true
DEAL-00486,2024-12-20,development,true
DEAL-00487,2024-08-13,development,true
DEAL-00488,2025-05-16,validation,true
DEAL-00489,2024-09-13,development,true
DEAL-00490,2025-05-12,validation,true
DEAL-00491,2025-04-04,validation,true
DEAL-00492,2024-04-14,development,true
DEAL-00493,2025-01-02,validation,true
DEAL-00494,2024-11-18,development,true
DEAL-00495,2024-06-16,development,true
DEAL-00496,2025-01-17,validation,true
DEAL-00497,2024-06-05,development,true
DEAL-00498,2024-07-30,development,true
DEAL-00499,2025-03-20,validation,true
DEAL-00500,2025-03-21,validation,true
DEAL-00501,2024-03-19,development,true
DEAL-00502,2025-10-10,future_holdout,true
DEAL-00503,2024-12-29,development,true
DEAL-00504,2024-06-14,development,true
DEAL-00505,2025-04-07,validation,true
DEAL-00506,2024-07-04,development,true
DEAL-00507,2024-07-19,development,true
DEAL-00508,2025-03-22,validation,true
DEAL-00509,2025-10-02,future_holdout,true
DEAL-00510,2024-10-21,development,true
DEAL-00511,2024-09-11,development,true
DEAL-00512,2024-01-10,development,true
DEAL-00513,2025-01-12,validation,true
DEAL-00514,2024-10-31,development,true
DEAL-00515,2024-01-07,development,true
DEAL-00516,2024-11-18,development,true
DEAL-00517,2025-08-01,future_holdout,true
DEAL-00518,2024-10-11,development,true
DEAL-00519,2024-03-28,development,true
DEAL-00520,2024-02-15,development,true
DEAL-00521,2024-07-31,development,true
DEAL-00522,2024-09-11,development,true
DEAL-00523,2025-02-04,validation,true
DEAL-00524,2024-02-01,development,true
DEAL-00525,2024-06-23,development,true
DEAL-00526,2024-05-30,development,true
DEAL-00527,2025-03-24,validation,true
DEAL-00528,2025-08-18,future_holdout,true
DEAL-00529,2024-10-27,development,true
DEAL-00530,2025-01-09,validation,true
DEAL-00531,2025-09-04,future_holdout,true
DEAL-00532,2025-06-25,validation,true
DEAL-00533,2024-01-15,development,true
DEAL-00534,2024-12-21,development,true
DEAL-00535,2024-04-17,development,true
DEAL-00536,2025-05-04,validation,true
DEAL-00537,2024-01-21,development,true
DEAL-00538,2025-12-01,future_holdout,true
DEAL-00539,2025-12-09,future_holdout,true
DEAL-00540,2025-06-16,validation,true
DEAL-00541,2025-01-21,validation,true
DEAL-00542,2024-01-04,development,true
DEAL-00543,2025-05-18,validation,true
DEAL-00544,2025-04-04,validation,true
DEAL-00545,2024-07-25,development,true
DEAL-00546,2024-09-21,development,true
DEAL-00547,2025-04-30,validation,true
DEAL-00548,2024-08-16,development,true
DEAL-00549,2025-08-03,future_holdout,true
DEAL-00550,2025-11-06,future_holdout,true
DEAL-00551,2025-06-17,validation,true
DEAL-00552,2024-11-22,development,true
DEAL-00553,2025-09-24,future_holdout,true
DEAL-00554,2024-07-19,development,true
DEAL-00555,2025-03-06,validation,true
DEAL-00556,2025-10-15,future_holdout,true
DEAL-00557,2024-08-14,development,true
DEAL-00558,2024-08-11,development,true
DEAL-00559,2024-03-13,development,true
DEAL-00560,2024-03-23,development,true
DEAL-00561,2025-03-08,validation,true
DEAL-00562,2024-11-17,development,true
DEAL-00563,2025-02-17,validation,true
DEAL-00564,2025-11-23,future_holdout,true
DEAL-00565,2024-07-29,development,true
DEAL-00566,2024-06-17,development,true
DEAL-00567,2024-05-03,development,true
DEAL-00568,2025-11-15,future_holdout,true
DEAL-00569,2024-04-24,development,true
DEAL-00570,2025-01-02,validation,true
DEAL-00571,2024-07-22,development,true
DEAL-00572,2025-11-09,future_holdout,true
DEAL-00573,2025-04-08,validation,true
DEAL-00574,2025-12-15,future_holdout,true
DEAL-00575,2024-06-13,development,true
DEAL-00576,2024-04-27,development,true
DEAL-00577,2024-08-28,development,true
DEAL-00578,2024-12-28,development,true
DEAL-00579,2024-01-25,development,true
DEAL-00580,2024-11-21,development,true
DEAL-00581,2025-08-12,future_holdout,true
DEAL-00582,2024-01-13,development,true
DEAL-00583,2025-05-25,validation,true
DEAL-00584,2024-08-07,development,true
DEAL-00585,2024-11-17,development,true
DEAL-00586,2025-03-06,validation,true
DEAL-00587,2025-08-08,future_holdout,true
DEAL-00588,2024-02-29,development,true
DEAL-00589,2024-09-02,development,true
DEAL-00590,2025-06-25,validation,true
DEAL-00591,2025-06-30,validation,true
DEAL-00592,2024-12-25,development,true
DEAL-00593,2024-09-10,development,true
DEAL-00594,2025-09-17,future_holdout,true
DEAL-00595,2025-09-12,future_holdout,true
DEAL-00596,2025-10-01,future_holdout,true
DEAL-00597,2025-08-25,future_holdout,true
DEAL-00598,2025-04-03,validation,true
DEAL-00599,2024-06-19,development,true
DEAL-00600,2025-04-30,validation,true
DEAL-00601,2025-01-10,validation,true
DEAL-00602,2024-10-17,development,true
DEAL-00603,2024-07-01,development,true
DEAL-00604,2025-05-31,validation,true
DEAL-00605,2025-02-10,validation,true
DEAL-00606,2024-08-06,development,true
DEAL-00607,2024-10-08,development,true
DEAL-00608,2025-11-18,future_holdout,true
DEAL-00609,2025-08-18,future_holdout,true
DEAL-00610,2024-02-08,development,true
DEAL-00611,2024-01-05,development,true
DEAL-00612,2024-03-30,development,true
DEAL-00613,2025-04-19,validation,true
DEAL-00614,2025-09-22,future_holdout,true
DEAL-00615,2025-02-02,validation,true
DEAL-00616,2024-01-05,development,true
DEAL-00617,2024-09-13,development,true
DEAL-00618,2024-07-13,development,true
DEAL-00619,2024-06-06,development,true
DEAL-00620,2024-08-14,development,true
DEAL-00621,2024-02-04,development,true
DEAL-00622,2025-05-23,validation,true
DEAL-00623,2024-11-03,development,true
DEAL-00624,2024-07-15,development,true
DEAL-00625,2024-05-25,development,true
DEAL-00626,2025-02-19,validation,true
DEAL-00627,2025-01-30,validation,true
DEAL-00628,2024-08-07,development,true
DEAL-00629,2024-08-19,development,true
DEAL-00630,2025-01-14,validation,true
DEAL-00631,2025-08-12,future_holdout,true
DEAL-00632,2025-02-15,validation,true
DEAL-00633,2025-02-03,validation,true
DEAL-00634,2025-01-25,validation,true
DEAL-00635,2025-04-24,validation,true
DEAL-00636,2025-11-10,future_holdout,true
DEAL-00637,2024-04-11,development,true
DEAL-00638,2024-03-12,development,true
DEAL-00639,2025-03-03,validation,true
DEAL-00640,2025-07-31,future_holdout,true
DEAL-00641,2024-07-23,development,true
DEAL-00642,2024-10-26,development,true
DEAL-00643,2025-05-23,validation,true
DEAL-00644,2025-08-17,future_holdout,true
DEAL-00645,2025-11-28,future_holdout,true
DEAL-00646,2025-10-06,future_holdout,true
DEAL-00647,2024-09-15,development,true
DEAL-00648,2025-06-11,validation,true
DEAL-00649,2025-04-25,validation,true
DEAL-00650,2025-05-28,validation,true
DEAL-00651,2024-06-06,development,true
DEAL-00652,2025-01-12,validation,true
DEAL-00653,2024-11-13,development,true
DEAL-00654,2024-11-08,development,true
DEAL-00655,2025-04-16,validation,true
DEAL-00656,2024-09-17,development,true
DEAL-00657,2024-02-18,development,true
DEAL-00658,2025-05-08,validation,true
DEAL-00659,2025-04-11,validation,true
DEAL-00660,2025-09-02,future_holdout,true
DEAL-00661,2025-05-30,validation,true
DEAL-00662,2024-03-02,development,true
DEAL-00663,2025-10-16,future_holdout,true
DEAL-00664,2024-04-11,development,true
DEAL-00665,2025-09-25,future_holdout,true
DEAL-00666,2025-04-06,validation,true
DEAL-00667,2024-01-07,development,true
DEAL-00668,2025-04-19,validation,true
DEAL-00669,2025-07-26,future_holdout,true
DEAL-00670,2024-03-18,development,true
DEAL-00671,2024-06-22,development,true
DEAL-00672,2024-08-23,development,true
DEAL-00673,2025-03-18,validation,true
DEAL-00674,2025-09-19,future_holdout,true
DEAL-00675,2024-11-30,development,true
DEAL-00676,2025-09-24,future_holdout,true
DEAL-00677,2024-01-05,development,true
DEAL-00678,2024-10-09,development,true
DEAL-00679,2024-06-20,development,true
DEAL-00680,2024-01-15,development,true
DEAL-00681,2025-11-27,future_holdout,true
DEAL-00682,2025-01-01,validation,true
DEAL-00683,2025-09-04,future_holdout,true
DEAL-00684,2025-11-04,future_holdout,true
DEAL-00685,2024-02-21,development,true
DEAL-00686,2024-12-01,development,true
DEAL-00687,2025-10-26,future_holdout,true
DEAL-00688,2025-12-17,future_holdout,true
DEAL-00689,2025-02-27,validation,true
DEAL-00690,2025-12-16,future_holdout,true
DEAL-00691,2025-01-02,validation,true
DEAL-00692,2024-04-02,development,true
DEAL-00693,2024-05-05,development,true
DEAL-00694,2024-04-25,development,true
DEAL-00695,2024-12-25,development,true
DEAL-00696,2025-10-25,future_holdout,true
DEAL-00697,2024-07-16,development,true
DEAL-00698,2024-02-07,development,true
DEAL-00699,2025-07-20,future_holdout,true
DEAL-00700,2024-11-06,development,true
DEAL-00701,2024-12-28,development,true
DEAL-00702,2024-04-29,development,true
DEAL-00703,2024-12-10,development,true
DEAL-00704,2024-04-20,development,true
DEAL-00705,2024-05-27,development,true
DEAL-00706,2024-06-03,development,true
DEAL-00707,2024-06-30,development,true
DEAL-00708,2025-11-14,future_holdout,true
DEAL-00709,2025-12-21,future_holdout,true
DEAL-00710,2025-01-25,validation,true
DEAL-00711,2024-04-15,development,true
DEAL-00712,2025-11-20,future_holdout,true
DEAL-00713,2024-05-17,development,true
DEAL-00714,2024-10-24,development,true
DEAL-00715,2024-12-12,development,true
DEAL-00716,2024-06-26,development,true
DEAL-00717,2025-04-08,validation,true
DEAL-00718,2024-12-19,development,true
DEAL-00719,2024-07-17,development,true
DEAL-00720,2025-07-28,future_holdout,true
DEAL-00721,2025-12-17,future_holdout,true
DEAL-00722,2024-08-21,development,true
DEAL-00723,2024-04-12,development,true
DEAL-00724,2025-08-22,future_holdout,true
DEAL-00725,2024-12-16,development,true
DEAL-00726,2025-10-20,future_holdout,true
DEAL-00727,2025-09-25,future_holdout,true
DEAL-00728,2024-08-30,development,true
DEAL-00729,2025-05-28,validation,true
DEAL-00730,2025-09-07,future_holdout,true
DEAL-00731,2024-08-24,development,true
DEAL-00732,2024-11-22,development,true
DEAL-00733,2025-07-24,future_holdout,true
DEAL-00734,2024-09-24,development,true
DEAL-00735,2025-05-22,validation,true
DEAL-00736,2024-01-24,development,true
DEAL-00737,2025-05-09,validation,true
DEAL-00738,2024-10-25,development,true
DEAL-00739,2025-11-28,future_holdout,true
DEAL-00740,2024-10-10,development,true
DEAL-00741,2025-12-21,future_holdout,true
DEAL-00742,2024-05-27,development,true
DEAL-00743,2024-02-12,development,true
DEAL-00744,2025-06-07,validation,true
DEAL-00745,2024-12-05,development,true
DEAL-00746,2025-10-29,future_holdout,true
DEAL-00747,2024-11-30,development,true
DEAL-00748,2024-08-25,development,true
DEAL-00749,2024-12-11,development,true
DEAL-00750,2025-03-17,validation,true
DEAL-00751,2025-12-11,future_holdout,true
DEAL-00752,2025-06-30,validation,true
DEAL-00753,2025-03-07,validation,true
DEAL-00754,2024-07-29,development,true
DEAL-00755,2025-06-01,validation,true
DEAL-00756,2025-01-27,validation,true
DEAL-00757,2024-10-19,development,true
DEAL-00758,2024-04-27,development,true
DEAL-00759,2025-04-29,validation,true
DEAL-00760,2025-10-09,future_holdout,true
DEAL-00761,2025-12-16,future_holdout,true
DEAL-00762,2025-05-22,validation,true
DEAL-00763,2024-09-21,development,true
DEAL-00764,2025-09-21,future_holdout,true
DEAL-00765,2024-07-05,development,true
DEAL-00766,2025-10-30,future_holdout,true
DEAL-00767,2025-11-26,future_holdout,true
DEAL-00768,2024-10-01,development,true
DEAL-00769,2025-04-21,validation,true
DEAL-00770,2024-04-13,development,true
DEAL-00771,2025-05-23,validation,true
DEAL-00772,2024-12-19,development,true
DEAL-00773,2024-03-10,development,true
DEAL-00774,2025-03-28,validation,true
DEAL-00775,2024-07-23,development,true
DEAL-00776,2024-11-28,development,true
DEAL-00777,2025-07-14,future_holdout,true
DEAL-00778,2025-10-14,future_holdout,true
DEAL-00779,2025-09-01,future_holdout,true
DEAL-00780,2025-04-02,validation,true
DEAL-00781,2024-12-19,development,true
DEAL-00782,2024-08-15,development,true
DEAL-00783,2025-06-23,validation,true
DEAL-00784,2024-02-19,development,true
DEAL-00785,2024-12-21,development,true
DEAL-00786,2025-07-23,future_holdout,true
DEAL-00787,2025-05-29,validation,true
DEAL-00788,2024-09-02,development,true
DEAL-00789,2024-09-04,development,true
DEAL-00790,2025-02-01,validation,true
DEAL-00791,2024-07-13,development,true
DEAL-00792,2024-12-07,development,true
DEAL-00793,2024-09-03,development,true
DEAL-00794,2025-02-24,validation,true
DEAL-00795,2025-04-28,validation,true
DEAL-00796,2025-11-26,future_holdout,true
DEAL-00797,2025-05-03,validation,true
DEAL-00798,2025-01-27,validation,true
DEAL-00799,2024-12-22,development,true
DEAL-00800,2025-05-31,validation,true
DEAL-00801,2024-12-30,development,true
DEAL-00802,2025-08-24,future_holdout,true
DEAL-00803,2024-12-18,development,true
DEAL-00804,2024-11-03,development,true
DEAL-00805,2025-11-15,future_holdout,true
DEAL-00806,2025-05-18,validation,true
DEAL-00807,2024-03-02,development,true
DEAL-00808,2024-06-20,development,true
DEAL-00809,2024-07-01,development,true
DEAL-00810,2024-10-18,development,true
DEAL-00811,2024-07-25,development,true
DEAL-00812,2024-10-01,development,true
DEAL-00813,2024-07-21,development,true
DEAL-00814,2024-06-27,development,true
DEAL-00815,2025-11-11,future_holdout,true
DEAL-00816,2024-06-10,development,true
DEAL-00817,2024-04-21,development,true
DEAL-00818,2025-10-02,future_holdout,true
DEAL-00819,2024-02-22,development,true
DEAL-00820,2025-05-29,validation,true
DEAL-00821,2025-03-25,validation,true
DEAL-00822,2024-03-11,development,true
DEAL-00823,2024-10-05,development,true
DEAL-00824,2024-11-15,development,true
DEAL-00825,2025-05-12,validation,true
DEAL-00826,2025-10-17,future_holdout,true
DEAL-00827,2024-09-27,development,true
DEAL-00828,2024-02-04,development,true
DEAL-00829,2024-04-26,development,true
DEAL-00830,2025-08-14,future_holdout,true
DEAL-00831,2025-09-02,future_holdout,true
DEAL-00832,2024-11-24,development,true
DEAL-00833,2024-07-05,development,true
DEAL-00834,2024-01-21,development,true
DEAL-00835,2024-07-12,development,true
DEAL-00836,2025-04-27,validation,true
DEAL-00837,2024-08-02,development,true
DEAL-00838,2024-07-15,development,true
DEAL-00839,2025-09-16,future_holdout,true
DEAL-00840,2024-08-18,development,true
DEAL-00841,2024-01-17,development,true
DEAL-00842,2024-08-03,development,true
DEAL-00843,2024-03-02,development,true
DEAL-00844,2025-04-28,validation,true
DEAL-00845,2025-09-08,future_holdout,true
DEAL-00846,2025-04-05,validation,true
DEAL-00847,2024-06-19,development,true
DEAL-00848,2024-06-06,development,true
DEAL-00849,2025-04-09,validation,true
DEAL-00850,2025-03-10,validation,true
DEAL-00851,2025-03-22,validation,true
DEAL-00852,2024-01-21,development,true
DEAL-00853,2025-05-02,validation,true
DEAL-00854,2025-06-12,validation,true
DEAL-00855,2025-05-26,validation,true
DEAL-00856,2025-10-15,future_holdout,true
DEAL-00857,2025-09-02,future_holdout,true
DEAL-00858,2025-02-28,validation,true
DEAL-00859,2024-02-18,development,true
DEAL-00860,2024-03-18,development,true
DEAL-00861,2025-11-23,future_holdout,true
DEAL-00862,2024-03-20,development,true
DEAL-00863,2024-03-02,development,true
DEAL-00864,2025-05-28,validation,true
DEAL-00865,2024-10-11,development,true
DEAL-00866,2025-03-19,validation,true
DEAL-00867,2024-07-10,development,true
DEAL-00868,2025-08-04,future_holdout,true
DEAL-00869,2025-08-15,future_holdout,true
DEAL-00870,2025-10-13,future_holdout,true
DEAL-00871,2024-08-09,development,true
DEAL-00872,2024-11-25,development,true
DEAL-00873,2025-05-18,validation,true
DEAL-00874,2024-10-31,development,true
DEAL-00875,2024-07-05,development,true
DEAL-00876,2024-01-27,development,true
DEAL-00877,2024-09-25,development,true
DEAL-00878,2024-11-23,development,true
DEAL-00879,2025-11-25,future_holdout,true
DEAL-00880,2025-06-30,validation,true
DEAL-00881,2025-02-25,validation,true
DEAL-00882,2024-08-14,development,true
DEAL-00883,2025-09-11,future_holdout,true
DEAL-00884,2024-07-26,development,true
DEAL-00885,2025-07-15,future_holdout,true
DEAL-00886,2025-05-31,validation,true
DEAL-00887,2025-05-06,validation,true
DEAL-00888,2025-10-31,future_holdout,true
DEAL-00889,2024-11-09,development,true
DEAL-00890,2025-09-14,future_holdout,true
DEAL-00891,2024-12-17,development,true
DEAL-00892,2024-05-07,development,true
DEAL-00893,2025-04-26,validation,true
DEAL-00894,2025-09-01,future_holdout,true
DEAL-00895,2024-12-12,development,true
DEAL-00896,2024-04-05,development,true
DEAL-00897,2024-04-07,development,true
DEAL-00898,2024-05-07,development,true
DEAL-00899,2024-02-27,development,true
DEAL-00900,2024-12-03,development,true
DEAL-00901,2025-04-23,validation,true
DEAL-00902,2024-08-22,development,true
DEAL-00903,2024-04-16,development,true
DEAL-00904,2025-09-01,future_holdout,true
DEAL-00905,2024-07-07,development,true
DEAL-00906,2025-06-12,validation,true
DEAL-00907,2024-07-02,development,true
DEAL-00908,2024-05-01,development,true
DEAL-00909,2025-04-19,validation,true
DEAL-00910,2024-06-25,development,true
DEAL-00911,2024-04-15,development,true
DEAL-00912,2024-03-16,development,true
DEAL-00913,2025-05-27,validation,true
DEAL-00914,2024-06-24,development,true
DEAL-00915,2024-04-08,development,true
DEAL-00916,2024-12-18,development,true
DEAL-00917,2024-02-05,development,true
DEAL-00918,2025-10-18,future_holdout,true
DEAL-00919,2024-11-01,development,true
DEAL-00920,2024-09-12,development,true
DEAL-00921,2024-05-07,development,true
DEAL-00922,2024-03-24,development,true
DEAL-00923,2024-12-21,development,true
DEAL-00924,2024-09-15,development,true
DEAL-00925,2024-12-05,development,true
DEAL-00926,2024-09-22,development,true
DEAL-00927,2025-01-07,validation,true
DEAL-00928,2024-01-27,development,true
DEAL-00929,2025-03-20,validation,true
DEAL-00930,2024-05-02,development,true
DEAL-00931,2025-08-21,future_holdout,true
DEAL-00932,2024-05-26,development,true
DEAL-00933,2024-04-30,development,true
DEAL-00934,2025-12-03,future_holdout,true
DEAL-00935,2024-02-29,development,true
DEAL-00936,2024-02-17,development,true
DEAL-00937,2024-04-27,development,true
DEAL-00938,2025-02-28,validation,true
DEAL-00939,2024-01-14,development,true
DEAL-00940,2024-04-30,development,true
DEAL-00941,2025-10-26,future_holdout,true
DEAL-00942,2025-11-15,future_holdout,true
DEAL-00943,2025-08-31,future_holdout,true
DEAL-00944,2025-06-03,validation,true
DEAL-00945,2025-07-11,future_holdout,true
DEAL-00946,2025-05-02,validation,true
DEAL-00947,2025-01-03,validation,true
DEAL-00948,2024-09-01,development,true
DEAL-00949,2025-07-21,future_holdout,true
DEAL-00950,2024-08-16,development,true
DEAL-00951,2025-04-15,validation,true
DEAL-00952,2025-02-25,validation,true
DEAL-00953,2024-04-24,development,true
DEAL-00954,2024-10-12,development,true
DEAL-00955,2024-11-03,development,true
DEAL-00956,2025-09-20,future_holdout,true
DEAL-00957,2024-01-01,development,true
DEAL-00958,2025-02-05,validation,true
DEAL-00959,2025-07-27,future_holdout,true
DEAL-00960,2025-07-19,future_holdout,true
DEAL-00961,2025-01-25,validation,true
DEAL-00962,2025-10-03,future_holdout,true
DEAL-00963,2025-03-14,validation,true
DEAL-00964,2024-08-28,development,true
DEAL-00965,2024-08-23,development,true
DEAL-00966,2025-02-24,validation,true
DEAL-00967,2025-05-18,validation,true
DEAL-00968,2025-08-21,future_holdout,true
DEAL-00969,2024-04-05,development,true
DEAL-00970,2025-05-01,validation,true
DEAL-00971,2024-02-05,development,true
DEAL-00972,2024-02-21,development,true
DEAL-00973,2024-06-17,development,true
DEAL-00974,2024-03-15,development,true
DEAL-00975,2025-03-30,validation,true
DEAL-00976,2024-02-14,development,true
DEAL-00977,2025-02-14,validation,true
DEAL-00978,2025-12-13,future_holdout,true
DEAL-00979,2025-02-17,validation,true
DEAL-00980,2025-01-07,validation,true
DEAL-00981,2025-12-18,future_holdout,true
DEAL-00982,2025-11-13,future_holdout,true
DEAL-00983,2024-09-23,development,true
DEAL-00984,2024-04-12,development,true
DEAL-00985,2024-07-04,development,true
DEAL-00986,2024-10-14,development,true
DEAL-00987,2025-05-10,validation,true
DEAL-00988,2024-01-02,development,true
DEAL-00989,2025-12-01,future_holdout,true
DEAL-00990,2024-04-07,development,true
DEAL-00991,2024-01-29,development,true
DEAL-00992,2025-04-18,validation,true
DEAL-00993,2025-08-02,future_holdout,true
DEAL-00994,2025-09-07,future_holdout,true
DEAL-00995,2025-05-15,validation,true
DEAL-00996,2025-02-27,validation,true
DEAL-00997,2025-01-28,validation,true
DEAL-00998,2025-10-31,future_holdout,true
DEAL-00999,2025-06-13,validation,true
DEAL-01000,2025-02-04,validation,true
DEAL-01001,2025-09-28,future_holdout,true
DEAL-01002,2024-08-08,development,true
DEAL-01003,2025-10-03,future_holdout,true
DEAL-01004,2025-11-17,future_holdout,true
DEAL-01005,2024-10-12,development,true
DEAL-01006,2024-10-24,development,true
DEAL-01007,2024-04-18,development,true
DEAL-01008,2025-09-29,future_holdout,true
DEAL-01009,2024-02-13,development,true
DEAL-01010,2025-06-24,validation,true
DEAL-01011,2025-01-27,validation,true
DEAL-01012,2024-12-09,development,true
DEAL-01013,2025-07-16,future_holdout,true
DEAL-01014,2025-08-17,future_holdout,true
DEAL-01015,2024-10-17,development,true
DEAL-01016,2025-01-13,validation,true
DEAL-01017,2024-05-30,development,true
DEAL-01018,2025-04-28,validation,true
DEAL-01019,2025-10-22,future_holdout,true
DEAL-01020,2024-06-24,development,true
DEAL-01021,2025-09-17,future_holdout,true
DEAL-01022,2025-04-22,validation,true
DEAL-01023,2024-11-03,development,true
DEAL-01024,2024-05-28,development,true
DEAL-01025,2024-03-23,development,true
DEAL-01026,2024-09-08,development,true
DEAL-01027,2024-06-10,development,true
DEAL-01028,2024-12-03,development,true
DEAL-01029,2024-05-13,development,true
DEAL-01030,2024-05-21,development,true
DEAL-01031,2024-10-23,development,true
DEAL-01032,2024-09-12,development,true
DEAL-01033,2025-12-26,future_holdout,true
DEAL-01034,2024-07-11,development,true
DEAL-01035,2025-07-15,future_holdout,true
DEAL-01036,2025-07-15,future_holdout,true
DEAL-01037,2024-07-19,development,true
DEAL-01038,2024-09-26,development,true
DEAL-01039,2025-01-14,validation,true
DEAL-01040,2024-09-19,development,true
DEAL-01041,2024-03-24,development,true
DEAL-01042,2025-01-25,validation,true
DEAL-01043,2024-03-24,development,true
DEAL-01044,2024-07-12,development,true
DEAL-01045,2025-08-20,future_holdout,true
DEAL-01046,2025-07-07,future_holdout,true
DEAL-01047,2024-07-09,development,true
DEAL-01048,2025-10-15,future_holdout,true
DEAL-01049,2024-07-08,development,true
DEAL-01050,2025-11-20,future_holdout,true
DEAL-01051,2024-02-29,development,true
DEAL-01052,2024-09-28,development,true
DEAL-01053,2025-03-15,validation,true
DEAL-01054,2025-07-22,future_holdout,true
DEAL-01055,2025-05-14,validation,true
DEAL-01056,2025-06-02,validation,true
DEAL-01057,2024-12-09,development,true
DEAL-01058,2025-11-15,future_holdout,true
DEAL-01059,2024-05-18,development,true
DEAL-01060,2024-08-09,development,true
DEAL-01061,2024-12-25,development,true
DEAL-01062,2024-04-27,development,true
DEAL-01063,2025-08-26,future_holdout,true
DEAL-01064,2025-05-20,validation,true
DEAL-01065,2025-01-08,validation,true
DEAL-01066,2025-06-11,validation,true
DEAL-01067,2024-03-15,development,true
DEAL-01068,2024-08-16,development,true
DEAL-01069,2025-05-06,validation,true
DEAL-01070,2024-11-03,development,true
DEAL-01071,2025-03-29,validation,true
DEAL-01072,2024-06-29,development,true
DEAL-01073,2025-03-15,validation,true
DEAL-01074,2025-08-01,future_holdout,true
DEAL-01075,2025-03-30,validation,true
DEAL-01076,2024-02-22,development,true
DEAL-01077,2025-09-28,future_holdout,true
DEAL-01078,2024-09-14,development,true
DEAL-01079,2024-09-13,development,true
DEAL-01080,2025-02-25,validation,true
DEAL-01081,2024-11-25,development,true
DEAL-01082,2025-01-30,validation,true
DEAL-01083,2024-07-11,development,true
DEAL-01084,2025-01-21,validation,true
DEAL-01085,2025-12-11,future_holdout,true
DEAL-01086,2025-10-24,future_holdout,true
DEAL-01087,2025-10-07,future_holdout,true
DEAL-01088,2024-06-01,development,true
DEAL-01089,2024-05-21,development,true
DEAL-01090,2024-03-04,development,true
DEAL-01091,2025-06-28,validation,true
DEAL-01092,2024-08-06,development,true
DEAL-01093,2025-12-17,future_holdout,true
DEAL-01094,2025-01-30,validation,true
DEAL-01095,2024-12-09,development,true
DEAL-01096,2024-12-25,development,true
DEAL-01097,2024-07-26,development,true
DEAL-01098,2024-05-16,development,true
DEAL-01099,2025-07-19,future_holdout,true
DEAL-01100,2025-09-27,future_holdout,true
DEAL-01101,2025-03-08,validation,true
DEAL-01102,2025-10-28,future_holdout,true
DEAL-01103,2025-06-20,validation,true
DEAL-01104,2025-02-10,validation,true
DEAL-01105,2024-06-09,development,true
DEAL-01106,2025-12-11,future_holdout,true
DEAL-01107,2025-06-13,validation,true
DEAL-01108,2025-05-10,validation,true
DEAL-01109,2024-08-07,development,true
DEAL-01110,2024-04-23,development,true
DEAL-01111,2025-06-15,validation,true
DEAL-01112,2025-06-04,validation,true
DEAL-01113,2025-08-05,future_holdout,true
DEAL-01114,2025-04-22,validation,true
DEAL-01115,2025-12-16,future_holdout,true
DEAL-01116,2024-12-29,development,true
DEAL-01117,2024-09-24,development,true
DEAL-01118,2024-10-13,development,true
DEAL-01119,2025-12-05,future_holdout,true
DEAL-01120,2025-02-24,validation,true
DEAL-01121,2024-10-26,development,true
DEAL-01122,2024-03-22,development,true
DEAL-01123,2024-11-09,development,true
DEAL-01124,2025-05-21,validation,true
DEAL-01125,2025-06-04,validation,true
DEAL-01126,2025-09-24,future_holdout,true
DEAL-01127,2024-11-09,development,true
DEAL-01128,2025-01-29,validation,true
DEAL-01129,2025-07-13,future_holdout,true
DEAL-01130,2024-07-16,development,true
DEAL-01131,2024-05-21,development,true
DEAL-01132,2025-08-29,future_holdout,true
DEAL-01133,2024-07-03,development,true
DEAL-01134,2025-03-02,validation,true
DEAL-01135,2024-11-21,development,true
DEAL-01136,2025-05-06,validation,true
DEAL-01137,2025-03-28,validation,true
DEAL-01138,2025-05-21,validation,true
DEAL-01139,2025-07-17,future_holdout,true
DEAL-01140,2025-07-11,future_holdout,true
DEAL-01141,2025-01-31,validation,true
DEAL-01142,2025-12-20,future_holdout,true
DEAL-01143,2025-07-08,future_holdout,true
DEAL-01144,2024-08-23,development,true
DEAL-01145,2025-11-11,future_holdout,true
DEAL-01146,2024-08-28,development,true
DEAL-01147,2024-02-17,development,true
DEAL-01148,2025-03-24,validation,true
DEAL-01149,2025-01-12,validation,true
DEAL-01150,2025-11-08,future_holdout,true
DEAL-01151,2024-09-22,development,true
DEAL-01152,2024-07-04,development,true
DEAL-01153,2025-07-12,future_holdout,true
DEAL-01154,2025-04-04,validation,true
DEAL-01155,2025-03-20,validation,true
DEAL-01156,2024-08-26,development,true
DEAL-01157,2025-03-31,validation,true
DEAL-01158,2025-07-13,future_holdout,true
DEAL-01159,2024-05-24,development,true
DEAL-01160,2025-07-11,future_holdout,true
DEAL-01161,2025-12-28,future_holdout,true
DEAL-01162,2024-04-19,development,true
DEAL-01163,2024-06-30,development,true
DEAL-01164,2025-09-16,future_holdout,true
DEAL-01165,2024-07-06,development,true
DEAL-01166,2025-12-24,future_holdout,true
DEAL-01167,2025-09-24,future_holdout,true
DEAL-01168,2025-07-25,future_holdout,true
DEAL-01169,2025-12-05,future_holdout,true
DEAL-01170,2025-12-29,future_holdout,true
DEAL-01171,2024-05-08,development,true
DEAL-01172,2025-03-24,validation,true
DEAL-01173,2025-05-05,validation,true
DEAL-01174,2024-07-25,development,true
DEAL-01175,2024-06-07,development,true
DEAL-01176,2025-09-17,future_holdout,true
DEAL-01177,2024-07-08,development,true
DEAL-01178,2024-10-18,development,true
DEAL-01179,2024-03-26,development,true
DEAL-01180,2024-04-01,development,true
DEAL-01181,2024-07-16,development,true
DEAL-01182,2024-07-16,development,true
DEAL-01183,2024-10-31,development,true
DEAL-01184,2024-12-22,development,true
DEAL-01185,2025-04-25,validation,true
DEAL-01186,2025-11-25,future_holdout,true
DEAL-01187,2024-11-04,development,true
DEAL-01188,2025-03-26,validation,true
DEAL-01189,2024-10-06,development,true
DEAL-01190,2025-12-08,future_holdout,true
DEAL-01191,2025-10-04,future_holdout,true
DEAL-01192,2024-11-23,development,true
DEAL-01193,2025-11-27,future_holdout,true
DEAL-01194,2025-07-04,future_holdout,true
DEAL-01195,2025-08-08,future_holdout,true
DEAL-01196,2025-09-13,future_holdout,true
DEAL-01197,2024-07-11,development,true
DEAL-01198,2024-09-21,development,true
DEAL-01199,2025-10-24,future_holdout,true
DEAL-01200,2024-04-16,development,true
DEAL-01201,2024-01-19,development,true
DEAL-01202,2025-05-09,validation,true
DEAL-01203,2025-06-21,validation,true
DEAL-01204,2025-04-25,validation,true
DEAL-01205,2025-01-13,validation,true
DEAL-01206,2024-04-15,development,true
DEAL-01207,2024-03-20,development,true
DEAL-01208,2025-11-05,future_holdout,true
DEAL-01209,2025-02-20,validation,true
DEAL-01210,2024-07-15,development,true
DEAL-01211,2025-06-13,validation,true
DEAL-01212,2024-04-20,development,true
DEAL-01213,2024-06-13,development,true
DEAL-01214,2024-08-01,development,true
DEAL-01215,2024-05-17,development,true
DEAL-01216,2024-06-19,development,true
DEAL-01217,2024-10-08,development,true
DEAL-01218,2025-08-10,future_holdout,true
DEAL-01219,2024-11-12,development,true
DEAL-01220,2024-08-02,development,true
DEAL-01221,2025-03-27,validation,true
DEAL-01222,2025-01-29,validation,true
DEAL-01223,2025-06-20,validation,true
DEAL-01224,2024-01-16,development,true
DEAL-01225,2025-05-19,validation,true
DEAL-01226,2025-12-15,future_holdout,true
DEAL-01227,2024-03-14,development,true
DEAL-01228,2024-04-07,development,true
DEAL-01229,2025-06-10,validation,true
DEAL-01230,2024-08-17,development,true
DEAL-01231,2025-11-23,future_holdout,true
DEAL-01232,2024-06-05,development,true
DEAL-01233,2025-02-13,validation,true
DEAL-01234,2025-07-29,future_holdout,true
DEAL-01235,2024-05-16,development,true
DEAL-01236,2025-03-01,validation,true
DEAL-01237,2025-10-16,future_holdout,true
DEAL-01238,2024-10-17,development,true
DEAL-01239,2024-01-31,development,true
DEAL-01240,2024-09-14,development,true
DEAL-01241,2025-10-27,future_holdout,true
DEAL-01242,2025-03-19,validation,true
DEAL-01243,2025-02-27,validation,true
DEAL-01244,2025-01-08,validation,true
DEAL-01245,2024-02-06,development,true
DEAL-01246,2024-02-10,development,true
DEAL-01247,2025-09-14,future_holdout,true
DEAL-01248,2025-02-11,validation,true
DEAL-01249,2025-09-23,future_holdout,true
DEAL-01250,2024-12-19,development,true
DEAL-01251,2025-01-18,validation,true
DEAL-01252,2025-08-05,future_holdout,true
DEAL-01253,2024-02-15,development,true
DEAL-01254,2024-08-08,development,true
DEAL-01255,2025-08-23,future_holdout,true
DEAL-01256,2025-01-18,validation,true
DEAL-01257,2025-05-22,validation,true
DEAL-01258,2025-05-17,validation,true
DEAL-01259,2024-05-12,development,true
DEAL-01260,2024-07-26,development,true
DEAL-01261,2024-12-31,development,true
DEAL-01262,2025-08-29,future_holdout,true
DEAL-01263,2025-06-10,validation,true
DEAL-01264,2025-12-29,future_holdout,true
DEAL-01265,2024-09-06,development,true
DEAL-01266,2024-11-27,development,true
DEAL-01267,2025-09-16,future_holdout,true
DEAL-01268,2024-07-12,development,true
DEAL-01269,2024-03-18,development,true
DEAL-01270,2024-12-22,development,true
DEAL-01271,2025-04-27,validation,true
DEAL-01272,2025-06-08,validation,true
DEAL-01273,2025-09-20,future_holdout,true
DEAL-01274,2024-01-11,development,true
DEAL-01275,2025-08-16,future_holdout,true
DEAL-01276,2025-04-17,validation,true
DEAL-01277,2025-10-08,future_holdout,true
DEAL-01278,2024-07-02,development,true
DEAL-01279,2024-08-04,development,true
DEAL-01280,2024-05-06,development,true
DEAL-01281,2025-10-16,future_holdout,true
DEAL-01282,2024-09-12,development,true
DEAL-01283,2025-03-30,validation,true
DEAL-01284,2025-01-11,validation,true
DEAL-01285,2024-03-24,development,true
DEAL-01286,2025-10-01,future_holdout,true
DEAL-01287,2024-08-26,development,true
DEAL-01288,2024-11-25,development,true
DEAL-01289,2025-03-11,validation,true
DEAL-01290,2025-08-09,future_holdout,true
DEAL-01291,2024-02-08,development,true
DEAL-01292,2025-01-28,validation,true
DEAL-01293,2024-03-07,development,true
DEAL-01294,2025-02-09,validation,true
DEAL-01295,2025-12-30,future_holdout,true
DEAL-01296,2025-12-01,future_holdout,true
DEAL-01297,2025-10-31,future_holdout,true
DEAL-01298,2025-12-24,future_holdout,true
DEAL-01299,2024-08-01,development,true
DEAL-01300,2025-03-29,validation,true
DEAL-01301,2024-07-18,development,true
DEAL-01302,2024-08-23,development,true
DEAL-01303,2024-11-17,development,true
DEAL-01304,2024-01-28,development,true
DEAL-01305,2025-01-18,validation,true
DEAL-01306,2024-05-04,development,true
DEAL-01307,2025-11-08,future_holdout,true
DEAL-01308,2025-03-01,validation,true
DEAL-01309,2025-08-27,future_holdout,true
DEAL-01310,2024-12-04,development,true
DEAL-01311,2024-08-21,development,true
DEAL-01312,2025-12-04,future_holdout,true
DEAL-01313,2025-05-28,validation,true
DEAL-01314,2024-09-21,development,true
DEAL-01315,2025-06-11,validation,true
DEAL-01316,2024-05-30,development,true
DEAL-01317,2024-11-08,development,true
DEAL-01318,2024-08-31,development,true
DEAL-01319,2024-07-16,development,true
DEAL-01320,2024-09-06,development,true
DEAL-01321,2025-02-15,validation,true
DEAL-01322,2024-09-17,development,true
DEAL-01323,2024-06-18,development,true
DEAL-01324,2024-10-02,development,true
DEAL-01325,2024-08-30,development,true
DEAL-01326,2025-05-27,validation,true
DEAL-01327,2025-12-07,future_holdout,true
DEAL-01328,2024-05-15,development,true
DEAL-01329,2025-07-12,future_holdout,true
DEAL-01330,2024-01-19,development,true
DEAL-01331,2025-04-16,validation,true
DEAL-01332,2025-04-07,validation,true
DEAL-01333,2025-10-30,future_holdout,true
DEAL-01334,2024-05-30,development,true
DEAL-01335,2024-12-19,development,true
DEAL-01336,2024-08-12,development,true
DEAL-01337,2024-12-11,development,true
DEAL-01338,2024-05-06,development,true
DEAL-01339,2024-12-10,development,true
DEAL-01340,2025-09-25,future_holdout,true
DEAL-01341,2024-04-08,development,true
DEAL-01342,2025-04-19,validation,true
DEAL-01343,2024-12-28,development,true
DEAL-01344,2024-11-06,development,true
DEAL-01345,2025-07-15,future_holdout,true
DEAL-01346,2025-04-17,validation,true
DEAL-01347,2024-03-23,development,true
DEAL-01348,2025-08-16,future_holdout,true
DEAL-01349,2024-05-28,development,true
DEAL-01350,2025-12-24,future_holdout,true
DEAL-01351,2024-01-12,development,true
DEAL-01352,2024-10-10,development,true
DEAL-01353,2024-10-08,development,true
DEAL-01354,2024-02-25,development,true
DEAL-01355,2025-12-01,future_holdout,true
DEAL-01356,2024-11-10,development,true
DEAL-01357,2024-01-21,development,true
DEAL-01358,2024-06-09,development,true
DEAL-01359,2025-12-04,future_holdout,true
DEAL-01360,2024-03-03,development,true
DEAL-01361,2024-03-14,development,true
DEAL-01362,2025-12-28,future_holdout,true
DEAL-01363,2025-05-26,validation,true
DEAL-01364,2024-03-17,development,true
DEAL-01365,2025-10-16,future_holdout,true
DEAL-01366,2025-06-10,validation,true
DEAL-01367,2024-03-13,development,true
DEAL-01368,2025-05-15,validation,true
DEAL-01369,2025-01-16,validation,true
DEAL-01370,2025-07-02,future_holdout,true
DEAL-01371,2024-01-05,development,true
DEAL-01372,2024-01-08,development,true
DEAL-01373,2025-03-09,validation,true
DEAL-01374,2024-11-03,development,true
DEAL-01375,2025-01-24,validation,true
DEAL-01376,2024-02-09,development,true
DEAL-01377,2025-09-23,future_holdout,true
DEAL-01378,2024-06-14,development,true
DEAL-01379,2025-04-02,validation,true
DEAL-01380,2025-11-20,future_holdout,true
DEAL-01381,2024-03-21,development,true
DEAL-01382,2025-02-28,validation,true
DEAL-01383,2025-09-22,future_holdout,true
DEAL-01384,2024-05-02,development,true
DEAL-01385,2025-11-19,future_holdout,true
DEAL-01386,2025-05-06,validation,true
DEAL-01387,2025-10-19,future_holdout,true
DEAL-01388,2024-04-19,development,true
DEAL-01389,2024-06-15,development,true
DEAL-01390,2024-07-02,development,true
DEAL-01391,2024-08-18,development,true
DEAL-01392,2024-07-04,development,true
DEAL-01393,2025-12-06,future_holdout,true
DEAL-01394,2025-07-19,future_holdout,true
DEAL-01395,2024-02-25,development,true
DEAL-01396,2024-01-24,development,true
DEAL-01397,2025-03-23,validation,true
DEAL-01398,2024-03-04,development,true
DEAL-01399,2025-12-13,future_holdout,true
DEAL-01400,2025-08-19,future_holdout,true
DEAL-01401,2025-02-20,validation,true
DEAL-01402,2025-09-22,future_holdout,true
DEAL-01403,2025-10-15,future_holdout,true
DEAL-01404,2025-08-23,future_holdout,true
DEAL-01405,2025-08-21,future_holdout,true
DEAL-01406,2025-06-13,validation,true
DEAL-01407,2025-04-29,validation,true
DEAL-01408,2025-10-29,future_holdout,true
DEAL-01409,2024-05-24,development,true
DEAL-01410,2025-03-21,validation,true
DEAL-01411,2024-12-20,development,true
DEAL-01412,2024-07-20,development,true
DEAL-01413,2024-07-04,development,true
DEAL-01414,2024-10-25,development,true
DEAL-01415,2024-09-24,development,true
DEAL-01416,2025-02-14,validation,true
DEAL-01417,2024-09-08,development,true
DEAL-01418,2025-09-19,future_holdout,true
DEAL-01419,2024-12-04,development,true
DEAL-01420,2024-11-01,development,true
DEAL-01421,2024-08-07,development,true
DEAL-01422,2025-12-15,future_holdout,true
DEAL-01423,2024-12-24,development,true
DEAL-01424,2025-03-04,validation,true
DEAL-01425,2024-06-06,development,true
DEAL-01426,2025-03-29,validation,true
DEAL-01427,2024-05-24,development,true
DEAL-01428,2024-10-27,development,true
DEAL-01429,2024-08-10,development,true
DEAL-01430,2024-03-10,development,true
DEAL-01431,2025-11-05,future_holdout,true
DEAL-01432,2024-08-02,development,true
DEAL-01433,2024-09-15,development,true
DEAL-01434,2024-06-06,development,true
DEAL-01435,2024-10-08,development,true
DEAL-01436,2025-06-13,validation,true
DEAL-01437,2025-12-06,future_holdout,true
DEAL-01438,2024-01-16,development,true
DEAL-01439,2024-04-29,development,true
DEAL-01440,2025-07-09,future_holdout,true
DEAL-01441,2025-01-12,validation,true
DEAL-01442,2024-08-13,development,true
DEAL-01443,2025-12-15,future_holdout,true
DEAL-01444,2024-10-16,development,true
DEAL-01445,2025-09-15,future_holdout,true
DEAL-01446,2024-08-11,development,true
DEAL-01447,2024-10-03,development,true
DEAL-01448,2024-03-24,development,true
DEAL-01449,2025-10-14,future_holdout,true
DEAL-01450,2025-11-12,future_holdout,true
DEAL-01451,2025-11-05,future_holdout,true
DEAL-01452,2024-03-24,development,true
DEAL-01453,2025-04-29,validation,true
DEAL-01454,2025-06-17,validation,true
DEAL-01455,2025-10-18,future_holdout,true
DEAL-01456,2024-02-18,development,true
DEAL-01457,2024-03-15,development,true
DEAL-01458,2024-05-20,development,true
DEAL-01459,2024-02-19,development,true
DEAL-01460,2025-05-28,validation,true
DEAL-01461,2025-12-10,future_holdout,true
DEAL-01462,2025-10-23,future_holdout,true
DEAL-01463,2024-02-26,development,true
DEAL-01464,2025-08-09,future_holdout,true
DEAL-01465,2024-06-28,development,true
DEAL-01466,2024-04-30,development,true
DEAL-01467,2024-01-05,development,true
DEAL-01468,2025-10-12,future_holdout,true
DEAL-01469,2024-05-31,development,true
DEAL-01470,2024-04-09,development,true
DEAL-01471,2024-02-25,development,true
DEAL-01472,2024-06-08,development,true
DEAL-01473,2025-06-15,validation,true
DEAL-01474,2024-10-04,development,true
DEAL-01475,2025-02-17,validation,true
DEAL-01476,2025-03-25,validation,true
DEAL-01477,2025-10-30,future_holdout,true
DEAL-01478,2024-10-08,development,true
DEAL-01479,2024-04-14,development,true
DEAL-01480,2025-04-24,validation,true
DEAL-01481,2025-09-29,future_holdout,true
DEAL-01482,2025-05-24,validation,true
DEAL-01483,2024-05-24,development,true
DEAL-01484,2025-04-09,validation,true
DEAL-01485,2024-12-23,development,true
DEAL-01486,2024-10-02,development,true
DEAL-01487,2025-09-15,future_holdout,true
DEAL-01488,2024-01-09,development,true
DEAL-01489,2024-10-17,development,true
DEAL-01490,2025-07-12,future_holdout,true
DEAL-01491,2025-03-31,validation,true
DEAL-01492,2025-04-04,validation,true
DEAL-01493,2024-11-23,development,true
DEAL-01494,2024-07-09,development,true
DEAL-01495,2025-05-14,validation,true
DEAL-01496,2024-03-31,development,true
DEAL-01497,2024-05-14,development,true
DEAL-01498,2024-09-28,development,true
DEAL-01499,2025-02-23,validation,true
DEAL-01500,2025-08-08,future_holdout,true
DEAL-01501,2024-04-27,development,true
DEAL-01502,2025-05-24,validation,true
DEAL-01503,2024-03-03,development,true
DEAL-01504,2025-07-21,future_holdout,true
DEAL-01505,2025-12-31,future_holdout,true
DEAL-01506,2025-05-10,validation,true
DEAL-01507,2024-05-06,development,true
DEAL-01508,2024-03-07,development,true
DEAL-01509,2024-02-27,development,true
DEAL-01510,2024-09-20,development,true
DEAL-01511,2024-01-10,development,true
DEAL-01512,2025-06-09,validation,true
DEAL-01513,2025-09-13,future_holdout,true
DEAL-01514,2025-05-08,validation,true
DEAL-01515,2025-05-11,validation,true
DEAL-01516,2024-02-22,development,true
DEAL-01517,2024-08-08,development,true
DEAL-01518,2024-12-27,development,true
DEAL-01519,2025-07-07,future_holdout,true
DEAL-01520,2025-05-17,validation,true
DEAL-01521,2025-11-16,future_holdout,true
DEAL-01522,2025-08-18,future_holdout,true
DEAL-01523,2024-11-28,development,true
DEAL-01524,2025-05-19,validation,true
DEAL-01525,2024-04-25,development,true
DEAL-01526,2025-08-27,future_holdout,true
DEAL-01527,2025-11-12,future_holdout,true
DEAL-01528,2025-06-28,validation,true
DEAL-01529,2025-02-22,validation,true
DEAL-01530,2024-01-21,development,true
DEAL-01531,2025-02-07,validation,true
DEAL-01532,2025-11-15,future_holdout,true
DEAL-01533,2025-05-29,validation,true
DEAL-01534,2024-02-08,development,true
DEAL-01535,2025-09-08,future_holdout,true
DEAL-01536,2025-04-26,validation,true
DEAL-01537,2025-08-25,future_holdout,true
DEAL-01538,2024-04-21,development,true
DEAL-01539,2025-03-28,validation,true
DEAL-01540,2025-03-13,validation,true
DEAL-01541,2025-02-18,validation,true
DEAL-01542,2025-07-31,future_holdout,true
DEAL-01543,2024-06-14,development,true
DEAL-01544,2024-03-31,development,true
DEAL-01545,2024-11-26,development,true
DEAL-01546,2024-07-13,development,true
DEAL-01547,2025-10-05,future_holdout,true
DEAL-01548,2024-11-27,development,true
DEAL-01549,2025-07-04,future_holdout,true
DEAL-01550,2024-01-23,development,true
DEAL-01551,2024-07-23,development,true
DEAL-01552,2024-04-05,development,true
DEAL-01553,2025-01-04,validation,true
DEAL-01554,2024-10-16,development,true
DEAL-01555,2024-05-26,development,true
DEAL-01556,2025-01-19,validation,true
DEAL-01557,2025-04-09,validation,true
DEAL-01558,2025-04-29,validation,true
DEAL-01559,2025-09-12,future_holdout,true
DEAL-01560,2025-09-16,future_holdout,true
DEAL-01561,2024-07-18,development,true
DEAL-01562,2025-11-27,future_holdout,true
DEAL-01563,2025-03-31,validation,true
DEAL-01564,2024-12-06,development,true
DEAL-01565,2025-12-13,future_holdout,true
DEAL-01566,2025-01-26,validation,true
DEAL-01567,2024-04-16,development,true
DEAL-01568,2024-06-07,development,true
DEAL-01569,2024-02-21,development,true
DEAL-01570,2025-03-02,validation,true
DEAL-01571,2024-04-29,development,true
DEAL-01572,2024-01-08,development,true
DEAL-01573,2024-10-29,development,true
DEAL-01574,2024-11-27,development,true
DEAL-01575,2025-07-19,future_holdout,true
DEAL-01576,2025-05-21,validation,true
DEAL-01577,2025-09-06,future_holdout,true
DEAL-01578,2025-10-20,future_holdout,true
DEAL-01579,2024-04-16,development,true
DEAL-01580,2024-10-03,development,true
DEAL-01581,2024-10-09,development,true
DEAL-01582,2025-01-19,validation,true
DEAL-01583,2025-05-22,validation,true
DEAL-01584,2025-01-07,validation,true
DEAL-01585,2024-12-22,development,true
DEAL-01586,2024-06-08,development,true
DEAL-01587,2025-11-05,future_holdout,true
DEAL-01588,2025-11-05,future_holdout,true
DEAL-01589,2024-06-20,development,true
DEAL-01590,2024-09-23,development,true
DEAL-01591,2025-12-31,future_holdout,true
DEAL-01592,2024-02-12,development,true
DEAL-01593,2025-01-19,validation,true
DEAL-01594,2024-11-10,development,true
DEAL-01595,2025-03-13,validation,true
DEAL-01596,2024-03-04,development,true
DEAL-01597,2025-07-04,future_holdout,true
DEAL-01598,2024-05-28,development,true
DEAL-01599,2025-03-21,validation,true
DEAL-01600,2024-12-28,development,true
DEAL-01601,2025-04-27,validation,true
DEAL-01602,2024-08-06,development,true
DEAL-01603,2024-02-22,development,true
DEAL-01604,2024-05-07,development,true
DEAL-01605,2025-01-16,validation,true
DEAL-01606,2025-01-29,validation,true
DEAL-01607,2025-06-30,validation,true
DEAL-01608,2025-08-04,future_holdout,true
DEAL-01609,2025-04-26,validation,true
DEAL-01610,2024-08-15,development,true
DEAL-01611,2025-05-07,validation,true
DEAL-01612,2024-04-20,development,true
DEAL-01613,2024-11-16,development,true
DEAL-01614,2025-12-20,future_holdout,true
DEAL-01615,2025-04-04,validation,true
DEAL-01616,2025-12-30,future_holdout,true
DEAL-01617,2025-04-12,validation,true
DEAL-01618,2025-04-05,validation,true
DEAL-01619,2024-05-02,development,true
DEAL-01620,2025-05-02,validation,true
DEAL-01621,2025-03-21,validation,true
DEAL-01622,2025-04-27,validation,true
DEAL-01623,2024-03-05,development,true
DEAL-01624,2025-04-06,validation,true
DEAL-01625,2025-05-30,validation,true
DEAL-01626,2024-09-21,development,true
DEAL-01627,2024-05-18,development,true
DEAL-01628,2025-08-08,future_holdout,true
DEAL-01629,2025-08-25,future_holdout,true
DEAL-01630,2024-04-28,development,true
DEAL-01631,2025-10-31,future_holdout,true
DEAL-01632,2024-06-02,development,true
DEAL-01633,2024-09-11,development,true
DEAL-01634,2024-09-02,development,true
DEAL-01635,2025-10-07,future_holdout,true
DEAL-01636,2024-09-03,development,true
DEAL-01637,2024-06-20,development,true
DEAL-01638,2024-08-07,development,true
DEAL-01639,2024-11-16,development,true
DEAL-01640,2024-12-01,development,true
DEAL-01641,2024-08-20,development,true
DEAL-01642,2024-04-22,development,true
DEAL-01643,2025-09-16,future_holdout,true
DEAL-01644,2025-05-29,validation,true
DEAL-01645,2025-02-19,validation,true
DEAL-01646,2025-12-24,future_holdout,true
DEAL-01647,2025-11-12,future_holdout,true
DEAL-01648,2025-06-20,validation,true
DEAL-01649,2025-04-18,validation,true
DEAL-01650,2025-11-15,future_holdout,true
DEAL-01651,2024-06-21,development,true
DEAL-01652,2025-06-21,validation,true
DEAL-01653,2024-03-04,development,true
DEAL-01654,2024-06-24,development,true
DEAL-01655,2024-08-31,development,true
DEAL-01656,2024-11-19,development,true
DEAL-01657,2024-05-09,development,true
DEAL-01658,2024-07-05,development,true
DEAL-01659,2025-09-24,future_holdout,true
DEAL-01660,2024-05-25,development,true
DEAL-01661,2025-03-06,validation,true
DEAL-01662,2024-01-19,development,true
DEAL-01663,2024-03-02,development,true
DEAL-01664,2025-04-25,validation,true
DEAL-01665,2024-12-27,development,true
DEAL-01666,2024-09-05,development,true
DEAL-01667,2024-07-23,development,true
DEAL-01668,2024-05-10,development,true
DEAL-01669,2024-11-12,development,true
DEAL-01670,2024-09-08,development,true
DEAL-01671,2025-08-07,future_holdout,true
DEAL-01672,2024-01-14,development,true
DEAL-01673,2024-01-03,development,true
DEAL-01674,2025-12-25,future_holdout,true
DEAL-01675,2025-02-08,validation,true
DEAL-01676,2025-06-25,validation,true
DEAL-01677,2025-12-26,future_holdout,true
DEAL-01678,2025-06-14,validation,true
DEAL-01679,2025-12-10,future_holdout,true
DEAL-01680,2025-04-21,validation,true
DEAL-01681,2024-01-13,development,true
DEAL-01682,2024-10-01,development,true
DEAL-01683,2024-05-20,development,true
DEAL-01684,2025-04-22,validation,true
DEAL-01685,2025-07-20,future_holdout,true
DEAL-01686,2024-11-09,development,true
DEAL-01687,2025-03-15,validation,true
DEAL-01688,2025-06-10,validation,true
DEAL-01689,2025-09-23,future_holdout,true
DEAL-01690,2024-10-08,development,true
DEAL-01691,2025-05-15,validation,true
DEAL-01692,2024-12-01,development,true
DEAL-01693,2024-08-29,development,true
DEAL-01694,2024-01-07,development,true
DEAL-01695,2025-10-29,future_holdout,true
DEAL-01696,2024-11-12,development,true
DEAL-01697,2025-01-18,validation,true
DEAL-01698,2025-09-29,future_holdout,true
DEAL-01699,2024-02-19,development,true
DEAL-01700,2025-04-14,validation,true
DEAL-01701,2025-02-23,validation,true
DEAL-01702,2024-12-26,development,true
DEAL-01703,2024-10-06,development,true
DEAL-01704,2025-09-27,future_holdout,true
DEAL-01705,2024-10-09,development,true
DEAL-01706,2025-10-13,future_holdout,true
DEAL-01707,2025-06-26,validation,true
DEAL-01708,2024-06-24,development,true
DEAL-01709,2024-05-08,development,true
DEAL-01710,2024-06-18,development,true
DEAL-01711,2025-01-05,validation,true
DEAL-01712,2024-10-01,development,true
DEAL-01713,2025-10-12,future_holdout,true
DEAL-01714,2024-04-19,development,true
DEAL-01715,2025-11-22,future_holdout,true
DEAL-01716,2025-01-19,validation,true
DEAL-01717,2024-06-26,development,true
DEAL-01718,2025-07-21,future_holdout,true
DEAL-01719,2024-06-08,development,true
DEAL-01720,2025-09-09,future_holdout,true
DEAL-01721,2024-06-25,development,true
DEAL-01722,2024-12-05,development,true
DEAL-01723,2024-02-28,development,true
DEAL-01724,2024-10-03,development,true
DEAL-01725,2025-08-05,future_holdout,true
DEAL-01726,2025-07-19,future_holdout,true
DEAL-01727,2025-03-28,validation,true
DEAL-01728,2024-05-02,development,true
DEAL-01729,2024-12-10,development,true
DEAL-01730,2024-10-10,development,true
DEAL-01731,2024-01-29,development,true
DEAL-01732,2025-09-09,future_holdout,true
DEAL-01733,2025-03-25,validation,true
DEAL-01734,2024-05-22,development,true
DEAL-01735,2024-02-10,development,true
DEAL-01736,2025-01-27,validation,true
DEAL-01737,2025-12-20,future_holdout,true
DEAL-01738,2024-07-16,development,true
DEAL-01739,2024-07-19,development,true
DEAL-01740,2024-07-03,development,true
DEAL-01741,2025-01-27,validation,true
DEAL-01742,2024-11-29,development,true
DEAL-01743,2024-10-06,development,true
DEAL-01744,2024-05-16,development,true
DEAL-01745,2024-11-08,development,true
DEAL-01746,2024-06-07,development,true
DEAL-01747,2025-01-19,validation,true
DEAL-01748,2025-01-25,validation,true
DEAL-01749,2024-09-04,development,true
DEAL-01750,2024-03-03,development,true
DEAL-01751,2024-08-26,development,true
DEAL-01752,2025-05-23,validation,true
DEAL-01753,2024-04-17,development,true
DEAL-01754,2024-11-20,development,true
DEAL-01755,2024-03-18,development,true
DEAL-01756,2024-12-16,development,true
DEAL-01757,2025-02-08,validation,true
DEAL-01758,2025-02-24,validation,true
DEAL-01759,2024-06-04,development,true
DEAL-01760,2025-12-08,future_holdout,true
DEAL-01761,2024-11-12,development,true
DEAL-01762,2024-08-18,development,true
DEAL-01763,2024-04-14,development,true
DEAL-01764,2024-02-06,development,true
DEAL-01765,2024-06-25,development,true
DEAL-01766,2025-03-15,validation,true
DEAL-01767,2025-09-26,future_holdout,true
DEAL-01768,2024-10-28,development,true
DEAL-01769,2025-12-19,future_holdout,true
DEAL-01770,2024-03-22,development,true
DEAL-01771,2024-01-23,development,true
DEAL-01772,2025-10-28,future_holdout,true
DEAL-01773,2025-09-23,future_holdout,true
DEAL-01774,2025-03-19,validation,true
DEAL-01775,2024-02-12,development,true
DEAL-01776,2024-06-24,development,true
DEAL-01777,2025-08-28,future_holdout,true
DEAL-01778,2024-07-23,development,true
DEAL-01779,2024-03-10,development,true
DEAL-01780,2024-11-14,development,true
DEAL-01781,2025-11-02,future_holdout,true
DEAL-01782,2025-10-11,future_holdout,true
DEAL-01783,2025-01-03,validation,true
DEAL-01784,2025-06-04,validation,true
DEAL-01785,2025-04-10,validation,true
DEAL-01786,2025-09-05,future_holdout,true
DEAL-01787,2025-09-04,future_holdout,true
DEAL-01788,2025-06-11,validation,true
DEAL-01789,2025-05-11,validation,true
DEAL-01790,2024-03-12,development,true
DEAL-01791,2025-11-27,future_holdout,true
DEAL-01792,2024-08-06,development,true
DEAL-01793,2024-11-23,development,true
DEAL-01794,2025-11-18,future_holdout,true
DEAL-01795,2024-11-14,development,true
DEAL-01796,2025-05-28,validation,true
DEAL-01797,2025-01-12,validation,true
DEAL-01798,2025-09-14,future_holdout,true
DEAL-01799,2024-04-12,development,true
DEAL-01800,2024-06-16,development,true
DEAL-01801,2024-06-16,development,true
DEAL-01802,2025-12-24,future_holdout,true
DEAL-01803,2025-10-27,future_holdout,true
DEAL-01804,2025-04-04,validation,true
DEAL-01805,2025-12-07,future_holdout,true
DEAL-01806,2024-04-04,development,true
DEAL-01807,2025-02-20,validation,true
DEAL-01808,2025-01-22,validation,true
DEAL-01809,2024-05-30,development,true
DEAL-01810,2024-07-07,development,true
DEAL-01811,2024-03-23,development,true
DEAL-01812,2025-10-24,future_holdout,true
DEAL-01813,2025-02-16,validation,true
DEAL-01814,2025-11-17,future_holdout,true
DEAL-01815,2025-12-03,future_holdout,true
DEAL-01816,2024-08-30,development,true
DEAL-01817,2024-01-13,development,true
DEAL-01818,2024-11-28,development,true
DEAL-01819,2025-04-15,validation,true
DEAL-01820,2024-10-21,development,true
DEAL-01821,2024-01-29,development,true
DEAL-01822,2025-04-06,validation,true
DEAL-01823,2025-04-23,validation,true
DEAL-01824,2024-03-17,development,true
DEAL-01825,2024-06-21,development,true
DEAL-01826,2024-03-18,development,true
DEAL-01827,2024-09-04,development,true
DEAL-01828,2024-05-17,development,true
DEAL-01829,2024-03-12,development,true
DEAL-01830,2025-08-11,future_holdout,true
DEAL-01831,2024-04-23,development,true
DEAL-01832,2025-01-14,validation,true
DEAL-01833,2025-07-22,future_holdout,true
DEAL-01834,2024-03-21,development,true
DEAL-01835,2025-12-06,future_holdout,true
DEAL-01836,2025-09-28,future_holdout,true
DEAL-01837,2024-04-19,development,true
DEAL-01838,2025-04-07,validation,true
DEAL-01839,2025-01-25,validation,true
DEAL-01840,2025-12-08,future_holdout,true
DEAL-01841,2025-02-28,validation,true
DEAL-01842,2025-10-08,future_holdout,true
DEAL-01843,2024-08-17,development,true
DEAL-01844,2024-07-27,development,true
DEAL-01845,2024-03-26,development,true
DEAL-01846,2024-04-05,development,true
DEAL-01847,2025-11-16,future_holdout,true
DEAL-01848,2024-12-18,development,true
DEAL-01849,2024-01-15,development,true
DEAL-01850,2024-04-11,development,true
DEAL-01851,2024-01-05,development,true
DEAL-01852,2025-12-20,future_holdout,true
DEAL-01853,2025-05-30,validation,true
DEAL-01854,2024-03-26,development,true
DEAL-01855,2025-03-14,validation,true
DEAL-01856,2025-08-28,future_holdout,true
DEAL-01857,2025-09-30,future_holdout,true
DEAL-01858,2025-07-08,future_holdout,true
DEAL-01859,2024-02-23,development,true
DEAL-01860,2024-11-17,development,true
DEAL-01861,2025-02-22,validation,true
DEAL-01862,2024-12-30,development,true
DEAL-01863,2025-01-25,validation,true
DEAL-01864,2025-02-11,validation,true
DEAL-01865,2024-05-22,development,true
DEAL-01866,2025-09-16,future_holdout,true
DEAL-01867,2024-05-16,development,true
DEAL-01868,2024-10-31,development,true
DEAL-01869,2025-08-11,future_holdout,true
DEAL-01870,2025-12-25,future_holdout,true
DEAL-01871,2024-12-04,development,true
DEAL-01872,2025-11-01,future_holdout,true
DEAL-01873,2024-11-27,development,true
DEAL-01874,2025-12-19,future_holdout,true
DEAL-01875,2024-08-11,development,true
DEAL-01876,2025-05-24,validation,true
DEAL-01877,2025-04-26,validation,true
DEAL-01878,2024-02-20,development,true
DEAL-01879,2025-01-08,validation,true
DEAL-01880,2024-08-01,development,true
DEAL-01881,2024-09-15,development,true
DEAL-01882,2025-04-03,validation,true
DEAL-01883,2024-11-17,development,true
DEAL-01884,2025-04-16,validation,true
DEAL-01885,2024-10-08,development,true
DEAL-01886,2024-07-08,development,true
DEAL-01887,2024-08-04,development,true
DEAL-01888,2025-08-26,future_holdout,true
DEAL-01889,2025-12-10,future_holdout,true
DEAL-01890,2024-06-18,development,true
DEAL-01891,2025-01-27,validation,true
DEAL-01892,2024-09-28,development,true
DEAL-01893,2025-12-07,future_holdout,true
DEAL-01894,2025-08-17,future_holdout,true
DEAL-01895,2025-07-20,future_holdout,true
DEAL-01896,2025-12-28,future_holdout,true
DEAL-01897,2025-11-13,future_holdout,true
DEAL-01898,2024-09-05,development,true
DEAL-01899,2024-05-05,development,true
DEAL-01900,2024-06-30,development,true
DEAL-01901,2024-09-06,development,true
DEAL-01902,2024-04-24,development,true
DEAL-01903,2025-11-20,future_holdout,true
DEAL-01904,2024-07-12,development,true
DEAL-01905,2024-08-15,development,true
DEAL-01906,2024-05-30,development,true
DEAL-01907,2024-06-02,development,true
DEAL-01908,2024-09-28,development,true
DEAL-01909,2024-03-27,development,true
DEAL-01910,2025-10-11,future_holdout,true
DEAL-01911,2025-06-16,validation,true
DEAL-01912,2025-10-06,future_holdout,true
DEAL-01913,2025-04-07,validation,true
DEAL-01914,2024-10-10,development,true
DEAL-01915,2025-10-25,future_holdout,true
DEAL-01916,2024-09-12,development,true
DEAL-01917,2024-09-05,development,true
DEAL-01918,2024-10-27,development,true
DEAL-01919,2025-06-17,validation,true
DEAL-01920,2024-01-25,development,true
DEAL-01921,2024-10-03,development,true
DEAL-01922,2024-05-06,development,true
DEAL-01923,2024-09-09,development,true
DEAL-01924,2025-10-02,future_holdout,true
DEAL-01925,2024-02-07,development,true
DEAL-01926,2025-01-19,validation,true
DEAL-01927,2025-05-01,validation,true
DEAL-01928,2024-10-10,development,true
DEAL-01929,2024-01-05,development,true
DEAL-01930,2024-11-20,development,true
DEAL-01931,2024-12-16,development,true
DEAL-01932,2025-12-15,future_holdout,true
DEAL-01933,2025-07-30,future_holdout,true
DEAL-01934,2025-12-02,future_holdout,true
DEAL-01935,2025-10-14,future_holdout,true
DEAL-01936,2025-10-16,future_holdout,true
DEAL-01937,2024-05-14,development,true
DEAL-01938,2024-10-11,development,true
DEAL-01939,2025-09-21,future_holdout,true
DEAL-01940,2025-06-07,validation,true
DEAL-01941,2025-01-26,validation,true
DEAL-01942,2025-05-09,validation,true
DEAL-01943,2024-03-27,development,true
DEAL-01944,2024-07-01,development,true
DEAL-01945,2025-06-19,validation,true
DEAL-01946,2024-02-05,development,true
DEAL-01947,2025-02-13,validation,true
DEAL-01948,2024-12-26,development,true
DEAL-01949,2025-11-27,future_holdout,true
DEAL-01950,2024-08-22,development,true
DEAL-01951,2024-03-13,development,true
DEAL-01952,2024-10-14,development,true
DEAL-01953,2025-05-21,validation,true
DEAL-01954,2024-06-11,development,true
DEAL-01955,2025-11-29,future_holdout,true
DEAL-01956,2024-08-22,development,true
DEAL-01957,2024-10-18,development,true
DEAL-01958,2025-11-15,future_holdout,true
DEAL-01959,2024-08-22,development,true
DEAL-01960,2024-12-27,development,true
DEAL-01961,2025-11-03,future_holdout,true
DEAL-01962,2025-10-28,future_holdout,true
DEAL-01963,2025-03-19,validation,true
DEAL-01964,2024-09-14,development,true
DEAL-01965,2024-03-08,development,true
DEAL-01966,2025-06-09,validation,true
DEAL-01967,2024-01-10,development,true
DEAL-01968,2024-05-30,development,true
DEAL-01969,2024-05-14,development,true
DEAL-01970,2024-07-27,development,true
DEAL-01971,2024-10-02,development,true
DEAL-01972,2025-02-19,validation,true
DEAL-01973,2025-12-14,future_holdout,true
DEAL-01974,2024-07-07,development,true
DEAL-01975,2024-12-15,development,true
DEAL-01976,2025-03-11,validation,true
DEAL-01977,2024-10-20,development,true
DEAL-01978,2024-08-29,development,true
DEAL-01979,2025-08-13,future_holdout,true
DEAL-01980,2024-03-16,development,true
DEAL-01981,2025-05-13,validation,true
DEAL-01982,2025-11-18,future_holdout,true
DEAL-01983,2025-02-05,validation,true
DEAL-01984,2024-07-14,development,true
DEAL-01985,2024-10-13,development,true
DEAL-01986,2024-04-05,development,true
DEAL-01987,2024-03-06,development,true
DEAL-01988,2025-09-15,future_holdout,true
DEAL-01989,2024-03-22,development,true
DEAL-01990,2024-11-08,development,true
DEAL-01991,2025-11-12,future_holdout,true
DEAL-01992,2025-11-25,future_holdout,true
DEAL-01993,2024-05-15,development,true
DEAL-01994,2024-10-06,development,true
DEAL-01995,2024-10-08,development,true
DEAL-01996,2024-04-01,development,true
DEAL-01997,2025-10-03,future_holdout,true
DEAL-01998,2024-05-02,development,true
DEAL-01999,2025-04-28,validation,true
DEAL-02000,2024-01-25,development,true
DEAL-02001,2024-08-22,development,true
DEAL-02002,2024-05-07,development,true
DEAL-02003,2024-08-11,development,true
DEAL-02004,2024-10-30,development,true
DEAL-02005,2024-11-16,development,true
DEAL-02006,2025-10-03,future_holdout,true
DEAL-02007,2024-01-07,development,true
DEAL-02008,2025-04-26,validation,true
DEAL-02009,2024-07-25,development,true
DEAL-02010,2024-12-17,development,true
DEAL-02011,2025-04-20,validation,true
DEAL-02012,2024-08-27,development,true
DEAL-02013,2025-09-26,future_holdout,true
DEAL-02014,2024-07-11,development,true
DEAL-02015,2025-05-11,validation,true
DEAL-02016,2025-08-18,future_holdout,true
DEAL-02017,2025-05-21,validation,true
DEAL-02018,2025-12-28,future_holdout,true
DEAL-02019,2025-08-18,future_holdout,true
DEAL-02020,2024-07-02,development,true
DEAL-02021,2024-05-24,development,true
DEAL-02022,2024-08-12,development,true
DEAL-02023,2025-04-02,validation,true
DEAL-02024,2025-10-14,future_holdout,true
DEAL-02025,2024-08-17,development,true
DEAL-02026,2025-11-24,future_holdout,true
DEAL-02027,2024-06-07,development,true
DEAL-02028,2025-05-06,validation,true
DEAL-02029,2024-06-03,development,true
DEAL-02030,2024-08-26,development,true
DEAL-02031,2024-08-24,development,true
DEAL-02032,2024-08-19,development,true
DEAL-02033,2025-07-07,future_holdout,true
DEAL-02034,2025-04-26,validation,true
DEAL-02035,2024-01-31,development,true
DEAL-02036,2025-04-02,validation,true
DEAL-02037,2025-03-25,validation,true
DEAL-02038,2025-04-24,validation,true
DEAL-02039,2024-03-05,development,true
DEAL-02040,2025-03-09,validation,true
DEAL-02041,2024-03-02,development,true
DEAL-02042,2024-12-20,development,true
DEAL-02043,2025-03-22,validation,true
DEAL-02044,2024-10-04,development,true
DEAL-02045,2024-05-27,development,true
DEAL-02046,2024-07-07,development,true
DEAL-02047,2024-08-17,development,true
DEAL-02048,2024-04-28,development,true
DEAL-02049,2025-08-01,future_holdout,true
DEAL-02050,2025-11-24,future_holdout,true
DEAL-02051,2024-09-29,development,true
DEAL-02052,2024-01-24,development,true
DEAL-02053,2025-07-08,future_holdout,true
DEAL-02054,2024-05-25,development,true
DEAL-02055,2024-12-03,development,true
DEAL-02056,2024-11-05,development,true
DEAL-02057,2025-03-14,validation,true
DEAL-02058,2024-10-12,development,true
DEAL-02059,2024-05-01,development,true
DEAL-02060,2024-09-19,development,true
DEAL-02061,2024-09-01,development,true
DEAL-02062,2025-06-25,validation,true
DEAL-02063,2024-04-21,development,true
DEAL-02064,2024-08-06,development,true
DEAL-02065,2024-03-24,development,true
DEAL-02066,2025-11-10,future_holdout,true
DEAL-02067,2024-05-02,development,true
DEAL-02068,2025-03-18,validation,true
DEAL-02069,2025-06-04,validation,true
DEAL-02070,2025-12-01,future_holdout,true
DEAL-02071,2024-01-28,development,true
DEAL-02072,2025-01-24,validation,true
DEAL-02073,2024-04-12,development,true
DEAL-02074,2025-12-06,future_holdout,true
DEAL-02075,2025-09-16,future_holdout,true
DEAL-02076,2024-05-25,development,true
DEAL-02077,2025-04-24,validation,true
DEAL-02078,2025-10-27,future_holdout,true
DEAL-02079,2024-01-22,development,true
DEAL-02080,2024-11-19,development,true
DEAL-02081,2024-11-14,development,true
DEAL-02082,2025-08-30,future_holdout,true
DEAL-02083,2024-05-13,development,true
DEAL-02084,2025-09-27,future_holdout,true
DEAL-02085,2024-09-03,development,true
DEAL-02086,2024-04-27,development,true
DEAL-02087,2024-10-15,development,true
DEAL-02088,2025-09-27,future_holdout,true
DEAL-02089,2025-02-03,validation,true
DEAL-02090,2024-01-14,development,true
DEAL-02091,2024-01-07,development,true
DEAL-02092,2025-12-28,future_holdout,true
DEAL-02093,2025-12-19,future_holdout,true
DEAL-02094,2024-03-25,development,true
DEAL-02095,2025-08-08,future_holdout,true
DEAL-02096,2025-03-16,validation,true
DEAL-02097,2025-10-03,future_holdout,true
DEAL-02098,2025-12-04,future_holdout,true
DEAL-02099,2025-06-29,validation,true
DEAL-02100,2024-11-15,development,true
DEAL-02101,2025-12-19,future_holdout,true
DEAL-02102,2025-09-07,future_holdout,true
DEAL-02103,2024-08-18,development,true
DEAL-02104,2025-04-24,validation,true
DEAL-02105,2024-06-12,development,true
DEAL-02106,2024-08-12,development,true
DEAL-02107,2024-02-19,development,true
DEAL-02108,2024-07-29,development,true
DEAL-02109,2025-01-03,validation,true
DEAL-02110,2025-04-14,validation,true
DEAL-02111,2025-03-05,validation,true
DEAL-02112,2025-11-27,future_holdout,true
DEAL-02113,2024-04-16,development,true
DEAL-02114,2024-09-09,development,true
DEAL-02115,2024-09-26,development,true
DEAL-02116,2024-07-10,development,true
DEAL-02117,2025-07-13,future_holdout,true
DEAL-02118,2025-07-11,future_holdout,true
DEAL-02119,2025-03-05,validation,true
DEAL-02120,2025-10-13,future_holdout,true
DEAL-02121,2024-12-13,development,true
DEAL-02122,2024-06-30,development,true
DEAL-02123,2025-04-21,validation,true
DEAL-02124,2024-06-28,development,true
DEAL-02125,2024-09-21,development,true
DEAL-02126,2025-07-15,future_holdout,true
DEAL-02127,2025-11-14,future_holdout,true
DEAL-02128,2024-02-11,development,true
DEAL-02129,2025-10-30,future_holdout,true
DEAL-02130,2024-09-03,development,true
DEAL-02131,2025-01-07,validation,true
DEAL-02132,2024-07-04,development,true
DEAL-02133,2024-06-28,development,true
DEAL-02134,2025-02-08,validation,true
DEAL-02135,2024-04-19,development,true
DEAL-02136,2025-05-04,validation,true
DEAL-02137,2025-07-15,future_holdout,true
DEAL-02138,2025-09-01,future_holdout,true
DEAL-02139,2025-08-28,future_holdout,true
DEAL-02140,2024-03-15,development,true
DEAL-02141,2024-10-27,development,true
DEAL-02142,2025-02-09,validation,true
DEAL-02143,2025-08-28,future_holdout,true
DEAL-02144,2024-12-22,development,true
DEAL-02145,2024-07-17,development,true
DEAL-02146,2024-12-12,development,true
DEAL-02147,2025-01-29,validation,true
DEAL-02148,2024-10-28,development,true
DEAL-02149,2025-08-13,future_holdout,true
DEAL-02150,2025-09-20,future_holdout,true
DEAL-02151,2025-10-08,future_holdout,true
DEAL-02152,2024-09-27,development,true
DEAL-02153,2024-07-18,development,true
DEAL-02154,2025-07-14,future_holdout,true
DEAL-02155,2025-04-09,validation,true
DEAL-02156,2025-11-21,future_holdout,true
DEAL-02157,2024-03-14,development,true
DEAL-02158,2024-07-01,development,true
DEAL-02159,2025-04-02,validation,true
DEAL-02160,2025-01-30,validation,true
DEAL-02161,2025-11-29,future_holdout,true
DEAL-02162,2024-09-05,development,true
DEAL-02163,2025-07-27,future_holdout,true
DEAL-02164,2024-01-17,development,true
DEAL-02165,2024-11-27,development,true
DEAL-02166,2024-02-22,development,true
DEAL-02167,2024-04-10,development,true
DEAL-02168,2024-11-09,development,true
DEAL-02169,2025-04-09,validation,true
DEAL-02170,2024-01-30,development,true
DEAL-02171,2024-10-11,development,true
DEAL-02172,2025-03-01,validation,true
DEAL-02173,2024-12-08,development,true
DEAL-02174,2025-04-24,validation,true
DEAL-02175,2025-04-22,validation,true
DEAL-02176,2024-09-09,development,true
DEAL-02177,2024-12-11,development,true
DEAL-02178,2024-07-27,development,true
DEAL-02179,2024-11-13,development,true
DEAL-02180,2025-01-05,validation,true
DEAL-02181,2025-08-27,future_holdout,true
DEAL-02182,2025-10-20,future_holdout,true
DEAL-02183,2025-04-27,validation,true
DEAL-02184,2025-04-09,validation,true
DEAL-02185,2024-01-17,development,true
DEAL-02186,2024-12-06,development,true
DEAL-02187,2024-09-19,development,true
DEAL-02188,2025-02-22,validation,true
DEAL-02189,2024-12-23,development,true
DEAL-02190,2024-03-25,development,true
DEAL-02191,2024-07-30,development,true
DEAL-02192,2025-05-25,validation,true
DEAL-02193,2024-05-29,development,true
DEAL-02194,2024-04-25,development,true
DEAL-02195,2025-07-04,future_holdout,true
DEAL-02196,2024-09-30,development,true
DEAL-02197,2025-01-14,validation,true
DEAL-02198,2024-05-08,development,true
DEAL-02199,2024-03-14,development,true
DEAL-02200,2025-06-06,validation,true
DEAL-02201,2025-01-21,validation,true
DEAL-02202,2024-10-08,development,true
DEAL-02203,2024-01-10,development,true
DEAL-02204,2025-07-15,future_holdout,true
DEAL-02205,2025-02-17,validation,true
DEAL-02206,2025-09-30,future_holdout,true
DEAL-02207,2024-02-13,development,true
DEAL-02208,2025-09-20,future_holdout,true
DEAL-02209,2025-02-26,validation,true
DEAL-02210,2025-03-15,validation,true
DEAL-02211,2025-01-30,validation,true
DEAL-02212,2025-03-12,validation,true
DEAL-02213,2024-11-30,development,true
DEAL-02214,2025-08-11,future_holdout,true
DEAL-02215,2025-11-29,future_holdout,true
DEAL-02216,2025-05-19,validation,true
DEAL-02217,2024-06-24,development,true
DEAL-02218,2025-02-09,validation,true
DEAL-02219,2025-01-25,validation,true
DEAL-02220,2024-10-17,development,true
DEAL-02221,2024-03-10,development,true
DEAL-02222,2025-03-04,validation,true
DEAL-02223,2024-08-19,development,true
DEAL-02224,2025-10-04,future_holdout,true
DEAL-02225,2025-04-18,validation,true
DEAL-02226,2024-08-27,development,true
DEAL-02227,2025-03-05,validation,true
DEAL-02228,2024-12-09,development,true
DEAL-02229,2025-04-24,validation,true
DEAL-02230,2024-07-09,development,true
DEAL-02231,2024-02-10,development,true
DEAL-02232,2025-02-20,validation,true
DEAL-02233,2024-07-10,development,true
DEAL-02234,2025-06-09,validation,true
DEAL-02235,2025-01-10,validation,true
DEAL-02236,2025-11-26,future_holdout,true
DEAL-02237,2025-03-27,validation,true
DEAL-02238,2024-06-12,development,true
DEAL-02239,2025-07-12,future_holdout,true
DEAL-02240,2024-08-27,development,true
DEAL-02241,2025-08-22,future_holdout,true
DEAL-02242,2025-02-25,validation,true
DEAL-02243,2025-09-26,future_holdout,true
DEAL-02244,2025-05-01,validation,true
DEAL-02245,2024-03-12,development,true
DEAL-02246,2024-04-16,development,true
DEAL-02247,2024-03-10,development,true
DEAL-02248,2025-05-06,validation,true
DEAL-02249,2024-01-21,development,true
DEAL-02250,2024-02-01,development,true
DEAL-02251,2025-09-24,future_holdout,true
DEAL-02252,2025-10-27,future_holdout,true
DEAL-02253,2025-09-04,future_holdout,true
DEAL-02254,2025-02-23,validation,true
DEAL-02255,2024-05-30,development,true
DEAL-02256,2025-04-10,validation,true
DEAL-02257,2024-02-28,development,true
DEAL-02258,2025-12-26,future_holdout,true
DEAL-02259,2024-09-12,development,true
DEAL-02260,2025-12-08,future_holdout,true
DEAL-02261,2025-01-30,validation,true
DEAL-02262,2024-01-26,development,true
DEAL-02263,2025-01-01,validation,true
DEAL-02264,2025-11-30,future_holdout,true
DEAL-02265,2025-10-05,future_holdout,true
DEAL-02266,2024-07-08,development,true
DEAL-02267,2025-02-05,validation,true
DEAL-02268,2024-03-06,development,true
DEAL-02269,2025-01-06,validation,true
DEAL-02270,2025-04-04,validation,true
DEAL-02271,2024-04-19,development,true
DEAL-02272,2024-10-21,development,true
DEAL-02273,2024-07-14,development,true
DEAL-02274,2024-05-09,development,true
DEAL-02275,2025-07-15,future_holdout,true
DEAL-02276,2025-11-26,future_holdout,true
DEAL-02277,2024-02-11,development,true
DEAL-02278,2024-01-03,development,true
DEAL-02279,2025-07-05,future_holdout,true
DEAL-02280,2025-11-28,future_holdout,true
DEAL-02281,2024-01-07,development,true
DEAL-02282,2024-04-30,development,true
DEAL-02283,2025-02-19,validation,true
DEAL-02284,2024-06-10,development,true
DEAL-02285,2024-02-22,development,true
DEAL-02286,2025-01-16,validation,true
DEAL-02287,2025-12-02,future_holdout,true
DEAL-02288,2025-01-31,validation,true
DEAL-02289,2025-01-21,validation,true
DEAL-02290,2024-02-16,development,true
DEAL-02291,2024-05-23,development,true
DEAL-02292,2025-12-21,future_holdout,true
DEAL-02293,2024-09-24,development,true
DEAL-02294,2024-12-20,development,true
DEAL-02295,2024-12-06,development,true
DEAL-02296,2025-08-05,future_holdout,true
DEAL-02297,2025-11-30,future_holdout,true
DEAL-02298,2025-10-21,future_holdout,true
DEAL-02299,2024-10-13,development,true
DEAL-02300,2025-05-19,validation,true
DEAL-02301,2025-08-15,future_holdout,true
DEAL-02302,2024-07-19,development,true
DEAL-02303,2024-09-06,development,true
DEAL-02304,2025-10-31,future_holdout,true
DEAL-02305,2024-02-15,development,true
DEAL-02306,2024-10-05,development,true
DEAL-02307,2024-05-01,development,true
DEAL-02308,2024-07-29,development,true
DEAL-02309,2025-08-13,future_holdout,true
DEAL-02310,2025-12-11,future_holdout,true
DEAL-02311,2025-09-11,future_holdout,true
DEAL-02312,2024-02-27,development,true
DEAL-02313,2025-06-19,validation,true
DEAL-02314,2024-08-27,development,true
DEAL-02315,2024-06-03,development,true
DEAL-02316,2024-11-23,development,true
DEAL-02317,2025-04-19,validation,true
DEAL-02318,2025-03-12,validation,true
DEAL-02319,2024-09-12,development,true
DEAL-02320,2024-10-07,development,true
DEAL-02321,2024-09-07,development,true
DEAL-02322,2024-02-06,development,true
DEAL-02323,2025-05-19,validation,true
DEAL-02324,2025-12-25,future_holdout,true
DEAL-02325,2024-02-02,development,true
DEAL-02326,2025-03-29,validation,true
DEAL-02327,2024-03-08,development,true
DEAL-02328,2025-09-19,future_holdout,true
DEAL-02329,2025-02-01,validation,true
DEAL-02330,2025-07-23,future_holdout,true
DEAL-02331,2024-01-11,development,true
DEAL-02332,2025-10-05,future_holdout,true
DEAL-02333,2024-06-10,development,true
DEAL-02334,2024-01-20,development,true
DEAL-02335,2024-12-08,development,true
DEAL-02336,2024-06-16,development,true
DEAL-02337,2024-11-22,development,true
DEAL-02338,2024-04-03,development,true
DEAL-02339,2024-07-15,development,true
DEAL-02340,2025-01-26,validation,true
DEAL-02341,2024-03-23,development,true
DEAL-02342,2025-07-03,future_holdout,true
DEAL-02343,2024-04-19,development,true
DEAL-02344,2024-12-12,development,true
DEAL-02345,2024-03-27,development,true
DEAL-02346,2025-03-08,validation,true
DEAL-02347,2024-02-08,development,true
DEAL-02348,2024-10-05,development,true
DEAL-02349,2024-12-11,development,true
DEAL-02350,2024-07-01,development,true
DEAL-02351,2024-08-26,development,true
DEAL-02352,2025-09-30,future_holdout,true
DEAL-02353,2024-01-21,development,true
DEAL-02354,2025-07-26,future_holdout,true
DEAL-02355,2024-04-16,development,true
DEAL-02356,2024-03-27,development,true
DEAL-02357,2025-05-03,validation,true
DEAL-02358,2024-08-26,development,true
DEAL-02359,2024-01-16,development,true
DEAL-02360,2024-07-17,development,true
DEAL-02361,2024-08-24,development,true
DEAL-02362,2025-11-25,future_holdout,true
DEAL-02363,2024-11-19,development,true
DEAL-02364,2025-11-04,future_holdout,true
DEAL-02365,2024-03-15,development,true
DEAL-02366,2025-11-07,future_holdout,true
DEAL-02367,2025-09-23,future_holdout,true
DEAL-02368,2025-12-25,future_holdout,true
DEAL-02369,2025-09-21,future_holdout,true
DEAL-02370,2025-10-08,future_holdout,true
DEAL-02371,2024-01-02,development,true
DEAL-02372,2024-05-09,development,true
DEAL-02373,2025-02-12,validation,true
DEAL-02374,2024-01-10,development,true
DEAL-02375,2024-12-09,development,true
DEAL-02376,2024-05-20,development,true
DEAL-02377,2024-03-21,development,true
DEAL-02378,2025-09-08,future_holdout,true
DEAL-02379,2025-12-18,future_holdout,true
DEAL-02380,2024-03-21,development,true
DEAL-02381,2024-06-02,development,true
DEAL-02382,2024-05-31,development,true
DEAL-02383,2024-09-10,development,true
DEAL-02384,2024-05-03,development,true
DEAL-02385,2024-07-05,development,true
DEAL-02386,2025-08-27,future_holdout,true
DEAL-02387,2024-03-18,development,true
DEAL-02388,2024-06-29,development,true
DEAL-02389,2025-05-14,validation,true
DEAL-02390,2025-09-14,future_holdout,true
DEAL-02391,2024-01-12,development,true
DEAL-02392,2024-08-30,development,true
DEAL-02393,2024-05-06,development,true
DEAL-02394,2024-11-02,development,true
DEAL-02395,2024-01-26,development,true
DEAL-02396,2024-05-05,development,true
DEAL-02397,2024-08-06,development,true
DEAL-02398,2024-04-01,development,true
DEAL-02399,2025-11-06,future_holdout,true
DEAL-02400,2025-04-18,validation,true
DEAL-02401,2025-05-22,validation,true
DEAL-02402,2025-01-12,validation,true
DEAL-02403,2024-01-23,development,true
DEAL-02404,2024-10-11,development,true
DEAL-02405,2024-07-05,development,true
DEAL-02406,2024-11-10,development,true
DEAL-02407,2025-12-08,future_holdout,true
DEAL-02408,2024-11-20,development,true
DEAL-02409,2024-08-20,development,true
DEAL-02410,2025-01-18,validation,true
DEAL-02411,2025-08-23,future_holdout,true
DEAL-02412,2025-04-20,validation,true
DEAL-02413,2025-09-22,future_holdout,true
DEAL-02414,2024-11-07,development,true
DEAL-02415,2024-04-20,development,true
DEAL-02416,2024-06-29,development,true
DEAL-02417,2025-11-10,future_holdout,true
DEAL-02418,2024-03-29,development,true
DEAL-02419,2024-09-03,development,true
DEAL-02420,2024-04-14,development,true
DEAL-02421,2025-07-23,future_holdout,true
DEAL-02422,2025-04-09,validation,true
DEAL-02423,2024-03-23,development,true
DEAL-02424,2024-01-10,development,true
DEAL-02425,2025-09-16,future_holdout,true
DEAL-02426,2024-05-13,development,true
DEAL-02427,2025-07-10,future_holdout,true
DEAL-02428,2025-02-13,validation,true
DEAL-02429,2024-09-14,development,true
DEAL-02430,2024-02-18,development,true
DEAL-02431,2024-02-13,development,true
DEAL-02432,2024-08-31,development,true
DEAL-02433,2025-12-23,future_holdout,true
DEAL-02434,2024-12-29,development,true
DEAL-02435,2025-05-12,validation,true
DEAL-02436,2025-06-28,validation,true
DEAL-02437,2025-06-05,validation,true
DEAL-02438,2025-04-11,validation,true
DEAL-02439,2024-05-30,development,true
DEAL-02440,2025-06-14,validation,true
DEAL-02441,2025-01-11,validation,true
DEAL-02442,2025-07-05,future_holdout,true
DEAL-02443,2025-08-20,future_holdout,true
DEAL-02444,2024-03-18,development,true
DEAL-02445,2025-12-10,future_holdout,true
DEAL-02446,2024-09-10,development,true
DEAL-02447,2025-03-30,validation,true
DEAL-02448,2025-12-03,future_holdout,true
DEAL-02449,2024-07-22,development,true
DEAL-02450,2025-05-06,validation,true
DEAL-02451,2024-06-09,development,true
DEAL-02452,2025-02-14,validation,true
DEAL-02453,2024-05-10,development,true
DEAL-02454,2024-11-07,development,true
DEAL-02455,2024-03-17,development,true
DEAL-02456,2025-02-12,validation,true
DEAL-02457,2025-01-13,validation,true
DEAL-02458,2025-09-22,future_holdout,true
DEAL-02459,2025-05-08,validation,true
DEAL-02460,2025-05-11,validation,true
DEAL-02461,2025-01-27,validation,true
DEAL-02462,2025-01-19,validation,true
DEAL-02463,2025-03-20,validation,true
DEAL-02464,2025-05-25,validation,true
DEAL-02465,2025-06-03,validation,true
DEAL-02466,2025-11-18,future_holdout,true
DEAL-02467,2025-10-30,future_holdout,true
DEAL-02468,2025-03-08,validation,true
DEAL-02469,2024-10-18,development,true
DEAL-02470,2025-06-24,validation,true
DEAL-02471,2025-03-02,validation,true
DEAL-02472,2025-10-17,future_holdout,true
DEAL-02473,2025-08-26,future_holdout,true
DEAL-02474,2025-05-19,validation,true
DEAL-02475,2024-10-16,development,true
DEAL-02476,2024-12-31,development,true
DEAL-02477,2025-06-23,validation,true
DEAL-02478,2024-10-09,development,true
DEAL-02479,2025-11-30,future_holdout,true
DEAL-02480,2025-09-27,future_holdout,true
DEAL-02481,2025-10-23,future_holdout,true
DEAL-02482,2024-04-21,development,true
DEAL-02483,2024-07-30,development,true
DEAL-02484,2024-07-29,development,true
DEAL-02485,2025-01-27,validation,true
DEAL-02486,2025-08-07,future_holdout,true
DEAL-02487,2025-03-06,validation,true
DEAL-02488,2024-05-02,development,true
DEAL-02489,2025-02-27,validation,true
DEAL-02490,2024-09-22,development,true
DEAL-02491,2024-10-10,development,true
DEAL-02492,2024-11-23,development,true
DEAL-02493,2025-02-22,validation,true
DEAL-02494,2024-07-14,development,true
DEAL-02495,2025-07-14,future_holdout,true
DEAL-02496,2024-02-13,development,true
DEAL-02497,2024-12-02,development,true
DEAL-02498,2024-06-07,development,true
DEAL-02499,2024-05-13,development,true
DEAL-02500,2025-03-04,validation,true
DEAL-02501,2024-03-31,development,true
DEAL-02502,2024-07-04,development,true
DEAL-02503,2024-08-07,development,true
DEAL-02504,2025-01-19,validation,true
DEAL-02505,2024-10-05,development,true
DEAL-02506,2025-10-21,future_holdout,true
DEAL-02507,2025-09-01,future_holdout,true
DEAL-02508,2024-04-02,development,true
DEAL-02509,2025-11-13,future_holdout,true
DEAL-02510,2025-03-29,validation,true
DEAL-02511,2024-04-11,development,true
DEAL-02512,2025-05-27,validation,true
DEAL-02513,2024-05-07,development,true
DEAL-02514,2024-01-05,development,true
DEAL-02515,2024-03-25,development,true
DEAL-02516,2024-12-22,development,true
DEAL-02517,2025-01-14,validation,true
DEAL-02518,2024-01-21,development,true
DEAL-02519,2024-10-02,development,true
DEAL-02520,2024-02-24,development,true
DEAL-02521,2024-09-15,development,true
DEAL-02522,2025-07-15,future_holdout,true
DEAL-02523,2024-02-16,development,true
DEAL-02524,2025-06-06,validation,true
DEAL-02525,2024-12-15,development,true
DEAL-02526,2025-01-19,validation,true
DEAL-02527,2024-10-08,development,true
DEAL-02528,2025-07-23,future_holdout,true
DEAL-02529,2025-07-27,future_holdout,true
DEAL-02530,2024-01-31,development,true
DEAL-02531,2024-12-24,development,true
DEAL-02532,2024-04-04,development,true
DEAL-02533,2024-04-01,development,true
DEAL-02534,2024-06-25,development,true
DEAL-02535,2024-01-15,development,true
DEAL-02536,2025-07-20,future_holdout,true
DEAL-02537,2024-07-26,development,true
DEAL-02538,2024-12-30,development,true
DEAL-02539,2024-01-03,development,true
DEAL-02540,2024-07-19,development,true
DEAL-02541,2024-07-20,development,true
DEAL-02542,2024-07-08,development,true
DEAL-02543,2024-07-26,development,true
DEAL-02544,2025-05-06,validation,true
DEAL-02545,2024-01-09,development,true
DEAL-02546,2024-03-17,development,true
DEAL-02547,2024-02-08,development,true
DEAL-02548,2024-08-27,development,true
DEAL-02549,2024-05-24,development,true
DEAL-02550,2024-04-21,development,true
DEAL-02551,2024-03-31,development,true
DEAL-02552,2024-08-14,development,true
DEAL-02553,2025-07-09,future_holdout,true
DEAL-02554,2024-05-04,development,true
DEAL-02555,2024-06-01,development,true
DEAL-02556,2025-04-24,validation,true
DEAL-02557,2024-07-19,development,true
DEAL-02558,2025-12-08,future_holdout,true
DEAL-02559,2025-01-11,validation,true
DEAL-02560,2025-01-18,validation,true
DEAL-02561,2024-06-07,development,true
DEAL-02562,2025-02-14,validation,true
DEAL-02563,2025-09-11,future_holdout,true
DEAL-02564,2024-06-06,development,true
DEAL-02565,2025-06-20,validation,true
DEAL-02566,2025-12-28,future_holdout,true
DEAL-02567,2025-07-23,future_holdout,true
DEAL-02568,2025-03-07,validation,true
DEAL-02569,2024-04-10,development,true
DEAL-02570,2025-07-25,future_holdout,true
DEAL-02571,2024-12-27,development,true
DEAL-02572,2025-08-08,future_holdout,true
DEAL-02573,2025-11-21,future_holdout,true
DEAL-02574,2025-12-22,future_holdout,true
DEAL-02575,2025-06-28,validation,true
DEAL-02576,2025-05-21,validation,true
DEAL-02577,2024-10-31,development,true
DEAL-02578,2024-04-07,development,true
DEAL-02579,2024-06-03,development,true
DEAL-02580,2025-04-12,validation,true
DEAL-02581,2024-11-13,development,true
DEAL-02582,2024-06-04,development,true
DEAL-02583,2025-11-18,future_holdout,true
DEAL-02584,2024-06-17,development,true
DEAL-02585,2024-07-02,development,true
DEAL-02586,2025-01-31,validation,true
DEAL-02587,2025-05-11,validation,true
DEAL-02588,2024-02-01,development,true
DEAL-02589,2025-12-17,future_holdout,true
DEAL-02590,2024-07-04,development,true
DEAL-02591,2024-02-26,development,true
DEAL-02592,2025-09-14,future_holdout,true
DEAL-02593,2024-12-30,development,true
DEAL-02594,2025-02-18,validation,true
DEAL-02595,2025-01-23,validation,true
DEAL-02596,2025-05-29,validation,true
DEAL-02597,2024-11-22,development,true
DEAL-02598,2025-10-07,future_holdout,true
DEAL-02599,2024-09-19,development,true
DEAL-02600,2025-08-13,future_holdout,true
DEAL-02601,2024-04-08,development,true
DEAL-02602,2025-02-18,validation,true
DEAL-02603,2024-06-10,development,true
DEAL-02604,2025-02-08,validation,true
DEAL-02605,2025-06-08,validation,true
DEAL-02606,2024-02-09,development,true
DEAL-02607,2025-09-08,future_holdout,true
DEAL-02608,2024-10-26,development,true
DEAL-02609,2024-06-04,development,true
DEAL-02610,2024-11-11,development,true
DEAL-02611,2024-07-07,development,true
DEAL-02612,2024-05-01,development,true
DEAL-02613,2024-06-14,development,true
DEAL-02614,2024-11-07,development,true
DEAL-02615,2025-11-10,future_holdout,true
DEAL-02616,2024-02-24,development,true
DEAL-02617,2025-11-03,future_holdout,true
DEAL-02618,2025-06-10,validation,true
DEAL-02619,2025-05-11,validation,true
DEAL-02620,2024-10-07,development,true
DEAL-02621,2024-11-21,development,true
DEAL-02622,2024-10-11,development,true
DEAL-02623,2024-10-04,development,true
DEAL-02624,2024-06-22,development,true
DEAL-02625,2025-02-26,validation,true
DEAL-02626,2025-09-02,future_holdout,true
DEAL-02627,2024-05-12,development,true
DEAL-02628,2025-02-07,validation,true
DEAL-02629,2025-12-06,future_holdout,true
DEAL-02630,2025-02-04,validation,true
DEAL-02631,2024-11-08,development,true
DEAL-02632,2025-01-04,validation,true
DEAL-02633,2025-05-03,validation,true
DEAL-02634,2024-08-10,development,true
DEAL-02635,2025-06-14,validation,true
DEAL-02636,2025-07-26,future_holdout,true
DEAL-02637,2024-12-11,development,true
DEAL-02638,2024-06-08,development,true
DEAL-02639,2025-03-21,validation,true
DEAL-02640,2025-09-17,future_holdout,true
DEAL-02641,2025-08-10,future_holdout,true
DEAL-02642,2025-12-23,future_holdout,true
DEAL-02643,2024-10-01,development,true
DEAL-02644,2024-02-16,development,true
DEAL-02645,2024-08-05,development,true
DEAL-02646,2024-07-20,development,true
DEAL-02647,2024-06-27,development,true
DEAL-02648,2025-02-28,validation,true
DEAL-02649,2025-04-21,validation,true
DEAL-02650,2024-05-21,development,true
DEAL-02651,2024-11-13,development,true
DEAL-02652,2024-01-12,development,true
DEAL-02653,2025-12-23,future_holdout,true
DEAL-02654,2025-01-20,validation,true
DEAL-02655,2024-04-08,development,true
DEAL-02656,2025-08-31,future_holdout,true
DEAL-02657,2024-03-21,development,true
DEAL-02658,2025-12-26,future_holdout,true
DEAL-02659,2025-07-07,future_holdout,true
DEAL-02660,2025-07-09,future_holdout,true
DEAL-02661,2024-06-01,development,true
DEAL-02662,2024-08-22,development,true
DEAL-02663,2024-10-22,development,true
DEAL-02664,2025-01-20,validation,true
DEAL-02665,2024-12-06,development,true
DEAL-02666,2025-10-29,future_holdout,true
DEAL-02667,2024-07-27,development,true
DEAL-02668,2025-10-22,future_holdout,true
DEAL-02669,2025-04-16,validation,true
DEAL-02670,2024-09-09,development,true
DEAL-02671,2024-02-12,development,true
DEAL-02672,2025-05-13,validation,true
DEAL-02673,2024-11-30,development,true
DEAL-02674,2024-10-22,development,true
DEAL-02675,2024-10-16,development,true
DEAL-02676,2025-01-11,validation,true
DEAL-02677,2025-10-21,future_holdout,true
DEAL-02678,2025-07-06,future_holdout,true
DEAL-02679,2024-03-03,development,true
DEAL-02680,2024-01-23,development,true
DEAL-02681,2024-04-12,development,true
DEAL-02682,2024-11-28,development,true
DEAL-02683,2024-02-08,development,true
DEAL-02684,2024-03-01,development,true
DEAL-02685,2025-03-15,validation,true
DEAL-02686,2025-08-28,future_holdout,true
DEAL-02687,2025-12-08,future_holdout,true
DEAL-02688,2025-11-21,future_holdout,true
DEAL-02689,2024-05-06,development,true
DEAL-02690,2025-07-14,future_holdout,true
DEAL-02691,2025-10-29,future_holdout,true
DEAL-02692,2024-05-28,development,true
DEAL-02693,2025-09-24,future_holdout,true
DEAL-02694,2025-10-05,future_holdout,true
DEAL-02695,2024-08-29,development,true
DEAL-02696,2025-07-11,future_holdout,true
DEAL-02697,2024-10-29,development,true
DEAL-02698,2024-10-06,development,true
DEAL-02699,2025-05-26,validation,true
DEAL-02700,2025-06-19,validation,true
DEAL-02701,2025-05-27,validation,true
DEAL-02702,2024-11-21,development,true
DEAL-02703,2024-10-24,development,true
DEAL-02704,2024-01-22,development,true
DEAL-02705,2025-07-02,future_holdout,true
DEAL-02706,2024-02-18,development,true
DEAL-02707,2024-02-21,development,true
DEAL-02708,2024-01-28,development,true
DEAL-02709,2024-03-19,development,true
DEAL-02710,2024-05-14,development,true
DEAL-02711,2024-05-20,development,true
DEAL-02712,2024-03-08,development,true
DEAL-02713,2024-06-25,development,true
DEAL-02714,2025-01-09,validation,true
DEAL-02715,2025-01-02,validation,true
DEAL-02716,2025-12-01,future_holdout,true
DEAL-02717,2025-07-26,future_holdout,true
DEAL-02718,2024-08-21,development,true
DEAL-02719,2024-04-24,development,true
DEAL-02720,2024-03-17,development,true
DEAL-02721,2024-10-13,development,true
DEAL-02722,2025-01-03,validation,true
DEAL-02723,2025-09-05,future_holdout,true
DEAL-02724,2025-10-13,future_holdout,true
DEAL-02725,2024-11-22,development,true
DEAL-02726,2025-11-20,future_holdout,true
DEAL-02727,2025-11-24,future_holdout,true
DEAL-02728,2025-07-18,future_holdout,true
DEAL-02729,2024-02-25,development,true
DEAL-02730,2024-11-27,development,true
DEAL-02731,2025-09-20,future_holdout,true
DEAL-02732,2025-03-11,validation,true
DEAL-02733,2025-06-17,validation,true
DEAL-02734,2025-02-21,validation,true
DEAL-02735,2025-03-12,validation,true
DEAL-02736,2024-01-13,development,true
DEAL-02737,2024-05-06,development,true
DEAL-02738,2024-06-19,development,true
DEAL-02739,2024-06-27,development,true
DEAL-02740,2024-02-28,development,true
DEAL-02741,2024-12-08,development,true
DEAL-02742,2024-11-11,development,true
DEAL-02743,2024-09-16,development,true
DEAL-02744,2024-04-14,development,true
DEAL-02745,2025-01-31,validation,true
DEAL-02746,2024-01-12,development,true
DEAL-02747,2024-09-19,development,true
DEAL-02748,2025-07-06,future_holdout,true
DEAL-02749,2025-11-02,future_holdout,true
DEAL-02750,2025-02-05,validation,true
DEAL-02751,2024-02-07,development,true
DEAL-02752,2024-07-07,development,true
DEAL-02753,2025-12-14,future_holdout,true
DEAL-02754,2024-03-17,development,true
DEAL-02755,2024-07-21,development,true
DEAL-02756,2024-01-31,development,true
DEAL-02757,2024-05-26,development,true
DEAL-02758,2024-07-08,development,true
DEAL-02759,2025-05-03,validation,true
DEAL-02760,2025-07-07,future_holdout,true
DEAL-02761,2025-10-12,future_holdout,true
DEAL-02762,2025-10-05,future_holdout,true
DEAL-02763,2024-06-24,development,true
DEAL-02764,2025-04-06,validation,true
DEAL-02765,2025-04-25,validation,true
DEAL-02766,2024-11-12,development,true
DEAL-02767,2025-04-17,validation,true
DEAL-02768,2025-06-07,validation,true
DEAL-02769,2025-06-17,validation,true
DEAL-02770,2024-05-08,development,true
DEAL-02771,2025-04-14,validation,true
DEAL-02772,2025-12-30,future_holdout,true
DEAL-02773,2024-01-14,development,true
DEAL-02774,2024-06-02,development,true
DEAL-02775,2024-04-28,development,true
DEAL-02776,2024-04-19,development,true
DEAL-02777,2024-08-14,development,true
DEAL-02778,2024-11-04,development,true
DEAL-02779,2025-11-24,future_holdout,true
DEAL-02780,2024-10-22,development,true
DEAL-02781,2025-03-23,validation,true
DEAL-02782,2025-02-09,validation,true
DEAL-02783,2025-04-18,validation,true
DEAL-02784,2025-10-27,future_holdout,true
DEAL-02785,2025-07-05,future_holdout,true
DEAL-02786,2025-05-14,validation,true
DEAL-02787,2024-10-08,development,true
DEAL-02788,2024-05-13,development,true
DEAL-02789,2025-09-08,future_holdout,true
DEAL-02790,2024-05-28,development,true
DEAL-02791,2024-05-19,development,true
DEAL-02792,2025-05-28,validation,true
DEAL-02793,2025-01-26,validation,true
DEAL-02794,2024-07-13,development,true
DEAL-02795,2025-02-21,validation,true
DEAL-02796,2024-08-02,development,true
DEAL-02797,2024-04-05,development,true
DEAL-02798,2025-01-21,validation,true
DEAL-02799,2025-09-30,future_holdout,true
DEAL-02800,2025-06-07,validation,true
DEAL-02801,2025-06-21,validation,true
DEAL-02802,2024-09-22,development,true
DEAL-02803,2024-08-25,development,true
DEAL-02804,2024-03-27,development,true
DEAL-02805,2025-03-20,validation,true
DEAL-02806,2024-08-27,development,true
DEAL-02807,2024-10-08,development,true
DEAL-02808,2025-12-28,future_holdout,true
DEAL-02809,2025-05-08,validation,true
DEAL-02810,2024-04-24,development,true
DEAL-02811,2025-07-26,future_holdout,true
DEAL-02812,2024-10-31,development,true
DEAL-02813,2024-09-13,development,true
DEAL-02814,2024-03-22,development,true
DEAL-02815,2024-05-10,development,true
DEAL-02816,2025-04-18,validation,true
DEAL-02817,2024-10-10,development,true
DEAL-02818,2025-02-04,validation,true
DEAL-02819,2024-08-21,development,true
DEAL-02820,2024-10-15,development,true
DEAL-02821,2024-01-31,development,true
DEAL-02822,2024-10-30,development,true
DEAL-02823,2025-02-04,validation,true
DEAL-02824,2024-01-28,development,true
DEAL-02825,2024-02-24,development,true
DEAL-02826,2025-12-13,future_holdout,true
DEAL-02827,2024-12-05,development,true
DEAL-02828,2024-11-12,development,true
DEAL-02829,2025-02-01,validation,true
DEAL-02830,2024-10-22,development,true
DEAL-02831,2025-07-27,future_holdout,true
DEAL-02832,2025-01-01,validation,true
DEAL-02833,2025-10-05,future_holdout,true
DEAL-02834,2024-09-17,development,true
DEAL-02835,2024-10-07,development,true
DEAL-02836,2025-04-03,validation,true
DEAL-02837,2024-03-24,development,true
DEAL-02838,2025-06-23,validation,true
DEAL-02839,2025-10-11,future_holdout,true
DEAL-02840,2024-12-10,development,true
DEAL-02841,2025-02-27,validation,true
DEAL-02842,2025-11-20,future_holdout,true
DEAL-02843,2024-06-09,development,true
DEAL-02844,2025-08-30,future_holdout,true
DEAL-02845,2024-03-31,development,true
DEAL-02846,2025-02-13,validation,true
DEAL-02847,2025-02-08,validation,true
DEAL-02848,2024-01-19,development,true
DEAL-02849,2024-01-14,development,true
DEAL-02850,2024-07-22,development,true
DEAL-02851,2024-03-10,development,true
DEAL-02852,2024-07-07,development,true
DEAL-02853,2025-09-05,future_holdout,true
DEAL-02854,2025-01-17,validation,true
DEAL-02855,2025-04-03,validation,true
DEAL-02856,2024-06-21,development,true
DEAL-02857,2025-12-05,future_holdout,true
DEAL-02858,2024-05-17,development,true
DEAL-02859,2025-06-24,validation,true
DEAL-02860,2024-12-07,development,true
DEAL-02861,2025-02-14,validation,true
DEAL-02862,2024-07-08,development,true
DEAL-02863,2024-07-26,development,true
DEAL-02864,2025-08-01,future_holdout,true
DEAL-02865,2024-10-25,development,true
DEAL-02866,2025-10-21,future_holdout,true
DEAL-02867,2024-02-05,development,true
DEAL-02868,2024-01-22,development,true
DEAL-02869,2025-08-28,future_holdout,true
DEAL-02870,2025-09-27,future_holdout,true
DEAL-02871,2024-08-28,development,true
DEAL-02872,2025-10-08,future_holdout,true
DEAL-02873,2024-11-21,development,true
DEAL-02874,2025-10-02,future_holdout,true
DEAL-02875,2024-02-20,development,true
DEAL-02876,2025-11-09,future_holdout,true
DEAL-02877,2024-01-12,development,true
DEAL-02878,2024-10-14,development,true
DEAL-02879,2024-12-30,development,true
DEAL-02880,2025-05-11,validation,true
DEAL-02881,2024-03-25,development,true
DEAL-02882,2024-02-20,development,true
DEAL-02883,2024-01-26,development,true
DEAL-02884,2025-11-20,future_holdout,true
DEAL-02885,2025-04-08,validation,true
DEAL-02886,2025-03-16,validation,true
DEAL-02887,2025-10-07,future_holdout,true
DEAL-02888,2024-05-04,development,true
DEAL-02889,2024-11-15,development,true
DEAL-02890,2025-01-24,validation,true
DEAL-02891,2025-04-10,validation,true
DEAL-02892,2025-07-10,future_holdout,true
DEAL-02893,2024-02-16,development,true
DEAL-02894,2024-10-24,development,true
DEAL-02895,2025-04-13,validation,true
DEAL-02896,2024-09-25,development,true
DEAL-02897,2024-09-20,development,true
DEAL-02898,2025-03-05,validation,true
DEAL-02899,2024-02-19,development,true
DEAL-02900,2024-10-25,development,true
DEAL-02901,2025-05-11,validation,true
DEAL-02902,2024-09-06,development,true
DEAL-02903,2025-10-04,future_holdout,true
DEAL-02904,2024-09-06,development,true
DEAL-02905,2024-03-19,development,true
DEAL-02906,2025-02-04,validation,true
DEAL-02907,2024-03-05,development,true
DEAL-02908,2025-03-30,validation,true
DEAL-02909,2025-03-10,validation,true
DEAL-02910,2024-11-19,development,true
DEAL-02911,2025-03-07,validation,true
DEAL-02912,2025-03-07,validation,true
DEAL-02913,2025-02-01,validation,true
DEAL-02914,2024-01-05,development,true
DEAL-02915,2025-03-19,validation,true
DEAL-02916,2025-02-26,validation,true
DEAL-02917,2025-03-21,validation,true
DEAL-02918,2025-03-13,validation,true
DEAL-02919,2024-03-14,development,true
DEAL-02920,2024-04-12,development,true
DEAL-02921,2024-02-26,development,true
DEAL-02922,2025-10-24,future_holdout,true
DEAL-02923,2024-09-25,development,true
DEAL-02924,2024-05-06,development,true
DEAL-02925,2025-01-10,validation,true
DEAL-02926,2025-08-31,future_holdout,true
DEAL-02927,2025-10-31,future_holdout,true
DEAL-02928,2024-03-14,development,true
DEAL-02929,2025-04-05,validation,true
DEAL-02930,2024-02-06,development,true
DEAL-02931,2024-05-26,development,true
DEAL-02932,2025-07-21,future_holdout,true
DEAL-02933,2024-04-20,development,true
DEAL-02934,2025-12-04,future_holdout,true
DEAL-02935,2025-06-20,validation,true
DEAL-02936,2024-11-09,development,true
DEAL-02937,2025-12-01,future_holdout,true
DEAL-02938,2025-07-04,future_holdout,true
DEAL-02939,2024-05-31,development,true
DEAL-02940,2025-07-31,future_holdout,true
DEAL-02941,2025-10-04,future_holdout,true
DEAL-02942,2025-06-25,validation,true
DEAL-02943,2024-04-30,development,true
DEAL-02944,2024-05-27,development,true
DEAL-02945,2025-11-07,future_holdout,true
DEAL-02946,2025-02-22,validation,true
DEAL-02947,2024-03-23,development,true
DEAL-02948,2025-11-29,future_holdout,true
DEAL-02949,2025-04-09,validation,true
DEAL-02950,2024-08-28,development,true
DEAL-02951,2025-11-03,future_holdout,true
DEAL-02952,2025-07-14,future_holdout,true
DEAL-02953,2024-10-22,development,true
DEAL-02954,2024-07-06,development,true
DEAL-02955,2024-06-19,development,true
DEAL-02956,2024-07-02,development,true
DEAL-02957,2025-03-11,validation,true
DEAL-02958,2024-10-16,development,true
DEAL-02959,2025-02-23,validation,true
DEAL-02960,2025-03-12,validation,true
DEAL-02961,2024-12-12,development,true
DEAL-02962,2024-12-04,development,true
DEAL-02963,2024-05-02,development,true
DEAL-02964,2024-01-17,development,true
DEAL-02965,2024-06-20,development,true
DEAL-02966,2025-10-01,future_holdout,true
DEAL-02967,2024-12-19,development,true
DEAL-02968,2025-07-23,future_holdout,true
DEAL-02969,2024-08-04,development,true
DEAL-02970,2025-06-08,validation,true
DEAL-02971,2025-05-22,validation,true
DEAL-02972,2025-06-24,validation,true
DEAL-02973,2025-09-16,future_holdout,true
DEAL-02974,2025-08-02,future_holdout,true
DEAL-02975,2024-02-18,development,true
DEAL-02976,2024-07-11,development,true
DEAL-02977,2024-10-07,development,true
DEAL-02978,2025-02-19,validation,true
DEAL-02979,2025-09-25,future_holdout,true
DEAL-02980,2024-07-26,development,true
DEAL-02981,2024-12-19,development,true
DEAL-02982,2024-08-12,development,true
DEAL-02983,2025-04-01,validation,true
DEAL-02984,2024-12-10,development,true
DEAL-02985,2025-03-03,validation,true
DEAL-02986,2025-11-24,future_holdout,true
DEAL-02987,2024-05-29,development,true
DEAL-02988,2024-06-27,development,true
DEAL-02989,2024-07-23,development,true
DEAL-02990,2025-08-12,future_holdout,true
DEAL-02991,2024-01-31,development,true
DEAL-02992,2025-03-29,validation,true
DEAL-02993,2025-10-07,future_holdout,true
DEAL-02994,2024-12-25,development,true
DEAL-02995,2024-12-04,development,true
DEAL-02996,2024-09-03,development,true
DEAL-02997,2025-06-06,validation,true
DEAL-02998,2024-10-08,development,true
DEAL-02999,2024-05-26,development,true
DEAL-03000,2025-01-28,validation,true
DEAL-03001,2024-01-06,development,true
DEAL-03002,2025-12-23,future_holdout,true
DEAL-03003,2024-05-14,development,true
DEAL-03004,2024-08-20,development,true
DEAL-03005,2024-04-16,development,true
DEAL-03006,2025-02-08,validation,true
DEAL-03007,2025-02-28,validation,true
DEAL-03008,2025-05-16,validation,true
DEAL-03009,2025-10-17,future_holdout,true
DEAL-03010,2024-10-04,development,true
DEAL-03011,2025-07-17,future_holdout,true
DEAL-03012,2025-01-11,validation,true
DEAL-03013,2024-09-27,development,true
DEAL-03014,2024-09-04,development,true
DEAL-03015,2024-02-20,development,true
DEAL-03016,2024-07-11,development,true
DEAL-03017,2024-09-28,development,true
DEAL-03018,2024-09-05,development,true
DEAL-03019,2024-01-07,development,true
DEAL-03020,2024-09-21,development,true
DEAL-03021,2024-12-26,development,true
DEAL-03022,2025-12-18,future_holdout,true
DEAL-03023,2024-08-03,development,true
DEAL-03024,2024-06-02,development,true
DEAL-03025,2024-10-16,development,true
DEAL-03026,2025-06-02,validation,true
DEAL-03027,2024-07-27,development,true
DEAL-03028,2025-01-03,validation,true
DEAL-03029,2024-12-27,development,true
DEAL-03030,2024-05-25,development,true
DEAL-03031,2025-03-05,validation,true
DEAL-03032,2025-01-25,validation,true
DEAL-03033,2024-10-01,development,true
DEAL-03034,2024-08-10,development,true
DEAL-03035,2024-06-13,development,true
DEAL-03036,2025-02-14,validation,true
DEAL-03037,2024-07-17,development,true
DEAL-03038,2024-12-05,development,true
DEAL-03039,2025-07-01,future_holdout,true
DEAL-03040,2025-12-12,future_holdout,true
DEAL-03041,2025-12-28,future_holdout,true
DEAL-03042,2024-07-21,development,true
DEAL-03043,2024-11-27,development,true
DEAL-03044,2025-12-02,future_holdout,true
DEAL-03045,2024-12-07,development,true
DEAL-03046,2025-12-18,future_holdout,true
DEAL-03047,2024-02-12,development,true
DEAL-03048,2025-04-02,validation,true
DEAL-03049,2024-08-17,development,true
DEAL-03050,2024-05-08,development,true
DEAL-03051,2025-08-11,future_holdout,true
DEAL-03052,2025-11-23,future_holdout,true
DEAL-03053,2024-05-10,development,true
DEAL-03054,2024-01-18,development,true
DEAL-03055,2024-02-01,development,true
DEAL-03056,2024-07-20,development,true
DEAL-03057,2025-07-21,future_holdout,true
DEAL-03058,2024-10-13,development,true
DEAL-03059,2024-08-29,development,true
DEAL-03060,2024-12-07,development,true
DEAL-03061,2024-10-04,development,true
DEAL-03062,2025-09-16,future_holdout,true
DEAL-03063,2024-03-12,development,true
DEAL-03064,2025-02-22,validation,true
DEAL-03065,2024-06-03,development,true
DEAL-03066,2024-04-18,development,true
DEAL-03067,2025-02-05,validation,true
DEAL-03068,2025-05-11,validation,true
DEAL-03069,2025-04-06,validation,true
DEAL-03070,2025-09-07,future_holdout,true
DEAL-03071,2024-06-01,development,true
DEAL-03072,2025-08-15,future_holdout,true
DEAL-03073,2025-01-13,validation,true
DEAL-03074,2025-06-10,validation,true
DEAL-03075,2024-01-03,development,true
DEAL-03076,2025-09-30,future_holdout,true
DEAL-03077,2025-04-27,validation,true
DEAL-03078,2025-03-02,validation,true
DEAL-03079,2024-02-07,development,true
DEAL-03080,2025-01-17,validation,true
DEAL-03081,2025-06-03,validation,true
DEAL-03082,2025-07-02,future_holdout,true
DEAL-03083,2025-04-11,validation,true
DEAL-03084,2025-07-14,future_holdout,true
DEAL-03085,2025-01-10,validation,true
DEAL-03086,2025-06-01,validation,true
DEAL-03087,2024-09-04,development,true
DEAL-03088,2025-11-24,future_holdout,true
DEAL-03089,2024-09-02,development,true
DEAL-03090,2025-04-11,validation,true
DEAL-03091,2025-02-15,validation,true
DEAL-03092,2025-07-21,future_holdout,true
DEAL-03093,2025-08-16,future_holdout,true
DEAL-03094,2025-12-19,future_holdout,true
DEAL-03095,2024-02-10,development,true
DEAL-03096,2025-12-05,future_holdout,true
DEAL-03097,2025-06-11,validation,true
DEAL-03098,2025-10-17,future_holdout,true
DEAL-03099,2024-01-24,development,true
DEAL-03100,2025-11-04,future_holdout,true
DEAL-03101,2025-10-30,future_holdout,true
DEAL-03102,2025-08-20,future_holdout,true
DEAL-03103,2025-12-08,future_holdout,true
DEAL-03104,2024-06-13,development,true
DEAL-03105,2025-04-16,validation,true
DEAL-03106,2025-04-01,validation,true
DEAL-03107,2024-08-03,development,true
DEAL-03108,2024-05-17,development,true
DEAL-03109,2024-02-19,development,true
DEAL-03110,2025-01-20,validation,true
DEAL-03111,2024-11-27,development,true
DEAL-03112,2025-05-04,validation,true
DEAL-03113,2024-06-03,development,true
DEAL-03114,2025-10-26,future_holdout,true
DEAL-03115,2025-12-16,future_holdout,true
DEAL-03116,2025-02-07,validation,true
DEAL-03117,2025-10-28,future_holdout,true
DEAL-03118,2024-05-30,development,true
DEAL-03119,2025-08-22,future_holdout,true
DEAL-03120,2024-07-22,development,true
DEAL-03121,2025-07-21,future_holdout,true
DEAL-03122,2024-03-24,development,true
DEAL-03123,2025-08-09,future_holdout,true
DEAL-03124,2024-09-03,development,true
DEAL-03125,2024-07-30,development,true
DEAL-03126,2025-06-19,validation,true
DEAL-03127,2025-07-07,future_holdout,true
DEAL-03128,2024-11-30,development,true
DEAL-03129,2025-12-29,future_holdout,true
DEAL-03130,2024-02-12,development,true
DEAL-03131,2024-01-28,development,true
DEAL-03132,2025-08-04,future_holdout,true
DEAL-03133,2025-07-23,future_holdout,true
DEAL-03134,2025-12-23,future_holdout,true
DEAL-03135,2025-05-30,validation,true
DEAL-03136,2025-05-03,validation,true
DEAL-03137,2024-06-07,development,true
DEAL-03138,2024-09-22,development,true
DEAL-03139,2024-02-24,development,true
DEAL-03140,2025-10-09,future_holdout,true
DEAL-03141,2025-05-28,validation,true
DEAL-03142,2024-01-17,development,true
DEAL-03143,2025-05-07,validation,true
DEAL-03144,2024-08-03,development,true
DEAL-03145,2025-12-29,future_holdout,true
DEAL-03146,2025-02-03,validation,true
DEAL-03147,2024-01-12,development,true
DEAL-03148,2024-06-17,development,true
DEAL-03149,2025-04-17,validation,true
DEAL-03150,2025-02-21,validation,true
DEAL-03151,2024-10-07,development,true
DEAL-03152,2025-08-16,future_holdout,true
DEAL-03153,2024-12-05,development,true
DEAL-03154,2025-09-09,future_holdout,true
DEAL-03155,2024-07-14,development,true
DEAL-03156,2024-11-12,development,true
DEAL-03157,2025-04-18,validation,true
DEAL-03158,2024-09-28,development,true
DEAL-03159,2025-05-24,validation,true
DEAL-03160,2024-07-24,development,true
DEAL-03161,2024-11-08,development,true
DEAL-03162,2024-12-04,development,true
DEAL-03163,2025-10-06,future_holdout,true
DEAL-03164,2024-04-26,development,true
DEAL-03165,2024-05-10,development,true
DEAL-03166,2024-10-17,development,true
DEAL-03167,2024-03-17,development,true
DEAL-03168,2024-05-28,development,true
DEAL-03169,2024-07-31,development,true
DEAL-03170,2024-06-26,development,true
DEAL-03171,2025-03-03,validation,true
DEAL-03172,2025-03-19,validation,true
DEAL-03173,2025-05-17,validation,true
DEAL-03174,2024-11-05,development,true
DEAL-03175,2025-01-09,validation,true
DEAL-03176,2025-07-25,future_holdout,true
DEAL-03177,2025-06-07,validation,true
DEAL-03178,2024-07-14,development,true
DEAL-03179,2024-10-03,development,true
DEAL-03180,2025-07-26,future_holdout,true
DEAL-03181,2025-05-12,validation,true
DEAL-03182,2025-01-14,validation,true
DEAL-03183,2024-12-06,development,true
DEAL-03184,2025-09-09,future_holdout,true
DEAL-03185,2025-09-09,future_holdout,true
DEAL-03186,2024-10-05,development,true
DEAL-03187,2025-06-13,validation,true
DEAL-03188,2025-10-14,future_holdout,true
DEAL-03189,2024-04-23,development,true
DEAL-03190,2025-03-11,validation,true
DEAL-03191,2024-03-14,development,true
DEAL-03192,2025-02-14,validation,true
DEAL-03193,2025-02-03,validation,true
DEAL-03194,2025-11-25,future_holdout,true
DEAL-03195,2024-07-07,development,true
DEAL-03196,2025-05-10,validation,true
DEAL-03197,2024-03-30,development,true
DEAL-03198,2025-11-17,future_holdout,true
DEAL-03199,2024-05-17,development,true
DEAL-03200,2024-06-14,development,true
DEAL-03201,2024-01-22,development,true
DEAL-03202,2025-09-21,future_holdout,true
DEAL-03203,2024-08-09,development,true
DEAL-03204,2025-03-05,validation,true
DEAL-03205,2025-10-08,future_holdout,true
DEAL-03206,2025-07-03,future_holdout,true
DEAL-03207,2025-04-16,validation,true
DEAL-03208,2025-04-23,validation,true
DEAL-03209,2024-05-08,development,true
DEAL-03210,2024-10-23,development,true
DEAL-03211,2024-07-17,development,true
DEAL-03212,2025-03-13,validation,true
DEAL-03213,2025-07-21,future_holdout,true
DEAL-03214,2025-04-21,validation,true
DEAL-03215,2025-09-11,future_holdout,true
DEAL-03216,2025-07-19,future_holdout,true
DEAL-03217,2025-06-13,validation,true
DEAL-03218,2024-07-02,development,true
DEAL-03219,2024-08-28,development,true
DEAL-03220,2024-08-31,development,true
DEAL-03221,2025-05-05,validation,true
DEAL-03222,2024-04-05,development,true
DEAL-03223,2025-09-24,future_holdout,true
DEAL-03224,2025-06-22,validation,true
DEAL-03225,2024-01-04,development,true
DEAL-03226,2025-09-01,future_holdout,true
DEAL-03227,2025-03-28,validation,true
DEAL-03228,2024-07-06,development,true
DEAL-03229,2025-11-17,future_holdout,true
DEAL-03230,2024-03-05,development,true
DEAL-03231,2024-09-08,development,true
DEAL-03232,2024-11-13,development,true
DEAL-03233,2025-03-17,validation,true
DEAL-03234,2024-06-22,development,true
DEAL-03235,2025-03-02,validation,true
DEAL-03236,2025-02-09,validation,true
DEAL-03237,2024-02-16,development,true
DEAL-03238,2025-11-28,future_holdout,true
DEAL-03239,2024-08-26,development,true
DEAL-03240,2025-02-18,validation,true
DEAL-03241,2024-12-03,development,true
DEAL-03242,2024-02-26,development,true
DEAL-03243,2025-03-08,validation,true
DEAL-03244,2025-07-24,future_holdout,true
DEAL-03245,2025-09-17,future_holdout,true
DEAL-03246,2024-08-28,development,true
DEAL-03247,2024-05-17,development,true
DEAL-03248,2024-09-19,development,true
DEAL-03249,2024-10-05,development,true
DEAL-03250,2025-12-30,future_holdout,true
DEAL-03251,2024-05-13,development,true
DEAL-03252,2025-02-04,validation,true
DEAL-03253,2025-12-03,future_holdout,true
DEAL-03254,2025-08-30,future_holdout,true
DEAL-03255,2025-05-07,validation,true
DEAL-03256,2025-02-23,validation,true
DEAL-03257,2024-04-17,development,true
DEAL-03258,2025-09-23,future_holdout,true
DEAL-03259,2024-07-24,development,true
DEAL-03260,2025-04-24,validation,true
DEAL-03261,2024-09-03,development,true
DEAL-03262,2024-05-12,development,true
DEAL-03263,2024-12-04,development,true
DEAL-03264,2024-04-21,development,true
DEAL-03265,2025-09-20,future_holdout,true
DEAL-03266,2025-06-04,validation,true
DEAL-03267,2025-02-07,validation,true
DEAL-03268,2024-03-08,development,true
DEAL-03269,2025-02-05,validation,true
DEAL-03270,2025-03-15,validation,true
DEAL-03271,2024-08-22,development,true
DEAL-03272,2024-02-21,development,true
DEAL-03273,2024-08-25,development,true
DEAL-03274,2024-09-12,development,true
DEAL-03275,2025-10-13,future_holdout,true
DEAL-03276,2024-08-20,development,true
DEAL-03277,2025-02-23,validation,true
DEAL-03278,2025-02-09,validation,true
DEAL-03279,2025-09-11,future_holdout,true
DEAL-03280,2024-12-12,development,true
DEAL-03281,2025-10-16,future_holdout,true
DEAL-03282,2024-12-18,development,true
DEAL-03283,2024-01-04,development,true
DEAL-03284,2025-12-19,future_holdout,true
DEAL-03285,2025-09-05,future_holdout,true
DEAL-03286,2025-01-03,validation,true
DEAL-03287,2025-10-31,future_holdout,true
DEAL-03288,2024-03-02,development,true
DEAL-03289,2025-04-21,validation,true
DEAL-03290,2024-12-14,development,true
DEAL-03291,2024-09-16,development,true
DEAL-03292,2024-01-16,development,true
DEAL-03293,2024-06-07,development,true
DEAL-03294,2025-03-15,validation,true
DEAL-03295,2024-07-13,development,true
DEAL-03296,2025-07-27,future_holdout,true
DEAL-03297,2025-04-28,validation,true
DEAL-03298,2025-12-12,future_holdout,true
DEAL-03299,2025-07-01,future_holdout,true
DEAL-03300,2024-05-03,development,true
DEAL-03301,2024-03-12,development,true
DEAL-03302,2024-08-11,development,true
DEAL-03303,2024-07-13,development,true
DEAL-03304,2025-05-05,validation,true
DEAL-03305,2024-03-22,development,true
DEAL-03306,2025-07-05,future_holdout,true
DEAL-03307,2024-12-20,development,true
DEAL-03308,2024-06-19,development,true
DEAL-03309,2025-05-14,validation,true
DEAL-03310,2024-11-17,development,true
DEAL-03311,2024-03-22,development,true
DEAL-03312,2024-09-09,development,true
DEAL-03313,2025-07-30,future_holdout,true
DEAL-03314,2025-03-13,validation,true
DEAL-03315,2025-12-10,future_holdout,true
DEAL-03316,2024-08-29,development,true
DEAL-03317,2025-07-05,future_holdout,true
DEAL-03318,2024-04-29,development,true
DEAL-03319,2025-02-22,validation,true
DEAL-03320,2025-05-24,validation,true
DEAL-03321,2025-11-18,future_holdout,true
DEAL-03322,2024-10-03,development,true
DEAL-03323,2024-10-30,development,true
DEAL-03324,2024-06-04,development,true
DEAL-03325,2025-10-31,future_holdout,true
DEAL-03326,2024-05-18,development,true
DEAL-03327,2025-06-06,validation,true
DEAL-03328,2025-10-09,future_holdout,true
DEAL-03329,2024-11-15,development,true
DEAL-03330,2025-09-16,future_holdout,true
DEAL-03331,2025-08-23,future_holdout,true
DEAL-03332,2024-02-11,development,true
DEAL-03333,2024-02-19,development,true
DEAL-03334,2024-10-03,development,true
DEAL-03335,2025-09-08,future_holdout,true
DEAL-03336,2025-07-25,future_holdout,true
DEAL-03337,2024-01-06,development,true
DEAL-03338,2024-05-13,development,true
DEAL-03339,2024-02-01,development,true
DEAL-03340,2024-01-28,development,true
DEAL-03341,2024-04-20,development,true
DEAL-03342,2024-02-21,development,true
DEAL-03343,2025-12-02,future_holdout,true
DEAL-03344,2024-12-23,development,true
DEAL-03345,2024-09-03,development,true
DEAL-03346,2024-10-04,development,true
DEAL-03347,2024-08-22,development,true
DEAL-03348,2024-04-05,development,true
DEAL-03349,2024-07-11,development,true
DEAL-03350,2024-06-01,development,true
DEAL-03351,2024-03-28,development,true
DEAL-03352,2024-10-01,development,true
DEAL-03353,2024-04-21,development,true
DEAL-03354,2025-11-28,future_holdout,true
DEAL-03355,2024-06-02,development,true
DEAL-03356,2025-07-30,future_holdout,true
DEAL-03357,2025-05-31,validation,true
DEAL-03358,2024-09-25,development,true
DEAL-03359,2024-09-21,development,true
DEAL-03360,2024-08-20,development,true
DEAL-03361,2025-12-20,future_holdout,true
DEAL-03362,2025-05-31,validation,true
DEAL-03363,2025-09-19,future_holdout,true
DEAL-03364,2025-07-01,future_holdout,true
DEAL-03365,2024-12-10,development,true
DEAL-03366,2024-09-08,development,true
DEAL-03367,2024-10-31,development,true
DEAL-03368,2024-04-25,development,true
DEAL-03369,2024-03-11,development,true
DEAL-03370,2024-09-23,development,true
DEAL-03371,2025-06-30,validation,true
DEAL-03372,2024-02-02,development,true
DEAL-03373,2024-08-10,development,true
DEAL-03374,2024-12-05,development,true
DEAL-03375,2025-05-14,validation,true
DEAL-03376,2025-05-26,validation,true
DEAL-03377,2025-02-06,validation,true
DEAL-03378,2025-12-30,future_holdout,true
DEAL-03379,2024-12-03,development,true
DEAL-03380,2024-04-05,development,true
DEAL-03381,2024-12-06,development,true
DEAL-03382,2025-02-15,validation,true
DEAL-03383,2025-03-29,validation,true
DEAL-03384,2024-02-10,development,true
DEAL-03385,2025-05-07,validation,true
DEAL-03386,2024-06-22,development,true
DEAL-03387,2024-10-27,development,true
DEAL-03388,2025-02-22,validation,true
DEAL-03389,2024-05-22,development,true
DEAL-03390,2024-10-16,development,true
DEAL-03391,2024-05-26,development,true
DEAL-03392,2025-02-19,validation,true
DEAL-03393,2025-07-21,future_holdout,true
DEAL-03394,2025-02-05,validation,true
DEAL-03395,2025-02-05,validation,true
DEAL-03396,2024-10-23,development,true
DEAL-03397,2024-03-12,development,true
DEAL-03398,2024-03-01,development,true
DEAL-03399,2025-05-18,validation,true
DEAL-03400,2025-07-27,future_holdout,true
DEAL-03401,2024-09-09,development,true
DEAL-03402,2025-01-31,validation,true
DEAL-03403,2025-07-16,future_holdout,true
DEAL-03404,2025-01-19,validation,true
DEAL-03405,2024-02-02,development,true
DEAL-03406,2025-09-08,future_holdout,true
DEAL-03407,2024-06-27,development,true
DEAL-03408,2024-04-30,development,true
DEAL-03409,2024-06-17,development,true
DEAL-03410,2024-04-28,development,true
DEAL-03411,2024-02-14,development,true
DEAL-03412,2024-01-03,development,true
DEAL-03413,2025-04-03,validation,true
DEAL-03414,2024-09-26,development,true
DEAL-03415,2024-07-21,development,true
DEAL-03416,2025-03-31,validation,true
DEAL-03417,2024-03-30,development,true
DEAL-03418,2024-01-12,development,true
DEAL-03419,2024-09-11,development,true
DEAL-03420,2024-12-10,development,true
DEAL-03421,2025-06-05,validation,true
DEAL-03422,2024-11-24,development,true
DEAL-03423,2025-05-14,validation,true
DEAL-03424,2024-09-03,development,true
DEAL-03425,2024-12-12,development,true
DEAL-03426,2025-09-15,future_holdout,true
DEAL-03427,2024-07-15,development,true
DEAL-03428,2024-10-08,development,true
DEAL-03429,2024-10-13,development,true
DEAL-03430,2024-03-10,development,true
DEAL-03431,2024-11-10,development,true
DEAL-03432,2024-03-03,development,true
DEAL-03433,2025-08-30,future_holdout,true
DEAL-03434,2024-02-06,development,true
DEAL-03435,2025-06-25,validation,true
DEAL-03436,2025-03-12,validation,true
DEAL-03437,2025-12-01,future_holdout,true
DEAL-03438,2024-08-31,development,true
DEAL-03439,2025-07-06,future_holdout,true
DEAL-03440,2025-04-16,validation,true
DEAL-03441,2024-07-29,development,true
DEAL-03442,2025-10-28,future_holdout,true
DEAL-03443,2024-11-26,development,true
DEAL-03444,2024-11-01,development,true
DEAL-03445,2024-06-17,development,true
DEAL-03446,2024-03-20,development,true
DEAL-03447,2024-11-02,development,true
DEAL-03448,2024-12-03,development,true
DEAL-03449,2024-07-16,development,true
DEAL-03450,2025-01-15,validation,true
DEAL-03451,2024-06-27,development,true
DEAL-03452,2025-03-11,validation,true
DEAL-03453,2025-10-25,future_holdout,true
DEAL-03454,2025-10-06,future_holdout,true
DEAL-03455,2024-07-31,development,true
DEAL-03456,2025-07-07,future_holdout,true
DEAL-03457,2025-11-28,future_holdout,true
DEAL-03458,2024-10-11,development,true
DEAL-03459,2025-07-24,future_holdout,true
DEAL-03460,2024-11-06,development,true
DEAL-03461,2024-01-24,development,true
DEAL-03462,2025-02-02,validation,true
DEAL-03463,2024-08-16,development,true
DEAL-03464,2024-10-11,development,true
DEAL-03465,2025-01-18,validation,true
DEAL-03466,2025-01-29,validation,true
DEAL-03467,2024-12-17,development,true
DEAL-03468,2025-03-06,validation,true
DEAL-03469,2025-11-13,future_holdout,true
DEAL-03470,2025-08-13,future_holdout,true
DEAL-03471,2025-08-17,future_holdout,true
DEAL-03472,2025-04-16,validation,true
DEAL-03473,2024-07-22,development,true
DEAL-03474,2024-03-01,development,true
DEAL-03475,2025-08-28,future_holdout,true
DEAL-03476,2025-05-05,validation,true
DEAL-03477,2024-12-16,development,true
DEAL-03478,2024-10-25,development,true
DEAL-03479,2024-01-23,development,true
DEAL-03480,2024-03-24,development,true
DEAL-03481,2024-06-28,development,true
DEAL-03482,2024-05-12,development,true
DEAL-03483,2024-01-07,development,true
DEAL-03484,2025-05-29,validation,true
DEAL-03485,2024-08-28,development,true
DEAL-03486,2024-06-28,development,true
DEAL-03487,2025-08-19,future_holdout,true
DEAL-03488,2025-12-06,future_holdout,true
DEAL-03489,2024-06-14,development,true
DEAL-03490,2024-11-24,development,true
DEAL-03491,2025-03-01,validation,true
DEAL-03492,2025-01-04,validation,true
DEAL-03493,2024-05-31,development,true
DEAL-03494,2024-05-28,development,true
DEAL-03495,2024-05-09,development,true
DEAL-03496,2024-07-07,development,true
DEAL-03497,2024-07-22,development,true
DEAL-03498,2025-12-04,future_holdout,true
DEAL-03499,2024-09-13,development,true
DEAL-03500,2024-07-17,development,true
DEAL-03501,2025-01-16,validation,true
DEAL-03502,2024-12-20,development,true
DEAL-03503,2025-12-08,future_holdout,true
DEAL-03504,2024-01-08,development,true
DEAL-03505,2025-04-08,validation,true
DEAL-03506,2024-02-03,development,true
DEAL-03507,2024-05-30,development,true
DEAL-03508,2025-09-20,future_holdout,true
DEAL-03509,2024-08-03,development,true
DEAL-03510,2025-04-23,validation,true
DEAL-03511,2024-09-12,development,true
DEAL-03512,2024-01-13,development,true
DEAL-03513,2025-10-24,future_holdout,true
DEAL-03514,2024-04-13,development,true
DEAL-03515,2025-06-10,validation,true
DEAL-03516,2024-06-18,development,true
DEAL-03517,2025-11-16,future_holdout,true
DEAL-03518,2024-05-24,development,true
DEAL-03519,2025-08-19,future_holdout,true
DEAL-03520,2024-12-04,development,true
DEAL-03521,2024-01-17,development,true
DEAL-03522,2025-08-12,future_holdout,true
DEAL-03523,2024-11-24,development,true
DEAL-03524,2025-11-26,future_holdout,true
DEAL-03525,2025-03-29,validation,true
DEAL-03526,2025-12-26,future_holdout,true
DEAL-03527,2025-07-14,future_holdout,true
DEAL-03528,2024-01-27,development,true
DEAL-03529,2025-07-03,future_holdout,true
DEAL-03530,2024-07-21,development,true
DEAL-03531,2025-08-19,future_holdout,true
DEAL-03532,2025-02-26,validation,true
DEAL-03533,2025-08-19,future_holdout,true
DEAL-03534,2024-06-14,development,true
DEAL-03535,2024-04-11,development,true
DEAL-03536,2025-09-11,future_holdout,true
DEAL-03537,2025-08-07,future_holdout,true
DEAL-03538,2024-06-03,development,true
DEAL-03539,2025-06-25,validation,true
DEAL-03540,2024-08-21,development,true
DEAL-03541,2024-05-06,development,true
DEAL-03542,2024-11-06,development,true
DEAL-03543,2025-09-25,future_holdout,true
DEAL-03544,2025-01-22,validation,true
DEAL-03545,2025-05-25,validation,true
DEAL-03546,2024-02-12,development,true
DEAL-03547,2025-09-11,future_holdout,true
DEAL-03548,2025-02-19,validation,true
DEAL-03549,2025-09-16,future_holdout,true
DEAL-03550,2024-08-23,development,true
DEAL-03551,2025-12-31,future_holdout,true
DEAL-03552,2024-11-04,development,true
DEAL-03553,2025-04-11,validation,true
DEAL-03554,2024-11-04,development,true
DEAL-03555,2025-12-09,future_holdout,true
DEAL-03556,2025-03-01,validation,true
DEAL-03557,2024-11-22,development,true
DEAL-03558,2025-01-24,validation,true
DEAL-03559,2024-10-12,development,true
DEAL-03560,2024-12-29,development,true
DEAL-03561,2025-04-14,validation,true
DEAL-03562,2024-01-16,development,true
DEAL-03563,2025-05-28,validation,true
DEAL-03564,2025-03-23,validation,true
DEAL-03565,2025-11-05,future_holdout,true
DEAL-03566,2025-12-18,future_holdout,true
DEAL-03567,2024-08-17,development,true
DEAL-03568,2024-09-26,development,true
DEAL-03569,2024-10-22,development,true
DEAL-03570,2025-10-28,future_holdout,true
DEAL-03571,2025-08-11,future_holdout,true
DEAL-03572,2024-03-13,development,true
DEAL-03573,2024-03-22,development,true
DEAL-03574,2024-06-15,development,true
DEAL-03575,2025-12-19,future_holdout,true
DEAL-03576,2025-01-31,validation,true
DEAL-03577,2025-06-12,validation,true
DEAL-03578,2024-03-28,development,true
DEAL-03579,2024-02-12,development,true
DEAL-03580,2024-12-18,development,true
DEAL-03581,2025-09-02,future_holdout,true
DEAL-03582,2025-03-24,validation,true
DEAL-03583,2025-01-23,validation,true
DEAL-03584,2024-08-28,development,true
DEAL-03585,2025-12-30,future_holdout,true
DEAL-03586,2024-09-15,development,true
DEAL-03587,2025-08-02,future_holdout,true
DEAL-03588,2024-05-30,development,true
DEAL-03589,2025-04-20,validation,true
DEAL-03590,2024-07-11,development,true
DEAL-03591,2024-06-22,development,true
DEAL-03592,2025-08-28,future_holdout,true
DEAL-03593,2024-08-19,development,true
DEAL-03594,2024-08-08,development,true
DEAL-03595,2025-06-02,validation,true
DEAL-03596,2025-07-29,future_holdout,true
DEAL-03597,2024-08-09,development,true
DEAL-03598,2024-03-25,development,true
DEAL-03599,2025-05-08,validation,true
DEAL-03600,2025-11-26,future_holdout,true
DEAL-03601,2025-08-18,future_holdout,true
DEAL-03602,2025-10-26,future_holdout,true
DEAL-03603,2024-02-14,development,true
DEAL-03604,2024-08-19,development,true
DEAL-03605,2025-01-29,validation,true
DEAL-03606,2024-03-16,development,true
DEAL-03607,2025-03-27,validation,true
DEAL-03608,2025-12-14,future_holdout,true
DEAL-03609,2025-12-22,future_holdout,true
DEAL-03610,2024-08-08,development,true
DEAL-03611,2025-05-21,validation,true
DEAL-03612,2024-01-24,development,true
DEAL-03613,2025-05-09,validation,true
DEAL-03614,2025-12-31,future_holdout,true
DEAL-03615,2024-05-15,development,true
DEAL-03616,2025-07-04,future_holdout,true
DEAL-03617,2025-03-17,validation,true
DEAL-03618,2025-12-20,future_holdout,true
DEAL-03619,2025-03-18,validation,true
DEAL-03620,2024-11-24,development,true
DEAL-03621,2024-04-27,development,true
DEAL-03622,2025-09-16,future_holdout,true
DEAL-03623,2025-03-31,validation,true
DEAL-03624,2024-06-26,development,true
DEAL-03625,2024-03-17,development,true
DEAL-03626,2025-09-13,future_holdout,true
DEAL-03627,2024-04-06,development,true
DEAL-03628,2025-05-03,validation,true
DEAL-03629,2025-07-22,future_holdout,true
DEAL-03630,2025-09-18,future_holdout,true
DEAL-03631,2025-02-26,validation,true
DEAL-03632,2025-04-04,validation,true
DEAL-03633,2024-11-24,development,true
DEAL-03634,2024-03-25,development,true
DEAL-03635,2024-11-14,development,true
DEAL-03636,2024-08-09,development,true
DEAL-03637,2025-07-12,future_holdout,true
DEAL-03638,2024-08-10,development,true
DEAL-03639,2024-12-18,development,true
DEAL-03640,2025-01-03,validation,true
DEAL-03641,2024-03-07,development,true
DEAL-03642,2025-03-26,validation,true
DEAL-03643,2024-08-14,development,true
DEAL-03644,2024-08-16,development,true
DEAL-03645,2024-02-25,development,true
DEAL-03646,2024-09-11,development,true
DEAL-03647,2024-04-08,development,true
DEAL-03648,2025-09-29,future_holdout,true
DEAL-03649,2024-11-17,development,true
DEAL-03650,2024-11-11,development,true
DEAL-03651,2024-12-05,development,true
DEAL-03652,2025-06-26,validation,true
DEAL-03653,2024-12-05,development,true
DEAL-03654,2024-09-16,development,true
DEAL-03655,2024-08-26,development,true
DEAL-03656,2025-12-04,future_holdout,true
DEAL-03657,2024-04-22,development,true
DEAL-03658,2024-03-06,development,true
DEAL-03659,2025-09-09,future_holdout,true
DEAL-03660,2025-07-21,future_holdout,true
DEAL-03661,2024-09-25,development,true
DEAL-03662,2024-03-11,development,true
DEAL-03663,2024-09-08,development,true
DEAL-03664,2025-11-07,future_holdout,true
DEAL-03665,2025-02-13,validation,true
DEAL-03666,2024-07-29,development,true
DEAL-03667,2025-10-21,future_holdout,true
DEAL-03668,2025-05-29,validation,true
DEAL-03669,2025-07-05,future_holdout,true
DEAL-03670,2025-12-27,future_holdout,true
DEAL-03671,2024-11-07,development,true
DEAL-03672,2025-07-05,future_holdout,true
DEAL-03673,2025-06-24,validation,true
DEAL-03674,2024-02-27,development,true
DEAL-03675,2025-10-10,future_holdout,true
DEAL-03676,2025-08-28,future_holdout,true
DEAL-03677,2025-11-12,future_holdout,true
DEAL-03678,2024-09-19,development,true
DEAL-03679,2024-03-21,development,true
DEAL-03680,2024-03-21,development,true
DEAL-03681,2025-09-28,future_holdout,true
DEAL-03682,2024-03-22,development,true
DEAL-03683,2025-01-02,validation,true
DEAL-03684,2025-06-12,validation,true
DEAL-03685,2024-09-28,development,true
DEAL-03686,2024-11-12,development,true
DEAL-03687,2024-12-08,development,true
DEAL-03688,2024-05-11,development,true
DEAL-03689,2024-01-31,development,true
DEAL-03690,2025-05-18,validation,true
DEAL-03691,2024-11-18,development,true
DEAL-03692,2024-01-24,development,true
DEAL-03693,2024-12-11,development,true
DEAL-03694,2025-12-03,future_holdout,true
DEAL-03695,2024-01-02,development,true
DEAL-03696,2024-03-26,development,true
DEAL-03697,2025-09-24,future_holdout,true
DEAL-03698,2024-08-25,development,true
DEAL-03699,2024-05-05,development,true
DEAL-03700,2024-07-09,development,true
DEAL-03701,2024-01-21,development,true
DEAL-03702,2024-10-05,development,true
DEAL-03703,2025-10-20,future_holdout,true
DEAL-03704,2024-04-22,development,true
DEAL-03705,2024-08-06,development,true
DEAL-03706,2024-01-22,development,true
DEAL-03707,2025-04-28,validation,true
DEAL-03708,2024-09-21,development,true
DEAL-03709,2025-07-09,future_holdout,true
DEAL-03710,2025-02-24,validation,true
DEAL-03711,2025-07-02,future_holdout,true
DEAL-03712,2025-02-28,validation,true
DEAL-03713,2025-10-03,future_holdout,true
DEAL-03714,2024-12-26,development,true
DEAL-03715,2024-05-16,development,true
DEAL-03716,2025-05-22,validation,true
DEAL-03717,2025-03-08,validation,true
DEAL-03718,2024-12-22,development,true
DEAL-03719,2024-02-03,development,true
DEAL-03720,2025-03-14,validation,true
DEAL-03721,2024-09-07,development,true
DEAL-03722,2025-01-08,validation,true
DEAL-03723,2024-02-10,development,true
DEAL-03724,2024-06-19,development,true
DEAL-03725,2024-06-06,development,true
DEAL-03726,2024-08-29,development,true
DEAL-03727,2024-03-14,development,true
DEAL-03728,2024-01-27,development,true
DEAL-03729,2024-01-13,development,true
DEAL-03730,2024-10-06,development,true
DEAL-03731,2025-01-12,validation,true
DEAL-03732,2025-05-04,validation,true
DEAL-03733,2025-12-31,future_holdout,true
DEAL-03734,2024-05-11,development,true
DEAL-03735,2025-01-13,validation,true
DEAL-03736,2025-12-18,future_holdout,true
DEAL-03737,2024-03-18,development,true
DEAL-03738,2024-05-24,development,true
DEAL-03739,2024-10-27,development,true
DEAL-03740,2025-09-02,future_holdout,true
DEAL-03741,2025-07-06,future_holdout,true
DEAL-03742,2025-07-13,future_holdout,true
DEAL-03743,2024-07-14,development,true
DEAL-03744,2025-09-05,future_holdout,true
DEAL-03745,2024-08-11,development,true
DEAL-03746,2025-03-22,validation,true
DEAL-03747,2025-09-19,future_holdout,true
DEAL-03748,2025-07-25,future_holdout,true
DEAL-03749,2025-08-01,future_holdout,true
DEAL-03750,2025-04-29,validation,true
DEAL-03751,2024-03-15,development,true
DEAL-03752,2025-08-01,future_holdout,true
DEAL-03753,2024-10-24,development,true
DEAL-03754,2024-02-21,development,true
DEAL-03755,2024-09-03,development,true
DEAL-03756,2024-11-30,development,true
DEAL-03757,2024-10-31,development,true
DEAL-03758,2025-03-24,validation,true
DEAL-03759,2024-12-18,development,true
DEAL-03760,2024-04-01,development,true
DEAL-03761,2024-12-15,development,true
DEAL-03762,2025-09-05,future_holdout,true
DEAL-03763,2025-07-23,future_holdout,true
DEAL-03764,2024-09-09,development,true
DEAL-03765,2025-01-16,validation,true
DEAL-03766,2024-01-27,development,true
DEAL-03767,2025-10-17,future_holdout,true
DEAL-03768,2024-02-14,development,true
DEAL-03769,2025-11-17,future_holdout,true
DEAL-03770,2024-03-06,development,true
DEAL-03771,2024-09-27,development,true
DEAL-03772,2025-06-07,validation,true
DEAL-03773,2024-10-22,development,true
DEAL-03774,2024-07-27,development,true
DEAL-03775,2024-11-26,development,true
DEAL-03776,2025-06-10,validation,true
DEAL-03777,2024-10-05,development,true
DEAL-03778,2024-06-05,development,true
DEAL-03779,2024-04-20,development,true
DEAL-03780,2024-03-29,development,true
DEAL-03781,2024-11-16,development,true
DEAL-03782,2025-03-07,validation,true
DEAL-03783,2024-01-11,development,true
DEAL-03784,2025-07-14,future_holdout,true
DEAL-03785,2024-03-19,development,true
DEAL-03786,2025-04-09,validation,true
DEAL-03787,2025-03-18,validation,true
DEAL-03788,2024-02-28,development,true
DEAL-03789,2024-10-19,development,true
DEAL-03790,2025-03-12,validation,true
DEAL-03791,2025-05-10,validation,true
DEAL-03792,2024-12-08,development,true
DEAL-03793,2025-06-24,validation,true
DEAL-03794,2024-12-16,development,true
DEAL-03795,2025-10-23,future_holdout,true
DEAL-03796,2024-11-30,development,true
DEAL-03797,2024-02-07,development,true
DEAL-03798,2025-01-07,validation,true
DEAL-03799,2024-12-27,development,true
DEAL-03800,2024-07-08,development,true
DEAL-03801,2024-01-05,development,true
DEAL-03802,2025-09-12,future_holdout,true
DEAL-03803,2024-03-09,development,true
DEAL-03804,2024-10-07,development,true
DEAL-03805,2024-12-22,development,true
DEAL-03806,2025-10-01,future_holdout,true
DEAL-03807,2024-10-06,development,true
DEAL-03808,2025-06-09,validation,true
DEAL-03809,2025-08-10,future_holdout,true
DEAL-03810,2025-01-06,validation,true
DEAL-03811,2024-06-26,development,true
DEAL-03812,2025-10-11,future_holdout,true
DEAL-03813,2024-02-23,development,true
DEAL-03814,2024-10-15,development,true
DEAL-03815,2025-10-03,future_holdout,true
DEAL-03816,2025-02-19,validation,true
DEAL-03817,2024-04-23,development,true
DEAL-03818,2024-09-08,development,true
DEAL-03819,2024-03-24,development,true
DEAL-03820,2025-04-06,validation,true
DEAL-03821,2025-04-02,validation,true
DEAL-03822,2024-10-14,development,true
DEAL-03823,2024-06-28,development,true
DEAL-03824,2024-12-02,development,true
DEAL-03825,2024-09-15,development,true
DEAL-03826,2024-05-08,development,true
DEAL-03827,2025-09-30,future_holdout,true
DEAL-03828,2025-06-06,validation,true
DEAL-03829,2025-04-15,validation,true
DEAL-03830,2025-01-03,validation,true
DEAL-03831,2025-05-26,validation,true
DEAL-03832,2024-04-01,development,true
DEAL-03833,2025-01-14,validation,true
DEAL-03834,2025-10-04,future_holdout,true
DEAL-03835,2025-04-12,validation,true
DEAL-03836,2025-06-02,validation,true
DEAL-03837,2025-10-17,future_holdout,true
DEAL-03838,2025-05-10,validation,true
DEAL-03839,2024-06-18,development,true
DEAL-03840,2024-12-23,development,true
DEAL-03841,2025-01-28,validation,true
DEAL-03842,2024-05-21,development,true
DEAL-03843,2025-02-20,validation,true
DEAL-03844,2024-12-07,development,true
DEAL-03845,2024-08-16,development,true
DEAL-03846,2025-03-31,validation,true
DEAL-03847,2025-07-23,future_holdout,true
DEAL-03848,2024-12-13,development,true
DEAL-03849,2025-05-20,validation,true
DEAL-03850,2025-06-28,validation,true
DEAL-03851,2024-07-29,development,true
DEAL-03852,2024-10-27,development,true
DEAL-03853,2025-11-05,future_holdout,true
DEAL-03854,2025-07-13,future_holdout,true
DEAL-03855,2024-05-14,development,true
DEAL-03856,2025-08-10,future_holdout,true
DEAL-03857,2024-06-18,development,true
DEAL-03858,2024-08-29,development,true
DEAL-03859,2024-11-18,development,true
DEAL-03860,2024-10-03,development,true
DEAL-03861,2025-07-06,future_holdout,true
DEAL-03862,2025-03-28,validation,true
DEAL-03863,2024-12-05,development,true
DEAL-03864,2025-02-05,validation,true
DEAL-03865,2025-11-10,future_holdout,true
DEAL-03866,2024-11-23,development,true
DEAL-03867,2025-07-10,future_holdout,true
DEAL-03868,2024-01-14,development,true
DEAL-03869,2024-01-22,development,true
DEAL-03870,2024-08-12,development,true
DEAL-03871,2025-10-09,future_holdout,true
DEAL-03872,2024-05-11,development,true
DEAL-03873,2025-07-17,future_holdout,true
DEAL-03874,2025-02-11,validation,true
DEAL-03875,2024-11-29,development,true
DEAL-03876,2025-02-21,validation,true
DEAL-03877,2025-06-20,validation,true
DEAL-03878,2024-08-27,development,true
DEAL-03879,2024-12-10,development,true
DEAL-03880,2025-02-22,validation,true
DEAL-03881,2025-07-16,future_holdout,true
DEAL-03882,2024-02-04,development,true
DEAL-03883,2024-04-12,development,true
DEAL-03884,2024-03-17,development,true
DEAL-03885,2024-10-31,development,true
DEAL-03886,2025-08-31,future_holdout,true
DEAL-03887,2024-10-17,development,true
DEAL-03888,2024-05-28,development,true
DEAL-03889,2024-10-19,development,true
DEAL-03890,2024-09-16,development,true
DEAL-03891,2024-11-29,development,true
DEAL-03892,2024-06-04,development,true
DEAL-03893,2025-01-12,validation,true
DEAL-03894,2025-10-03,future_holdout,true
DEAL-03895,2024-04-23,development,true
DEAL-03896,2025-11-06,future_holdout,true
DEAL-03897,2024-05-10,development,true
DEAL-03898,2024-02-04,development,true
DEAL-03899,2024-07-29,development,true
DEAL-03900,2024-08-06,development,true
DEAL-03901,2024-06-02,development,true
DEAL-03902,2024-12-04,development,true
DEAL-03903,2025-11-21,future_holdout,true
DEAL-03904,2025-02-14,validation,true
DEAL-03905,2024-12-27,development,true
DEAL-03906,2024-06-24,development,true
DEAL-03907,2024-11-05,development,true
DEAL-03908,2024-12-28,development,true
DEAL-03909,2024-12-07,development,true
DEAL-03910,2024-07-03,development,true
DEAL-03911,2024-05-07,development,true
DEAL-03912,2024-12-25,development,true
DEAL-03913,2024-12-14,development,true
DEAL-03914,2024-02-16,development,true
DEAL-03915,2024-11-26,development,true
DEAL-03916,2025-12-04,future_holdout,true
DEAL-03917,2025-06-05,validation,true
DEAL-03918,2025-02-28,validation,true
DEAL-03919,2024-12-17,development,true
DEAL-03920,2025-05-19,validation,true
DEAL-03921,2024-08-24,development,true
DEAL-03922,2024-02-03,development,true
DEAL-03923,2024-01-26,development,true
DEAL-03924,2025-07-21,future_holdout,true
DEAL-03925,2024-07-31,development,true
DEAL-03926,2025-05-17,validation,true
DEAL-03927,2024-07-25,development,true
DEAL-03928,2024-11-05,development,true
DEAL-03929,2025-12-24,future_holdout,true
DEAL-03930,2024-02-09,development,true
DEAL-03931,2024-06-08,development,true
DEAL-03932,2024-06-27,development,true
DEAL-03933,2024-03-31,development,true
DEAL-03934,2024-10-20,development,true
DEAL-03935,2025-07-03,future_holdout,true
DEAL-03936,2025-08-06,future_holdout,true
DEAL-03937,2024-02-15,development,true
DEAL-03938,2025-04-19,validation,true
DEAL-03939,2025-08-30,future_holdout,true
DEAL-03940,2024-09-21,development,true
DEAL-03941,2024-02-24,development,true
DEAL-03942,2024-08-15,development,true
DEAL-03943,2025-07-26,future_holdout,true
DEAL-03944,2025-12-10,future_holdout,true
DEAL-03945,2024-10-09,development,true
DEAL-03946,2024-05-27,development,true
DEAL-03947,2024-06-07,development,true
DEAL-03948,2025-12-08,future_holdout,true
DEAL-03949,2024-10-31,development,true
DEAL-03950,2025-02-25,validation,true
DEAL-03951,2025-11-06,future_holdout,true
DEAL-03952,2025-06-07,validation,true
DEAL-03953,2025-03-13,validation,true
DEAL-03954,2024-02-17,development,true
DEAL-03955,2025-07-20,future_holdout,true
DEAL-03956,2024-05-05,development,true
DEAL-03957,2025-04-14,validation,true
DEAL-03958,2025-07-01,future_holdout,true
DEAL-03959,2024-04-05,development,true
DEAL-03960,2025-02-03,validation,true
DEAL-03961,2025-07-29,future_holdout,true
DEAL-03962,2025-01-02,validation,true
DEAL-03963,2025-02-13,validation,true
DEAL-03964,2025-12-10,future_holdout,true
DEAL-03965,2024-05-09,development,true
DEAL-03966,2025-11-21,future_holdout,true
DEAL-03967,2025-07-04,future_holdout,true
DEAL-03968,2024-04-21,development,true
DEAL-03969,2025-08-04,future_holdout,true
DEAL-03970,2024-09-16,development,true
DEAL-03971,2024-04-08,development,true
DEAL-03972,2025-04-29,validation,true
DEAL-03973,2025-09-24,future_holdout,true
DEAL-03974,2025-10-06,future_holdout,true
DEAL-03975,2024-08-06,development,true
DEAL-03976,2024-10-24,development,true
DEAL-03977,2025-02-10,validation,true
DEAL-03978,2024-01-01,development,true
DEAL-03979,2025-08-17,future_holdout,true
DEAL-03980,2024-06-23,development,true
DEAL-03981,2025-08-12,future_holdout,true
DEAL-03982,2025-05-28,validation,true
DEAL-03983,2025-05-26,validation,true
DEAL-03984,2024-03-10,development,true
DEAL-03985,2025-06-10,validation,true
DEAL-03986,2025-12-27,future_holdout,true
DEAL-03987,2025-08-04,future_holdout,true
DEAL-03988,2024-04-27,development,true
DEAL-03989,2025-03-16,validation,true
DEAL-03990,2025-01-26,validation,true
DEAL-03991,2025-02-07,validation,true
DEAL-03992,2025-05-20,validation,true
DEAL-03993,2025-03-12,validation,true
DEAL-03994,2025-03-11,validation,true
DEAL-03995,2025-05-31,validation,true
DEAL-03996,2024-03-16,development,true
DEAL-03997,2024-03-09,development,true
DEAL-03998,2024-05-19,development,true
DEAL-03999,2025-06-16,validation,true
DEAL-04000,2025-07-11,future_holdout,true
DEAL-04001,2024-01-20,development,true
DEAL-04002,2025-11-05,future_holdout,true
DEAL-04003,2024-08-30,development,true
DEAL-04004,2025-06-04,validation,true
DEAL-04005,2025-01-07,validation,true
DEAL-04006,2024-08-11,development,true
DEAL-04007,2025-03-31,validation,true
DEAL-04008,2024-04-07,development,true
DEAL-04009,2024-01-28,development,true
DEAL-04010,2025-06-11,validation,true
DEAL-04011,2024-09-27,development,true
DEAL-04012,2024-12-25,development,true
DEAL-04013,2025-06-07,validation,true
DEAL-04014,2025-11-22,future_holdout,true
DEAL-04015,2024-08-01,development,true
DEAL-04016,2024-05-17,development,true
DEAL-04017,2025-04-17,validation,true
DEAL-04018,2024-08-30,development,true
DEAL-04019,2025-08-15,future_holdout,true
DEAL-04020,2025-05-10,validation,true
DEAL-04021,2024-01-19,development,true
DEAL-04022,2024-01-22,development,true
DEAL-04023,2024-01-20,development,true
DEAL-04024,2024-04-05,development,true
DEAL-04025,2024-09-26,development,true
DEAL-04026,2025-03-31,validation,true
DEAL-04027,2025-01-14,validation,true
DEAL-04028,2025-12-23,future_holdout,true
DEAL-04029,2025-05-25,validation,true
DEAL-04030,2025-11-20,future_holdout,true
DEAL-04031,2025-07-24,future_holdout,true
DEAL-04032,2024-12-16,development,true
DEAL-04033,2024-09-27,development,true
DEAL-04034,2025-09-16,future_holdout,true
DEAL-04035,2025-04-14,validation,true
DEAL-04036,2024-06-25,development,true
DEAL-04037,2025-09-14,future_holdout,true
DEAL-04038,2025-09-13,future_holdout,true
DEAL-04039,2025-04-25,validation,true
DEAL-04040,2024-12-04,development,true
DEAL-04041,2025-12-23,future_holdout,true
DEAL-04042,2024-05-16,development,true
DEAL-04043,2024-01-07,development,true
DEAL-04044,2025-05-03,validation,true
DEAL-04045,2024-03-22,development,true
DEAL-04046,2024-08-12,development,true
DEAL-04047,2025-05-07,validation,true
DEAL-04048,2025-05-12,validation,true
DEAL-04049,2025-08-08,future_holdout,true
DEAL-04050,2025-03-27,validation,true
DEAL-04051,2025-02-07,validation,true
DEAL-04052,2024-06-24,development,true
DEAL-04053,2024-03-24,development,true
DEAL-04054,2025-12-02,future_holdout,true
DEAL-04055,2024-12-15,development,true
DEAL-04056,2024-03-23,development,true
DEAL-04057,2025-05-11,validation,true
DEAL-04058,2025-01-05,validation,true
DEAL-04059,2024-04-19,development,true
DEAL-04060,2025-12-09,future_holdout,true
DEAL-04061,2025-02-07,validation,true
DEAL-04062,2025-05-10,validation,true
DEAL-04063,2025-05-16,validation,true
DEAL-04064,2025-02-13,validation,true
DEAL-04065,2024-01-03,development,true
DEAL-04066,2025-10-02,future_holdout,true
DEAL-04067,2025-06-13,validation,true
DEAL-04068,2024-01-01,development,true
DEAL-04069,2025-11-28,future_holdout,true
DEAL-04070,2024-08-22,development,true
DEAL-04071,2025-01-17,validation,true
DEAL-04072,2025-02-10,validation,true
DEAL-04073,2024-03-13,development,true
DEAL-04074,2024-10-20,development,true
DEAL-04075,2024-03-11,development,true
DEAL-04076,2025-12-23,future_holdout,true
DEAL-04077,2025-08-03,future_holdout,true
DEAL-04078,2025-09-21,future_holdout,true
DEAL-04079,2025-05-25,validation,true
DEAL-04080,2025-01-29,validation,true
DEAL-04081,2024-06-09,development,true
DEAL-04082,2025-04-03,validation,true
DEAL-04083,2025-02-04,validation,true
DEAL-04084,2025-08-20,future_holdout,true
DEAL-04085,2024-01-24,development,true
DEAL-04086,2025-01-06,validation,true
DEAL-04087,2024-06-21,development,true
DEAL-04088,2025-06-13,validation,true
DEAL-04089,2024-11-27,development,true
DEAL-04090,2025-11-11,future_holdout,true
DEAL-04091,2025-11-22,future_holdout,true
DEAL-04092,2024-08-04,development,true
DEAL-04093,2025-11-04,future_holdout,true
DEAL-04094,2024-12-30,development,true
DEAL-04095,2024-05-31,development,true
DEAL-04096,2025-01-21,validation,true
DEAL-04097,2024-03-01,development,true
DEAL-04098,2024-12-23,development,true
DEAL-04099,2025-06-21,validation,true
DEAL-04100,2024-08-25,development,true
DEAL-04101,2025-05-30,validation,true
DEAL-04102,2025-05-09,validation,true
DEAL-04103,2025-03-14,validation,true
DEAL-04104,2025-03-01,validation,true
DEAL-04105,2024-04-03,development,true
DEAL-04106,2025-04-09,validation,true
DEAL-04107,2024-05-06,development,true
DEAL-04108,2024-03-05,development,true
DEAL-04109,2025-07-09,future_holdout,true
DEAL-04110,2025-11-30,future_holdout,true
DEAL-04111,2025-06-22,validation,true
DEAL-04112,2024-08-07,development,true
DEAL-04113,2025-02-16,validation,true
DEAL-04114,2024-10-08,development,true
DEAL-04115,2025-11-20,future_holdout,true
DEAL-04116,2025-12-16,future_holdout,true
DEAL-04117,2025-01-22,validation,true
DEAL-04118,2024-08-08,development,true
DEAL-04119,2025-04-24,validation,true
DEAL-04120,2024-04-18,development,true
DEAL-04121,2024-02-15,development,true
DEAL-04122,2024-09-05,development,true
DEAL-04123,2025-02-12,validation,true
DEAL-04124,2024-07-20,development,true
DEAL-04125,2025-04-09,validation,true
DEAL-04126,2025-05-02,validation,true
DEAL-04127,2024-08-13,development,true
DEAL-04128,2024-01-10,development,true
DEAL-04129,2024-11-29,development,true
DEAL-04130,2024-11-04,development,true
DEAL-04131,2025-08-22,future_holdout,true
DEAL-04132,2024-05-03,development,true
DEAL-04133,2025-10-12,future_holdout,true
DEAL-04134,2025-11-16,future_holdout,true
DEAL-04135,2024-05-24,development,true
DEAL-04136,2025-04-12,validation,true
DEAL-04137,2025-05-11,validation,true
DEAL-04138,2025-12-30,future_holdout,true
DEAL-04139,2024-09-05,development,true
DEAL-04140,2025-06-18,validation,true
DEAL-04141,2024-09-15,development,true
DEAL-04142,2024-05-27,development,true
DEAL-04143,2024-04-30,development,true
DEAL-04144,2025-02-22,validation,true
DEAL-04145,2024-02-16,development,true
DEAL-04146,2025-01-14,validation,true
DEAL-04147,2024-03-26,development,true
DEAL-04148,2024-04-02,development,true
DEAL-04149,2025-07-25,future_holdout,true
DEAL-04150,2025-04-29,validation,true
DEAL-04151,2025-05-02,validation,true
DEAL-04152,2025-03-02,validation,true
DEAL-04153,2025-05-22,validation,true
DEAL-04154,2024-06-29,development,true
DEAL-04155,2024-07-20,development,true
DEAL-04156,2025-01-26,validation,true
DEAL-04157,2024-11-16,development,true
DEAL-04158,2024-01-30,development,true
DEAL-04159,2025-12-30,future_holdout,true
DEAL-04160,2025-01-12,validation,true
DEAL-04161,2025-02-06,validation,true
DEAL-04162,2024-06-12,development,true
DEAL-04163,2024-11-12,development,true
DEAL-04164,2025-06-01,validation,true
DEAL-04165,2025-04-17,validation,true
DEAL-04166,2024-09-10,development,true
DEAL-04167,2025-04-26,validation,true
DEAL-04168,2025-07-20,future_holdout,true
DEAL-04169,2025-11-08,future_holdout,true
DEAL-04170,2024-03-17,development,true
DEAL-04171,2025-10-24,future_holdout,true
DEAL-04172,2024-11-05,development,true
DEAL-04173,2025-06-24,validation,true
DEAL-04174,2025-12-15,future_holdout,true
DEAL-04175,2024-11-29,development,true
DEAL-04176,2024-03-07,development,true
DEAL-04177,2025-05-23,validation,true
DEAL-04178,2024-12-14,development,true
DEAL-04179,2024-08-05,development,true
DEAL-04180,2025-06-26,validation,true
DEAL-04181,2025-06-27,validation,true
DEAL-04182,2024-06-21,development,true
DEAL-04183,2024-02-22,development,true
DEAL-04184,2024-08-21,development,true
DEAL-04185,2024-08-30,development,true
DEAL-04186,2025-01-24,validation,true
DEAL-04187,2024-12-07,development,true
DEAL-04188,2024-11-16,development,true
DEAL-04189,2025-11-17,future_holdout,true
DEAL-04190,2024-04-07,development,true
DEAL-04191,2024-10-19,development,true
DEAL-04192,2025-01-04,validation,true
DEAL-04193,2025-05-12,validation,true
DEAL-04194,2024-02-18,development,true
DEAL-04195,2024-03-15,development,true
DEAL-04196,2025-06-21,validation,true
DEAL-04197,2025-09-23,future_holdout,true
DEAL-04198,2025-11-03,future_holdout,true
DEAL-04199,2025-10-26,future_holdout,true
DEAL-04200,2024-05-01,development,true
DEAL-04201,2024-11-06,development,true
DEAL-04202,2024-04-06,development,true
DEAL-04203,2025-11-22,future_holdout,true
DEAL-04204,2024-03-19,development,true
DEAL-04205,2025-07-09,future_holdout,true
DEAL-04206,2025-12-19,future_holdout,true
DEAL-04207,2024-08-15,development,true
DEAL-04208,2025-03-15,validation,true
DEAL-04209,2025-02-03,validation,true
DEAL-04210,2024-07-30,development,true
DEAL-04211,2024-06-19,development,true
DEAL-04212,2024-11-17,development,true
DEAL-04213,2025-11-22,future_holdout,true
DEAL-04214,2024-09-19,development,true
DEAL-04215,2025-08-10,future_holdout,true
DEAL-04216,2024-06-06,development,true
DEAL-04217,2024-06-02,development,true
DEAL-04218,2025-12-01,future_holdout,true
DEAL-04219,2024-01-31,development,true
DEAL-04220,2025-03-14,validation,true
DEAL-04221,2024-07-05,development,true
DEAL-04222,2024-08-06,development,true
DEAL-04223,2025-04-30,validation,true
DEAL-04224,2024-11-27,development,true
DEAL-04225,2024-11-07,development,true
DEAL-04226,2024-08-10,development,true
DEAL-04227,2025-04-30,validation,true
DEAL-04228,2024-12-23,development,true
DEAL-04229,2024-12-15,development,true
DEAL-04230,2025-04-25,validation,true
DEAL-04231,2025-03-21,validation,true
DEAL-04232,2025-08-11,future_holdout,true
DEAL-04233,2024-10-15,development,true
DEAL-04234,2025-12-28,future_holdout,true
DEAL-04235,2024-02-06,development,true
DEAL-04236,2024-05-06,development,true
DEAL-04237,2024-06-04,development,true
DEAL-04238,2024-09-15,development,true
DEAL-04239,2025-03-19,validation,true
DEAL-04240,2025-09-16,future_holdout,true
DEAL-04241,2025-01-12,validation,true
DEAL-04242,2025-12-20,future_holdout,true
DEAL-04243,2025-10-05,future_holdout,true
DEAL-04244,2025-05-02,validation,true
DEAL-04245,2024-09-15,development,true
DEAL-04246,2025-01-27,validation,true
DEAL-04247,2025-12-02,future_holdout,true
DEAL-04248,2025-12-03,future_holdout,true
DEAL-04249,2025-11-17,future_holdout,true
DEAL-04250,2024-07-04,development,true
DEAL-04251,2025-12-28,future_holdout,true
DEAL-04252,2025-05-30,validation,true
DEAL-04253,2025-11-02,future_holdout,true
DEAL-04254,2024-07-31,development,true
DEAL-04255,2024-02-14,development,true
DEAL-04256,2025-10-26,future_holdout,true
DEAL-04257,2025-03-22,validation,true
DEAL-04258,2025-12-23,future_holdout,true
DEAL-04259,2024-06-18,development,true
DEAL-04260,2024-11-08,development,true
DEAL-04261,2024-12-16,development,true
DEAL-04262,2025-06-05,validation,true
DEAL-04263,2024-02-05,development,true
DEAL-04264,2025-09-09,future_holdout,true
DEAL-04265,2025-08-24,future_holdout,true
DEAL-04266,2025-08-29,future_holdout,true
DEAL-04267,2025-07-23,future_holdout,true
DEAL-04268,2024-04-27,development,true
DEAL-04269,2025-08-24,future_holdout,true
DEAL-04270,2025-07-30,future_holdout,true
DEAL-04271,2025-12-01,future_holdout,true
DEAL-04272,2025-11-22,future_holdout,true
DEAL-04273,2024-08-12,development,true
DEAL-04274,2024-05-18,development,true
DEAL-04275,2024-07-04,development,true
DEAL-04276,2025-05-24,validation,true
DEAL-04277,2024-07-23,development,true
DEAL-04278,2025-07-09,future_holdout,true
DEAL-04279,2024-12-10,development,true
DEAL-04280,2024-03-11,development,true
DEAL-04281,2025-07-11,future_holdout,true
DEAL-04282,2024-08-17,development,true
DEAL-04283,2024-03-31,development,true
DEAL-04284,2025-09-12,future_holdout,true
DEAL-04285,2024-10-02,development,true
DEAL-04286,2025-06-14,validation,true
DEAL-04287,2025-04-10,validation,true
DEAL-04288,2024-01-28,development,true
DEAL-04289,2024-07-28,development,true
DEAL-04290,2025-03-07,validation,true
DEAL-04291,2025-07-17,future_holdout,true
DEAL-04292,2025-01-09,validation,true
DEAL-04293,2024-12-07,development,true
DEAL-04294,2025-06-18,validation,true
DEAL-04295,2025-10-05,future_holdout,true
DEAL-04296,2025-06-12,validation,true
DEAL-04297,2024-02-07,development,true
DEAL-04298,2024-10-06,development,true
DEAL-04299,2024-12-04,development,true
DEAL-04300,2024-01-02,development,true
DEAL-04301,2025-03-19,validation,true
DEAL-04302,2025-11-05,future_holdout,true
DEAL-04303,2024-06-29,development,true
DEAL-04304,2025-01-12,validation,true
DEAL-04305,2024-05-04,development,true
DEAL-04306,2025-05-20,validation,true
DEAL-04307,2024-06-03,development,true
DEAL-04308,2025-12-15,future_holdout,true
DEAL-04309,2025-09-18,future_holdout,true
DEAL-04310,2025-09-13,future_holdout,true
DEAL-04311,2024-07-23,development,true
DEAL-04312,2024-01-11,development,true
DEAL-04313,2025-02-11,validation,true
DEAL-04314,2025-02-07,validation,true
DEAL-04315,2024-08-27,development,true
DEAL-04316,2025-12-01,future_holdout,true
DEAL-04317,2025-02-08,validation,true
DEAL-04318,2025-01-25,validation,true
DEAL-04319,2024-04-07,development,true
DEAL-04320,2024-02-12,development,true
DEAL-04321,2025-10-24,future_holdout,true
DEAL-04322,2024-06-30,development,true
DEAL-04323,2024-02-28,development,true
DEAL-04324,2025-01-20,validation,true
DEAL-04325,2024-03-07,development,true
DEAL-04326,2025-11-17,future_holdout,true
DEAL-04327,2024-05-30,development,true
DEAL-04328,2025-03-04,validation,true
DEAL-04329,2025-11-11,future_holdout,true
DEAL-04330,2024-09-06,development,true
DEAL-04331,2025-01-29,validation,true
DEAL-04332,2025-02-11,validation,true
DEAL-04333,2025-08-02,future_holdout,true
DEAL-04334,2025-08-29,future_holdout,true
DEAL-04335,2025-03-14,validation,true
DEAL-04336,2025-02-12,validation,true
DEAL-04337,2025-06-22,validation,true
DEAL-04338,2024-10-27,development,true
DEAL-04339,2025-01-05,validation,true
DEAL-04340,2025-01-15,validation,true
DEAL-04341,2025-10-09,future_holdout,true
DEAL-04342,2025-05-03,validation,true
DEAL-04343,2024-01-25,development,true
DEAL-04344,2024-09-27,development,true
DEAL-04345,2025-05-26,validation,true
DEAL-04346,2024-01-01,development,true
DEAL-04347,2024-03-18,development,true
DEAL-04348,2024-08-26,development,true
DEAL-04349,2024-05-01,development,true
DEAL-04350,2025-05-12,validation,true
DEAL-04351,2025-10-09,future_holdout,true
DEAL-04352,2025-03-29,validation,true
DEAL-04353,2024-08-01,development,true
DEAL-04354,2024-11-18,development,true
DEAL-04355,2024-04-03,development,true
DEAL-04356,2025-02-03,validation,true
DEAL-04357,2024-11-19,development,true
DEAL-04358,2025-10-05,future_holdout,true
DEAL-04359,2024-07-06,development,true
DEAL-04360,2024-10-21,development,true
DEAL-04361,2025-03-27,validation,true
DEAL-04362,2024-01-04,development,true
DEAL-04363,2025-05-30,validation,true
DEAL-04364,2024-07-04,development,true
DEAL-04365,2025-02-17,validation,true
DEAL-04366,2024-09-23,development,true
DEAL-04367,2025-08-27,future_holdout,true
DEAL-04368,2024-12-19,development,true
DEAL-04369,2025-12-29,future_holdout,true
DEAL-04370,2024-02-15,development,true
DEAL-04371,2024-06-17,development,true
DEAL-04372,2024-12-22,development,true
DEAL-04373,2025-09-26,future_holdout,true
DEAL-04374,2025-05-26,validation,true
DEAL-04375,2025-05-30,validation,true
DEAL-04376,2024-08-24,development,true
DEAL-04377,2024-07-17,development,true
DEAL-04378,2025-01-18,validation,true
DEAL-04379,2025-08-22,future_holdout,true
DEAL-04380,2025-09-23,future_holdout,true
DEAL-04381,2025-06-07,validation,true
DEAL-04382,2025-11-03,future_holdout,true
DEAL-04383,2024-10-07,development,true
DEAL-04384,2024-10-21,development,true
DEAL-04385,2024-06-02,development,true
DEAL-04386,2025-01-18,validation,true
DEAL-04387,2024-08-06,development,true
DEAL-04388,2024-11-13,development,true
DEAL-04389,2024-03-29,development,true
DEAL-04390,2025-06-15,validation,true
DEAL-04391,2025-10-02,future_holdout,true
DEAL-04392,2024-05-02,development,true
DEAL-04393,2024-07-26,development,true
DEAL-04394,2024-10-28,development,true
DEAL-04395,2025-11-10,future_holdout,true
DEAL-04396,2024-03-26,development,true
DEAL-04397,2024-10-17,development,true
DEAL-04398,2025-05-08,validation,true
DEAL-04399,2024-05-19,development,true
DEAL-04400,2024-02-25,development,true
DEAL-04401,2024-10-10,development,true
DEAL-04402,2025-03-15,validation,true
DEAL-04403,2025-10-28,future_holdout,true
DEAL-04404,2024-07-08,development,true
DEAL-04405,2024-10-26,development,true
DEAL-04406,2025-04-11,validation,true
DEAL-04407,2024-03-22,development,true
DEAL-04408,2025-08-14,future_holdout,true
DEAL-04409,2025-12-25,future_holdout,true
DEAL-04410,2024-01-15,development,true
DEAL-04411,2024-07-19,development,true
DEAL-04412,2025-11-13,future_holdout,true
DEAL-04413,2025-08-05,future_holdout,true
DEAL-04414,2025-12-17,future_holdout,true
DEAL-04415,2024-02-26,development,true
DEAL-04416,2024-05-20,development,true
DEAL-04417,2025-04-14,validation,true
DEAL-04418,2024-11-21,development,true
DEAL-04419,2024-08-27,development,true
DEAL-04420,2024-09-07,development,true
DEAL-04421,2024-12-03,development,true
DEAL-04422,2024-10-22,development,true
DEAL-04423,2025-12-20,future_holdout,true
DEAL-04424,2024-01-30,development,true
DEAL-04425,2025-03-27,validation,true
DEAL-04426,2024-02-24,development,true
DEAL-04427,2025-11-18,future_holdout,true
DEAL-04428,2025-01-08,validation,true
DEAL-04429,2024-07-05,development,true
DEAL-04430,2025-01-30,validation,true
DEAL-04431,2024-05-05,development,true
DEAL-04432,2025-05-18,validation,true
DEAL-04433,2025-09-22,future_holdout,true
DEAL-04434,2024-08-26,development,true
DEAL-04435,2025-11-03,future_holdout,true
DEAL-04436,2024-04-19,development,true
DEAL-04437,2025-03-23,validation,true
DEAL-04438,2024-10-08,development,true
DEAL-04439,2025-12-06,future_holdout,true
DEAL-04440,2024-06-07,development,true
DEAL-04441,2025-09-16,future_holdout,true
DEAL-04442,2024-10-19,development,true
DEAL-04443,2025-10-21,future_holdout,true
DEAL-04444,2024-07-02,development,true
DEAL-04445,2024-02-16,development,true
DEAL-04446,2024-10-06,development,true
DEAL-04447,2024-02-26,development,true
DEAL-04448,2024-09-14,development,true
DEAL-04449,2025-07-31,future_holdout,true
DEAL-04450,2024-02-16,development,true
DEAL-04451,2025-02-12,validation,true
DEAL-04452,2024-09-07,development,true
DEAL-04453,2024-07-02,development,true
DEAL-04454,2025-12-22,future_holdout,true
DEAL-04455,2025-01-03,validation,true
DEAL-04456,2025-11-07,future_holdout,true
DEAL-04457,2024-03-18,development,true
DEAL-04458,2024-03-09,development,true
DEAL-04459,2025-07-11,future_holdout,true
DEAL-04460,2025-02-22,validation,true
DEAL-04461,2024-08-05,development,true
DEAL-04462,2024-09-25,development,true
DEAL-04463,2025-01-25,validation,true
DEAL-04464,2025-02-04,validation,true
DEAL-04465,2024-02-27,development,true
DEAL-04466,2025-02-02,validation,true
DEAL-04467,2025-10-13,future_holdout,true
DEAL-04468,2025-11-15,future_holdout,true
DEAL-04469,2024-08-08,development,true
DEAL-04470,2024-07-03,development,true
DEAL-04471,2024-09-25,development,true
DEAL-04472,2025-06-20,validation,true
DEAL-04473,2025-07-19,future_holdout,true
DEAL-04474,2024-04-03,development,true
DEAL-04475,2025-07-22,future_holdout,true
DEAL-04476,2024-03-11,development,true
DEAL-04477,2025-01-24,validation,true
DEAL-04478,2025-05-18,validation,true
DEAL-04479,2024-03-17,development,true
DEAL-04480,2025-06-21,validation,true
DEAL-04481,2025-02-21,validation,true
DEAL-04482,2025-11-27,future_holdout,true
DEAL-04483,2024-06-07,development,true
DEAL-04484,2024-09-29,development,true
DEAL-04485,2025-06-03,validation,true
DEAL-04486,2024-04-23,development,true
DEAL-04487,2024-04-30,development,true
DEAL-04488,2025-12-19,future_holdout,true
DEAL-04489,2025-06-24,validation,true
DEAL-04490,2024-10-29,development,true
DEAL-04491,2025-02-08,validation,true
DEAL-04492,2025-11-17,future_holdout,true
DEAL-04493,2025-09-25,future_holdout,true
DEAL-04494,2024-08-13,development,true
DEAL-04495,2025-05-25,validation,true
DEAL-04496,2025-12-15,future_holdout,true
DEAL-04497,2024-01-31,development,true
DEAL-04498,2024-05-29,development,true
DEAL-04499,2024-01-30,development,true
DEAL-04500,2025-06-16,validation,true
DEAL-04501,2024-11-17,development,true
DEAL-04502,2025-03-17,validation,true
DEAL-04503,2024-03-05,development,true
DEAL-04504,2024-11-23,development,true
DEAL-04505,2025-07-09,future_holdout,true
DEAL-04506,2024-06-23,development,true
DEAL-04507,2025-02-19,validation,true
DEAL-04508,2025-03-19,validation,true
DEAL-04509,2025-01-01,validation,true
DEAL-04510,2024-04-07,development,true
DEAL-04511,2024-06-12,development,true
DEAL-04512,2024-03-02,development,true
DEAL-04513,2024-09-18,development,true
DEAL-04514,2024-11-05,development,true
DEAL-04515,2024-04-01,development,true
DEAL-04516,2025-06-26,validation,true
DEAL-04517,2025-01-15,validation,true
DEAL-04518,2024-04-06,development,true
DEAL-04519,2025-04-22,validation,true
DEAL-04520,2025-11-10,future_holdout,true
DEAL-04521,2025-02-27,validation,true
DEAL-04522,2024-04-20,development,true
DEAL-04523,2025-08-14,future_holdout,true
DEAL-04524,2025-06-08,validation,true
DEAL-04525,2025-07-08,future_holdout,true
DEAL-04526,2024-06-04,development,true
DEAL-04527,2025-12-09,future_holdout,true
DEAL-04528,2025-12-27,future_holdout,true
DEAL-04529,2025-12-07,future_holdout,true
DEAL-04530,2024-12-24,development,true
DEAL-04531,2025-12-13,future_holdout,true
DEAL-04532,2025-04-30,validation,true
DEAL-04533,2024-02-29,development,true
DEAL-04534,2025-03-28,validation,true
DEAL-04535,2025-03-18,validation,true
DEAL-04536,2024-04-10,development,true
DEAL-04537,2024-12-04,development,true
DEAL-04538,2025-02-26,validation,true
DEAL-04539,2025-11-14,future_holdout,true
DEAL-04540,2024-03-26,development,true
DEAL-04541,2025-12-05,future_holdout,true
DEAL-04542,2024-05-01,development,true
DEAL-04543,2024-11-01,development,true
DEAL-04544,2024-06-08,development,true
DEAL-04545,2024-07-30,development,true
DEAL-04546,2024-11-13,development,true
DEAL-04547,2024-03-09,development,true
DEAL-04548,2024-07-26,development,true
DEAL-04549,2024-07-30,development,true
DEAL-04550,2025-03-05,validation,true
DEAL-04551,2024-10-29,development,true
DEAL-04552,2024-05-02,development,true
DEAL-04553,2024-07-25,development,true
DEAL-04554,2025-09-22,future_holdout,true
DEAL-04555,2024-04-04,development,true
DEAL-04556,2025-10-23,future_holdout,true
DEAL-04557,2025-01-14,validation,true
DEAL-04558,2024-07-29,development,true
DEAL-04559,2025-01-13,validation,true
DEAL-04560,2024-12-04,development,true
DEAL-04561,2024-05-25,development,true
DEAL-04562,2025-01-17,validation,true
DEAL-04563,2025-04-16,validation,true
DEAL-04564,2025-03-14,validation,true
DEAL-04565,2025-03-17,validation,true
DEAL-04566,2024-02-05,development,true
DEAL-04567,2025-08-29,future_holdout,true
DEAL-04568,2024-12-12,development,true
DEAL-04569,2025-01-23,validation,true
DEAL-04570,2024-01-16,development,true
DEAL-04571,2024-02-01,development,true
DEAL-04572,2024-06-13,development,true
DEAL-04573,2024-02-17,development,true
DEAL-04574,2025-08-11,future_holdout,true
DEAL-04575,2025-01-02,validation,true
DEAL-04576,2025-12-06,future_holdout,true
DEAL-04577,2025-02-12,validation,true
DEAL-04578,2025-07-13,future_holdout,true
DEAL-04579,2025-04-26,validation,true
DEAL-04580,2025-10-20,future_holdout,true
DEAL-04581,2024-01-12,development,true
DEAL-04582,2024-12-20,development,true
DEAL-04583,2025-07-01,future_holdout,true
DEAL-04584,2025-04-10,validation,true
DEAL-04585,2024-03-30,development,true
DEAL-04586,2024-02-12,development,true
DEAL-04587,2024-12-02,development,true
DEAL-04588,2024-06-26,development,true
DEAL-04589,2025-06-27,validation,true
DEAL-04590,2025-06-08,validation,true
DEAL-04591,2025-09-15,future_holdout,true
DEAL-04592,2024-08-12,development,true
DEAL-04593,2024-06-02,development,true
DEAL-04594,2024-10-27,development,true
DEAL-04595,2025-12-29,future_holdout,true
DEAL-04596,2024-09-15,development,true
DEAL-04597,2025-04-18,validation,true
DEAL-04598,2024-11-23,development,true
DEAL-04599,2024-01-19,development,true
DEAL-04600,2024-02-12,development,true
DEAL-04601,2025-12-03,future_holdout,true
DEAL-04602,2025-07-25,future_holdout,true
DEAL-04603,2025-06-05,validation,true
DEAL-04604,2024-02-05,development,true
DEAL-04605,2025-07-15,future_holdout,true
DEAL-04606,2024-10-12,development,true
DEAL-04607,2025-07-09,future_holdout,true
DEAL-04608,2024-04-21,development,true
DEAL-04609,2024-03-02,development,true
DEAL-04610,2025-05-19,validation,true
DEAL-04611,2024-11-03,development,true
DEAL-04612,2024-02-25,development,true
DEAL-04613,2025-06-01,validation,true
DEAL-04614,2024-03-07,development,true
DEAL-04615,2025-08-29,future_holdout,true
DEAL-04616,2024-09-12,development,true
DEAL-04617,2025-05-07,validation,true
DEAL-04618,2024-02-16,development,true
DEAL-04619,2025-05-17,validation,true
DEAL-04620,2025-03-23,validation,true
DEAL-04621,2025-01-20,validation,true
DEAL-04622,2024-04-23,development,true
DEAL-04623,2024-10-21,development,true
DEAL-04624,2024-06-08,development,true
DEAL-04625,2024-08-09,development,true
DEAL-04626,2024-11-24,development,true
DEAL-04627,2025-08-17,future_holdout,true
DEAL-04628,2024-02-09,development,true
DEAL-04629,2025-05-23,validation,true
DEAL-04630,2025-01-21,validation,true
DEAL-04631,2024-12-11,development,true
DEAL-04632,2025-11-07,future_holdout,true
DEAL-04633,2024-02-12,development,true
DEAL-04634,2024-08-24,development,true
DEAL-04635,2024-12-12,development,true
DEAL-04636,2024-08-24,development,true
DEAL-04637,2024-09-24,development,true
DEAL-04638,2024-04-24,development,true
DEAL-04639,2024-11-13,development,true
DEAL-04640,2025-01-02,validation,true
DEAL-04641,2024-06-30,development,true
DEAL-04642,2025-07-06,future_holdout,true
DEAL-04643,2025-10-21,future_holdout,true
DEAL-04644,2024-01-10,development,true
DEAL-04645,2025-12-29,future_holdout,true
DEAL-04646,2025-05-05,validation,true
DEAL-04647,2025-01-05,validation,true
DEAL-04648,2024-11-06,development,true
DEAL-04649,2024-02-28,development,true
DEAL-04650,2025-08-18,future_holdout,true
DEAL-04651,2024-03-18,development,true
DEAL-04652,2025-06-28,validation,true
DEAL-04653,2024-08-27,development,true
DEAL-04654,2024-04-26,development,true
DEAL-04655,2025-03-11,validation,true
DEAL-04656,2025-08-21,future_holdout,true
DEAL-04657,2024-02-20,development,true
DEAL-04658,2024-05-17,development,true
DEAL-04659,2025-01-14,validation,true
DEAL-04660,2024-09-21,development,true
DEAL-04661,2024-09-14,development,true
DEAL-04662,2024-06-06,development,true
DEAL-04663,2025-03-13,validation,true
DEAL-04664,2024-03-28,development,true
DEAL-04665,2024-06-23,development,true
DEAL-04666,2025-05-07,validation,true
DEAL-04667,2025-07-30,future_holdout,true
DEAL-04668,2025-06-26,validation,true
DEAL-04669,2025-08-08,future_holdout,true
DEAL-04670,2025-01-27,validation,true
DEAL-04671,2024-12-31,development,true
DEAL-04672,2025-07-10,future_holdout,true
DEAL-04673,2024-05-18,development,true
DEAL-04674,2024-03-09,development,true
DEAL-04675,2025-12-31,future_holdout,true
DEAL-04676,2024-02-15,development,true
DEAL-04677,2025-12-20,future_holdout,true
DEAL-04678,2024-07-21,development,true
DEAL-04679,2024-05-10,development,true
DEAL-04680,2024-02-19,development,true
DEAL-04681,2024-09-10,development,true
DEAL-04682,2025-03-01,validation,true
DEAL-04683,2024-11-22,development,true
DEAL-04684,2024-07-23,development,true
DEAL-04685,2024-07-31,development,true
DEAL-04686,2025-10-27,future_holdout,true
DEAL-04687,2024-12-21,development,true
DEAL-04688,2024-01-12,development,true
DEAL-04689,2024-07-01,development,true
DEAL-04690,2024-04-27,development,true
DEAL-04691,2025-04-06,validation,true
DEAL-04692,2025-07-28,future_holdout,true
DEAL-04693,2025-10-05,future_holdout,true
DEAL-04694,2024-09-19,development,true
DEAL-04695,2025-02-02,validation,true
DEAL-04696,2025-03-22,validation,true
DEAL-04697,2025-07-20,future_holdout,true
DEAL-04698,2024-05-11,development,true
DEAL-04699,2024-07-26,development,true
DEAL-04700,2025-05-03,validation,true
DEAL-04701,2025-01-13,validation,true
DEAL-04702,2024-11-06,development,true
DEAL-04703,2024-09-18,development,true
DEAL-04704,2025-09-17,future_holdout,true
DEAL-04705,2025-11-05,future_holdout,true
DEAL-04706,2024-10-08,development,true
DEAL-04707,2025-06-05,validation,true
DEAL-04708,2024-10-08,development,true
DEAL-04709,2025-04-16,validation,true
DEAL-04710,2025-06-11,validation,true
DEAL-04711,2024-09-14,development,true
DEAL-04712,2025-05-12,validation,true
DEAL-04713,2025-04-30,validation,true
DEAL-04714,2025-01-07,validation,true
DEAL-04715,2024-07-05,development,true
DEAL-04716,2025-08-08,future_holdout,true
DEAL-04717,2024-12-03,development,true
DEAL-04718,2025-11-25,future_holdout,true
DEAL-04719,2025-04-28,validation,true
DEAL-04720,2025-10-02,future_holdout,true
DEAL-04721,2024-10-13,development,true
DEAL-04722,2025-09-04,future_holdout,true
DEAL-04723,2024-08-14,development,true
DEAL-04724,2024-12-12,development,true
DEAL-04725,2025-02-01,validation,true
DEAL-04726,2024-05-10,development,true
DEAL-04727,2024-04-05,development,true
DEAL-04728,2024-09-30,development,true
DEAL-04729,2024-09-17,development,true
DEAL-04730,2024-06-12,development,true
DEAL-04731,2025-07-02,future_holdout,true
DEAL-04732,2024-03-24,development,true
DEAL-04733,2025-04-05,validation,true
DEAL-04734,2025-04-21,validation,true
DEAL-04735,2025-04-19,validation,true
DEAL-04736,2025-03-12,validation,true
DEAL-04737,2025-11-13,future_holdout,true
DEAL-04738,2024-05-24,development,true
DEAL-04739,2024-04-18,development,true
DEAL-04740,2025-09-21,future_holdout,true
DEAL-04741,2025-04-14,validation,true
DEAL-04742,2024-12-12,development,true
DEAL-04743,2024-01-12,development,true
DEAL-04744,2024-06-01,development,true
DEAL-04745,2024-03-23,development,true
DEAL-04746,2025-10-25,future_holdout,true
DEAL-04747,2025-09-02,future_holdout,true
DEAL-04748,2024-02-14,development,true
DEAL-04749,2025-02-14,validation,true
DEAL-04750,2024-09-30,development,true
DEAL-04751,2024-06-03,development,true
DEAL-04752,2025-06-21,validation,true
DEAL-04753,2024-11-07,development,true
DEAL-04754,2025-08-27,future_holdout,true
DEAL-04755,2024-04-04,development,true
DEAL-04756,2025-11-23,future_holdout,true
DEAL-04757,2024-11-17,development,true
DEAL-04758,2024-01-02,development,true
DEAL-04759,2024-06-27,development,true
DEAL-04760,2024-01-31,development,true
DEAL-04761,2024-10-02,development,true
DEAL-04762,2024-05-04,development,true
DEAL-04763,2025-11-14,future_holdout,true
DEAL-04764,2024-04-26,development,true
DEAL-04765,2025-12-15,future_holdout,true
DEAL-04766,2025-10-12,future_holdout,true
DEAL-04767,2025-10-08,future_holdout,true
DEAL-04768,2024-10-17,development,true
DEAL-04769,2024-10-09,development,true
DEAL-04770,2025-02-17,validation,true
DEAL-04771,2024-04-13,development,true
DEAL-04772,2024-09-15,development,true
DEAL-04773,2024-03-23,development,true
DEAL-04774,2024-05-19,development,true
DEAL-04775,2025-04-29,validation,true
DEAL-04776,2025-03-07,validation,true
DEAL-04777,2024-04-17,development,true
DEAL-04778,2025-08-11,future_holdout,true
DEAL-04779,2025-10-30,future_holdout,true
DEAL-04780,2024-06-24,development,true
DEAL-04781,2024-12-07,development,true
DEAL-04782,2024-03-16,development,true
DEAL-04783,2025-03-21,validation,true
DEAL-04784,2024-02-14,development,true
DEAL-04785,2024-01-29,development,true
DEAL-04786,2025-02-01,validation,true
DEAL-04787,2025-12-30,future_holdout,true
DEAL-04788,2025-11-09,future_holdout,true
DEAL-04789,2024-01-30,development,true
DEAL-04790,2025-10-28,future_holdout,true
DEAL-04791,2025-04-10,validation,true
DEAL-04792,2025-07-27,future_holdout,true
DEAL-04793,2025-11-04,future_holdout,true
DEAL-04794,2024-01-31,development,true
DEAL-04795,2024-02-13,development,true
DEAL-04796,2024-10-01,development,true
DEAL-04797,2024-02-19,development,true
DEAL-04798,2024-07-14,development,true
DEAL-04799,2025-06-04,validation,true
DEAL-04800,2025-01-22,validation,true
DEAL-04801,2024-11-25,development,true
DEAL-04802,2024-06-20,development,true
DEAL-04803,2025-04-12,validation,true
DEAL-04804,2025-07-22,future_holdout,true
DEAL-04805,2025-11-07,future_holdout,true
DEAL-04806,2024-08-14,development,true
DEAL-04807,2025-05-19,validation,true
DEAL-04808,2025-09-02,future_holdout,true
DEAL-04809,2024-08-27,development,true
DEAL-04810,2025-11-16,future_holdout,true
DEAL-04811,2024-04-22,development,true
DEAL-04812,2024-10-20,development,true
DEAL-04813,2024-09-12,development,true
DEAL-04814,2024-07-11,development,true
DEAL-04815,2025-03-29,validation,true
DEAL-04816,2025-07-20,future_holdout,true
DEAL-04817,2024-12-15,development,true
DEAL-04818,2025-09-11,future_holdout,true
DEAL-04819,2024-12-19,development,true
DEAL-04820,2024-08-24,development,true
DEAL-04821,2025-10-13,future_holdout,true
DEAL-04822,2025-11-19,future_holdout,true
DEAL-04823,2024-04-01,development,true
DEAL-04824,2025-07-17,future_holdout,true
DEAL-04825,2025-09-11,future_holdout,true
DEAL-04826,2025-03-23,validation,true
DEAL-04827,2024-11-05,development,true
DEAL-04828,2024-02-24,development,true
DEAL-04829,2024-11-17,development,true
DEAL-04830,2025-10-17,future_holdout,true
DEAL-04831,2024-05-26,development,true
DEAL-04832,2025-07-08,future_holdout,true
DEAL-04833,2024-05-02,development,true
DEAL-04834,2024-04-24,development,true
DEAL-04835,2024-03-09,development,true
DEAL-04836,2025-09-25,future_holdout,true
DEAL-04837,2024-12-07,development,true
DEAL-04838,2025-04-24,validation,true
DEAL-04839,2025-09-02,future_holdout,true
DEAL-04840,2024-04-11,development,true
DEAL-04841,2025-08-10,future_holdout,true
DEAL-04842,2024-01-24,development,true
DEAL-04843,2024-06-28,development,true
DEAL-04844,2024-07-27,development,true
DEAL-04845,2025-10-08,future_holdout,true
DEAL-04846,2024-04-22,development,true
DEAL-04847,2024-08-20,development,true
DEAL-04848,2024-07-20,development,true
DEAL-04849,2025-06-12,validation,true
DEAL-04850,2024-05-28,development,true
DEAL-04851,2024-02-09,development,true
DEAL-04852,2025-04-16,validation,true
DEAL-04853,2024-11-22,development,true
DEAL-04854,2025-11-11,future_holdout,true
DEAL-04855,2024-07-01,development,true
DEAL-04856,2025-10-31,future_holdout,true
DEAL-04857,2025-04-16,validation,true
DEAL-04858,2024-09-28,development,true
DEAL-04859,2025-02-10,validation,true
DEAL-04860,2024-09-04,development,true
DEAL-04861,2024-11-09,development,true
DEAL-04862,2024-06-15,development,true
DEAL-04863,2024-04-30,development,true
DEAL-04864,2025-04-28,validation,true
DEAL-04865,2025-11-27,future_holdout,true
DEAL-04866,2025-02-05,validation,true
DEAL-04867,2024-02-23,development,true
DEAL-04868,2024-03-03,development,true
DEAL-04869,2024-06-19,development,true
DEAL-04870,2025-05-01,validation,true
DEAL-04871,2025-01-09,validation,true
DEAL-04872,2024-12-19,development,true
DEAL-04873,2024-03-13,development,true
DEAL-04874,2024-06-18,development,true
DEAL-04875,2025-05-16,validation,true
DEAL-04876,2025-03-12,validation,true
DEAL-04877,2025-10-11,future_holdout,true
DEAL-04878,2024-03-30,development,true
DEAL-04879,2024-08-11,development,true
DEAL-04880,2024-07-24,development,true
DEAL-04881,2024-05-07,development,true
DEAL-04882,2024-06-18,development,true
DEAL-04883,2025-01-17,validation,true
DEAL-04884,2024-04-09,development,true
DEAL-04885,2025-11-10,future_holdout,true
DEAL-04886,2024-03-16,development,true
DEAL-04887,2024-10-22,development,true
DEAL-04888,2025-04-07,validation,true
DEAL-04889,2024-12-15,development,true
DEAL-04890,2025-11-02,future_holdout,true
DEAL-04891,2025-09-26,future_holdout,true
DEAL-04892,2024-12-08,development,true
DEAL-04893,2025-07-26,future_holdout,true
DEAL-04894,2025-11-21,future_holdout,true
DEAL-04895,2025-07-08,future_holdout,true
DEAL-04896,2025-06-08,validation,true
DEAL-04897,2024-03-30,development,true
DEAL-04898,2024-08-12,development,true
DEAL-04899,2024-01-01,development,true
DEAL-04900,2024-01-27,development,true
DEAL-04901,2024-08-30,development,true
DEAL-04902,2024-04-19,development,true
DEAL-04903,2024-04-15,development,true
DEAL-04904,2025-08-14,future_holdout,true
DEAL-04905,2024-06-19,development,true
DEAL-04906,2025-01-01,validation,true
DEAL-04907,2024-09-05,development,true
DEAL-04908,2025-10-18,future_holdout,true
DEAL-04909,2024-10-27,development,true
DEAL-04910,2025-09-19,future_holdout,true
DEAL-04911,2025-08-29,future_holdout,true
DEAL-04912,2025-02-03,validation,true
DEAL-04913,2025-10-08,future_holdout,true
DEAL-04914,2025-10-14,future_holdout,true
DEAL-04915,2024-04-28,development,true
DEAL-04916,2024-11-12,development,true
DEAL-04917,2025-11-24,future_holdout,true
DEAL-04918,2024-10-24,development,true
DEAL-04919,2025-06-18,validation,true
DEAL-04920,2025-07-22,future_holdout,true
DEAL-04921,2025-05-30,validation,true
DEAL-04922,2024-06-16,development,true
DEAL-04923,2024-08-21,development,true
DEAL-04924,2024-01-15,development,true
DEAL-04925,2024-10-27,development,true
DEAL-04926,2024-05-17,development,true
DEAL-04927,2024-04-02,development,true
DEAL-04928,2024-10-26,development,true
DEAL-04929,2024-12-08,development,true
DEAL-04930,2024-12-17,development,true
DEAL-04931,2024-02-11,development,true
DEAL-04932,2025-08-27,future_holdout,true
DEAL-04933,2024-11-05,development,true
DEAL-04934,2024-08-11,development,true
DEAL-04935,2025-02-06,validation,true
DEAL-04936,2025-02-01,validation,true
DEAL-04937,2025-06-20,validation,true
DEAL-04938,2025-08-24,future_holdout,true
DEAL-04939,2025-02-22,validation,true
DEAL-04940,2025-12-05,future_holdout,true
DEAL-04941,2025-07-11,future_holdout,true
DEAL-04942,2024-05-30,development,true
DEAL-04943,2025-05-06,validation,true
DEAL-04944,2024-06-15,development,true
DEAL-04945,2024-09-10,development,true
DEAL-04946,2025-08-05,future_holdout,true
DEAL-04947,2025-04-09,validation,true
DEAL-04948,2025-07-22,future_holdout,true
DEAL-04949,2025-07-27,future_holdout,true
DEAL-04950,2024-07-27,development,true
DEAL-04951,2024-08-14,development,true
DEAL-04952,2025-08-28,future_holdout,true
DEAL-04953,2025-08-18,future_holdout,true
DEAL-04954,2024-05-11,development,true
DEAL-04955,2024-11-16,development,true
DEAL-04956,2025-10-12,future_holdout,true
DEAL-04957,2025-05-19,validation,true
DEAL-04958,2025-07-20,future_holdout,true
DEAL-04959,2025-02-03,validation,true
DEAL-04960,2024-12-14,development,true
DEAL-04961,2025-08-15,future_holdout,true
DEAL-04962,2025-05-24,validation,true
DEAL-04963,2024-01-14,development,true
DEAL-04964,2025-11-14,future_holdout,true
DEAL-04965,2025-10-11,future_holdout,true
DEAL-04966,2024-01-06,development,true
DEAL-04967,2024-03-23,development,true
DEAL-04968,2024-06-15,development,true
DEAL-04969,2025-02-06,validation,true
DEAL-04970,2024-04-17,development,true
DEAL-04971,2024-10-31,development,true
DEAL-04972,2025-08-10,future_holdout,true
DEAL-04973,2025-08-22,future_holdout,true
DEAL-04974,2025-05-23,validation,true
DEAL-04975,2024-04-19,development,true
DEAL-04976,2024-12-23,development,true
DEAL-04977,2025-02-06,validation,true
DEAL-04978,2025-02-22,validation,true
DEAL-04979,2024-08-17,development,true
DEAL-04980,2024-09-09,development,true
DEAL-04981,2024-11-22,development,true
DEAL-04982,2024-07-09,development,true
DEAL-04983,2025-08-31,future_holdout,true
DEAL-04984,2024-01-11,development,true
DEAL-04985,2025-08-10,future_holdout,true
DEAL-04986,2025-11-16,future_holdout,true
DEAL-04987,2025-09-05,future_holdout,true
DEAL-04988,2025-06-08,validation,true
DEAL-04989,2025-07-20,future_holdout,true
DEAL-04990,2024-04-23,development,true
DEAL-04991,2024-12-02,development,true
DEAL-04992,2024-11-09,development,true
DEAL-04993,2024-09-19,development,true
DEAL-04994,2024-12-15,development,true
DEAL-04995,2025-08-05,future_holdout,true
DEAL-04996,2024-08-25,development,true
DEAL-04997,2024-02-16,development,true
DEAL-04998,2025-05-15,validation,true
DEAL-04999,2025-12-22,future_holdout,true
DEAL-05000,2025-02-06,validation,true
DEAL-05001,2024-06-22,development,true
DEAL-05002,2024-02-24,development,true
DEAL-05003,2024-08-01,development,true
DEAL-05004,2024-03-26,development,true
DEAL-05005,2025-02-10,validation,true
DEAL-05006,2025-09-29,future_holdout,true
DEAL-05007,2024-06-12,development,true
DEAL-05008,2025-04-09,validation,true
DEAL-05009,2024-12-17,development,true
DEAL-05010,2024-04-27,development,true
DEAL-05011,2024-04-02,development,true
DEAL-05012,2024-09-05,development,true
DEAL-05013,2025-04-26,validation,true
DEAL-05014,2024-04-04,development,true
DEAL-05015,2024-01-10,development,true
DEAL-05016,2025-05-21,validation,true
DEAL-05017,2024-09-15,development,true
DEAL-05018,2025-08-29,future_holdout,true
DEAL-05019,2025-11-15,future_holdout,true
DEAL-05020,2025-05-25,validation,true
DEAL-05021,2024-09-23,development,true
DEAL-05022,2025-12-18,future_holdout,true
DEAL-05023,2024-06-18,development,true
DEAL-05024,2024-05-26,development,true
DEAL-05025,2024-05-07,development,true
DEAL-05026,2024-12-28,development,true
DEAL-05027,2025-04-02,validation,true
DEAL-05028,2025-01-30,validation,true
DEAL-05029,2024-05-16,development,true
DEAL-05030,2024-05-26,development,true
DEAL-05031,2025-03-25,validation,true
DEAL-05032,2025-12-19,future_holdout,true
DEAL-05033,2025-09-13,future_holdout,true
DEAL-05034,2025-08-23,future_holdout,true
DEAL-05035,2024-11-15,development,true
DEAL-05036,2025-04-02,validation,true
DEAL-05037,2024-10-20,development,true
DEAL-05038,2024-06-17,development,true
DEAL-05039,2025-02-22,validation,true
DEAL-05040,2024-04-16,development,true
DEAL-05041,2025-07-14,future_holdout,true
DEAL-05042,2024-04-09,development,true
DEAL-05043,2024-10-03,development,true
DEAL-05044,2024-03-19,development,true
DEAL-05045,2024-12-07,development,true
DEAL-05046,2024-06-19,development,true
DEAL-05047,2025-04-27,validation,true
DEAL-05048,2025-04-28,validation,true
DEAL-05049,2024-03-07,development,true
DEAL-05050,2025-05-05,validation,true
DEAL-05051,2024-01-23,development,true
DEAL-05052,2024-06-05,development,true
DEAL-05053,2025-12-14,future_holdout,true
DEAL-05054,2025-10-18,future_holdout,true
DEAL-05055,2024-05-12,development,true
DEAL-05056,2024-06-05,development,true
DEAL-05057,2025-11-25,future_holdout,true
DEAL-05058,2025-01-04,validation,true
DEAL-05059,2024-06-16,development,true
DEAL-05060,2024-07-13,development,true
DEAL-05061,2025-08-23,future_holdout,true
DEAL-05062,2024-07-27,development,true
DEAL-05063,2025-02-14,validation,true
DEAL-05064,2025-05-27,validation,true
DEAL-05065,2025-09-28,future_holdout,true
DEAL-05066,2025-01-23,validation,true
DEAL-05067,2024-09-02,development,true
DEAL-05068,2025-12-13,future_holdout,true
DEAL-05069,2025-04-28,validation,true
DEAL-05070,2025-12-06,future_holdout,true
DEAL-05071,2025-05-10,validation,true
DEAL-05072,2024-08-24,development,true
DEAL-05073,2025-01-23,validation,true
DEAL-05074,2024-01-22,development,true
DEAL-05075,2025-02-16,validation,true
DEAL-05076,2025-11-02,future_holdout,true
DEAL-05077,2025-03-11,validation,true
DEAL-05078,2024-06-17,development,true
DEAL-05079,2024-10-25,development,true
DEAL-05080,2025-03-01,validation,true
DEAL-05081,2025-04-23,validation,true
DEAL-05082,2024-01-21,development,true
DEAL-05083,2024-08-26,development,true
DEAL-05084,2025-04-27,validation,true
DEAL-05085,2025-03-05,validation,true
DEAL-05086,2025-02-03,validation,true
DEAL-05087,2025-03-23,validation,true
DEAL-05088,2025-01-04,validation,true
DEAL-05089,2024-04-03,development,true
DEAL-05090,2024-11-21,development,true
DEAL-05091,2025-02-14,validation,true
DEAL-05092,2025-05-14,validation,true
DEAL-05093,2024-12-31,development,true
DEAL-05094,2025-07-05,future_holdout,true
DEAL-05095,2025-06-23,validation,true
DEAL-05096,2024-09-03,development,true
DEAL-05097,2024-08-28,development,true
DEAL-05098,2024-06-15,development,true
DEAL-05099,2025-02-09,validation,true
DEAL-05100,2024-11-12,development,true
DEAL-05101,2025-11-26,future_holdout,true
DEAL-05102,2025-12-05,future_holdout,true
DEAL-05103,2025-03-13,validation,true
DEAL-05104,2025-08-07,future_holdout,true
DEAL-05105,2024-07-17,development,true
DEAL-05106,2024-10-08,development,true
DEAL-05107,2025-12-05,future_holdout,true
DEAL-05108,2025-11-11,future_holdout,true
DEAL-05109,2025-04-10,validation,true
DEAL-05110,2024-08-09,development,true
DEAL-05111,2025-02-08,validation,true
DEAL-05112,2024-01-31,development,true
DEAL-05113,2024-12-15,development,true
DEAL-05114,2024-09-07,development,true
DEAL-05115,2025-04-19,validation,true
DEAL-05116,2025-06-28,validation,true
DEAL-05117,2025-06-09,validation,true
DEAL-05118,2025-06-16,validation,true
DEAL-05119,2025-10-17,future_holdout,true
DEAL-05120,2025-07-01,future_holdout,true
DEAL-05121,2024-04-11,development,true
DEAL-05122,2024-09-05,development,true
DEAL-05123,2025-04-07,validation,true
DEAL-05124,2024-08-25,development,true
DEAL-05125,2025-08-18,future_holdout,true
DEAL-05126,2025-03-25,validation,true
DEAL-05127,2025-12-16,future_holdout,true
DEAL-05128,2024-08-08,development,true
DEAL-05129,2025-02-05,validation,true
DEAL-05130,2024-11-06,development,true
DEAL-05131,2024-01-16,development,true
DEAL-05132,2024-08-21,development,true
DEAL-05133,2024-08-02,development,true
DEAL-05134,2025-10-30,future_holdout,true
DEAL-05135,2024-04-30,development,true
DEAL-05136,2024-03-09,development,true
DEAL-05137,2025-05-22,validation,true
DEAL-05138,2025-03-17,validation,true
DEAL-05139,2025-04-12,validation,true
DEAL-05140,2025-12-23,future_holdout,true
DEAL-05141,2024-08-06,development,true
DEAL-05142,2025-06-05,validation,true
DEAL-05143,2024-06-11,development,true
DEAL-05144,2025-11-24,future_holdout,true
DEAL-05145,2024-10-28,development,true
DEAL-05146,2025-01-25,validation,true
DEAL-05147,2024-12-04,development,true
DEAL-05148,2024-05-08,development,true
DEAL-05149,2025-03-29,validation,true
DEAL-05150,2025-04-27,validation,true
DEAL-05151,2025-08-26,future_holdout,true
DEAL-05152,2024-07-24,development,true
DEAL-05153,2025-08-10,future_holdout,true
DEAL-05154,2024-11-03,development,true
DEAL-05155,2025-08-29,future_holdout,true
DEAL-05156,2024-05-11,development,true
DEAL-05157,2025-09-09,future_holdout,true
DEAL-05158,2025-09-19,future_holdout,true
DEAL-05159,2025-10-01,future_holdout,true
DEAL-05160,2024-04-08,development,true
DEAL-05161,2025-01-15,validation,true
DEAL-05162,2025-12-16,future_holdout,true
DEAL-05163,2025-10-12,future_holdout,true
DEAL-05164,2025-07-11,future_holdout,true
DEAL-05165,2024-09-03,development,true
DEAL-05166,2025-07-29,future_holdout,true
DEAL-05167,2025-05-01,validation,true
DEAL-05168,2024-05-31,development,true
DEAL-05169,2025-10-15,future_holdout,true
DEAL-05170,2024-04-22,development,true
DEAL-05171,2024-12-26,development,true
DEAL-05172,2024-04-07,development,true
DEAL-05173,2024-08-30,development,true
DEAL-05174,2024-02-18,development,true
DEAL-05175,2024-12-13,development,true
DEAL-05176,2025-08-05,future_holdout,true
DEAL-05177,2025-10-25,future_holdout,true
DEAL-05178,2024-12-12,development,true
DEAL-05179,2024-10-26,development,true
DEAL-05180,2024-01-01,development,true
DEAL-05181,2025-01-11,validation,true
DEAL-05182,2024-07-28,development,true
DEAL-05183,2025-04-28,validation,true
DEAL-05184,2024-02-29,development,true
DEAL-05185,2025-10-01,future_holdout,true
DEAL-05186,2024-04-13,development,true
DEAL-05187,2025-07-14,future_holdout,true
DEAL-05188,2024-04-22,development,true
DEAL-05189,2025-10-04,future_holdout,true
DEAL-05190,2025-12-31,future_holdout,true
DEAL-05191,2024-01-26,development,true
DEAL-05192,2025-06-05,validation,true
DEAL-05193,2025-10-11,future_holdout,true
DEAL-05194,2025-03-03,validation,true
DEAL-05195,2024-10-29,development,true
DEAL-05196,2024-10-10,development,true
DEAL-05197,2025-01-15,validation,true
DEAL-05198,2025-07-09,future_holdout,true
DEAL-05199,2025-03-20,validation,true
DEAL-05200,2025-01-24,validation,true
DEAL-05201,2024-06-15,development,true
DEAL-05202,2025-11-18,future_holdout,true
DEAL-05203,2024-11-02,development,true
DEAL-05204,2025-01-20,validation,true
DEAL-05205,2024-08-03,development,true
DEAL-05206,2025-11-27,future_holdout,true
DEAL-05207,2025-09-15,future_holdout,true
DEAL-05208,2025-03-24,validation,true
DEAL-05209,2025-12-17,future_holdout,true
DEAL-05210,2024-07-06,development,true
DEAL-05211,2024-10-12,development,true
DEAL-05212,2025-12-12,future_holdout,true
DEAL-05213,2025-11-18,future_holdout,true
DEAL-05214,2024-06-09,development,true
DEAL-05215,2024-11-29,development,true
DEAL-05216,2025-05-28,validation,true
DEAL-05217,2025-06-28,validation,true
DEAL-05218,2024-01-26,development,true
DEAL-05219,2024-05-05,development,true
DEAL-05220,2025-08-19,future_holdout,true
DEAL-05221,2025-10-07,future_holdout,true
DEAL-05222,2024-04-30,development,true
DEAL-05223,2024-04-26,development,true
DEAL-05224,2024-09-08,development,true
DEAL-05225,2025-05-31,validation,true
DEAL-05226,2025-05-09,validation,true
DEAL-05227,2024-02-20,development,true
DEAL-05228,2025-07-11,future_holdout,true
DEAL-05229,2024-02-20,development,true
DEAL-05230,2024-03-13,development,true
DEAL-05231,2025-05-13,validation,true
DEAL-05232,2024-03-02,development,true
DEAL-05233,2025-05-28,validation,true
DEAL-05234,2024-05-09,development,true
DEAL-05235,2025-01-13,validation,true
DEAL-05236,2025-05-26,validation,true
DEAL-05237,2024-05-28,development,true
DEAL-05238,2024-01-30,development,true
DEAL-05239,2024-03-24,development,true
DEAL-05240,2025-01-22,validation,true
DEAL-05241,2025-04-13,validation,true
DEAL-05242,2024-02-20,development,true
DEAL-05243,2024-07-08,development,true
DEAL-05244,2025-09-27,future_holdout,true
DEAL-05245,2025-03-23,validation,true
DEAL-05246,2025-02-05,validation,true
DEAL-05247,2025-11-22,future_holdout,true
DEAL-05248,2024-09-04,development,true
DEAL-05249,2025-06-05,validation,true
DEAL-05250,2024-06-03,development,true
DEAL-05251,2025-05-18,validation,true
DEAL-05252,2025-05-24,validation,true
DEAL-05253,2025-02-05,validation,true
DEAL-05254,2025-07-08,future_holdout,true
DEAL-05255,2025-07-08,future_holdout,true
DEAL-05256,2025-06-26,validation,true
DEAL-05257,2025-07-21,future_holdout,true
DEAL-05258,2025-12-18,future_holdout,true
DEAL-05259,2024-07-26,development,true
DEAL-05260,2024-08-19,development,true
DEAL-05261,2025-10-18,future_holdout,true
DEAL-05262,2025-09-11,future_holdout,true
DEAL-05263,2024-10-14,development,true
DEAL-05264,2025-01-10,validation,true
DEAL-05265,2024-05-27,development,true
DEAL-05266,2024-06-27,development,true
DEAL-05267,2024-02-19,development,true
DEAL-05268,2025-03-14,validation,true
DEAL-05269,2025-05-08,validation,true
DEAL-05270,2025-10-01,future_holdout,true
DEAL-05271,2024-05-15,development,true
DEAL-05272,2025-04-13,validation,true
DEAL-05273,2025-10-26,future_holdout,true
DEAL-05274,2025-12-08,future_holdout,true
DEAL-05275,2025-10-03,future_holdout,true
DEAL-05276,2024-10-06,development,true
DEAL-05277,2025-04-03,validation,true
DEAL-05278,2024-08-10,development,true
DEAL-05279,2024-04-11,development,true
DEAL-05280,2024-08-09,development,true
DEAL-05281,2024-04-19,development,true
DEAL-05282,2025-06-11,validation,true
DEAL-05283,2024-09-25,development,true
DEAL-05284,2024-12-13,development,true
DEAL-05285,2025-01-30,validation,true
DEAL-05286,2025-08-10,future_holdout,true
DEAL-05287,2024-11-18,development,true
DEAL-05288,2025-06-07,validation,true
DEAL-05289,2024-05-12,development,true
DEAL-05290,2024-10-31,development,true
DEAL-05291,2024-05-24,development,true
DEAL-05292,2025-05-16,validation,true
DEAL-05293,2024-09-30,development,true
DEAL-05294,2024-05-27,development,true
DEAL-05295,2025-02-04,validation,true
DEAL-05296,2024-03-09,development,true
DEAL-05297,2024-10-18,development,true
DEAL-05298,2024-07-12,development,true
DEAL-05299,2024-08-25,development,true
DEAL-05300,2024-09-09,development,true
DEAL-05301,2024-02-15,development,true
DEAL-05302,2024-11-05,development,true
DEAL-05303,2025-12-08,future_holdout,true
DEAL-05304,2025-06-28,validation,true
DEAL-05305,2025-02-24,validation,true
DEAL-05306,2024-01-13,development,true
DEAL-05307,2025-08-10,future_holdout,true
DEAL-05308,2024-09-26,development,true
DEAL-05309,2024-10-07,development,true
DEAL-05310,2025-11-07,future_holdout,true
DEAL-05311,2024-01-23,development,true
DEAL-05312,2025-09-05,future_holdout,true
DEAL-05313,2024-12-07,development,true
DEAL-05314,2024-05-12,development,true
DEAL-05315,2025-01-14,validation,true
DEAL-05316,2024-01-14,development,true
DEAL-05317,2024-05-24,development,true
DEAL-05318,2024-10-30,development,true
DEAL-05319,2024-09-03,development,true
DEAL-05320,2025-01-14,validation,true
DEAL-05321,2025-03-26,validation,true
DEAL-05322,2025-11-17,future_holdout,true
DEAL-05323,2025-03-28,validation,true
DEAL-05324,2024-01-19,development,true
DEAL-05325,2024-08-02,development,true
DEAL-05326,2024-07-18,development,true
DEAL-05327,2024-09-26,development,true
DEAL-05328,2024-05-21,development,true
DEAL-05329,2024-09-05,development,true
DEAL-05330,2024-06-02,development,true
DEAL-05331,2025-06-28,validation,true
DEAL-05332,2024-11-21,development,true
DEAL-05333,2024-02-14,development,true
DEAL-05334,2024-02-25,development,true
DEAL-05335,2025-07-28,future_holdout,true
DEAL-05336,2025-10-22,future_holdout,true
DEAL-05337,2024-12-14,development,true
DEAL-05338,2024-05-11,development,true
DEAL-05339,2025-08-31,future_holdout,true
DEAL-05340,2024-02-18,development,true
DEAL-05341,2025-02-09,validation,true
DEAL-05342,2024-11-16,development,true
DEAL-05343,2024-05-23,development,true
DEAL-05344,2024-02-23,development,true
DEAL-05345,2024-03-07,development,true
DEAL-05346,2025-10-14,future_holdout,true
DEAL-05347,2025-10-30,future_holdout,true
DEAL-05348,2025-01-29,validation,true
DEAL-05349,2025-03-14,validation,true
DEAL-05350,2025-11-14,future_holdout,true
DEAL-05351,2024-03-21,development,true
DEAL-05352,2024-12-15,development,true
DEAL-05353,2024-09-17,development,true
DEAL-05354,2024-03-10,development,true
DEAL-05355,2025-07-22,future_holdout,true
DEAL-05356,2025-07-13,future_holdout,true
DEAL-05357,2025-03-05,validation,true
DEAL-05358,2025-07-26,future_holdout,true
DEAL-05359,2024-06-13,development,true
DEAL-05360,2024-07-27,development,true
DEAL-05361,2024-08-20,development,true
DEAL-05362,2025-05-24,validation,true
DEAL-05363,2025-08-14,future_holdout,true
DEAL-05364,2025-12-10,future_holdout,true
DEAL-05365,2025-05-21,validation,true
DEAL-05366,2024-10-14,development,true
DEAL-05367,2025-11-23,future_holdout,true
DEAL-05368,2024-05-08,development,true
DEAL-05369,2024-07-23,development,true
DEAL-05370,2024-12-28,development,true
DEAL-05371,2025-11-30,future_holdout,true
DEAL-05372,2025-08-06,future_holdout,true
DEAL-05373,2024-09-29,development,true
DEAL-05374,2024-04-10,development,true
DEAL-05375,2024-05-18,development,true
DEAL-05376,2025-12-17,future_holdout,true
DEAL-05377,2025-02-14,validation,true
DEAL-05378,2024-02-26,development,true
DEAL-05379,2025-10-30,future_holdout,true
DEAL-05380,2024-11-13,development,true
DEAL-05381,2024-01-04,development,true
DEAL-05382,2025-04-05,validation,true
DEAL-05383,2024-05-10,development,true
DEAL-05384,2025-01-31,validation,true
DEAL-05385,2024-12-19,development,true
DEAL-05386,2024-09-12,development,true
DEAL-05387,2025-04-08,validation,true
DEAL-05388,2024-06-10,development,true
DEAL-05389,2025-12-19,future_holdout,true
DEAL-05390,2024-06-16,development,true
DEAL-05391,2024-07-18,development,true
DEAL-05392,2024-03-05,development,true
DEAL-05393,2025-06-07,validation,true
DEAL-05394,2025-05-16,validation,true
DEAL-05395,2025-11-15,future_holdout,true
DEAL-05396,2024-01-17,development,true
DEAL-05397,2024-11-04,development,true
DEAL-05398,2025-09-05,future_holdout,true
DEAL-05399,2025-03-16,validation,true
DEAL-05400,2025-02-12,validation,true
DEAL-05401,2024-12-26,development,true
DEAL-05402,2025-08-03,future_holdout,true
DEAL-05403,2025-09-23,future_holdout,true
DEAL-05404,2024-05-30,development,true
DEAL-05405,2024-04-15,development,true
DEAL-05406,2025-05-08,validation,true
DEAL-05407,2024-09-18,development,true
DEAL-05408,2025-03-23,validation,true
DEAL-05409,2024-09-15,development,true
DEAL-05410,2025-10-15,future_holdout,true
DEAL-05411,2025-11-18,future_holdout,true
DEAL-05412,2025-11-05,future_holdout,true
DEAL-05413,2024-05-14,development,true
DEAL-05414,2025-12-26,future_holdout,true
DEAL-05415,2025-06-28,validation,true
DEAL-05416,2025-05-19,validation,true
DEAL-05417,2024-12-27,development,true
DEAL-05418,2024-01-16,development,true
DEAL-05419,2024-09-17,development,true
DEAL-05420,2024-10-06,development,true
DEAL-05421,2024-08-28,development,true
DEAL-05422,2024-02-22,development,true
DEAL-05423,2024-02-26,development,true
DEAL-05424,2025-07-30,future_holdout,true
DEAL-05425,2024-11-30,development,true
DEAL-05426,2024-05-13,development,true
DEAL-05427,2024-10-30,development,true
DEAL-05428,2025-06-25,validation,true
DEAL-05429,2025-03-09,validation,true
DEAL-05430,2024-11-20,development,true
DEAL-05431,2025-07-12,future_holdout,true
DEAL-05432,2024-05-01,development,true
DEAL-05433,2025-07-01,future_holdout,true
DEAL-05434,2025-04-16,validation,true
DEAL-05435,2025-04-26,validation,true
DEAL-05436,2025-06-26,validation,true
DEAL-05437,2025-07-31,future_holdout,true
DEAL-05438,2024-05-19,development,true
DEAL-05439,2025-01-02,validation,true
DEAL-05440,2024-01-21,development,true
DEAL-05441,2024-10-24,development,true
DEAL-05442,2025-06-18,validation,true
DEAL-05443,2025-10-10,future_holdout,true
DEAL-05444,2024-11-24,development,true
DEAL-05445,2024-04-13,development,true
DEAL-05446,2025-04-15,validation,true
DEAL-05447,2024-11-14,development,true
DEAL-05448,2025-04-25,validation,true
DEAL-05449,2024-08-17,development,true
DEAL-05450,2024-01-08,development,true
DEAL-05451,2024-12-28,development,true
DEAL-05452,2025-12-14,future_holdout,true
DEAL-05453,2024-05-07,development,true
DEAL-05454,2024-09-10,development,true
DEAL-05455,2025-10-05,future_holdout,true
DEAL-05456,2024-09-07,development,true
DEAL-05457,2025-08-26,future_holdout,true
DEAL-05458,2025-11-08,future_holdout,true
DEAL-05459,2025-12-28,future_holdout,true
DEAL-05460,2025-05-13,validation,true
DEAL-05461,2025-11-20,future_holdout,true
DEAL-05462,2024-05-04,development,true
DEAL-05463,2025-11-11,future_holdout,true
DEAL-05464,2025-05-10,validation,true
DEAL-05465,2024-12-03,development,true
DEAL-05466,2024-10-02,development,true
DEAL-05467,2025-09-12,future_holdout,true
DEAL-05468,2024-02-05,development,true
DEAL-05469,2025-12-21,future_holdout,true
DEAL-05470,2025-02-03,validation,true
DEAL-05471,2024-09-22,development,true
DEAL-05472,2024-06-27,development,true
DEAL-05473,2024-09-01,development,true
DEAL-05474,2025-09-07,future_holdout,true
DEAL-05475,2024-06-24,development,true
DEAL-05476,2024-06-28,development,true
DEAL-05477,2024-01-14,development,true
DEAL-05478,2025-01-29,validation,true
DEAL-05479,2025-01-12,validation,true
DEAL-05480,2024-09-15,development,true
DEAL-05481,2024-12-15,development,true
DEAL-05482,2025-03-08,validation,true
DEAL-05483,2024-12-27,development,true
DEAL-05484,2025-04-10,validation,true
DEAL-05485,2024-11-14,development,true
DEAL-05486,2025-11-19,future_holdout,true
DEAL-05487,2025-07-22,future_holdout,true
DEAL-05488,2025-10-27,future_holdout,true
DEAL-05489,2024-06-15,development,true
DEAL-05490,2025-03-03,validation,true
DEAL-05491,2025-08-17,future_holdout,true
DEAL-05492,2024-12-24,development,true
DEAL-05493,2024-07-20,development,true
DEAL-05494,2024-08-01,development,true
DEAL-05495,2024-03-24,development,true
DEAL-05496,2025-11-21,future_holdout,true
DEAL-05497,2025-01-22,validation,true
DEAL-05498,2025-05-12,validation,true
DEAL-05499,2025-11-08,future_holdout,true
DEAL-05500,2024-03-24,development,true
DEAL-05501,2024-11-29,development,true
DEAL-05502,2025-05-04,validation,true
DEAL-05503,2025-03-26,validation,true
DEAL-05504,2024-09-15,development,true
DEAL-05505,2024-12-04,development,true
DEAL-05506,2024-10-30,development,true
DEAL-05507,2024-06-18,development,true
DEAL-05508,2025-07-21,future_holdout,true
DEAL-05509,2025-06-13,validation,true
DEAL-05510,2024-09-12,development,true
DEAL-05511,2025-11-13,future_holdout,true
DEAL-05512,2025-04-24,validation,true
DEAL-05513,2025-05-24,validation,true
DEAL-05514,2024-08-27,development,true
DEAL-05515,2024-12-28,development,true
DEAL-05516,2024-03-13,development,true
DEAL-05517,2025-10-24,future_holdout,true
DEAL-05518,2025-04-24,validation,true
DEAL-05519,2024-07-30,development,true
DEAL-05520,2025-10-15,future_holdout,true
DEAL-05521,2025-02-07,validation,true
DEAL-05522,2025-09-04,future_holdout,true
DEAL-05523,2024-01-28,development,true
DEAL-05524,2025-06-05,validation,true
DEAL-05525,2025-10-18,future_holdout,true
DEAL-05526,2024-05-27,development,true
DEAL-05527,2025-11-21,future_holdout,true
DEAL-05528,2024-12-27,development,true
DEAL-05529,2024-09-19,development,true
DEAL-05530,2025-02-01,validation,true
DEAL-05531,2024-01-27,development,true
DEAL-05532,2024-10-17,development,true
DEAL-05533,2024-01-11,development,true
DEAL-05534,2025-03-09,validation,true
DEAL-05535,2025-06-27,validation,true
DEAL-05536,2024-12-20,development,true
DEAL-05537,2025-08-09,future_holdout,true
DEAL-05538,2025-02-14,validation,true
DEAL-05539,2024-12-25,development,true
DEAL-05540,2024-07-29,development,true
DEAL-05541,2024-02-20,development,true
DEAL-05542,2024-02-20,development,true
DEAL-05543,2025-03-28,validation,true
DEAL-05544,2024-12-31,development,true
DEAL-05545,2025-01-22,validation,true
DEAL-05546,2024-12-31,development,true
DEAL-05547,2024-11-06,development,true
DEAL-05548,2024-04-26,development,true
DEAL-05549,2025-12-06,future_holdout,true
DEAL-05550,2024-12-22,development,true
DEAL-05551,2024-09-28,development,true
DEAL-05552,2024-06-22,development,true
DEAL-05553,2024-03-15,development,true
DEAL-05554,2025-03-26,validation,true
DEAL-05555,2025-11-06,future_holdout,true
DEAL-05556,2025-02-22,validation,true
DEAL-05557,2024-12-23,development,true
DEAL-05558,2025-10-17,future_holdout,true
DEAL-05559,2025-09-01,future_holdout,true
DEAL-05560,2024-04-11,development,true
DEAL-05561,2025-08-23,future_holdout,true
DEAL-05562,2024-07-17,development,true
DEAL-05563,2024-12-16,development,true
DEAL-05564,2025-05-20,validation,true
DEAL-05565,2024-05-19,development,true
DEAL-05566,2025-06-09,validation,true
DEAL-05567,2024-02-18,development,true
DEAL-05568,2024-12-30,development,true
DEAL-05569,2024-10-20,development,true
DEAL-05570,2025-03-20,validation,true
DEAL-05571,2024-08-31,development,true
DEAL-05572,2025-12-24,future_holdout,true
DEAL-05573,2025-02-02,validation,true
DEAL-05574,2025-04-23,validation,true
DEAL-05575,2024-05-11,development,true
DEAL-05576,2025-12-13,future_holdout,true
DEAL-05577,2025-12-20,future_holdout,true
DEAL-05578,2024-10-28,development,true
DEAL-05579,2025-02-12,validation,true
DEAL-05580,2025-01-02,validation,true
DEAL-05581,2024-11-29,development,true
DEAL-05582,2025-10-31,future_holdout,true
DEAL-05583,2025-03-18,validation,true
DEAL-05584,2024-04-13,development,true
DEAL-05585,2024-11-23,development,true
DEAL-05586,2024-01-15,development,true
DEAL-05587,2024-05-30,development,true
DEAL-05588,2024-03-11,development,true
DEAL-05589,2024-05-09,development,true
DEAL-05590,2025-08-22,future_holdout,true
DEAL-05591,2025-09-08,future_holdout,true
DEAL-05592,2024-05-27,development,true
DEAL-05593,2024-12-16,development,true
DEAL-05594,2025-07-16,future_holdout,true
DEAL-05595,2024-02-07,development,true
DEAL-05596,2024-05-30,development,true
DEAL-05597,2025-07-17,future_holdout,true
DEAL-05598,2024-01-29,development,true
DEAL-05599,2024-09-27,development,true
DEAL-05600,2025-08-22,future_holdout,true
DEAL-05601,2025-03-31,validation,true
DEAL-05602,2025-05-05,validation,true
DEAL-05603,2024-12-13,development,true
DEAL-05604,2025-02-13,validation,true
DEAL-05605,2024-11-11,development,true
DEAL-05606,2025-04-04,validation,true
DEAL-05607,2024-04-13,development,true
DEAL-05608,2025-12-17,future_holdout,true
DEAL-05609,2025-09-09,future_holdout,true
DEAL-05610,2024-07-29,development,true
DEAL-05611,2025-12-11,future_holdout,true
DEAL-05612,2025-02-06,validation,true
DEAL-05613,2025-09-19,future_holdout,true
DEAL-05614,2024-07-07,development,true
DEAL-05615,2025-06-30,validation,true
DEAL-05616,2025-03-21,validation,true
DEAL-05617,2025-03-03,validation,true
DEAL-05618,2024-03-01,development,true
DEAL-05619,2025-09-30,future_holdout,true
DEAL-05620,2025-07-14,future_holdout,true
DEAL-05621,2025-03-01,validation,true
DEAL-05622,2024-07-16,development,true
DEAL-05623,2025-12-25,future_holdout,true
DEAL-05624,2025-07-13,future_holdout,true
DEAL-05625,2025-09-15,future_holdout,true
DEAL-05626,2024-09-12,development,true
DEAL-05627,2025-02-15,validation,true
DEAL-05628,2025-06-10,validation,true
DEAL-05629,2024-11-21,development,true
DEAL-05630,2025-10-29,future_holdout,true
DEAL-05631,2025-04-27,validation,true
DEAL-05632,2025-08-16,future_holdout,true
DEAL-05633,2024-12-18,development,true
DEAL-05634,2025-03-20,validation,true
DEAL-05635,2024-03-09,development,true
DEAL-05636,2025-10-26,future_holdout,true
DEAL-05637,2024-11-03,development,true
DEAL-05638,2024-03-28,development,true
DEAL-05639,2024-06-22,development,true
DEAL-05640,2025-08-09,future_holdout,true
DEAL-05641,2025-09-11,future_holdout,true
DEAL-05642,2024-03-24,development,true
DEAL-05643,2024-09-10,development,true
DEAL-05644,2025-04-08,validation,true
DEAL-05645,2024-09-25,development,true
DEAL-05646,2024-01-16,development,true
DEAL-05647,2025-10-16,future_holdout,true
DEAL-05648,2024-09-26,development,true
DEAL-05649,2024-02-09,development,true
DEAL-05650,2025-04-27,validation,true
DEAL-05651,2025-10-16,future_holdout,true
DEAL-05652,2024-03-12,development,true
DEAL-05653,2025-06-20,validation,true
DEAL-05654,2024-10-07,development,true
DEAL-05655,2024-06-25,development,true
DEAL-05656,2024-07-28,development,true
DEAL-05657,2025-03-11,validation,true
DEAL-05658,2024-12-14,development,true
DEAL-05659,2025-08-19,future_holdout,true
DEAL-05660,2024-11-08,development,true
DEAL-05661,2024-07-27,development,true
DEAL-05662,2024-12-02,development,true
DEAL-05663,2025-07-13,future_holdout,true
DEAL-05664,2025-02-09,validation,true
DEAL-05665,2025-06-30,validation,true
DEAL-05666,2025-07-19,future_holdout,true
DEAL-05667,2025-10-06,future_holdout,true
DEAL-05668,2025-01-03,validation,true
DEAL-05669,2025-03-07,validation,true
DEAL-05670,2024-09-06,development,true
DEAL-05671,2024-05-30,development,true
DEAL-05672,2024-12-19,development,true
DEAL-05673,2025-10-01,future_holdout,true
DEAL-05674,2024-06-13,development,true
DEAL-05675,2024-12-29,development,true
DEAL-05676,2025-05-11,validation,true
DEAL-05677,2025-05-28,validation,true
DEAL-05678,2024-10-23,development,true
DEAL-05679,2024-10-11,development,true
DEAL-05680,2025-08-14,future_holdout,true
DEAL-05681,2024-11-12,development,true
DEAL-05682,2025-10-24,future_holdout,true
DEAL-05683,2024-11-13,development,true
DEAL-05684,2024-12-10,development,true
DEAL-05685,2025-05-01,validation,true
DEAL-05686,2024-11-24,development,true
DEAL-05687,2024-12-20,development,true
DEAL-05688,2025-12-11,future_holdout,true
DEAL-05689,2025-04-13,validation,true
DEAL-05690,2025-09-07,future_holdout,true
DEAL-05691,2025-11-04,future_holdout,true
DEAL-05692,2024-09-09,development,true
DEAL-05693,2024-06-12,development,true
DEAL-05694,2024-11-23,development,true
DEAL-05695,2025-07-02,future_holdout,true
DEAL-05696,2025-09-04,future_holdout,true
DEAL-05697,2024-08-06,development,true
DEAL-05698,2024-08-30,development,true
DEAL-05699,2025-09-02,future_holdout,true
DEAL-05700,2025-09-08,future_holdout,true
DEAL-05701,2024-05-13,development,true
DEAL-05702,2025-02-24,validation,true
DEAL-05703,2024-11-06,development,true
DEAL-05704,2025-09-11,future_holdout,true
DEAL-05705,2025-06-19,validation,true
DEAL-05706,2024-01-26,development,true
DEAL-05707,2025-09-03,future_holdout,true
DEAL-05708,2025-12-22,future_holdout,true
DEAL-05709,2025-06-02,validation,true
DEAL-05710,2025-08-12,future_holdout,true
DEAL-05711,2024-07-19,development,true
DEAL-05712,2024-06-08,development,true
DEAL-05713,2025-07-08,future_holdout,true
DEAL-05714,2025-11-01,future_holdout,true
DEAL-05715,2025-07-19,future_holdout,true
DEAL-05716,2025-09-08,future_holdout,true
DEAL-05717,2024-05-11,development,true
DEAL-05718,2025-09-20,future_holdout,true
DEAL-05719,2024-12-14,development,true
DEAL-05720,2025-12-14,future_holdout,true
DEAL-05721,2025-10-24,future_holdout,true
DEAL-05722,2025-03-31,validation,true
DEAL-05723,2025-08-30,future_holdout,true
DEAL-05724,2025-09-01,future_holdout,true
DEAL-05725,2024-06-23,development,true
DEAL-05726,2025-09-01,future_holdout,true
DEAL-05727,2024-09-18,development,true
DEAL-05728,2025-01-06,validation,true
DEAL-05729,2025-06-28,validation,true
DEAL-05730,2024-08-30,development,true
DEAL-05731,2025-06-11,validation,true
DEAL-05732,2024-02-09,development,true
DEAL-05733,2024-12-17,development,true
DEAL-05734,2024-03-16,development,true
DEAL-05735,2024-01-05,development,true
DEAL-05736,2024-04-02,development,true
DEAL-05737,2024-12-27,development,true
DEAL-05738,2025-12-14,future_holdout,true
DEAL-05739,2024-01-16,development,true
DEAL-05740,2024-09-24,development,true
DEAL-05741,2025-05-31,validation,true
DEAL-05742,2025-11-24,future_holdout,true
DEAL-05743,2025-08-03,future_holdout,true
DEAL-05744,2025-08-20,future_holdout,true
DEAL-05745,2025-10-15,future_holdout,true
DEAL-05746,2024-07-19,development,true
DEAL-05747,2024-11-08,development,true
DEAL-05748,2025-01-09,validation,true
DEAL-05749,2024-02-23,development,true
DEAL-05750,2024-01-24,development,true
DEAL-05751,2025-06-19,validation,true
DEAL-05752,2024-08-28,development,true
DEAL-05753,2024-09-20,development,true
DEAL-05754,2025-07-23,future_holdout,true
DEAL-05755,2025-02-24,validation,true
DEAL-05756,2024-10-25,development,true
DEAL-05757,2024-04-19,development,true
DEAL-05758,2024-01-10,development,true
DEAL-05759,2024-12-22,development,true
DEAL-05760,2025-05-24,validation,true
DEAL-05761,2025-03-26,validation,true
DEAL-05762,2024-10-14,development,true
DEAL-05763,2025-06-08,validation,true
DEAL-05764,2024-04-15,development,true
DEAL-05765,2025-12-17,future_holdout,true
DEAL-05766,2025-01-24,validation,true
DEAL-05767,2024-10-22,development,true
DEAL-05768,2024-12-01,development,true
DEAL-05769,2024-07-23,development,true
DEAL-05770,2024-09-19,development,true
DEAL-05771,2025-06-01,validation,true
DEAL-05772,2025-03-27,validation,true
DEAL-05773,2024-01-07,development,true
DEAL-05774,2025-01-21,validation,true
DEAL-05775,2025-05-26,validation,true
DEAL-05776,2025-06-19,validation,true
DEAL-05777,2025-05-14,validation,true
DEAL-05778,2024-09-11,development,true
DEAL-05779,2025-10-29,future_holdout,true
DEAL-05780,2025-01-19,validation,true
DEAL-05781,2025-05-12,validation,true
DEAL-05782,2025-01-13,validation,true
DEAL-05783,2025-05-03,validation,true
DEAL-05784,2024-03-10,development,true
DEAL-05785,2024-08-26,development,true
DEAL-05786,2024-02-17,development,true
DEAL-05787,2024-09-06,development,true
DEAL-05788,2024-09-21,development,true
DEAL-05789,2025-06-18,validation,true
DEAL-05790,2024-11-23,development,true
DEAL-05791,2024-01-30,development,true
DEAL-05792,2025-08-24,future_holdout,true
DEAL-05793,2025-09-25,future_holdout,true
DEAL-05794,2025-02-15,validation,true
DEAL-05795,2024-07-09,development,true
DEAL-05796,2024-01-23,development,true
DEAL-05797,2025-03-11,validation,true
DEAL-05798,2025-01-30,validation,true
DEAL-05799,2024-05-18,development,true
DEAL-05800,2025-01-15,validation,true
DEAL-05801,2025-02-23,validation,true
DEAL-05802,2024-03-08,development,true
DEAL-05803,2024-08-07,development,true
DEAL-05804,2025-07-13,future_holdout,true
DEAL-05805,2025-06-03,validation,true
DEAL-05806,2024-12-06,development,true
DEAL-05807,2024-06-16,development,true
DEAL-05808,2024-03-13,development,true
DEAL-05809,2025-02-25,validation,true
DEAL-05810,2025-08-14,future_holdout,true
DEAL-05811,2024-01-15,development,true
DEAL-05812,2025-03-16,validation,true
DEAL-05813,2024-03-27,development,true
DEAL-05814,2025-08-17,future_holdout,true
DEAL-05815,2024-10-19,development,true
DEAL-05816,2024-05-03,development,true
DEAL-05817,2024-06-17,development,true
DEAL-05818,2025-05-08,validation,true
DEAL-05819,2025-05-14,validation,true
DEAL-05820,2025-01-25,validation,true
DEAL-05821,2025-01-24,validation,true
DEAL-05822,2025-10-12,future_holdout,true
DEAL-05823,2025-11-04,future_holdout,true
DEAL-05824,2024-06-20,development,true
DEAL-05825,2024-07-13,development,true
DEAL-05826,2024-01-11,development,true
DEAL-05827,2024-10-23,development,true
DEAL-05828,2025-12-18,future_holdout,true
DEAL-05829,2025-03-07,validation,true
DEAL-05830,2024-01-12,development,true
DEAL-05831,2025-11-18,future_holdout,true
DEAL-05832,2024-05-03,development,true
DEAL-05833,2024-09-10,development,true
DEAL-05834,2025-01-02,validation,true
DEAL-05835,2025-01-26,validation,true
DEAL-05836,2024-10-05,development,true
DEAL-05837,2024-07-18,development,true
DEAL-05838,2025-07-25,future_holdout,true
DEAL-05839,2025-04-15,validation,true
DEAL-05840,2025-11-18,future_holdout,true
DEAL-05841,2024-07-29,development,true
DEAL-05842,2025-08-06,future_holdout,true
DEAL-05843,2024-11-10,development,true
DEAL-05844,2024-05-30,development,true
DEAL-05845,2024-12-16,development,true
DEAL-05846,2025-04-30,validation,true
DEAL-05847,2024-12-24,development,true
DEAL-05848,2025-12-03,future_holdout,true
DEAL-05849,2024-04-29,development,true
DEAL-05850,2025-11-24,future_holdout,true
DEAL-05851,2025-12-12,future_holdout,true
DEAL-05852,2024-11-25,development,true
DEAL-05853,2025-07-03,future_holdout,true
DEAL-05854,2024-10-12,development,true
DEAL-05855,2024-01-22,development,true
DEAL-05856,2024-02-06,development,true
DEAL-05857,2025-01-18,validation,true
DEAL-05858,2025-09-01,future_holdout,true
DEAL-05859,2024-11-04,development,true
DEAL-05860,2025-11-17,future_holdout,true
DEAL-05861,2024-04-10,development,true
DEAL-05862,2025-01-04,validation,true
DEAL-05863,2025-05-09,validation,true
DEAL-05864,2024-12-30,development,true
DEAL-05865,2024-12-04,development,true
DEAL-05866,2024-11-10,development,true
DEAL-05867,2024-12-12,development,true
DEAL-05868,2024-06-20,development,true
DEAL-05869,2024-06-01,development,true
DEAL-05870,2025-09-17,future_holdout,true
DEAL-05871,2024-08-23,development,true
DEAL-05872,2025-03-01,validation,true
DEAL-05873,2024-02-01,development,true
DEAL-05874,2025-07-03,future_holdout,true
DEAL-05875,2024-08-05,development,true
DEAL-05876,2024-07-13,development,true
DEAL-05877,2024-12-30,development,true
DEAL-05878,2025-01-16,validation,true
DEAL-05879,2025-05-15,validation,true
DEAL-05880,2024-05-10,development,true
DEAL-05881,2024-01-27,development,true
DEAL-05882,2024-10-06,development,true
DEAL-05883,2025-05-01,validation,true
DEAL-05884,2024-04-17,development,true
DEAL-05885,2025-06-13,validation,true
DEAL-05886,2025-09-08,future_holdout,true
DEAL-05887,2025-02-09,validation,true
DEAL-05888,2025-03-18,validation,true
DEAL-05889,2024-10-05,development,true
DEAL-05890,2024-04-10,development,true
DEAL-05891,2024-12-06,development,true
DEAL-05892,2024-06-19,development,true
DEAL-05893,2025-07-22,future_holdout,true
DEAL-05894,2025-02-15,validation,true
DEAL-05895,2025-01-01,validation,true
DEAL-05896,2025-12-03,future_holdout,true
DEAL-05897,2025-04-01,validation,true
DEAL-05898,2024-03-28,development,true
DEAL-05899,2024-05-03,development,true
DEAL-05900,2025-10-25,future_holdout,true
DEAL-05901,2024-06-11,development,true
DEAL-05902,2024-06-26,development,true
DEAL-05903,2024-04-21,development,true
DEAL-05904,2025-05-31,validation,true
DEAL-05905,2025-06-08,validation,true
DEAL-05906,2024-07-15,development,true
DEAL-05907,2024-12-19,development,true
DEAL-05908,2024-02-11,development,true
DEAL-05909,2024-01-05,development,true
DEAL-05910,2025-02-05,validation,true
DEAL-05911,2025-03-16,validation,true
DEAL-05912,2024-02-17,development,true
DEAL-05913,2024-01-27,development,true
DEAL-05914,2024-01-29,development,true
DEAL-05915,2024-04-27,development,true
DEAL-05916,2025-11-30,future_holdout,true
DEAL-05917,2025-07-30,future_holdout,true
DEAL-05918,2024-03-09,development,true
DEAL-05919,2024-01-17,development,true
DEAL-05920,2024-10-19,development,true
DEAL-05921,2025-05-12,validation,true
DEAL-05922,2024-03-19,development,true
DEAL-05923,2025-06-21,validation,true
DEAL-05924,2025-09-26,future_holdout,true
DEAL-05925,2024-12-30,development,true
DEAL-05926,2024-09-11,development,true
DEAL-05927,2024-09-08,development,true
DEAL-05928,2024-02-26,development,true
DEAL-05929,2024-01-22,development,true
DEAL-05930,2024-02-07,development,true
DEAL-05931,2025-05-25,validation,true
DEAL-05932,2025-02-26,validation,true
DEAL-05933,2024-12-01,development,true
DEAL-05934,2024-06-15,development,true
DEAL-05935,2024-08-17,development,true
DEAL-05936,2025-06-23,validation,true
DEAL-05937,2025-01-07,validation,true
DEAL-05938,2024-09-04,development,true
DEAL-05939,2025-02-15,validation,true
DEAL-05940,2024-02-22,development,true
DEAL-05941,2024-01-03,development,true
DEAL-05942,2025-07-01,future_holdout,true
DEAL-05943,2025-09-10,future_holdout,true
DEAL-05944,2024-10-25,development,true
DEAL-05945,2025-09-28,future_holdout,true
DEAL-05946,2025-01-01,validation,true
DEAL-05947,2024-06-19,development,true
DEAL-05948,2025-02-07,validation,true
DEAL-05949,2025-01-27,validation,true
DEAL-05950,2025-12-14,future_holdout,true
DEAL-05951,2024-04-25,development,true
DEAL-05952,2025-09-16,future_holdout,true
DEAL-05953,2024-10-18,development,true
DEAL-05954,2024-11-16,development,true
DEAL-05955,2025-09-25,future_holdout,true
DEAL-05956,2024-07-27,development,true
DEAL-05957,2024-09-20,development,true
DEAL-05958,2025-03-03,validation,true
DEAL-05959,2025-12-20,future_holdout,true
DEAL-05960,2024-02-27,development,true
DEAL-05961,2024-01-08,development,true
DEAL-05962,2025-11-06,future_holdout,true
DEAL-05963,2024-05-12,development,true
DEAL-05964,2025-09-09,future_holdout,true
DEAL-05965,2025-08-13,future_holdout,true
DEAL-05966,2024-06-29,development,true
DEAL-05967,2024-09-05,development,true
DEAL-05968,2025-07-20,future_holdout,true
DEAL-05969,2024-09-10,development,true
DEAL-05970,2024-03-27,development,true
DEAL-05971,2025-02-20,validation,true
DEAL-05972,2025-08-21,future_holdout,true
DEAL-05973,2025-12-07,future_holdout,true
DEAL-05974,2025-12-03,future_holdout,true
DEAL-05975,2025-04-22,validation,true
DEAL-05976,2024-06-16,development,true
DEAL-05977,2024-07-09,development,true
DEAL-05978,2024-03-16,development,true
DEAL-05979,2024-10-31,development,true
DEAL-05980,2025-05-24,validation,true
DEAL-05981,2025-09-16,future_holdout,true
DEAL-05982,2024-11-21,development,true
DEAL-05983,2025-01-19,validation,true
DEAL-05984,2024-11-18,development,true
DEAL-05985,2024-07-11,development,true
DEAL-05986,2025-03-13,validation,true
DEAL-05987,2024-08-07,development,true
DEAL-05988,2025-01-19,validation,true
DEAL-05989,2024-02-15,development,true
DEAL-05990,2024-03-10,development,true
DEAL-05991,2024-12-20,development,true
DEAL-05992,2024-06-07,development,true
DEAL-05993,2025-12-12,future_holdout,true
DEAL-05994,2025-11-08,future_holdout,true
DEAL-05995,2025-05-14,validation,true
DEAL-05996,2024-09-04,development,true
DEAL-05997,2024-06-10,development,true
DEAL-05998,2025-12-06,future_holdout,true
DEAL-05999,2024-12-11,development,true
DEAL-06000,2025-03-24,validation,true
DEAL-06001,2025-12-27,future_holdout,true
DEAL-06002,2024-03-16,development,true
DEAL-06003,2024-01-01,development,true
DEAL-06004,2025-11-26,future_holdout,true
DEAL-06005,2024-02-01,development,true
DEAL-06006,2024-03-07,development,true
DEAL-06007,2025-08-22,future_holdout,true
DEAL-06008,2025-07-08,future_holdout,true
DEAL-06009,2024-04-02,development,true
DEAL-06010,2024-01-01,development,true
DEAL-06011,2024-05-04,development,true
DEAL-06012,2025-08-30,future_holdout,true
DEAL-06013,2025-09-21,future_holdout,true
DEAL-06014,2025-10-17,future_holdout,true
DEAL-06015,2025-04-26,validation,true
DEAL-06016,2025-07-19,future_holdout,true
DEAL-06017,2025-07-25,future_holdout,true
DEAL-06018,2025-06-03,validation,true
DEAL-06019,2025-04-26,validation,true
DEAL-06020,2025-05-15,validation,true
DEAL-06021,2025-07-20,future_holdout,true
DEAL-06022,2025-05-03,validation,true
DEAL-06023,2025-10-03,future_holdout,true
DEAL-06024,2024-12-25,development,true
DEAL-06025,2024-07-14,development,true
DEAL-06026,2025-10-08,future_holdout,true
DEAL-06027,2025-04-14,validation,true
DEAL-06028,2024-11-18,development,true
DEAL-06029,2025-02-06,validation,true
DEAL-06030,2024-04-02,development,true
DEAL-06031,2025-02-10,validation,true
DEAL-06032,2024-07-07,development,true
DEAL-06033,2025-10-31,future_holdout,true
DEAL-06034,2025-08-22,future_holdout,true
DEAL-06035,2024-09-16,development,true
DEAL-06036,2024-07-26,development,true
DEAL-06037,2025-02-28,validation,true
DEAL-06038,2024-03-02,development,true
DEAL-06039,2024-03-21,development,true
DEAL-06040,2024-06-29,development,true
DEAL-06041,2025-07-23,future_holdout,true
DEAL-06042,2024-07-28,development,true
DEAL-06043,2025-04-23,validation,true
DEAL-06044,2025-11-10,future_holdout,true
DEAL-06045,2024-01-03,development,true
DEAL-06046,2024-08-22,development,true
DEAL-06047,2024-07-23,development,true
DEAL-06048,2024-11-19,development,true
DEAL-06049,2024-07-14,development,true
DEAL-06050,2025-07-02,future_holdout,true
DEAL-06051,2025-06-18,validation,true
DEAL-06052,2025-06-18,validation,true
DEAL-06053,2024-01-28,development,true
DEAL-06054,2024-10-28,development,true
DEAL-06055,2025-05-01,validation,true
DEAL-06056,2024-02-06,development,true
DEAL-06057,2025-01-05,validation,true
DEAL-06058,2025-10-21,future_holdout,true
DEAL-06059,2024-06-04,development,true
DEAL-06060,2024-06-01,development,true
DEAL-06061,2025-09-21,future_holdout,true
DEAL-06062,2025-11-12,future_holdout,true
DEAL-06063,2025-06-12,validation,true
DEAL-06064,2025-12-08,future_holdout,true
DEAL-06065,2025-05-18,validation,true
DEAL-06066,2024-12-10,development,true
DEAL-06067,2025-02-15,validation,true
DEAL-06068,2025-05-15,validation,true
DEAL-06069,2025-11-12,future_holdout,true
DEAL-06070,2025-03-06,validation,true
DEAL-06071,2024-07-29,development,true
DEAL-06072,2024-08-12,development,true
DEAL-06073,2024-02-20,development,true
DEAL-06074,2024-10-07,development,true
DEAL-06075,2024-12-03,development,true
DEAL-06076,2025-08-13,future_holdout,true
DEAL-06077,2024-06-04,development,true
DEAL-06078,2024-10-01,development,true
DEAL-06079,2025-07-24,future_holdout,true
DEAL-06080,2025-08-18,future_holdout,true
DEAL-06081,2025-09-25,future_holdout,true
DEAL-06082,2025-06-09,validation,true
DEAL-06083,2025-04-17,validation,true
DEAL-06084,2025-07-30,future_holdout,true
DEAL-06085,2024-03-12,development,true
DEAL-06086,2024-05-10,development,true
DEAL-06087,2024-02-19,development,true
DEAL-06088,2024-12-10,development,true
DEAL-06089,2025-06-20,validation,true
DEAL-06090,2025-02-01,validation,true
DEAL-06091,2024-02-17,development,true
DEAL-06092,2024-06-12,development,true
DEAL-06093,2024-01-27,development,true
DEAL-06094,2024-04-07,development,true
DEAL-06095,2025-04-19,validation,true
DEAL-06096,2025-04-05,validation,true
DEAL-06097,2025-12-05,future_holdout,true
DEAL-06098,2024-09-19,development,true
DEAL-06099,2024-08-24,development,true
DEAL-06100,2025-10-24,future_holdout,true
DEAL-06101,2025-06-16,validation,true
DEAL-06102,2024-09-10,development,true
DEAL-06103,2024-07-19,development,true
DEAL-06104,2025-12-01,future_holdout,true
DEAL-06105,2025-07-25,future_holdout,true
DEAL-06106,2024-08-30,development,true
DEAL-06107,2025-06-01,validation,true
DEAL-06108,2025-09-18,future_holdout,true
DEAL-06109,2024-01-14,development,true
DEAL-06110,2025-11-02,future_holdout,true
DEAL-06111,2025-08-21,future_holdout,true
DEAL-06112,2025-03-08,validation,true
DEAL-06113,2024-04-01,development,true
DEAL-06114,2025-11-29,future_holdout,true
DEAL-06115,2025-04-20,validation,true
DEAL-06116,2024-01-27,development,true
DEAL-06117,2025-05-19,validation,true
DEAL-06118,2024-06-07,development,true
DEAL-06119,2024-04-19,development,true
DEAL-06120,2025-07-30,future_holdout,true
DEAL-06121,2025-06-17,validation,true
DEAL-06122,2024-02-02,development,true
DEAL-06123,2025-08-26,future_holdout,true
DEAL-06124,2024-06-03,development,true
DEAL-06125,2024-12-06,development,true
DEAL-06126,2025-03-28,validation,true
DEAL-06127,2024-04-14,development,true
DEAL-06128,2025-02-25,validation,true
DEAL-06129,2024-03-11,development,true
DEAL-06130,2025-09-03,future_holdout,true
DEAL-06131,2024-03-30,development,true
DEAL-06132,2024-08-03,development,true
DEAL-06133,2025-02-13,validation,true
DEAL-06134,2024-10-07,development,true
DEAL-06135,2025-08-15,future_holdout,true
DEAL-06136,2024-06-04,development,true
DEAL-06137,2025-03-08,validation,true
DEAL-06138,2024-07-01,development,true
DEAL-06139,2025-09-10,future_holdout,true
DEAL-06140,2025-04-05,validation,true
DEAL-06141,2024-07-19,development,true
DEAL-06142,2024-02-22,development,true
DEAL-06143,2025-02-15,validation,true
DEAL-06144,2025-08-15,future_holdout,true
DEAL-06145,2024-08-17,development,true
DEAL-06146,2025-06-06,validation,true
DEAL-06147,2025-10-12,future_holdout,true
DEAL-06148,2024-01-15,development,true
DEAL-06149,2024-01-04,development,true
DEAL-06150,2025-02-15,validation,true
DEAL-06151,2025-08-29,future_holdout,true
DEAL-06152,2025-10-13,future_holdout,true
DEAL-06153,2024-06-30,development,true
DEAL-06154,2025-12-13,future_holdout,true
DEAL-06155,2025-01-29,validation,true
DEAL-06156,2025-11-07,future_holdout,true
DEAL-06157,2025-07-19,future_holdout,true
DEAL-06158,2025-02-24,validation,true
DEAL-06159,2025-01-19,validation,true
DEAL-06160,2024-09-08,development,true
DEAL-06161,2025-01-23,validation,true
DEAL-06162,2025-01-19,validation,true
DEAL-06163,2024-10-17,development,true
DEAL-06164,2024-05-23,development,true
DEAL-06165,2025-04-05,validation,true
DEAL-06166,2025-12-24,future_holdout,true
DEAL-06167,2025-06-28,validation,true
DEAL-06168,2024-08-08,development,true
DEAL-06169,2024-03-12,development,true
DEAL-06170,2025-06-04,validation,true
DEAL-06171,2025-08-13,future_holdout,true
DEAL-06172,2024-03-28,development,true
DEAL-06173,2024-03-02,development,true
DEAL-06174,2024-08-18,development,true
DEAL-06175,2024-06-07,development,true
DEAL-06176,2024-05-26,development,true
DEAL-06177,2024-07-25,development,true
DEAL-06178,2024-09-07,development,true
DEAL-06179,2024-02-12,development,true
DEAL-06180,2024-10-29,development,true
DEAL-06181,2025-07-11,future_holdout,true
DEAL-06182,2024-04-26,development,true
DEAL-06183,2025-08-21,future_holdout,true
DEAL-06184,2024-02-07,development,true
DEAL-06185,2024-06-06,development,true
DEAL-06186,2025-12-04,future_holdout,true
DEAL-06187,2024-04-24,development,true
DEAL-06188,2025-06-13,validation,true
DEAL-06189,2024-02-17,development,true
DEAL-06190,2024-10-26,development,true
DEAL-06191,2025-12-07,future_holdout,true
DEAL-06192,2024-12-30,development,true
DEAL-06193,2025-10-30,future_holdout,true
DEAL-06194,2024-03-27,development,true
DEAL-06195,2025-06-14,validation,true
DEAL-06196,2025-02-16,validation,true
DEAL-06197,2025-08-17,future_holdout,true
DEAL-06198,2024-05-16,development,true
DEAL-06199,2024-08-01,development,true
DEAL-06200,2024-11-05,development,true
DEAL-06201,2025-11-27,future_holdout,true
DEAL-06202,2025-05-16,validation,true
DEAL-06203,2024-07-18,development,true
DEAL-06204,2024-08-20,development,true
DEAL-06205,2025-06-22,validation,true
DEAL-06206,2024-05-03,development,true
DEAL-06207,2025-09-06,future_holdout,true
DEAL-06208,2024-05-08,development,true
DEAL-06209,2025-08-11,future_holdout,true
DEAL-06210,2025-12-22,future_holdout,true
DEAL-06211,2025-05-28,validation,true
DEAL-06212,2025-06-17,validation,true
DEAL-06213,2024-03-21,development,true
DEAL-06214,2024-04-28,development,true
DEAL-06215,2025-03-20,validation,true
DEAL-06216,2025-05-17,validation,true
DEAL-06217,2024-10-13,development,true
DEAL-06218,2025-02-21,validation,true
DEAL-06219,2025-04-21,validation,true
DEAL-06220,2025-07-08,future_holdout,true
DEAL-06221,2025-04-16,validation,true
DEAL-06222,2025-05-17,validation,true
DEAL-06223,2025-03-24,validation,true
DEAL-06224,2025-09-18,future_holdout,true
DEAL-06225,2024-03-18,development,true
DEAL-06226,2025-12-03,future_holdout,true
DEAL-06227,2025-10-22,future_holdout,true
DEAL-06228,2025-05-05,validation,true
DEAL-06229,2025-07-28,future_holdout,true
DEAL-06230,2024-08-25,development,true
DEAL-06231,2025-01-10,validation,true
DEAL-06232,2024-02-17,development,true
DEAL-06233,2024-07-06,development,true
DEAL-06234,2025-07-14,future_holdout,true
DEAL-06235,2025-07-12,future_holdout,true
DEAL-06236,2024-10-29,development,true
DEAL-06237,2024-08-21,development,true
DEAL-06238,2024-09-26,development,true
DEAL-06239,2024-10-02,development,true
DEAL-06240,2024-02-02,development,true
DEAL-06241,2024-06-11,development,true
DEAL-06242,2025-12-03,future_holdout,true
DEAL-06243,2025-11-08,future_holdout,true
DEAL-06244,2025-10-11,future_holdout,true
DEAL-06245,2024-07-28,development,true
DEAL-06246,2025-03-06,validation,true
DEAL-06247,2024-09-26,development,true
DEAL-06248,2025-11-30,future_holdout,true
DEAL-06249,2025-03-22,validation,true
DEAL-06250,2024-10-25,development,true
DEAL-06251,2024-11-15,development,true
DEAL-06252,2025-08-22,future_holdout,true
DEAL-06253,2025-04-21,validation,true
DEAL-06254,2025-08-05,future_holdout,true
DEAL-06255,2025-11-12,future_holdout,true
DEAL-06256,2025-03-08,validation,true
DEAL-06257,2024-10-04,development,true
DEAL-06258,2025-05-23,validation,true
DEAL-06259,2025-02-06,validation,true
DEAL-06260,2024-11-03,development,true
DEAL-06261,2025-01-04,validation,true
DEAL-06262,2024-12-22,development,true
DEAL-06263,2024-11-07,development,true
DEAL-06264,2025-07-30,future_holdout,true
DEAL-06265,2025-03-27,validation,true
DEAL-06266,2025-07-06,future_holdout,true
DEAL-06267,2024-10-19,development,true
DEAL-06268,2025-11-21,future_holdout,true
DEAL-06269,2025-09-30,future_holdout,true
DEAL-06270,2024-04-02,development,true
DEAL-06271,2025-04-18,validation,true
DEAL-06272,2024-01-23,development,true
DEAL-06273,2024-01-07,development,true
DEAL-06274,2024-11-10,development,true
DEAL-06275,2025-09-18,future_holdout,true
DEAL-06276,2024-02-06,development,true
DEAL-06277,2024-11-09,development,true
DEAL-06278,2025-05-26,validation,true
DEAL-06279,2025-10-29,future_holdout,true
DEAL-06280,2024-09-03,development,true
DEAL-06281,2025-11-28,future_holdout,true
DEAL-06282,2025-03-24,validation,true
DEAL-06283,2024-09-08,development,true
DEAL-06284,2024-12-25,development,true
DEAL-06285,2025-02-15,validation,true
DEAL-06286,2025-12-16,future_holdout,true
DEAL-06287,2024-07-27,development,true
DEAL-06288,2024-05-10,development,true
DEAL-06289,2025-06-29,validation,true
DEAL-06290,2025-04-13,validation,true
DEAL-06291,2024-10-20,development,true
DEAL-06292,2025-06-26,validation,true
DEAL-06293,2024-04-22,development,true
DEAL-06294,2024-01-03,development,true
DEAL-06295,2024-04-06,development,true
DEAL-06296,2025-01-15,validation,true
DEAL-06297,2025-01-22,validation,true
DEAL-06298,2025-03-28,validation,true
DEAL-06299,2025-08-21,future_holdout,true
DEAL-06300,2025-06-07,validation,true
DEAL-06301,2025-11-16,future_holdout,true
DEAL-06302,2025-06-27,validation,true
DEAL-06303,2024-09-20,development,true
DEAL-06304,2024-07-06,development,true
DEAL-06305,2025-06-01,validation,true
DEAL-06306,2024-11-28,development,true
DEAL-06307,2025-05-20,validation,true
DEAL-06308,2025-02-10,validation,true
DEAL-06309,2025-07-15,future_holdout,true
DEAL-06310,2024-02-07,development,true
DEAL-06311,2025-10-11,future_holdout,true
DEAL-06312,2024-12-16,development,true
DEAL-06313,2025-09-04,future_holdout,true
DEAL-06314,2024-08-04,development,true
DEAL-06315,2025-09-06,future_holdout,true
DEAL-06316,2024-08-20,development,true
DEAL-06317,2024-10-08,development,true
DEAL-06318,2025-07-31,future_holdout,true
DEAL-06319,2025-07-25,future_holdout,true
DEAL-06320,2025-05-25,validation,true
DEAL-06321,2025-09-03,future_holdout,true
DEAL-06322,2025-06-28,validation,true
DEAL-06323,2024-03-15,development,true
DEAL-06324,2024-03-27,development,true
DEAL-06325,2024-03-12,development,true
DEAL-06326,2025-05-02,validation,true
DEAL-06327,2024-05-21,development,true
DEAL-06328,2025-03-20,validation,true
DEAL-06329,2025-11-11,future_holdout,true
DEAL-06330,2025-07-20,future_holdout,true
DEAL-06331,2024-12-14,development,true
DEAL-06332,2025-09-08,future_holdout,true
DEAL-06333,2024-04-03,development,true
DEAL-06334,2025-07-18,future_holdout,true
DEAL-06335,2024-03-05,development,true
DEAL-06336,2025-10-06,future_holdout,true
DEAL-06337,2025-12-31,future_holdout,true
DEAL-06338,2025-01-08,validation,true
DEAL-06339,2024-02-18,development,true
DEAL-06340,2025-02-02,validation,true
DEAL-06341,2024-07-02,development,true
DEAL-06342,2025-05-21,validation,true
DEAL-06343,2025-11-17,future_holdout,true
DEAL-06344,2024-08-11,development,true
DEAL-06345,2025-10-26,future_holdout,true
DEAL-06346,2024-07-15,development,true
DEAL-06347,2025-07-06,future_holdout,true
DEAL-06348,2025-11-09,future_holdout,true
DEAL-06349,2025-09-04,future_holdout,true
DEAL-06350,2025-10-11,future_holdout,true
DEAL-06351,2025-11-18,future_holdout,true
DEAL-06352,2024-06-22,development,true
DEAL-06353,2025-12-11,future_holdout,true
DEAL-06354,2024-12-06,development,true
DEAL-06355,2025-07-28,future_holdout,true
DEAL-06356,2025-11-18,future_holdout,true
DEAL-06357,2024-03-18,development,true
DEAL-06358,2025-03-21,validation,true
DEAL-06359,2024-12-28,development,true
DEAL-06360,2025-04-24,validation,true
DEAL-06361,2024-10-08,development,true
DEAL-06362,2024-02-24,development,true
DEAL-06363,2025-07-03,future_holdout,true
DEAL-06364,2025-06-05,validation,true
DEAL-06365,2024-01-13,development,true
DEAL-06366,2024-07-05,development,true
DEAL-06367,2024-09-18,development,true
DEAL-06368,2024-03-08,development,true
DEAL-06369,2024-11-25,development,true
DEAL-06370,2025-04-09,validation,true
DEAL-06371,2024-05-01,development,true
DEAL-06372,2024-03-13,development,true
DEAL-06373,2025-08-07,future_holdout,true
DEAL-06374,2025-10-27,future_holdout,true
DEAL-06375,2025-09-08,future_holdout,true
DEAL-06376,2024-01-18,development,true
DEAL-06377,2024-08-01,development,true
DEAL-06378,2025-08-03,future_holdout,true
DEAL-06379,2024-09-12,development,true
DEAL-06380,2024-11-28,development,true
DEAL-06381,2025-02-18,validation,true
DEAL-06382,2024-01-13,development,true
DEAL-06383,2024-05-02,development,true
DEAL-06384,2025-02-15,validation,true
DEAL-06385,2025-12-27,future_holdout,true
DEAL-06386,2025-08-31,future_holdout,true
DEAL-06387,2025-05-16,validation,true
DEAL-06388,2024-07-18,development,true
DEAL-06389,2025-05-06,validation,true
DEAL-06390,2024-04-10,development,true
DEAL-06391,2024-01-14,development,true
DEAL-06392,2025-03-06,validation,true
DEAL-06393,2024-12-27,development,true
DEAL-06394,2024-07-10,development,true
DEAL-06395,2025-08-19,future_holdout,true
DEAL-06396,2024-03-15,development,true
DEAL-06397,2025-11-28,future_holdout,true
DEAL-06398,2025-01-17,validation,true
DEAL-06399,2024-08-31,development,true
DEAL-06400,2025-12-03,future_holdout,true
DEAL-06401,2025-12-15,future_holdout,true
DEAL-06402,2024-08-02,development,true
DEAL-06403,2024-02-17,development,true
DEAL-06404,2025-05-23,validation,true
DEAL-06405,2025-08-01,future_holdout,true
DEAL-06406,2025-04-27,validation,true
DEAL-06407,2025-07-14,future_holdout,true
DEAL-06408,2024-03-29,development,true
DEAL-06409,2024-01-06,development,true
DEAL-06410,2025-04-12,validation,true
DEAL-06411,2024-11-03,development,true
DEAL-06412,2025-08-18,future_holdout,true
DEAL-06413,2024-10-16,development,true
DEAL-06414,2025-06-05,validation,true
DEAL-06415,2025-10-15,future_holdout,true
DEAL-06416,2025-05-18,validation,true
DEAL-06417,2025-05-07,validation,true
DEAL-06418,2024-08-12,development,true
DEAL-06419,2024-05-17,development,true
DEAL-06420,2025-04-29,validation,true
DEAL-06421,2024-10-29,development,true
DEAL-06422,2024-10-21,development,true
DEAL-06423,2025-08-04,future_holdout,true
DEAL-06424,2025-12-24,future_holdout,true
DEAL-06425,2024-08-16,development,true
DEAL-06426,2025-07-02,future_holdout,true
DEAL-06427,2024-06-04,development,true
DEAL-06428,2025-02-20,validation,true
DEAL-06429,2025-09-04,future_holdout,true
DEAL-06430,2024-03-13,development,true
DEAL-06431,2025-12-14,future_holdout,true
DEAL-06432,2025-12-05,future_holdout,true
DEAL-06433,2025-03-15,validation,true
DEAL-06434,2025-02-07,validation,true
DEAL-06435,2024-04-30,development,true
DEAL-06436,2024-04-12,development,true
DEAL-06437,2024-11-04,development,true
DEAL-06438,2024-03-24,development,true
DEAL-06439,2024-09-18,development,true
DEAL-06440,2024-09-23,development,true
DEAL-06441,2024-12-06,development,true
DEAL-06442,2025-05-05,validation,true
DEAL-06443,2025-05-28,validation,true
DEAL-06444,2024-12-15,development,true
DEAL-06445,2024-09-10,development,true
DEAL-06446,2024-07-28,development,true
DEAL-06447,2025-12-04,future_holdout,true
DEAL-06448,2025-02-09,validation,true
DEAL-06449,2025-10-29,future_holdout,true
DEAL-06450,2024-01-11,development,true
DEAL-06451,2024-09-14,development,true
DEAL-06452,2024-10-29,development,true
DEAL-06453,2024-11-01,development,true
DEAL-06454,2025-10-24,future_holdout,true
DEAL-06455,2024-09-09,development,true
DEAL-06456,2024-01-19,development,true
DEAL-06457,2024-07-22,development,true
DEAL-06458,2025-10-06,future_holdout,true
DEAL-06459,2024-12-14,development,true
DEAL-06460,2025-06-21,validation,true
DEAL-06461,2025-01-03,validation,true
DEAL-06462,2025-06-05,validation,true
DEAL-06463,2024-04-22,development,true
DEAL-06464,2024-11-25,development,true
DEAL-06465,2024-01-10,development,true
DEAL-06466,2025-02-12,validation,true
DEAL-06467,2025-05-30,validation,true
DEAL-06468,2024-08-18,development,true
DEAL-06469,2025-12-17,future_holdout,true
DEAL-06470,2025-09-10,future_holdout,true
DEAL-06471,2025-12-26,future_holdout,true
DEAL-06472,2024-05-02,development,true
DEAL-06473,2025-08-17,future_holdout,true
DEAL-06474,2025-12-16,future_holdout,true
DEAL-06475,2024-08-02,development,true
DEAL-06476,2025-08-23,future_holdout,true
DEAL-06477,2025-07-18,future_holdout,true
DEAL-06478,2025-08-10,future_holdout,true
DEAL-06479,2025-05-26,validation,true
DEAL-06480,2024-01-13,development,true
DEAL-06481,2024-12-31,development,true
DEAL-06482,2024-10-23,development,true
DEAL-06483,2024-04-24,development,true
DEAL-06484,2024-08-15,development,true
DEAL-06485,2024-11-02,development,true
DEAL-06486,2024-11-05,development,true
DEAL-06487,2025-04-26,validation,true
DEAL-06488,2024-07-03,development,true
DEAL-06489,2024-08-11,development,true
DEAL-06490,2024-12-26,development,true
DEAL-06491,2024-09-12,development,true
DEAL-06492,2024-08-23,development,true
DEAL-06493,2024-01-21,development,true
DEAL-06494,2024-04-14,development,true
DEAL-06495,2024-05-09,development,true
DEAL-06496,2024-02-06,development,true
DEAL-06497,2024-06-07,development,true
DEAL-06498,2025-11-04,future_holdout,true
DEAL-06499,2024-11-21,development,true
DEAL-06500,2024-11-05,development,true
DEAL-06501,2025-08-12,future_holdout,true
DEAL-06502,2025-02-06,validation,true
DEAL-06503,2024-02-19,development,true
DEAL-06504,2024-02-22,development,true
DEAL-06505,2024-09-06,development,true
DEAL-06506,2024-05-05,development,true
DEAL-06507,2024-12-15,development,true
DEAL-06508,2025-08-01,future_holdout,true
DEAL-06509,2025-10-22,future_holdout,true
DEAL-06510,2025-06-13,validation,true
DEAL-06511,2025-09-04,future_holdout,true
DEAL-06512,2024-07-04,development,true
DEAL-06513,2024-05-30,development,true
DEAL-06514,2024-08-25,development,true
DEAL-06515,2024-10-23,development,true
DEAL-06516,2024-02-16,development,true
DEAL-06517,2024-05-02,development,true
DEAL-06518,2024-03-20,development,true
DEAL-06519,2025-10-19,future_holdout,true
DEAL-06520,2024-02-12,development,true
DEAL-06521,2024-11-18,development,true
DEAL-06522,2024-03-11,development,true
DEAL-06523,2024-12-18,development,true
DEAL-06524,2025-10-07,future_holdout,true
DEAL-06525,2025-07-10,future_holdout,true
DEAL-06526,2024-02-17,development,true
DEAL-06527,2024-01-14,development,true
DEAL-06528,2025-04-07,validation,true
DEAL-06529,2024-09-21,development,true
DEAL-06530,2024-11-16,development,true
DEAL-06531,2024-10-01,development,true
DEAL-06532,2024-05-06,development,true
DEAL-06533,2025-02-27,validation,true
DEAL-06534,2025-11-13,future_holdout,true
DEAL-06535,2025-09-11,future_holdout,true
DEAL-06536,2024-06-26,development,true
DEAL-06537,2025-05-28,validation,true
DEAL-06538,2025-10-30,future_holdout,true
DEAL-06539,2025-10-21,future_holdout,true
DEAL-06540,2024-02-29,development,true
DEAL-06541,2024-08-24,development,true
DEAL-06542,2024-10-10,development,true
DEAL-06543,2025-10-14,future_holdout,true
DEAL-06544,2024-03-23,development,true
DEAL-06545,2025-05-13,validation,true
DEAL-06546,2025-12-25,future_holdout,true
DEAL-06547,2024-12-23,development,true
DEAL-06548,2024-03-31,development,true
DEAL-06549,2025-12-01,future_holdout,true
DEAL-06550,2024-06-26,development,true
DEAL-06551,2025-05-16,validation,true
DEAL-06552,2024-02-16,development,true
DEAL-06553,2024-08-23,development,true
DEAL-06554,2024-10-19,development,true
DEAL-06555,2025-01-14,validation,true
DEAL-06556,2024-04-20,development,true
DEAL-06557,2024-11-27,development,true
DEAL-06558,2024-07-10,development,true
DEAL-06559,2024-07-04,development,true
DEAL-06560,2025-01-09,validation,true
DEAL-06561,2024-07-30,development,true
DEAL-06562,2025-08-17,future_holdout,true
DEAL-06563,2024-01-27,development,true
DEAL-06564,2024-05-12,development,true
DEAL-06565,2025-08-29,future_holdout,true
DEAL-06566,2024-02-28,development,true
DEAL-06567,2024-01-10,development,true
DEAL-06568,2024-12-20,development,true
DEAL-06569,2025-09-07,future_holdout,true
DEAL-06570,2025-06-09,validation,true
DEAL-06571,2025-08-12,future_holdout,true
DEAL-06572,2024-12-22,development,true
DEAL-06573,2025-10-18,future_holdout,true
DEAL-06574,2025-07-13,future_holdout,true
DEAL-06575,2025-08-08,future_holdout,true
DEAL-06576,2025-08-05,future_holdout,true
DEAL-06577,2024-09-12,development,true
DEAL-06578,2024-08-15,development,true
DEAL-06579,2024-07-22,development,true
DEAL-06580,2024-01-01,development,true
DEAL-06581,2025-09-19,future_holdout,true
DEAL-06582,2025-11-08,future_holdout,true
DEAL-06583,2024-05-08,development,true
DEAL-06584,2024-08-01,development,true
DEAL-06585,2025-08-18,future_holdout,true
DEAL-06586,2025-03-28,validation,true
DEAL-06587,2024-07-28,development,true
DEAL-06588,2025-11-05,future_holdout,true
DEAL-06589,2024-09-09,development,true
DEAL-06590,2024-06-07,development,true
DEAL-06591,2025-07-25,future_holdout,true
DEAL-06592,2024-07-07,development,true
DEAL-06593,2025-05-06,validation,true
DEAL-06594,2025-12-04,future_holdout,true
DEAL-06595,2024-03-13,development,true
DEAL-06596,2025-10-14,future_holdout,true
DEAL-06597,2024-08-08,development,true
DEAL-06598,2025-07-06,future_holdout,true
DEAL-06599,2024-07-03,development,true
DEAL-06600,2025-10-18,future_holdout,true
DEAL-06601,2024-12-13,development,true
DEAL-06602,2024-01-05,development,true
DEAL-06603,2024-07-22,development,true
DEAL-06604,2025-05-31,validation,true
DEAL-06605,2024-03-01,development,true
DEAL-06606,2024-06-18,development,true
DEAL-06607,2025-03-10,validation,true
DEAL-06608,2024-04-04,development,true
DEAL-06609,2025-07-27,future_holdout,true
DEAL-06610,2024-02-27,development,true
DEAL-06611,2024-02-23,development,true
DEAL-06612,2025-08-02,future_holdout,true
DEAL-06613,2024-10-25,development,true
DEAL-06614,2024-05-20,development,true
DEAL-06615,2025-02-15,validation,true
DEAL-06616,2024-08-29,development,true
DEAL-06617,2024-12-20,development,true
DEAL-06618,2024-10-26,development,true
DEAL-06619,2025-08-24,future_holdout,true
DEAL-06620,2025-08-11,future_holdout,true
DEAL-06621,2024-02-12,development,true
DEAL-06622,2025-09-27,future_holdout,true
DEAL-06623,2025-12-10,future_holdout,true
DEAL-06624,2024-06-23,development,true
DEAL-06625,2024-11-16,development,true
DEAL-06626,2024-03-09,development,true
DEAL-06627,2025-08-26,future_holdout,true
DEAL-06628,2025-09-20,future_holdout,true
DEAL-06629,2025-02-01,validation,true
DEAL-06630,2024-04-11,development,true
DEAL-06631,2025-07-02,future_holdout,true
DEAL-06632,2024-01-24,development,true
DEAL-06633,2024-08-31,development,true
DEAL-06634,2025-08-12,future_holdout,true
DEAL-06635,2024-12-25,development,true
DEAL-06636,2024-03-08,development,true
DEAL-06637,2025-01-14,validation,true
DEAL-06638,2024-05-22,development,true
DEAL-06639,2024-04-01,development,true
DEAL-06640,2025-11-10,future_holdout,true
DEAL-06641,2025-09-08,future_holdout,true
DEAL-06642,2025-09-09,future_holdout,true
DEAL-06643,2025-04-01,validation,true
DEAL-06644,2024-04-04,development,true
DEAL-06645,2024-12-15,development,true
DEAL-06646,2025-12-02,future_holdout,true
DEAL-06647,2024-07-13,development,true
DEAL-06648,2025-05-15,validation,true
DEAL-06649,2025-01-03,validation,true
DEAL-06650,2024-01-18,development,true
DEAL-06651,2025-07-05,future_holdout,true
DEAL-06652,2025-08-18,future_holdout,true
DEAL-06653,2024-11-09,development,true
DEAL-06654,2024-07-07,development,true
DEAL-06655,2024-08-10,development,true
DEAL-06656,2024-09-02,development,true
DEAL-06657,2025-11-02,future_holdout,true
DEAL-06658,2024-11-23,development,true
DEAL-06659,2024-11-11,development,true
DEAL-06660,2025-03-07,validation,true
DEAL-06661,2024-05-28,development,true
DEAL-06662,2025-10-09,future_holdout,true
DEAL-06663,2025-12-14,future_holdout,true
DEAL-06664,2025-01-25,validation,true
DEAL-06665,2025-08-20,future_holdout,true
DEAL-06666,2024-05-04,development,true
DEAL-06667,2025-03-18,validation,true
DEAL-06668,2024-11-13,development,true
DEAL-06669,2025-08-11,future_holdout,true
DEAL-06670,2025-06-28,validation,true
DEAL-06671,2024-07-21,development,true
DEAL-06672,2024-09-20,development,true
DEAL-06673,2025-04-09,validation,true
DEAL-06674,2024-10-27,development,true
DEAL-06675,2024-06-21,development,true
DEAL-06676,2025-03-14,validation,true
DEAL-06677,2024-03-22,development,true
DEAL-06678,2024-09-13,development,true
DEAL-06679,2025-01-20,validation,true
DEAL-06680,2025-11-25,future_holdout,true
DEAL-06681,2025-03-24,validation,true
DEAL-06682,2024-11-11,development,true
DEAL-06683,2025-06-18,validation,true
DEAL-06684,2024-05-18,development,true
DEAL-06685,2025-02-10,validation,true
DEAL-06686,2024-03-04,development,true
DEAL-06687,2024-11-19,development,true
DEAL-06688,2025-07-25,future_holdout,true
DEAL-06689,2024-10-28,development,true
DEAL-06690,2025-09-21,future_holdout,true
DEAL-06691,2025-08-19,future_holdout,true
DEAL-06692,2024-10-26,development,true
DEAL-06693,2025-08-26,future_holdout,true
DEAL-06694,2024-01-27,development,true
DEAL-06695,2024-02-02,development,true
DEAL-06696,2025-10-31,future_holdout,true
DEAL-06697,2025-11-02,future_holdout,true
DEAL-06698,2024-10-02,development,true
DEAL-06699,2025-03-25,validation,true
DEAL-06700,2024-02-12,development,true
DEAL-06701,2024-09-13,development,true
DEAL-06702,2024-11-21,development,true
DEAL-06703,2024-10-18,development,true
DEAL-06704,2025-05-27,validation,true
DEAL-06705,2024-10-09,development,true
DEAL-06706,2024-02-13,development,true
DEAL-06707,2025-06-28,validation,true
DEAL-06708,2024-05-14,development,true
DEAL-06709,2024-11-20,development,true
DEAL-06710,2025-10-12,future_holdout,true
DEAL-06711,2024-07-15,development,true
DEAL-06712,2025-12-17,future_holdout,true
DEAL-06713,2025-02-09,validation,true
DEAL-06714,2025-03-14,validation,true
DEAL-06715,2025-12-25,future_holdout,true
DEAL-06716,2025-05-02,validation,true
DEAL-06717,2025-08-29,future_holdout,true
DEAL-06718,2024-06-08,development,true
DEAL-06719,2025-04-20,validation,true
DEAL-06720,2024-11-20,development,true
DEAL-06721,2024-09-08,development,true
DEAL-06722,2024-10-09,development,true
DEAL-06723,2025-06-28,validation,true
DEAL-06724,2025-05-27,validation,true
DEAL-06725,2025-07-13,future_holdout,true
DEAL-06726,2024-01-03,development,true
DEAL-06727,2025-11-16,future_holdout,true
DEAL-06728,2024-02-02,development,true
DEAL-06729,2024-11-19,development,true
DEAL-06730,2025-02-21,validation,true
DEAL-06731,2025-11-29,future_holdout,true
DEAL-06732,2025-05-31,validation,true
DEAL-06733,2024-06-16,development,true
DEAL-06734,2025-08-12,future_holdout,true
DEAL-06735,2024-04-18,development,true
DEAL-06736,2024-12-30,development,true
DEAL-06737,2025-02-20,validation,true
DEAL-06738,2025-11-15,future_holdout,true
DEAL-06739,2024-08-12,development,true
DEAL-06740,2025-04-23,validation,true
DEAL-06741,2025-06-07,validation,true
DEAL-06742,2025-08-07,future_holdout,true
DEAL-06743,2024-03-14,development,true
DEAL-06744,2025-06-19,validation,true
DEAL-06745,2024-06-13,development,true
DEAL-06746,2024-06-26,development,true
DEAL-06747,2025-09-01,future_holdout,true
DEAL-06748,2024-09-29,development,true
DEAL-06749,2024-09-13,development,true
DEAL-06750,2025-07-28,future_holdout,true
DEAL-06751,2024-01-05,development,true
DEAL-06752,2024-10-24,development,true
DEAL-06753,2025-06-12,validation,true
DEAL-06754,2025-05-04,validation,true
DEAL-06755,2024-01-31,development,true
DEAL-06756,2024-11-20,development,true
DEAL-06757,2024-12-15,development,true
DEAL-06758,2025-05-15,validation,true
DEAL-06759,2025-11-06,future_holdout,true
DEAL-06760,2024-05-17,development,true
DEAL-06761,2025-08-09,future_holdout,true
DEAL-06762,2024-09-09,development,true
DEAL-06763,2024-04-11,development,true
DEAL-06764,2025-01-18,validation,true
DEAL-06765,2025-05-24,validation,true
DEAL-06766,2024-01-15,development,true
DEAL-06767,2025-04-05,validation,true
DEAL-06768,2024-01-04,development,true
DEAL-06769,2025-12-05,future_holdout,true
DEAL-06770,2024-08-29,development,true
DEAL-06771,2025-03-21,validation,true
DEAL-06772,2024-05-12,development,true
DEAL-06773,2024-07-23,development,true
DEAL-06774,2025-09-26,future_holdout,true
DEAL-06775,2025-09-20,future_holdout,true
DEAL-06776,2025-10-08,future_holdout,true
DEAL-06777,2024-02-04,development,true
DEAL-06778,2025-01-03,validation,true
DEAL-06779,2024-02-16,development,true
DEAL-06780,2024-09-10,development,true
DEAL-06781,2024-06-02,development,true
DEAL-06782,2025-10-12,future_holdout,true
DEAL-06783,2025-10-09,future_holdout,true
DEAL-06784,2025-01-20,validation,true
DEAL-06785,2025-09-12,future_holdout,true
DEAL-06786,2025-05-01,validation,true
DEAL-06787,2025-11-20,future_holdout,true
DEAL-06788,2025-02-15,validation,true
DEAL-06789,2025-04-07,validation,true
DEAL-06790,2024-08-15,development,true
DEAL-06791,2025-03-12,validation,true
DEAL-06792,2025-02-08,validation,true
DEAL-06793,2024-08-08,development,true
DEAL-06794,2024-11-11,development,true
DEAL-06795,2025-12-08,future_holdout,true
DEAL-06796,2025-03-22,validation,true
DEAL-06797,2024-02-24,development,true
DEAL-06798,2025-08-30,future_holdout,true
DEAL-06799,2025-09-07,future_holdout,true
DEAL-06800,2025-01-06,validation,true
DEAL-06801,2024-08-05,development,true
DEAL-06802,2025-11-29,future_holdout,true
DEAL-06803,2024-05-21,development,true
DEAL-06804,2025-07-10,future_holdout,true
DEAL-06805,2025-06-30,validation,true
DEAL-06806,2025-01-07,validation,true
DEAL-06807,2025-02-08,validation,true
DEAL-06808,2025-11-26,future_holdout,true
DEAL-06809,2024-05-04,development,true
DEAL-06810,2025-04-15,validation,true
DEAL-06811,2024-01-24,development,true
DEAL-06812,2025-11-17,future_holdout,true
DEAL-06813,2024-10-09,development,true
DEAL-06814,2025-04-05,validation,true
DEAL-06815,2024-05-10,development,true
DEAL-06816,2025-02-10,validation,true
DEAL-06817,2025-10-12,future_holdout,true
DEAL-06818,2024-03-09,development,true
DEAL-06819,2025-09-23,future_holdout,true
DEAL-06820,2025-12-16,future_holdout,true
DEAL-06821,2024-05-09,development,true
DEAL-06822,2025-11-30,future_holdout,true
DEAL-06823,2024-05-25,development,true
DEAL-06824,2025-05-18,validation,true
DEAL-06825,2024-02-11,development,true
DEAL-06826,2025-09-30,future_holdout,true
DEAL-06827,2025-12-09,future_holdout,true
DEAL-06828,2024-05-07,development,true
DEAL-06829,2025-08-11,future_holdout,true
DEAL-06830,2024-07-03,development,true
DEAL-06831,2025-04-20,validation,true
DEAL-06832,2024-06-18,development,true
DEAL-06833,2025-04-28,validation,true
DEAL-06834,2025-08-19,future_holdout,true
DEAL-06835,2024-03-31,development,true
DEAL-06836,2025-04-26,validation,true
DEAL-06837,2025-02-16,validation,true
DEAL-06838,2024-08-08,development,true
DEAL-06839,2025-02-27,validation,true
DEAL-06840,2025-09-27,future_holdout,true
DEAL-06841,2025-11-11,future_holdout,true
DEAL-06842,2025-05-09,validation,true
DEAL-06843,2025-03-27,validation,true
DEAL-06844,2025-02-23,validation,true
DEAL-06845,2024-07-20,development,true
DEAL-06846,2025-01-29,validation,true
DEAL-06847,2024-05-20,development,true
DEAL-06848,2024-04-02,development,true
DEAL-06849,2025-04-09,validation,true
DEAL-06850,2024-02-29,development,true
DEAL-06851,2024-01-02,development,true
DEAL-06852,2024-10-23,development,true
DEAL-06853,2025-03-30,validation,true
DEAL-06854,2025-05-01,validation,true
DEAL-06855,2024-01-07,development,true
DEAL-06856,2025-10-07,future_holdout,true
DEAL-06857,2025-09-04,future_holdout,true
DEAL-06858,2025-11-07,future_holdout,true
DEAL-06859,2025-05-23,validation,true
DEAL-06860,2025-04-30,validation,true
DEAL-06861,2025-07-29,future_holdout,true
DEAL-06862,2024-11-07,development,true
DEAL-06863,2024-05-11,development,true
DEAL-06864,2025-10-15,future_holdout,true
DEAL-06865,2024-04-08,development,true
DEAL-06866,2024-01-03,development,true
DEAL-06867,2025-08-18,future_holdout,true
DEAL-06868,2025-01-06,validation,true
DEAL-06869,2024-05-22,development,true
DEAL-06870,2025-10-08,future_holdout,true
DEAL-06871,2024-04-06,development,true
DEAL-06872,2025-09-27,future_holdout,true
DEAL-06873,2025-01-01,validation,true
DEAL-06874,2025-10-30,future_holdout,true
DEAL-06875,2024-11-14,development,true
DEAL-06876,2024-12-13,development,true
DEAL-06877,2024-05-22,development,true
DEAL-06878,2025-12-18,future_holdout,true
DEAL-06879,2025-02-23,validation,true
DEAL-06880,2024-04-26,development,true
DEAL-06881,2024-10-01,development,true
DEAL-06882,2024-08-15,development,true
DEAL-06883,2025-03-15,validation,true
DEAL-06884,2025-12-19,future_holdout,true
DEAL-06885,2025-04-28,validation,true
DEAL-06886,2024-10-03,development,true
DEAL-06887,2025-02-27,validation,true
DEAL-06888,2024-08-19,development,true
DEAL-06889,2024-09-15,development,true
DEAL-06890,2025-07-07,future_holdout,true
DEAL-06891,2024-02-25,development,true
DEAL-06892,2024-02-21,development,true
DEAL-06893,2025-11-13,future_holdout,true
DEAL-06894,2025-03-31,validation,true
DEAL-06895,2025-04-11,validation,true
DEAL-06896,2024-04-11,development,true
DEAL-06897,2025-04-29,validation,true
DEAL-06898,2024-09-14,development,true
DEAL-06899,2025-11-12,future_holdout,true
DEAL-06900,2025-02-09,validation,true
DEAL-06901,2025-04-11,validation,true
DEAL-06902,2024-06-16,development,true
DEAL-06903,2025-06-11,validation,true
DEAL-06904,2025-09-11,future_holdout,true
DEAL-06905,2025-11-21,future_holdout,true
DEAL-06906,2024-11-23,development,true
DEAL-06907,2024-11-15,development,true
DEAL-06908,2024-04-24,development,true
DEAL-06909,2024-02-18,development,true
DEAL-06910,2024-09-30,development,true
DEAL-06911,2024-08-24,development,true
DEAL-06912,2025-04-07,validation,true
DEAL-06913,2025-11-03,future_holdout,true
DEAL-06914,2025-08-28,future_holdout,true
DEAL-06915,2024-09-08,development,true
DEAL-06916,2025-05-12,validation,true
DEAL-06917,2025-08-04,future_holdout,true
DEAL-06918,2024-04-22,development,true
DEAL-06919,2025-07-16,future_holdout,true
DEAL-06920,2025-08-20,future_holdout,true
DEAL-06921,2024-09-14,development,true
DEAL-06922,2025-07-29,future_holdout,true
DEAL-06923,2025-01-20,validation,true
DEAL-06924,2025-06-22,validation,true
DEAL-06925,2024-01-21,development,true
DEAL-06926,2025-12-16,future_holdout,true
DEAL-06927,2025-12-25,future_holdout,true
DEAL-06928,2025-01-09,validation,true
DEAL-06929,2024-12-28,development,true
DEAL-06930,2024-10-11,development,true
DEAL-06931,2024-12-27,development,true
DEAL-06932,2025-06-04,validation,true
DEAL-06933,2024-01-28,development,true
DEAL-06934,2024-11-22,development,true
DEAL-06935,2024-04-23,development,true
DEAL-06936,2025-10-29,future_holdout,true
DEAL-06937,2024-01-08,development,true
DEAL-06938,2025-04-15,validation,true
DEAL-06939,2024-04-23,development,true
DEAL-06940,2025-09-13,future_holdout,true
DEAL-06941,2025-04-02,validation,true
DEAL-06942,2024-04-19,development,true
DEAL-06943,2024-03-18,development,true
DEAL-06944,2025-12-17,future_holdout,true
DEAL-06945,2024-12-09,development,true
DEAL-06946,2024-10-20,development,true
DEAL-06947,2025-01-27,validation,true
DEAL-06948,2024-04-03,development,true
DEAL-06949,2024-11-03,development,true
DEAL-06950,2024-06-06,development,true
DEAL-06951,2025-07-19,future_holdout,true
DEAL-06952,2025-08-18,future_holdout,true
DEAL-06953,2024-11-08,development,true
DEAL-06954,2024-07-26,development,true
DEAL-06955,2024-02-06,development,true
DEAL-06956,2025-01-17,validation,true
DEAL-06957,2024-07-23,development,true
DEAL-06958,2024-11-24,development,true
DEAL-06959,2025-02-12,validation,true
DEAL-06960,2024-02-02,development,true
DEAL-06961,2025-03-23,validation,true
DEAL-06962,2024-11-03,development,true
DEAL-06963,2024-09-26,development,true
DEAL-06964,2024-04-15,development,true
DEAL-06965,2025-03-25,validation,true
DEAL-06966,2025-04-19,validation,true
DEAL-06967,2024-07-01,development,true
DEAL-06968,2024-03-09,development,true
DEAL-06969,2025-11-25,future_holdout,true
DEAL-06970,2025-08-06,future_holdout,true
DEAL-06971,2025-01-14,validation,true
DEAL-06972,2025-02-08,validation,true
DEAL-06973,2024-06-12,development,true
DEAL-06974,2024-07-08,development,true
DEAL-06975,2025-07-30,future_holdout,true
DEAL-06976,2024-09-28,development,true
DEAL-06977,2025-09-26,future_holdout,true
DEAL-06978,2024-03-04,development,true
DEAL-06979,2025-06-09,validation,true
DEAL-06980,2025-07-06,future_holdout,true
DEAL-06981,2024-12-24,development,true
DEAL-06982,2025-06-12,validation,true
DEAL-06983,2024-11-03,development,true
DEAL-06984,2025-12-07,future_holdout,true
DEAL-06985,2025-09-03,future_holdout,true
DEAL-06986,2025-07-09,future_holdout,true
DEAL-06987,2024-03-09,development,true
DEAL-06988,2025-04-02,validation,true
DEAL-06989,2024-06-20,development,true
DEAL-06990,2024-02-23,development,true
DEAL-06991,2025-11-12,future_holdout,true
DEAL-06992,2025-02-06,validation,true
DEAL-06993,2025-04-01,validation,true
DEAL-06994,2025-08-28,future_holdout,true
DEAL-06995,2024-10-22,development,true
DEAL-06996,2024-08-05,development,true
DEAL-06997,2025-03-13,validation,true
DEAL-06998,2025-03-15,validation,true
DEAL-06999,2024-12-14,development,true
DEAL-07000,2024-07-14,development,true
DEAL-07001,2024-04-10,development,true
DEAL-07002,2024-03-06,development,true
DEAL-07003,2024-06-04,development,true
DEAL-07004,2024-03-10,development,true
DEAL-07005,2024-06-15,development,true
DEAL-07006,2024-04-30,development,true
DEAL-07007,2025-07-17,future_holdout,true
DEAL-07008,2024-09-05,development,true
DEAL-07009,2024-12-26,development,true
DEAL-07010,2025-02-25,validation,true
DEAL-07011,2024-02-20,development,true
DEAL-07012,2025-07-27,future_holdout,true
DEAL-07013,2025-11-20,future_holdout,true
DEAL-07014,2024-11-01,development,true
DEAL-07015,2025-02-26,validation,true
DEAL-07016,2025-11-01,future_holdout,true
DEAL-07017,2025-12-18,future_holdout,true
DEAL-07018,2025-03-23,validation,true
DEAL-07019,2025-07-26,future_holdout,true
DEAL-07020,2025-11-14,future_holdout,true
DEAL-07021,2025-04-25,validation,true
DEAL-07022,2024-11-04,development,true
DEAL-07023,2025-04-22,validation,true
DEAL-07024,2024-06-24,development,true
DEAL-07025,2025-12-03,future_holdout,true
DEAL-07026,2024-09-28,development,true
DEAL-07027,2025-03-20,validation,true
DEAL-07028,2025-07-04,future_holdout,true
DEAL-07029,2025-12-17,future_holdout,true
DEAL-07030,2025-07-22,future_holdout,true
DEAL-07031,2024-12-16,development,true
DEAL-07032,2025-08-05,future_holdout,true
DEAL-07033,2024-08-18,development,true
DEAL-07034,2025-11-25,future_holdout,true
DEAL-07035,2024-05-14,development,true
DEAL-07036,2024-01-05,development,true
DEAL-07037,2024-04-10,development,true
DEAL-07038,2025-11-12,future_holdout,true
DEAL-07039,2025-03-23,validation,true
DEAL-07040,2025-09-15,future_holdout,true
DEAL-07041,2024-07-22,development,true
DEAL-07042,2024-05-27,development,true
DEAL-07043,2024-06-07,development,true
DEAL-07044,2025-04-17,validation,true
DEAL-07045,2024-02-02,development,true
DEAL-07046,2024-05-20,development,true
DEAL-07047,2024-11-23,development,true
DEAL-07048,2025-04-05,validation,true
DEAL-07049,2024-07-25,development,true
DEAL-07050,2024-09-01,development,true
DEAL-07051,2025-06-20,validation,true
DEAL-07052,2025-08-23,future_holdout,true
DEAL-07053,2025-06-24,validation,true
DEAL-07054,2025-12-20,future_holdout,true
DEAL-07055,2025-09-19,future_holdout,true
DEAL-07056,2025-09-28,future_holdout,true
DEAL-07057,2025-03-18,validation,true
DEAL-07058,2024-06-20,development,true
DEAL-07059,2025-09-09,future_holdout,true
DEAL-07060,2024-09-03,development,true
DEAL-07061,2024-03-15,development,true
DEAL-07062,2025-10-24,future_holdout,true
DEAL-07063,2024-06-24,development,true
DEAL-07064,2025-05-15,validation,true
DEAL-07065,2025-03-24,validation,true
DEAL-07066,2024-11-11,development,true
DEAL-07067,2024-04-30,development,true
DEAL-07068,2025-02-05,validation,true
DEAL-07069,2025-05-12,validation,true
DEAL-07070,2025-09-15,future_holdout,true
DEAL-07071,2024-09-06,development,true
DEAL-07072,2024-11-04,development,true
DEAL-07073,2025-03-08,validation,true
DEAL-07074,2024-05-02,development,true
DEAL-07075,2024-12-27,development,true
DEAL-07076,2025-06-03,validation,true
DEAL-07077,2024-02-29,development,true
DEAL-07078,2024-08-21,development,true
DEAL-07079,2025-11-18,future_holdout,true
DEAL-07080,2025-12-07,future_holdout,true
DEAL-07081,2024-11-20,development,true
DEAL-07082,2024-11-12,development,true
DEAL-07083,2025-05-16,validation,true
DEAL-07084,2024-11-11,development,true
DEAL-07085,2024-11-07,development,true
DEAL-07086,2025-12-25,future_holdout,true
DEAL-07087,2024-01-23,development,true
DEAL-07088,2024-10-08,development,true
DEAL-07089,2025-06-27,validation,true
DEAL-07090,2024-05-12,development,true
DEAL-07091,2025-01-18,validation,true
DEAL-07092,2024-10-21,development,true
DEAL-07093,2024-08-23,development,true
DEAL-07094,2025-06-17,validation,true
DEAL-07095,2024-03-16,development,true
DEAL-07096,2024-03-01,development,true
DEAL-07097,2025-04-16,validation,true
DEAL-07098,2025-02-12,validation,true
DEAL-07099,2025-09-13,future_holdout,true
DEAL-07100,2024-05-24,development,true
DEAL-07101,2025-08-01,future_holdout,true
DEAL-07102,2024-04-23,development,true
DEAL-07103,2025-09-27,future_holdout,true
DEAL-07104,2025-06-21,validation,true
DEAL-07105,2025-11-10,future_holdout,true
DEAL-07106,2025-08-09,future_holdout,true
DEAL-07107,2024-05-12,development,true
DEAL-07108,2025-04-13,validation,true
DEAL-07109,2025-09-06,future_holdout,true
DEAL-07110,2024-10-12,development,true
DEAL-07111,2024-09-25,development,true
DEAL-07112,2025-08-18,future_holdout,true
DEAL-07113,2024-01-07,development,true
DEAL-07114,2024-05-10,development,true
DEAL-07115,2025-04-01,validation,true
DEAL-07116,2025-06-21,validation,true
DEAL-07117,2025-01-21,validation,true
DEAL-07118,2025-06-18,validation,true
DEAL-07119,2025-03-10,validation,true
DEAL-07120,2025-09-30,future_holdout,true
DEAL-07121,2025-06-18,validation,true
DEAL-07122,2025-09-12,future_holdout,true
DEAL-07123,2024-01-28,development,true
DEAL-07124,2024-02-11,development,true
DEAL-07125,2025-03-15,validation,true
DEAL-07126,2025-09-20,future_holdout,true
DEAL-07127,2025-12-23,future_holdout,true
DEAL-07128,2024-05-13,development,true
DEAL-07129,2025-01-24,validation,true
DEAL-07130,2024-11-10,development,true
DEAL-07131,2025-11-25,future_holdout,true
DEAL-07132,2025-05-17,validation,true
DEAL-07133,2024-07-09,development,true
DEAL-07134,2024-05-26,development,true
DEAL-07135,2024-03-26,development,true
DEAL-07136,2024-07-09,development,true
DEAL-07137,2025-03-01,validation,true
DEAL-07138,2024-12-28,development,true
DEAL-07139,2024-03-20,development,true
DEAL-07140,2025-09-24,future_holdout,true
DEAL-07141,2025-04-26,validation,true
DEAL-07142,2024-11-18,development,true
DEAL-07143,2024-08-18,development,true
DEAL-07144,2024-03-04,development,true
DEAL-07145,2024-12-03,development,true
DEAL-07146,2025-12-03,future_holdout,true
DEAL-07147,2025-08-29,future_holdout,true
DEAL-07148,2024-01-14,development,true
DEAL-07149,2024-07-14,development,true
DEAL-07150,2025-05-11,validation,true
DEAL-07151,2024-06-12,development,true
DEAL-07152,2025-07-17,future_holdout,true
DEAL-07153,2024-08-16,development,true
DEAL-07154,2025-03-08,validation,true
DEAL-07155,2025-09-14,future_holdout,true
DEAL-07156,2024-09-05,development,true
DEAL-07157,2025-10-26,future_holdout,true
DEAL-07158,2025-10-10,future_holdout,true
DEAL-07159,2025-10-17,future_holdout,true
DEAL-07160,2025-07-18,future_holdout,true
DEAL-07161,2024-08-29,development,true
DEAL-07162,2024-09-07,development,true
DEAL-07163,2025-06-30,validation,true
DEAL-07164,2025-02-12,validation,true
DEAL-07165,2025-05-10,validation,true
DEAL-07166,2024-08-11,development,true
DEAL-07167,2024-04-25,development,true
DEAL-07168,2024-07-07,development,true
DEAL-07169,2025-04-08,validation,true
DEAL-07170,2024-12-18,development,true
DEAL-07171,2025-05-17,validation,true
DEAL-07172,2024-01-27,development,true
DEAL-07173,2024-10-25,development,true
DEAL-07174,2025-08-19,future_holdout,true
DEAL-07175,2025-04-01,validation,true
DEAL-07176,2025-03-11,validation,true
DEAL-07177,2025-10-13,future_holdout,true
DEAL-07178,2024-06-06,development,true
DEAL-07179,2024-07-12,development,true
DEAL-07180,2025-05-14,validation,true
DEAL-07181,2024-01-20,development,true
DEAL-07182,2024-02-28,development,true
DEAL-07183,2025-04-20,validation,true
DEAL-07184,2025-08-07,future_holdout,true
DEAL-07185,2024-11-28,development,true
DEAL-07186,2025-04-13,validation,true
DEAL-07187,2024-01-11,development,true
DEAL-07188,2025-09-16,future_holdout,true
DEAL-07189,2025-09-09,future_holdout,true
DEAL-07190,2024-12-18,development,true
DEAL-07191,2025-03-11,validation,true
DEAL-07192,2024-04-10,development,true
DEAL-07193,2025-05-23,validation,true
DEAL-07194,2024-01-13,development,true
DEAL-07195,2024-06-14,development,true
DEAL-07196,2025-08-22,future_holdout,true
DEAL-07197,2025-07-12,future_holdout,true
DEAL-07198,2024-06-19,development,true
DEAL-07199,2024-01-29,development,true
DEAL-07200,2025-11-30,future_holdout,true
DEAL-07201,2025-03-21,validation,true
DEAL-07202,2025-01-01,validation,true
DEAL-07203,2024-03-24,development,true
DEAL-07204,2024-06-05,development,true
DEAL-07205,2024-12-17,development,true
DEAL-07206,2025-03-21,validation,true
DEAL-07207,2025-04-16,validation,true
DEAL-07208,2024-04-05,development,true
DEAL-07209,2024-09-13,development,true
DEAL-07210,2025-06-26,validation,true
DEAL-07211,2025-01-13,validation,true
DEAL-07212,2025-11-05,future_holdout,true
DEAL-07213,2025-03-26,validation,true
DEAL-07214,2024-01-09,development,true
DEAL-07215,2024-03-13,development,true
DEAL-07216,2024-09-27,development,true
DEAL-07217,2025-12-15,future_holdout,true
DEAL-07218,2025-03-27,validation,true
DEAL-07219,2025-10-21,future_holdout,true
DEAL-07220,2024-11-07,development,true
DEAL-07221,2025-10-14,future_holdout,true
DEAL-07222,2025-02-17,validation,true
DEAL-07223,2025-08-14,future_holdout,true
DEAL-07224,2025-01-01,validation,true
DEAL-07225,2024-08-22,development,true
DEAL-07226,2024-05-06,development,true
DEAL-07227,2024-10-29,development,true
DEAL-07228,2025-09-05,future_holdout,true
DEAL-07229,2025-06-06,validation,true
DEAL-07230,2025-01-14,validation,true
DEAL-07231,2025-11-09,future_holdout,true
DEAL-07232,2025-12-26,future_holdout,true
DEAL-07233,2025-08-13,future_holdout,true
DEAL-07234,2024-09-04,development,true
DEAL-07235,2025-05-19,validation,true
DEAL-07236,2024-03-18,development,true
DEAL-07237,2024-03-27,development,true
DEAL-07238,2025-10-15,future_holdout,true
DEAL-07239,2025-11-29,future_holdout,true
DEAL-07240,2025-08-16,future_holdout,true
DEAL-07241,2025-07-22,future_holdout,true
DEAL-07242,2024-12-19,development,true
DEAL-07243,2025-12-06,future_holdout,true
DEAL-07244,2025-04-08,validation,true
DEAL-07245,2024-10-22,development,true
DEAL-07246,2025-01-09,validation,true
DEAL-07247,2025-12-12,future_holdout,true
DEAL-07248,2024-09-21,development,true
DEAL-07249,2024-09-09,development,true
DEAL-07250,2025-04-22,validation,true
DEAL-07251,2024-07-27,development,true
DEAL-07252,2024-08-16,development,true
DEAL-07253,2025-02-20,validation,true
DEAL-07254,2024-09-21,development,true
DEAL-07255,2024-08-04,development,true
DEAL-07256,2024-05-31,development,true
DEAL-07257,2025-07-01,future_holdout,true
DEAL-07258,2024-04-06,development,true
DEAL-07259,2025-10-03,future_holdout,true
DEAL-07260,2025-08-21,future_holdout,true
DEAL-07261,2024-09-14,development,true
DEAL-07262,2024-08-03,development,true
DEAL-07263,2024-05-06,development,true
DEAL-07264,2025-03-03,validation,true
DEAL-07265,2025-10-28,future_holdout,true
DEAL-07266,2025-07-27,future_holdout,true
DEAL-07267,2024-02-01,development,true
DEAL-07268,2024-12-24,development,true
DEAL-07269,2024-09-19,development,true
DEAL-07270,2025-09-28,future_holdout,true
DEAL-07271,2025-11-15,future_holdout,true
DEAL-07272,2025-03-28,validation,true
DEAL-07273,2024-11-11,development,true
DEAL-07274,2025-02-16,validation,true
DEAL-07275,2025-04-06,validation,true
DEAL-07276,2025-01-28,validation,true
DEAL-07277,2025-08-03,future_holdout,true
DEAL-07278,2024-05-23,development,true
DEAL-07279,2025-07-23,future_holdout,true
DEAL-07280,2025-01-11,validation,true
DEAL-07281,2024-09-23,development,true
DEAL-07282,2025-04-08,validation,true
DEAL-07283,2024-10-16,development,true
DEAL-07284,2024-02-20,development,true
DEAL-07285,2025-07-13,future_holdout,true
DEAL-07286,2024-01-26,development,true
DEAL-07287,2025-08-10,future_holdout,true
DEAL-07288,2024-06-18,development,true
DEAL-07289,2025-11-29,future_holdout,true
DEAL-07290,2025-09-25,future_holdout,true
DEAL-07291,2024-02-12,development,true
DEAL-07292,2024-02-06,development,true
DEAL-07293,2025-12-04,future_holdout,true
DEAL-07294,2025-06-26,validation,true
DEAL-07295,2025-11-06,future_holdout,true
DEAL-07296,2025-09-15,future_holdout,true
DEAL-07297,2024-11-23,development,true
DEAL-07298,2025-02-19,validation,true
DEAL-07299,2024-08-17,development,true
DEAL-07300,2024-09-27,development,true
DEAL-07301,2025-08-26,future_holdout,true
DEAL-07302,2024-04-27,development,true
DEAL-07303,2025-03-30,validation,true
DEAL-07304,2025-08-31,future_holdout,true
DEAL-07305,2025-10-17,future_holdout,true
DEAL-07306,2024-07-23,development,true
DEAL-07307,2024-02-08,development,true
DEAL-07308,2024-05-03,development,true
DEAL-07309,2024-06-24,development,true
DEAL-07310,2024-10-15,development,true
DEAL-07311,2025-02-04,validation,true
DEAL-07312,2024-10-17,development,true
DEAL-07313,2025-03-20,validation,true
DEAL-07314,2025-01-19,validation,true
DEAL-07315,2025-06-03,validation,true
DEAL-07316,2025-10-05,future_holdout,true
DEAL-07317,2025-03-11,validation,true
DEAL-07318,2024-01-18,development,true
DEAL-07319,2025-04-15,validation,true
DEAL-07320,2025-08-14,future_holdout,true
DEAL-07321,2024-08-27,development,true
DEAL-07322,2024-12-17,development,true
DEAL-07323,2024-04-29,development,true
DEAL-07324,2024-10-04,development,true
DEAL-07325,2024-08-15,development,true
DEAL-07326,2024-08-08,development,true
DEAL-07327,2024-02-15,development,true
DEAL-07328,2025-08-08,future_holdout,true
DEAL-07329,2025-07-22,future_holdout,true
DEAL-07330,2025-07-12,future_holdout,true
DEAL-07331,2025-11-29,future_holdout,true
DEAL-07332,2025-07-24,future_holdout,true
DEAL-07333,2024-05-25,development,true
DEAL-07334,2025-01-27,validation,true
DEAL-07335,2025-05-19,validation,true
DEAL-07336,2024-06-29,development,true
DEAL-07337,2025-09-05,future_holdout,true
DEAL-07338,2025-11-27,future_holdout,true
DEAL-07339,2025-05-24,validation,true
DEAL-07340,2025-10-03,future_holdout,true
DEAL-07341,2025-07-27,future_holdout,true
DEAL-07342,2024-09-15,development,true
DEAL-07343,2024-11-13,development,true
DEAL-07344,2025-01-11,validation,true
DEAL-07345,2024-12-24,development,true
DEAL-07346,2025-10-16,future_holdout,true
DEAL-07347,2025-12-21,future_holdout,true
DEAL-07348,2024-05-29,development,true
DEAL-07349,2024-01-13,development,true
DEAL-07350,2024-11-07,development,true
DEAL-07351,2024-06-10,development,true
DEAL-07352,2025-08-30,future_holdout,true
DEAL-07353,2025-02-21,validation,true
DEAL-07354,2025-04-15,validation,true
DEAL-07355,2024-12-11,development,true
DEAL-07356,2024-01-22,development,true
DEAL-07357,2025-01-04,validation,true
DEAL-07358,2025-09-26,future_holdout,true
DEAL-07359,2024-05-07,development,true
DEAL-07360,2025-07-20,future_holdout,true
DEAL-07361,2025-03-03,validation,true
DEAL-07362,2025-12-02,future_holdout,true
DEAL-07363,2025-05-30,validation,true
DEAL-07364,2025-05-28,validation,true
DEAL-07365,2024-01-25,development,true
DEAL-07366,2024-06-12,development,true
DEAL-07367,2025-05-01,validation,true
DEAL-07368,2025-09-24,future_holdout,true
DEAL-07369,2025-10-18,future_holdout,true
DEAL-07370,2024-05-26,development,true
DEAL-07371,2025-04-19,validation,true
DEAL-07372,2024-06-13,development,true
DEAL-07373,2025-05-02,validation,true
DEAL-07374,2024-02-04,development,true
DEAL-07375,2024-05-25,development,true
DEAL-07376,2024-06-08,development,true
DEAL-07377,2024-06-28,development,true
DEAL-07378,2024-04-10,development,true
DEAL-07379,2024-12-01,development,true
DEAL-07380,2024-10-26,development,true
DEAL-07381,2025-10-28,future_holdout,true
DEAL-07382,2024-12-17,development,true
DEAL-07383,2025-01-04,validation,true
DEAL-07384,2025-07-24,future_holdout,true
DEAL-07385,2024-12-26,development,true
DEAL-07386,2024-08-08,development,true
DEAL-07387,2024-03-24,development,true
DEAL-07388,2025-08-19,future_holdout,true
DEAL-07389,2024-11-24,development,true
DEAL-07390,2025-03-01,validation,true
DEAL-07391,2025-12-20,future_holdout,true
DEAL-07392,2024-09-23,development,true
DEAL-07393,2024-09-06,development,true
DEAL-07394,2024-08-09,development,true
DEAL-07395,2024-02-01,development,true
DEAL-07396,2024-12-21,development,true
DEAL-07397,2025-04-01,validation,true
DEAL-07398,2025-03-04,validation,true
DEAL-07399,2024-10-12,development,true
DEAL-07400,2025-09-26,future_holdout,true
DEAL-07401,2025-06-23,validation,true
DEAL-07402,2025-03-27,validation,true
DEAL-07403,2024-08-05,development,true
DEAL-07404,2025-01-04,validation,true
DEAL-07405,2024-11-15,development,true
DEAL-07406,2025-04-06,validation,true
DEAL-07407,2024-07-01,development,true
DEAL-07408,2025-10-16,future_holdout,true
DEAL-07409,2024-03-29,development,true
DEAL-07410,2024-03-01,development,true
DEAL-07411,2025-02-24,validation,true
DEAL-07412,2025-05-20,validation,true
DEAL-07413,2025-09-02,future_holdout,true
DEAL-07414,2024-04-13,development,true
DEAL-07415,2025-03-03,validation,true
DEAL-07416,2025-07-08,future_holdout,true
DEAL-07417,2025-12-15,future_holdout,true
DEAL-07418,2024-01-01,development,true
DEAL-07419,2024-01-13,development,true
DEAL-07420,2025-04-08,validation,true
DEAL-07421,2024-09-15,development,true
DEAL-07422,2024-01-06,development,true
DEAL-07423,2025-03-19,validation,true
DEAL-07424,2025-04-25,validation,true
DEAL-07425,2024-10-31,development,true
DEAL-07426,2024-03-17,development,true
DEAL-07427,2024-09-15,development,true
DEAL-07428,2025-08-09,future_holdout,true
DEAL-07429,2025-10-08,future_holdout,true
DEAL-07430,2024-10-07,development,true
DEAL-07431,2025-03-12,validation,true
DEAL-07432,2024-06-02,development,true
DEAL-07433,2025-04-19,validation,true
DEAL-07434,2025-12-30,future_holdout,true
DEAL-07435,2024-08-08,development,true
DEAL-07436,2025-04-04,validation,true
DEAL-07437,2025-04-02,validation,true
DEAL-07438,2024-10-27,development,true
DEAL-07439,2025-03-22,validation,true
DEAL-07440,2024-08-08,development,true
DEAL-07441,2025-12-21,future_holdout,true
DEAL-07442,2024-12-14,development,true
DEAL-07443,2024-05-11,development,true
DEAL-07444,2024-02-16,development,true
DEAL-07445,2025-10-18,future_holdout,true
DEAL-07446,2024-10-25,development,true
DEAL-07447,2024-11-08,development,true
DEAL-07448,2025-12-27,future_holdout,true
DEAL-07449,2025-03-16,validation,true
DEAL-07450,2024-12-15,development,true
DEAL-07451,2025-10-30,future_holdout,true
DEAL-07452,2024-12-26,development,true
DEAL-07453,2024-08-09,development,true
DEAL-07454,2024-09-16,development,true
DEAL-07455,2025-05-19,validation,true
DEAL-07456,2025-05-01,validation,true
DEAL-07457,2024-04-02,development,true
DEAL-07458,2024-08-27,development,true
DEAL-07459,2024-04-28,development,true
DEAL-07460,2024-01-03,development,true
DEAL-07461,2024-07-17,development,true
DEAL-07462,2024-04-28,development,true
DEAL-07463,2024-09-29,development,true
DEAL-07464,2024-01-28,development,true
DEAL-07465,2025-05-13,validation,true
DEAL-07466,2025-01-09,validation,true
DEAL-07467,2024-06-11,development,true
DEAL-07468,2025-01-27,validation,true
DEAL-07469,2025-05-02,validation,true
DEAL-07470,2024-12-22,development,true
DEAL-07471,2025-03-17,validation,true
DEAL-07472,2025-05-23,validation,true
DEAL-07473,2025-04-23,validation,true
DEAL-07474,2024-07-12,development,true
DEAL-07475,2024-05-18,development,true
DEAL-07476,2025-09-30,future_holdout,true
DEAL-07477,2025-12-12,future_holdout,true
DEAL-07478,2024-02-12,development,true
DEAL-07479,2025-02-25,validation,true
DEAL-07480,2024-02-04,development,true
DEAL-07481,2024-10-24,development,true
DEAL-07482,2025-04-07,validation,true
DEAL-07483,2025-09-25,future_holdout,true
DEAL-07484,2024-09-03,development,true
DEAL-07485,2025-03-09,validation,true
DEAL-07486,2024-04-20,development,true
DEAL-07487,2024-12-09,development,true
DEAL-07488,2025-05-18,validation,true
DEAL-07489,2025-04-10,validation,true
DEAL-07490,2025-03-07,validation,true
DEAL-07491,2024-02-29,development,true
DEAL-07492,2024-04-23,development,true
DEAL-07493,2025-07-23,future_holdout,true
DEAL-07494,2025-02-28,validation,true
DEAL-07495,2024-10-28,development,true
DEAL-07496,2024-01-18,development,true
DEAL-07497,2024-08-27,development,true
DEAL-07498,2025-12-13,future_holdout,true
DEAL-07499,2024-07-15,development,true
DEAL-07500,2024-02-05,development,true
DEAL-07501,2024-04-03,development,true
DEAL-07502,2024-01-17,development,true
DEAL-07503,2024-05-02,development,true
DEAL-07504,2025-11-15,future_holdout,true
DEAL-07505,2024-01-02,development,true
DEAL-07506,2025-04-28,validation,true
DEAL-07507,2024-03-16,development,true
DEAL-07508,2024-06-11,development,true
DEAL-07509,2025-10-25,future_holdout,true
DEAL-07510,2024-02-03,development,true
DEAL-07511,2025-03-10,validation,true
DEAL-07512,2025-07-13,future_holdout,true
DEAL-07513,2024-12-17,development,true
DEAL-07514,2025-07-01,future_holdout,true
DEAL-07515,2024-01-24,development,true
DEAL-07516,2025-07-22,future_holdout,true
DEAL-07517,2024-11-28,development,true
DEAL-07518,2025-02-08,validation,true
DEAL-07519,2025-10-30,future_holdout,true
DEAL-07520,2025-03-12,validation,true
DEAL-07521,2025-03-08,validation,true
DEAL-07522,2025-07-23,future_holdout,true
DEAL-07523,2024-02-24,development,true
DEAL-07524,2025-12-30,future_holdout,true
DEAL-07525,2024-06-18,development,true
DEAL-07526,2024-01-20,development,true
DEAL-07527,2024-10-03,development,true
DEAL-07528,2024-06-20,development,true
DEAL-07529,2024-09-30,development,true
DEAL-07530,2025-08-11,future_holdout,true
DEAL-07531,2024-03-21,development,true
DEAL-07532,2025-09-24,future_holdout,true
DEAL-07533,2025-10-06,future_holdout,true
DEAL-07534,2024-11-12,development,true
DEAL-07535,2024-02-10,development,true
DEAL-07536,2024-10-10,development,true
DEAL-07537,2024-10-05,development,true
DEAL-07538,2025-10-25,future_holdout,true
DEAL-07539,2025-04-07,validation,true
DEAL-07540,2024-03-09,development,true
DEAL-07541,2024-06-01,development,true
DEAL-07542,2025-12-11,future_holdout,true
DEAL-07543,2025-10-19,future_holdout,true
DEAL-07544,2024-09-07,development,true
DEAL-07545,2024-03-11,development,true
DEAL-07546,2025-12-30,future_holdout,true
DEAL-07547,2024-06-16,development,true
DEAL-07548,2024-10-01,development,true
DEAL-07549,2025-08-16,future_holdout,true
DEAL-07550,2025-06-20,validation,true
DEAL-07551,2024-11-05,development,true
DEAL-07552,2025-05-27,validation,true
DEAL-07553,2024-07-04,development,true
DEAL-07554,2024-01-25,development,true
DEAL-07555,2024-01-06,development,true
DEAL-07556,2024-02-26,development,true
DEAL-07557,2025-10-12,future_holdout,true
DEAL-07558,2024-12-21,development,true
DEAL-07559,2025-08-24,future_holdout,true
DEAL-07560,2025-06-25,validation,true
DEAL-07561,2024-09-30,development,true
DEAL-07562,2025-08-23,future_holdout,true
DEAL-07563,2025-10-04,future_holdout,true
DEAL-07564,2025-05-21,validation,true
DEAL-07565,2025-10-26,future_holdout,true
DEAL-07566,2024-04-12,development,true
DEAL-07567,2024-06-07,development,true
DEAL-07568,2024-12-04,development,true
DEAL-07569,2025-05-22,validation,true
DEAL-07570,2025-08-26,future_holdout,true
DEAL-07571,2025-02-04,validation,true
DEAL-07572,2024-08-31,development,true
DEAL-07573,2024-07-28,development,true
DEAL-07574,2025-06-02,validation,true
DEAL-07575,2025-08-31,future_holdout,true
DEAL-07576,2025-02-05,validation,true
DEAL-07577,2024-12-19,development,true
DEAL-07578,2025-10-24,future_holdout,true
DEAL-07579,2025-03-27,validation,true
DEAL-07580,2024-09-08,development,true
DEAL-07581,2025-02-23,validation,true
DEAL-07582,2025-06-23,validation,true
DEAL-07583,2025-09-26,future_holdout,true
DEAL-07584,2024-11-21,development,true
DEAL-07585,2024-06-22,development,true
DEAL-07586,2025-04-25,validation,true
DEAL-07587,2024-04-26,development,true
DEAL-07588,2025-09-18,future_holdout,true
DEAL-07589,2024-01-10,development,true
DEAL-07590,2025-03-28,validation,true
DEAL-07591,2025-10-04,future_holdout,true
DEAL-07592,2025-08-08,future_holdout,true
DEAL-07593,2024-10-30,development,true
DEAL-07594,2025-01-10,validation,true
DEAL-07595,2025-04-12,validation,true
DEAL-07596,2024-06-14,development,true
DEAL-07597,2025-08-02,future_holdout,true
DEAL-07598,2024-01-13,development,true
DEAL-07599,2024-10-14,development,true
DEAL-07600,2025-11-21,future_holdout,true
DEAL-07601,2025-03-04,validation,true
DEAL-07602,2025-08-18,future_holdout,true
DEAL-07603,2024-01-28,development,true
DEAL-07604,2025-06-04,validation,true
DEAL-07605,2024-06-21,development,true
DEAL-07606,2025-07-18,future_holdout,true
DEAL-07607,2024-10-08,development,true
DEAL-07608,2024-07-02,development,true
DEAL-07609,2024-05-08,development,true
DEAL-07610,2024-12-21,development,true
DEAL-07611,2024-08-07,development,true
DEAL-07612,2024-08-20,development,true
DEAL-07613,2024-01-21,development,true
DEAL-07614,2025-06-09,validation,true
DEAL-07615,2025-01-10,validation,true
DEAL-07616,2024-06-23,development,true
DEAL-07617,2025-07-15,future_holdout,true
DEAL-07618,2024-03-30,development,true
DEAL-07619,2024-10-14,development,true
DEAL-07620,2025-05-07,validation,true
DEAL-07621,2025-10-30,future_holdout,true
DEAL-07622,2024-08-25,development,true
DEAL-07623,2024-10-21,development,true
DEAL-07624,2025-10-21,future_holdout,true
DEAL-07625,2024-06-17,development,true
DEAL-07626,2024-12-25,development,true
DEAL-07627,2024-05-25,development,true
DEAL-07628,2025-01-16,validation,true
DEAL-07629,2024-01-23,development,true
DEAL-07630,2025-11-30,future_holdout,true
DEAL-07631,2025-04-21,validation,true
DEAL-07632,2024-06-10,development,true
DEAL-07633,2025-04-02,validation,true
DEAL-07634,2024-11-05,development,true
DEAL-07635,2024-05-04,development,true
DEAL-07636,2025-03-27,validation,true
DEAL-07637,2024-11-04,development,true
DEAL-07638,2025-01-11,validation,true
DEAL-07639,2024-11-21,development,true
DEAL-07640,2024-10-22,development,true
DEAL-07641,2025-08-22,future_holdout,true
DEAL-07642,2024-04-23,development,true
DEAL-07643,2025-09-24,future_holdout,true
DEAL-07644,2024-08-03,development,true
DEAL-07645,2024-08-02,development,true
DEAL-07646,2025-05-02,validation,true
DEAL-07647,2024-08-17,development,true
DEAL-07648,2025-04-24,validation,true
DEAL-07649,2025-06-14,validation,true
DEAL-07650,2025-03-03,validation,true
DEAL-07651,2025-07-10,future_holdout,true
DEAL-07652,2025-03-27,validation,true
DEAL-07653,2025-12-19,future_holdout,true
DEAL-07654,2025-06-02,validation,true
DEAL-07655,2024-01-25,development,true
DEAL-07656,2024-07-07,development,true
DEAL-07657,2025-12-03,future_holdout,true
DEAL-07658,2025-12-31,future_holdout,true
DEAL-07659,2024-07-12,development,true
DEAL-07660,2024-09-16,development,true
DEAL-07661,2024-05-13,development,true
DEAL-07662,2025-12-09,future_holdout,true
DEAL-07663,2024-12-31,development,true
DEAL-07664,2024-05-23,development,true
DEAL-07665,2024-07-22,development,true
DEAL-07666,2025-09-28,future_holdout,true
DEAL-07667,2024-11-15,development,true
DEAL-07668,2025-06-11,validation,true
DEAL-07669,2024-03-11,development,true
DEAL-07670,2024-09-23,development,true
DEAL-07671,2025-06-12,validation,true
DEAL-07672,2024-06-10,development,true
DEAL-07673,2024-04-12,development,true
DEAL-07674,2025-01-28,validation,true
DEAL-07675,2024-07-11,development,true
DEAL-07676,2024-02-07,development,true
DEAL-07677,2024-06-29,development,true
DEAL-07678,2025-11-29,future_holdout,true
DEAL-07679,2024-09-13,development,true
DEAL-07680,2024-12-27,development,true
DEAL-07681,2024-07-30,development,true
DEAL-07682,2024-01-22,development,true
DEAL-07683,2025-07-15,future_holdout,true
DEAL-07684,2025-12-09,future_holdout,true
DEAL-07685,2024-12-14,development,true
DEAL-07686,2025-03-15,validation,true
DEAL-07687,2025-06-10,validation,true
DEAL-07688,2025-11-12,future_holdout,true
DEAL-07689,2024-09-18,development,true
DEAL-07690,2024-01-06,development,true
DEAL-07691,2025-02-11,validation,true
DEAL-07692,2024-04-24,development,true
DEAL-07693,2024-07-08,development,true
DEAL-07694,2025-12-28,future_holdout,true
DEAL-07695,2025-09-02,future_holdout,true
DEAL-07696,2025-12-17,future_holdout,true
DEAL-07697,2025-07-27,future_holdout,true
DEAL-07698,2025-12-11,future_holdout,true
DEAL-07699,2025-07-28,future_holdout,true
DEAL-07700,2024-12-12,development,true
DEAL-07701,2024-11-11,development,true
DEAL-07702,2025-06-12,validation,true
DEAL-07703,2024-12-07,development,true
DEAL-07704,2024-06-10,development,true
DEAL-07705,2024-06-10,development,true
DEAL-07706,2025-01-19,validation,true
DEAL-07707,2025-04-08,validation,true
DEAL-07708,2025-12-05,future_holdout,true
DEAL-07709,2025-01-19,validation,true
DEAL-07710,2024-07-15,development,true
DEAL-07711,2025-12-01,future_holdout,true
DEAL-07712,2025-08-18,future_holdout,true
DEAL-07713,2025-04-11,validation,true
DEAL-07714,2025-03-23,validation,true
DEAL-07715,2025-08-04,future_holdout,true
DEAL-07716,2025-05-09,validation,true
DEAL-07717,2024-09-27,development,true
DEAL-07718,2024-11-01,development,true
DEAL-07719,2024-05-05,development,true
DEAL-07720,2024-03-14,development,true
DEAL-07721,2024-02-26,development,true
DEAL-07722,2025-11-07,future_holdout,true
DEAL-07723,2025-09-26,future_holdout,true
DEAL-07724,2025-10-12,future_holdout,true
DEAL-07725,2024-01-15,development,true
DEAL-07726,2024-05-07,development,true
DEAL-07727,2024-12-20,development,true
DEAL-07728,2025-11-30,future_holdout,true
DEAL-07729,2025-04-26,validation,true
DEAL-07730,2025-07-08,future_holdout,true
DEAL-07731,2024-05-29,development,true
DEAL-07732,2024-06-25,development,true
DEAL-07733,2025-06-19,validation,true
DEAL-07734,2025-02-04,validation,true
DEAL-07735,2024-11-12,development,true
DEAL-07736,2025-12-31,future_holdout,true
DEAL-07737,2024-09-21,development,true
DEAL-07738,2024-01-27,development,true
DEAL-07739,2024-06-13,development,true
DEAL-07740,2024-10-24,development,true
DEAL-07741,2025-08-05,future_holdout,true
DEAL-07742,2024-03-21,development,true
DEAL-07743,2024-04-20,development,true
DEAL-07744,2025-12-10,future_holdout,true
DEAL-07745,2025-01-19,validation,true
DEAL-07746,2025-09-27,future_holdout,true
DEAL-07747,2024-05-21,development,true
DEAL-07748,2025-01-17,validation,true
DEAL-07749,2025-07-30,future_holdout,true
DEAL-07750,2024-11-10,development,true
DEAL-07751,2024-06-22,development,true
DEAL-07752,2025-02-12,validation,true
DEAL-07753,2024-01-03,development,true
DEAL-07754,2025-10-27,future_holdout,true
DEAL-07755,2024-06-27,development,true
DEAL-07756,2025-09-07,future_holdout,true
DEAL-07757,2024-12-21,development,true
DEAL-07758,2025-12-12,future_holdout,true
DEAL-07759,2024-11-21,development,true
DEAL-07760,2024-04-18,development,true
DEAL-07761,2025-11-08,future_holdout,true
DEAL-07762,2025-01-16,validation,true
DEAL-07763,2024-05-02,development,true
DEAL-07764,2025-07-11,future_holdout,true
DEAL-07765,2025-08-16,future_holdout,true
DEAL-07766,2024-06-28,development,true
DEAL-07767,2025-09-29,future_holdout,true
DEAL-07768,2024-07-11,development,true
DEAL-07769,2025-07-21,future_holdout,true
DEAL-07770,2025-09-04,future_holdout,true
DEAL-07771,2024-07-26,development,true
DEAL-07772,2024-08-14,development,true
DEAL-07773,2024-07-11,development,true
DEAL-07774,2025-07-30,future_holdout,true
DEAL-07775,2025-05-16,validation,true
DEAL-07776,2024-03-23,development,true
DEAL-07777,2024-01-12,development,true
DEAL-07778,2025-03-21,validation,true
DEAL-07779,2024-08-20,development,true
DEAL-07780,2025-04-05,validation,true
DEAL-07781,2025-06-20,validation,true
DEAL-07782,2025-10-16,future_holdout,true
DEAL-07783,2025-10-21,future_holdout,true
DEAL-07784,2024-09-11,development,true
DEAL-07785,2025-04-20,validation,true
DEAL-07786,2025-01-02,validation,true
DEAL-07787,2024-04-10,development,true
DEAL-07788,2025-09-28,future_holdout,true
DEAL-07789,2025-08-22,future_holdout,true
DEAL-07790,2025-02-13,validation,true
DEAL-07791,2024-09-09,development,true
DEAL-07792,2024-01-07,development,true
DEAL-07793,2025-06-25,validation,true
DEAL-07794,2024-04-04,development,true
DEAL-07795,2024-02-08,development,true
DEAL-07796,2024-08-20,development,true
DEAL-07797,2024-04-13,development,true
DEAL-07798,2025-06-19,validation,true
DEAL-07799,2024-11-17,development,true
DEAL-07800,2024-09-10,development,true
DEAL-07801,2025-07-31,future_holdout,true
DEAL-07802,2025-11-07,future_holdout,true
DEAL-07803,2025-09-25,future_holdout,true
DEAL-07804,2025-11-04,future_holdout,true
DEAL-07805,2025-09-02,future_holdout,true
DEAL-07806,2024-09-14,development,true
DEAL-07807,2024-05-06,development,true
DEAL-07808,2024-02-25,development,true
DEAL-07809,2025-06-14,validation,true
DEAL-07810,2025-07-28,future_holdout,true
DEAL-07811,2025-11-11,future_holdout,true
DEAL-07812,2025-12-15,future_holdout,true
DEAL-07813,2024-12-28,development,true
DEAL-07814,2025-11-09,future_holdout,true
DEAL-07815,2024-02-09,development,true
DEAL-07816,2025-09-07,future_holdout,true
DEAL-07817,2025-05-13,validation,true
DEAL-07818,2025-03-21,validation,true
DEAL-07819,2024-07-15,development,true
DEAL-07820,2024-05-06,development,true
DEAL-07821,2024-01-13,development,true
DEAL-07822,2024-08-30,development,true
DEAL-07823,2024-02-13,development,true
DEAL-07824,2024-11-07,development,true
DEAL-07825,2024-10-30,development,true
DEAL-07826,2025-07-17,future_holdout,true
DEAL-07827,2025-04-16,validation,true
DEAL-07828,2025-05-21,validation,true
DEAL-07829,2025-06-03,validation,true
DEAL-07830,2024-04-21,development,true
DEAL-07831,2024-06-11,development,true
DEAL-07832,2025-09-17,future_holdout,true
DEAL-07833,2024-02-09,development,true
DEAL-07834,2025-10-25,future_holdout,true
DEAL-07835,2025-12-07,future_holdout,true
DEAL-07836,2025-09-11,future_holdout,true
DEAL-07837,2024-02-17,development,true
DEAL-07838,2024-07-25,development,true
DEAL-07839,2025-01-08,validation,true
DEAL-07840,2025-02-12,validation,true
DEAL-07841,2024-02-06,development,true
DEAL-07842,2025-04-08,validation,true
DEAL-07843,2025-02-08,validation,true
DEAL-07844,2025-01-24,validation,true
DEAL-07845,2025-12-25,future_holdout,true
DEAL-07846,2024-03-27,development,true
DEAL-07847,2025-07-11,future_holdout,true
DEAL-07848,2025-11-30,future_holdout,true
DEAL-07849,2024-08-02,development,true
DEAL-07850,2025-04-03,validation,true
DEAL-07851,2024-04-12,development,true
DEAL-07852,2024-08-09,development,true
DEAL-07853,2025-07-19,future_holdout,true
DEAL-07854,2024-02-22,development,true
DEAL-07855,2025-02-09,validation,true
DEAL-07856,2024-11-03,development,true
DEAL-07857,2025-03-27,validation,true
DEAL-07858,2025-05-22,validation,true
DEAL-07859,2024-10-28,development,true
DEAL-07860,2025-08-02,future_holdout,true
DEAL-07861,2024-01-16,development,true
DEAL-07862,2025-12-07,future_holdout,true
DEAL-07863,2024-07-07,development,true
DEAL-07864,2024-05-18,development,true
DEAL-07865,2024-06-23,development,true
DEAL-07866,2024-03-01,development,true
DEAL-07867,2024-11-02,development,true
DEAL-07868,2024-02-28,development,true
DEAL-07869,2024-05-26,development,true
DEAL-07870,2024-03-05,development,true
DEAL-07871,2025-07-19,future_holdout,true
DEAL-07872,2024-03-10,development,true
DEAL-07873,2024-07-12,development,true
DEAL-07874,2024-01-29,development,true
DEAL-07875,2024-08-07,development,true
DEAL-07876,2025-06-01,validation,true
DEAL-07877,2025-07-28,future_holdout,true
DEAL-07878,2024-09-28,development,true
DEAL-07879,2025-12-20,future_holdout,true
DEAL-07880,2024-08-24,development,true
DEAL-07881,2025-12-16,future_holdout,true
DEAL-07882,2025-12-12,future_holdout,true
DEAL-07883,2025-08-11,future_holdout,true
DEAL-07884,2025-06-15,validation,true
DEAL-07885,2025-04-19,validation,true
DEAL-07886,2024-12-30,development,true
DEAL-07887,2024-09-21,development,true
DEAL-07888,2025-03-25,validation,true
DEAL-07889,2025-04-03,validation,true
DEAL-07890,2025-02-15,validation,true
DEAL-07891,2025-12-24,future_holdout,true
DEAL-07892,2024-10-30,development,true
DEAL-07893,2024-02-14,development,true
DEAL-07894,2025-11-14,future_holdout,true
DEAL-07895,2025-12-11,future_holdout,true
DEAL-07896,2025-10-22,future_holdout,true
DEAL-07897,2024-05-10,development,true
DEAL-07898,2024-06-05,development,true
DEAL-07899,2024-10-12,development,true
DEAL-07900,2024-04-09,development,true
DEAL-07901,2025-01-26,validation,true
DEAL-07902,2024-10-21,development,true
DEAL-07903,2025-05-07,validation,true
DEAL-07904,2025-04-03,validation,true
DEAL-07905,2025-01-01,validation,true
DEAL-07906,2024-01-03,development,true
DEAL-07907,2024-10-15,development,true
DEAL-07908,2024-09-14,development,true
DEAL-07909,2025-10-07,future_holdout,true
DEAL-07910,2025-04-11,validation,true
DEAL-07911,2024-05-22,development,true
DEAL-07912,2025-09-14,future_holdout,true
DEAL-07913,2025-10-25,future_holdout,true
DEAL-07914,2025-08-22,future_holdout,true
DEAL-07915,2024-09-01,development,true
DEAL-07916,2024-11-20,development,true
DEAL-07917,2024-11-21,development,true
DEAL-07918,2024-05-02,development,true
DEAL-07919,2025-08-04,future_holdout,true
DEAL-07920,2025-02-13,validation,true
DEAL-07921,2025-03-29,validation,true
DEAL-07922,2024-12-22,development,true
DEAL-07923,2024-04-29,development,true
DEAL-07924,2025-08-26,future_holdout,true
DEAL-07925,2024-03-15,development,true
DEAL-07926,2025-06-02,validation,true
DEAL-07927,2024-12-12,development,true
DEAL-07928,2025-05-02,validation,true
DEAL-07929,2024-11-26,development,true
DEAL-07930,2025-07-26,future_holdout,true
DEAL-07931,2024-02-03,development,true
DEAL-07932,2024-06-09,development,true
DEAL-07933,2025-06-17,validation,true
DEAL-07934,2024-07-28,development,true
DEAL-07935,2024-11-23,development,true
DEAL-07936,2025-03-20,validation,true
DEAL-07937,2025-04-28,validation,true
DEAL-07938,2025-07-17,future_holdout,true
DEAL-07939,2025-10-05,future_holdout,true
DEAL-07940,2024-06-15,development,true
DEAL-07941,2025-06-05,validation,true
DEAL-07942,2024-03-20,development,true
DEAL-07943,2024-12-12,development,true
DEAL-07944,2025-07-08,future_holdout,true
DEAL-07945,2025-02-01,validation,true
DEAL-07946,2025-04-01,validation,true
DEAL-07947,2024-12-15,development,true
DEAL-07948,2024-09-08,development,true
DEAL-07949,2024-08-23,development,true
DEAL-07950,2024-04-26,development,true
DEAL-07951,2025-07-15,future_holdout,true
DEAL-07952,2024-02-15,development,true
DEAL-07953,2024-10-22,development,true
DEAL-07954,2025-12-22,future_holdout,true
DEAL-07955,2025-11-23,future_holdout,true
DEAL-07956,2024-08-28,development,true
DEAL-07957,2024-01-07,development,true
DEAL-07958,2025-01-14,validation,true
DEAL-07959,2025-01-25,validation,true
DEAL-07960,2025-05-08,validation,true
DEAL-07961,2025-03-31,validation,true
DEAL-07962,2024-08-18,development,true
DEAL-07963,2025-03-22,validation,true
DEAL-07964,2025-02-24,validation,true
DEAL-07965,2024-03-30,development,true
DEAL-07966,2024-06-13,development,true
DEAL-07967,2024-11-21,development,true
DEAL-07968,2025-01-19,validation,true
DEAL-07969,2025-11-14,future_holdout,true
DEAL-07970,2025-06-01,validation,true
DEAL-07971,2024-08-30,development,true
DEAL-07972,2025-05-16,validation,true
DEAL-07973,2024-10-26,development,true
DEAL-07974,2024-06-03,development,true
DEAL-07975,2024-01-02,development,true
DEAL-07976,2025-02-18,validation,true
DEAL-07977,2025-03-08,validation,true
DEAL-07978,2024-01-29,development,true
DEAL-07979,2025-03-06,validation,true
DEAL-07980,2025-04-13,validation,true
DEAL-07981,2025-12-07,future_holdout,true
DEAL-07982,2025-01-11,validation,true
DEAL-07983,2024-07-14,development,true
DEAL-07984,2024-01-22,development,true
DEAL-07985,2025-07-20,future_holdout,true
DEAL-07986,2025-09-12,future_holdout,true
DEAL-07987,2024-01-16,development,true
DEAL-07988,2025-09-19,future_holdout,true
DEAL-07989,2025-01-09,validation,true
DEAL-07990,2024-03-07,development,true
DEAL-07991,2024-06-28,development,true
DEAL-07992,2024-08-29,development,true
DEAL-07993,2025-04-17,validation,true
DEAL-07994,2024-04-20,development,true
DEAL-07995,2024-07-31,development,true
DEAL-07996,2025-04-14,validation,true
DEAL-07997,2025-02-24,validation,true
DEAL-07998,2024-05-11,development,true
DEAL-07999,2025-09-22,future_holdout,true
DEAL-08000,2025-12-15,future_holdout,true
DEAL-08001,2024-03-02,development,true
DEAL-08002,2024-01-10,development,true
DEAL-08003,2025-03-03,validation,true
DEAL-08004,2024-10-18,development,true
DEAL-08005,2024-07-12,development,true
DEAL-08006,2025-03-07,validation,true
DEAL-08007,2024-06-17,development,true
DEAL-08008,2024-01-30,development,true
DEAL-08009,2025-12-23,future_holdout,true
DEAL-08010,2025-06-01,validation,true
DEAL-08011,2025-07-26,future_holdout,true
DEAL-08012,2025-08-13,future_holdout,true
DEAL-08013,2024-02-10,development,true
DEAL-08014,2025-07-19,future_holdout,true
DEAL-08015,2025-04-01,validation,true
DEAL-08016,2025-01-13,validation,true
DEAL-08017,2024-05-14,development,true
DEAL-08018,2025-03-23,validation,true
DEAL-08019,2025-09-22,future_holdout,true
DEAL-08020,2025-02-27,validation,true
DEAL-08021,2024-01-09,development,true
DEAL-08022,2025-12-31,future_holdout,true
DEAL-08023,2025-11-28,future_holdout,true
DEAL-08024,2024-07-08,development,true
DEAL-08025,2024-03-19,development,true
DEAL-08026,2025-04-16,validation,true
DEAL-08027,2025-08-16,future_holdout,true
DEAL-08028,2024-08-08,development,true
DEAL-08029,2025-12-24,future_holdout,true
DEAL-08030,2025-04-21,validation,true
DEAL-08031,2024-02-11,development,true
DEAL-08032,2025-04-03,validation,true
DEAL-08033,2024-12-19,development,true
DEAL-08034,2025-06-01,validation,true
DEAL-08035,2025-10-25,future_holdout,true
DEAL-08036,2025-04-04,validation,true
DEAL-08037,2024-08-26,development,true
DEAL-08038,2024-07-26,development,true
DEAL-08039,2025-09-02,future_holdout,true
DEAL-08040,2025-09-01,future_holdout,true
DEAL-08041,2024-08-03,development,true
DEAL-08042,2024-03-22,development,true
DEAL-08043,2025-11-26,future_holdout,true
DEAL-08044,2025-08-01,future_holdout,true
DEAL-08045,2024-10-02,development,true
DEAL-08046,2024-07-29,development,true
DEAL-08047,2024-04-05,development,true
DEAL-08048,2024-12-14,development,true
DEAL-08049,2024-09-16,development,true
DEAL-08050,2025-04-16,validation,true
DEAL-08051,2024-04-26,development,true
DEAL-08052,2025-12-10,future_holdout,true
DEAL-08053,2024-10-13,development,true
DEAL-08054,2024-09-13,development,true
DEAL-08055,2025-07-07,future_holdout,true
DEAL-08056,2024-03-18,development,true
DEAL-08057,2024-05-29,development,true
DEAL-08058,2025-06-16,validation,true
DEAL-08059,2025-12-18,future_holdout,true
DEAL-08060,2025-09-17,future_holdout,true
DEAL-08061,2024-10-13,development,true
DEAL-08062,2024-06-16,development,true
DEAL-08063,2024-08-07,development,true
DEAL-08064,2025-11-10,future_holdout,true
DEAL-08065,2025-08-31,future_holdout,true
DEAL-08066,2025-12-20,future_holdout,true
DEAL-08067,2024-08-17,development,true
DEAL-08068,2025-01-18,validation,true
DEAL-08069,2024-12-08,development,true
DEAL-08070,2024-03-06,development,true
DEAL-08071,2025-02-18,validation,true
DEAL-08072,2025-10-04,future_holdout,true
DEAL-08073,2025-02-15,validation,true
DEAL-08074,2025-04-08,validation,true
DEAL-08075,2024-03-01,development,true
DEAL-08076,2024-11-24,development,true
DEAL-08077,2025-06-23,validation,true
DEAL-08078,2024-02-05,development,true
DEAL-08079,2024-12-13,development,true
DEAL-08080,2025-07-01,future_holdout,true
DEAL-08081,2024-02-16,development,true
DEAL-08082,2025-04-09,validation,true
DEAL-08083,2025-04-19,validation,true
DEAL-08084,2024-12-18,development,true
DEAL-08085,2024-01-05,development,true
DEAL-08086,2024-02-28,development,true
DEAL-08087,2024-09-19,development,true
DEAL-08088,2025-09-04,future_holdout,true
DEAL-08089,2025-05-21,validation,true
DEAL-08090,2025-06-27,validation,true
DEAL-08091,2024-05-17,development,true
DEAL-08092,2024-08-10,development,true
DEAL-08093,2024-09-15,development,true
DEAL-08094,2025-02-25,validation,true
DEAL-08095,2025-03-09,validation,true
DEAL-08096,2024-08-29,development,true
DEAL-08097,2024-09-23,development,true
DEAL-08098,2025-06-28,validation,true
DEAL-08099,2024-08-04,development,true
DEAL-08100,2024-11-08,development,true
DEAL-08101,2025-10-27,future_holdout,true
DEAL-08102,2024-06-04,development,true
DEAL-08103,2024-04-11,development,true
DEAL-08104,2024-11-23,development,true
DEAL-08105,2024-04-27,development,true
DEAL-08106,2024-09-29,development,true
DEAL-08107,2024-04-30,development,true
DEAL-08108,2024-02-14,development,true
DEAL-08109,2025-11-06,future_holdout,true
DEAL-08110,2024-01-14,development,true
DEAL-08111,2025-04-02,validation,true
DEAL-08112,2025-02-27,validation,true
DEAL-08113,2025-01-31,validation,true
DEAL-08114,2024-08-31,development,true
DEAL-08115,2024-10-09,development,true
DEAL-08116,2025-04-14,validation,true
DEAL-08117,2025-03-01,validation,true
DEAL-08118,2025-06-16,validation,true
DEAL-08119,2025-01-09,validation,true
DEAL-08120,2024-05-27,development,true
DEAL-08121,2025-07-25,future_holdout,true
DEAL-08122,2024-12-16,development,true
DEAL-08123,2025-07-15,future_holdout,true
DEAL-08124,2024-07-14,development,true
DEAL-08125,2025-06-26,validation,true
DEAL-08126,2025-12-27,future_holdout,true
DEAL-08127,2024-02-07,development,true
DEAL-08128,2024-02-27,development,true
DEAL-08129,2025-08-07,future_holdout,true
DEAL-08130,2024-07-17,development,true
DEAL-08131,2025-03-22,validation,true
DEAL-08132,2024-04-01,development,true
DEAL-08133,2025-11-29,future_holdout,true
DEAL-08134,2024-07-03,development,true
DEAL-08135,2024-11-25,development,true
DEAL-08136,2024-02-28,development,true
DEAL-08137,2024-01-16,development,true
DEAL-08138,2024-10-04,development,true
DEAL-08139,2024-06-23,development,true
DEAL-08140,2024-10-25,development,true
DEAL-08141,2025-09-04,future_holdout,true
DEAL-08142,2024-11-12,development,true
DEAL-08143,2025-09-10,future_holdout,true
DEAL-08144,2024-07-27,development,true
DEAL-08145,2024-11-23,development,true
DEAL-08146,2025-11-04,future_holdout,true
DEAL-08147,2024-02-29,development,true
DEAL-08148,2025-12-29,future_holdout,true
DEAL-08149,2024-08-04,development,true
DEAL-08150,2024-02-26,development,true
DEAL-08151,2024-02-02,development,true
DEAL-08152,2024-02-29,development,true
DEAL-08153,2024-08-15,development,true
DEAL-08154,2025-10-01,future_holdout,true
DEAL-08155,2024-09-17,development,true
DEAL-08156,2024-03-02,development,true
DEAL-08157,2025-08-05,future_holdout,true
DEAL-08158,2024-08-29,development,true
DEAL-08159,2025-08-09,future_holdout,true
DEAL-08160,2025-12-05,future_holdout,true
DEAL-08161,2024-02-09,development,true
DEAL-08162,2025-03-07,validation,true
DEAL-08163,2024-05-16,development,true
DEAL-08164,2025-03-30,validation,true
DEAL-08165,2025-02-05,validation,true
DEAL-08166,2024-09-17,development,true
DEAL-08167,2025-10-22,future_holdout,true
DEAL-08168,2024-07-09,development,true
DEAL-08169,2024-07-28,development,true
DEAL-08170,2025-08-20,future_holdout,true
DEAL-08171,2025-09-15,future_holdout,true
DEAL-08172,2024-10-09,development,true
DEAL-08173,2025-03-14,validation,true
DEAL-08174,2025-01-23,validation,true
DEAL-08175,2024-09-14,development,true
DEAL-08176,2024-11-14,development,true
DEAL-08177,2025-07-06,future_holdout,true
DEAL-08178,2024-11-21,development,true
DEAL-08179,2024-10-28,development,true
DEAL-08180,2024-01-17,development,true
DEAL-08181,2024-05-26,development,true
DEAL-08182,2025-04-04,validation,true
DEAL-08183,2025-11-30,future_holdout,true
DEAL-08184,2024-04-17,development,true
DEAL-08185,2024-04-24,development,true
DEAL-08186,2025-10-16,future_holdout,true
DEAL-08187,2025-11-25,future_holdout,true
DEAL-08188,2024-02-08,development,true
DEAL-08189,2024-02-21,development,true
DEAL-08190,2025-06-11,validation,true
DEAL-08191,2025-04-18,validation,true
DEAL-08192,2025-11-30,future_holdout,true
DEAL-08193,2025-04-16,validation,true
DEAL-08194,2024-12-28,development,true
DEAL-08195,2025-10-06,future_holdout,true
DEAL-08196,2025-07-17,future_holdout,true
DEAL-08197,2025-10-07,future_holdout,true
DEAL-08198,2024-10-23,development,true
DEAL-08199,2024-09-18,development,true
DEAL-08200,2025-10-25,future_holdout,true
DEAL-08201,2025-06-03,validation,true
DEAL-08202,2025-07-03,future_holdout,true
DEAL-08203,2025-01-18,validation,true
DEAL-08204,2024-03-04,development,true
DEAL-08205,2024-05-08,development,true
DEAL-08206,2025-05-11,validation,true
DEAL-08207,2024-03-30,development,true
DEAL-08208,2024-03-11,development,true
DEAL-08209,2024-10-20,development,true
DEAL-08210,2025-08-13,future_holdout,true
DEAL-08211,2025-07-12,future_holdout,true
DEAL-08212,2024-11-29,development,true
DEAL-08213,2025-07-24,future_holdout,true
DEAL-08214,2025-10-07,future_holdout,true
DEAL-08215,2025-10-11,future_holdout,true
DEAL-08216,2025-12-22,future_holdout,true
DEAL-08217,2024-09-17,development,true
DEAL-08218,2024-10-23,development,true
DEAL-08219,2024-07-08,development,true
DEAL-08220,2025-12-15,future_holdout,true
DEAL-08221,2024-03-17,development,true
DEAL-08222,2025-05-19,validation,true
DEAL-08223,2025-07-26,future_holdout,true
DEAL-08224,2025-11-14,future_holdout,true
DEAL-08225,2024-05-01,development,true
DEAL-08226,2024-03-06,development,true
DEAL-08227,2025-07-05,future_holdout,true
DEAL-08228,2025-12-19,future_holdout,true
DEAL-08229,2025-01-07,validation,true
DEAL-08230,2025-11-17,future_holdout,true
DEAL-08231,2025-03-26,validation,true
DEAL-08232,2025-12-13,future_holdout,true
DEAL-08233,2024-12-21,development,true
DEAL-08234,2025-05-23,validation,true
DEAL-08235,2025-08-25,future_holdout,true
DEAL-08236,2024-05-21,development,true
DEAL-08237,2025-11-22,future_holdout,true
DEAL-08238,2024-01-08,development,true
DEAL-08239,2024-12-29,development,true
DEAL-08240,2025-08-26,future_holdout,true
DEAL-08241,2025-04-08,validation,true
DEAL-08242,2024-09-29,development,true
DEAL-08243,2024-10-04,development,true
DEAL-08244,2024-04-05,development,true
DEAL-08245,2024-02-21,development,true
DEAL-08246,2025-09-16,future_holdout,true
DEAL-08247,2024-06-11,development,true
DEAL-08248,2025-09-27,future_holdout,true
DEAL-08249,2025-07-06,future_holdout,true
DEAL-08250,2025-02-01,validation,true
DEAL-08251,2025-03-31,validation,true
DEAL-08252,2025-11-08,future_holdout,true
DEAL-08253,2025-10-24,future_holdout,true
DEAL-08254,2024-07-14,development,true
DEAL-08255,2024-03-02,development,true
DEAL-08256,2025-03-29,validation,true
DEAL-08257,2025-02-09,validation,true
DEAL-08258,2025-05-12,validation,true
DEAL-08259,2024-08-24,development,true
DEAL-08260,2025-03-29,validation,true
DEAL-08261,2025-04-16,validation,true
DEAL-08262,2024-10-09,development,true
DEAL-08263,2025-05-16,validation,true
DEAL-08264,2025-03-25,validation,true
DEAL-08265,2025-07-22,future_holdout,true
DEAL-08266,2024-12-15,development,true
DEAL-08267,2024-06-24,development,true
DEAL-08268,2024-12-16,development,true
DEAL-08269,2024-10-23,development,true
DEAL-08270,2024-02-05,development,true
DEAL-08271,2024-10-27,development,true
DEAL-08272,2025-04-11,validation,true
DEAL-08273,2024-08-05,development,true
DEAL-08274,2024-07-16,development,true
DEAL-08275,2025-12-07,future_holdout,true
DEAL-08276,2024-07-08,development,true
DEAL-08277,2024-03-09,development,true
DEAL-08278,2024-07-18,development,true
DEAL-08279,2024-12-13,development,true
DEAL-08280,2024-07-14,development,true
DEAL-08281,2025-03-27,validation,true
DEAL-08282,2024-05-26,development,true
DEAL-08283,2024-02-05,development,true
DEAL-08284,2025-06-10,validation,true
DEAL-08285,2025-06-02,validation,true
DEAL-08286,2024-10-12,development,true
DEAL-08287,2024-03-19,development,true
DEAL-08288,2025-09-27,future_holdout,true
DEAL-08289,2025-11-22,future_holdout,true
DEAL-08290,2025-03-20,validation,true
DEAL-08291,2024-04-16,development,true
DEAL-08292,2025-05-04,validation,true
DEAL-08293,2024-03-27,development,true
DEAL-08294,2024-06-08,development,true
DEAL-08295,2024-12-09,development,true
DEAL-08296,2025-08-13,future_holdout,true
DEAL-08297,2024-01-02,development,true
DEAL-08298,2024-07-16,development,true
DEAL-08299,2025-05-01,validation,true
DEAL-08300,2024-08-01,development,true
DEAL-08301,2025-01-20,validation,true
DEAL-08302,2025-03-06,validation,true
DEAL-08303,2024-02-15,development,true
DEAL-08304,2024-03-03,development,true
DEAL-08305,2025-01-30,validation,true
DEAL-08306,2025-04-08,validation,true
DEAL-08307,2024-09-04,development,true
DEAL-08308,2024-09-01,development,true
DEAL-08309,2025-08-16,future_holdout,true
DEAL-08310,2025-09-17,future_holdout,true
DEAL-08311,2024-02-25,development,true
DEAL-08312,2024-07-14,development,true
DEAL-08313,2025-09-12,future_holdout,true
DEAL-08314,2025-08-16,future_holdout,true
DEAL-08315,2024-02-14,development,true
DEAL-08316,2025-11-25,future_holdout,true
DEAL-08317,2024-04-17,development,true
DEAL-08318,2025-12-03,future_holdout,true
DEAL-08319,2025-06-03,validation,true
DEAL-08320,2025-09-28,future_holdout,true
DEAL-08321,2024-12-09,development,true
DEAL-08322,2024-01-12,development,true
DEAL-08323,2024-03-15,development,true
DEAL-08324,2025-01-30,validation,true
DEAL-08325,2025-09-28,future_holdout,true
DEAL-08326,2025-12-08,future_holdout,true
DEAL-08327,2024-09-27,development,true
DEAL-08328,2024-02-25,development,true
DEAL-08329,2024-06-15,development,true
DEAL-08330,2024-12-31,development,true
DEAL-08331,2024-06-18,development,true
DEAL-08332,2024-07-17,development,true
DEAL-08333,2025-09-21,future_holdout,true
DEAL-08334,2024-11-25,development,true
DEAL-08335,2025-05-07,validation,true
DEAL-08336,2025-03-15,validation,true
DEAL-08337,2025-04-06,validation,true
DEAL-08338,2025-04-18,validation,true
DEAL-08339,2024-09-12,development,true
DEAL-08340,2024-11-12,development,true
DEAL-08341,2025-03-16,validation,true
DEAL-08342,2025-08-09,future_holdout,true
DEAL-08343,2025-02-22,validation,true
DEAL-08344,2025-06-12,validation,true
DEAL-08345,2024-10-07,development,true
DEAL-08346,2025-09-08,future_holdout,true
DEAL-08347,2024-09-07,development,true
DEAL-08348,2025-10-24,future_holdout,true
DEAL-08349,2025-04-17,validation,true
DEAL-08350,2024-07-04,development,true
DEAL-08351,2024-02-06,development,true
DEAL-08352,2025-11-16,future_holdout,true
DEAL-08353,2025-01-09,validation,true
DEAL-08354,2025-04-25,validation,true
DEAL-08355,2025-11-27,future_holdout,true
DEAL-08356,2024-06-26,development,true
DEAL-08357,2024-09-25,development,true
DEAL-08358,2024-01-01,development,true
DEAL-08359,2025-03-11,validation,true
DEAL-08360,2024-09-06,development,true
DEAL-08361,2024-07-12,development,true
DEAL-08362,2024-06-07,development,true
DEAL-08363,2024-10-14,development,true
DEAL-08364,2024-05-09,development,true
DEAL-08365,2025-09-09,future_holdout,true
DEAL-08366,2024-02-13,development,true
DEAL-08367,2025-04-19,validation,true
DEAL-08368,2024-06-20,development,true
DEAL-08369,2024-04-22,development,true
DEAL-08370,2024-03-01,development,true
DEAL-08371,2024-03-18,development,true
DEAL-08372,2024-03-06,development,true
DEAL-08373,2024-06-20,development,true
DEAL-08374,2025-05-16,validation,true
DEAL-08375,2025-09-05,future_holdout,true
DEAL-08376,2025-06-03,validation,true
DEAL-08377,2024-06-15,development,true
DEAL-08378,2024-11-04,development,true
DEAL-08379,2024-08-02,development,true
DEAL-08380,2025-03-24,validation,true
DEAL-08381,2024-10-20,development,true
DEAL-08382,2024-01-26,development,true
DEAL-08383,2024-08-14,development,true
DEAL-08384,2024-04-07,development,true
DEAL-08385,2024-05-08,development,true
DEAL-08386,2025-10-21,future_holdout,true
DEAL-08387,2025-10-20,future_holdout,true
DEAL-08388,2025-05-26,validation,true
DEAL-08389,2025-11-13,future_holdout,true
DEAL-08390,2024-05-12,development,true
DEAL-08391,2024-02-24,development,true
DEAL-08392,2024-10-24,development,true
DEAL-08393,2025-04-14,validation,true
DEAL-08394,2025-10-03,future_holdout,true
DEAL-08395,2024-07-29,development,true
DEAL-08396,2025-06-26,validation,true
DEAL-08397,2024-01-24,development,true
DEAL-08398,2025-09-01,future_holdout,true
DEAL-08399,2024-03-25,development,true
DEAL-08400,2025-09-26,future_holdout,true
DEAL-08401,2024-02-13,development,true
DEAL-08402,2025-07-13,future_holdout,true
DEAL-08403,2025-02-04,validation,true
DEAL-08404,2025-03-04,validation,true
DEAL-08405,2024-07-30,development,true
DEAL-08406,2025-04-30,validation,true
DEAL-08407,2025-10-08,future_holdout,true
DEAL-08408,2024-08-10,development,true
DEAL-08409,2024-11-15,development,true
DEAL-08410,2024-07-09,development,true
DEAL-08411,2024-12-05,development,true
DEAL-08412,2024-10-05,development,true
DEAL-08413,2025-01-05,validation,true
DEAL-08414,2025-03-18,validation,true
DEAL-08415,2025-06-24,validation,true
DEAL-08416,2024-11-18,development,true
DEAL-08417,2024-03-04,development,true
DEAL-08418,2024-12-18,development,true
DEAL-08419,2025-03-15,validation,true
DEAL-08420,2024-05-05,development,true
DEAL-08421,2024-04-02,development,true
DEAL-08422,2024-04-07,development,true
DEAL-08423,2025-02-13,validation,true
DEAL-08424,2025-08-02,future_holdout,true
DEAL-08425,2025-02-03,validation,true
DEAL-08426,2025-09-17,future_holdout,true
DEAL-08427,2025-05-22,validation,true
DEAL-08428,2024-04-26,development,true
DEAL-08429,2024-09-16,development,true
DEAL-08430,2024-11-27,development,true
DEAL-08431,2024-04-15,development,true
DEAL-08432,2024-11-08,development,true
DEAL-08433,2024-08-07,development,true
DEAL-08434,2025-12-17,future_holdout,true
DEAL-08435,2024-02-19,development,true
DEAL-08436,2024-08-18,development,true
DEAL-08437,2024-12-28,development,true
DEAL-08438,2024-04-07,development,true
DEAL-08439,2025-01-24,validation,true
DEAL-08440,2024-10-29,development,true
DEAL-08441,2025-08-14,future_holdout,true
DEAL-08442,2024-02-12,development,true
DEAL-08443,2025-07-27,future_holdout,true
DEAL-08444,2025-02-09,validation,true
DEAL-08445,2025-01-20,validation,true
DEAL-08446,2024-08-10,development,true
DEAL-08447,2025-08-27,future_holdout,true
DEAL-08448,2024-01-03,development,true
DEAL-08449,2024-06-16,development,true
DEAL-08450,2025-03-27,validation,true
DEAL-08451,2024-10-06,development,true
DEAL-08452,2025-03-22,validation,true
DEAL-08453,2025-10-20,future_holdout,true
DEAL-08454,2024-10-24,development,true
DEAL-08455,2024-08-11,development,true
DEAL-08456,2025-03-16,validation,true
DEAL-08457,2024-03-24,development,true
DEAL-08458,2025-07-01,future_holdout,true
DEAL-08459,2025-08-21,future_holdout,true
DEAL-08460,2024-05-01,development,true
DEAL-08461,2025-01-23,validation,true
DEAL-08462,2025-08-27,future_holdout,true
DEAL-08463,2025-11-04,future_holdout,true
DEAL-08464,2025-09-20,future_holdout,true
DEAL-08465,2024-05-24,development,true
DEAL-08466,2025-07-20,future_holdout,true
DEAL-08467,2025-12-11,future_holdout,true
DEAL-08468,2025-01-07,validation,true
DEAL-08469,2024-07-18,development,true
DEAL-08470,2025-10-05,future_holdout,true
DEAL-08471,2025-01-02,validation,true
DEAL-08472,2025-02-02,validation,true
DEAL-08473,2024-11-30,development,true
DEAL-08474,2025-11-02,future_holdout,true
DEAL-08475,2024-06-18,development,true
DEAL-08476,2025-08-20,future_holdout,true
DEAL-08477,2024-08-17,development,true
DEAL-08478,2024-05-04,development,true
DEAL-08479,2025-11-13,future_holdout,true
DEAL-08480,2025-12-17,future_holdout,true
DEAL-08481,2025-11-22,future_holdout,true
DEAL-08482,2024-06-21,development,true
DEAL-08483,2024-11-28,development,true
DEAL-08484,2024-12-22,development,true
DEAL-08485,2024-01-09,development,true
DEAL-08486,2024-09-24,development,true
DEAL-08487,2025-01-17,validation,true
DEAL-08488,2024-05-02,development,true
DEAL-08489,2025-08-08,future_holdout,true
DEAL-08490,2025-01-20,validation,true
DEAL-08491,2024-07-18,development,true
DEAL-08492,2025-04-20,validation,true
DEAL-08493,2025-11-03,future_holdout,true
DEAL-08494,2024-06-06,development,true
DEAL-08495,2024-04-21,development,true
DEAL-08496,2025-04-24,validation,true
DEAL-08497,2024-11-06,development,true
DEAL-08498,2025-02-17,validation,true
DEAL-08499,2025-01-30,validation,true
DEAL-08500,2024-08-06,development,true
DEAL-08501,2025-04-25,validation,true
DEAL-08502,2024-08-09,development,true
DEAL-08503,2025-06-12,validation,true
DEAL-08504,2024-04-30,development,true
DEAL-08505,2025-12-23,future_holdout,true
DEAL-08506,2025-06-23,validation,true
DEAL-08507,2024-06-27,development,true
DEAL-08508,2024-05-08,development,true
DEAL-08509,2024-04-04,development,true
DEAL-08510,2024-04-15,development,true
DEAL-08511,2024-01-21,development,true
DEAL-08512,2025-12-28,future_holdout,true
DEAL-08513,2024-11-28,development,true
DEAL-08514,2025-10-19,future_holdout,true
DEAL-08515,2025-01-27,validation,true
DEAL-08516,2025-02-27,validation,true
DEAL-08517,2025-08-16,future_holdout,true
DEAL-08518,2024-09-25,development,true
DEAL-08519,2024-09-24,development,true
DEAL-08520,2024-01-17,development,true
DEAL-08521,2025-03-22,validation,true
DEAL-08522,2024-05-29,development,true
DEAL-08523,2025-02-07,validation,true
DEAL-08524,2024-04-25,development,true
DEAL-08525,2024-01-16,development,true
DEAL-08526,2025-11-20,future_holdout,true
DEAL-08527,2024-03-26,development,true
DEAL-08528,2025-05-21,validation,true
DEAL-08529,2025-12-10,future_holdout,true
DEAL-08530,2025-01-21,validation,true
DEAL-08531,2025-11-14,future_holdout,true
DEAL-08532,2024-09-10,development,true
DEAL-08533,2024-08-09,development,true
DEAL-08534,2025-03-08,validation,true
DEAL-08535,2024-08-10,development,true
DEAL-08536,2024-01-23,development,true
DEAL-08537,2024-11-27,development,true
DEAL-08538,2025-04-23,validation,true
DEAL-08539,2024-09-28,development,true
DEAL-08540,2024-10-13,development,true
DEAL-08541,2024-01-29,development,true
DEAL-08542,2024-08-18,development,true
DEAL-08543,2024-07-01,development,true
DEAL-08544,2025-11-16,future_holdout,true
DEAL-08545,2024-02-04,development,true
DEAL-08546,2024-07-07,development,true
DEAL-08547,2024-02-27,development,true
DEAL-08548,2025-06-13,validation,true
DEAL-08549,2024-06-06,development,true
DEAL-08550,2024-04-20,development,true
DEAL-08551,2025-08-18,future_holdout,true
DEAL-08552,2025-02-17,validation,true
DEAL-08553,2024-06-24,development,true
DEAL-08554,2024-07-28,development,true
DEAL-08555,2024-06-07,development,true
DEAL-08556,2025-08-08,future_holdout,true
DEAL-08557,2025-07-18,future_holdout,true
DEAL-08558,2024-09-28,development,true
DEAL-08559,2024-10-14,development,true
DEAL-08560,2024-04-28,development,true
DEAL-08561,2024-11-14,development,true
DEAL-08562,2024-07-20,development,true
DEAL-08563,2024-06-15,development,true
DEAL-08564,2025-02-03,validation,true
DEAL-08565,2024-07-20,development,true
DEAL-08566,2025-07-16,future_holdout,true
DEAL-08567,2025-06-30,validation,true
DEAL-08568,2025-10-04,future_holdout,true
DEAL-08569,2024-05-28,development,true
DEAL-08570,2025-06-16,validation,true
DEAL-08571,2025-10-05,future_holdout,true
DEAL-08572,2025-04-08,validation,true
DEAL-08573,2024-04-22,development,true
DEAL-08574,2025-03-28,validation,true
DEAL-08575,2024-07-26,development,true
DEAL-08576,2025-07-30,future_holdout,true
DEAL-08577,2024-01-31,development,true
DEAL-08578,2024-07-29,development,true
DEAL-08579,2024-02-02,development,true
DEAL-08580,2024-04-15,development,true
DEAL-08581,2025-07-21,future_holdout,true
DEAL-08582,2024-12-30,development,true
DEAL-08583,2025-01-24,validation,true
DEAL-08584,2025-07-26,future_holdout,true
DEAL-08585,2024-10-22,development,true
DEAL-08586,2025-08-08,future_holdout,true
DEAL-08587,2024-02-27,development,true
DEAL-08588,2024-12-17,development,true
DEAL-08589,2025-04-14,validation,true
DEAL-08590,2025-05-25,validation,true
DEAL-08591,2025-05-17,validation,true
DEAL-08592,2025-03-22,validation,true
DEAL-08593,2025-12-06,future_holdout,true
DEAL-08594,2025-08-10,future_holdout,true
DEAL-08595,2025-01-22,validation,true
DEAL-08596,2024-02-11,development,true
DEAL-08597,2024-06-11,development,true
DEAL-08598,2025-03-08,validation,true
DEAL-08599,2025-09-06,future_holdout,true
DEAL-08600,2024-02-23,development,true
DEAL-08601,2024-06-07,development,true
DEAL-08602,2024-10-06,development,true
DEAL-08603,2024-01-18,development,true
DEAL-08604,2024-10-03,development,true
DEAL-08605,2024-05-11,development,true
DEAL-08606,2025-04-08,validation,true
DEAL-08607,2025-09-01,future_holdout,true
DEAL-08608,2024-12-12,development,true
DEAL-08609,2024-08-15,development,true
DEAL-08610,2024-06-10,development,true
DEAL-08611,2024-08-09,development,true
DEAL-08612,2024-06-09,development,true
DEAL-08613,2025-03-01,validation,true
DEAL-08614,2024-06-05,development,true
DEAL-08615,2024-10-29,development,true
DEAL-08616,2024-09-24,development,true
DEAL-08617,2025-05-21,validation,true
DEAL-08618,2025-05-31,validation,true
DEAL-08619,2024-11-05,development,true
DEAL-08620,2025-12-16,future_holdout,true
DEAL-08621,2024-05-24,development,true
DEAL-08622,2025-06-29,validation,true
DEAL-08623,2025-09-17,future_holdout,true
DEAL-08624,2025-05-17,validation,true
DEAL-08625,2024-09-11,development,true
DEAL-08626,2025-10-18,future_holdout,true
DEAL-08627,2024-12-13,development,true
DEAL-08628,2024-01-14,development,true
DEAL-08629,2024-09-10,development,true
DEAL-08630,2024-10-10,development,true
DEAL-08631,2025-07-11,future_holdout,true
DEAL-08632,2025-07-26,future_holdout,true
DEAL-08633,2024-03-19,development,true
DEAL-08634,2025-12-02,future_holdout,true
DEAL-08635,2024-05-04,development,true
DEAL-08636,2025-09-22,future_holdout,true
DEAL-08637,2025-12-08,future_holdout,true
DEAL-08638,2024-05-20,development,true
DEAL-08639,2025-09-05,future_holdout,true
DEAL-08640,2025-06-01,validation,true
DEAL-08641,2025-04-27,validation,true
DEAL-08642,2025-03-31,validation,true
DEAL-08643,2025-10-24,future_holdout,true
DEAL-08644,2024-05-20,development,true
DEAL-08645,2024-02-07,development,true
DEAL-08646,2024-09-04,development,true
DEAL-08647,2025-08-17,future_holdout,true
DEAL-08648,2024-04-19,development,true
DEAL-08649,2024-11-18,development,true
DEAL-08650,2025-05-09,validation,true
DEAL-08651,2025-09-11,future_holdout,true
DEAL-08652,2024-06-27,development,true
DEAL-08653,2024-08-25,development,true
DEAL-08654,2024-06-10,development,true
DEAL-08655,2024-09-14,development,true
DEAL-08656,2025-01-28,validation,true
DEAL-08657,2025-08-23,future_holdout,true
DEAL-08658,2024-09-08,development,true
DEAL-08659,2025-03-22,validation,true
DEAL-08660,2025-05-15,validation,true
DEAL-08661,2024-05-14,development,true
DEAL-08662,2024-09-05,development,true
DEAL-08663,2024-03-26,development,true
DEAL-08664,2024-02-05,development,true
DEAL-08665,2024-09-15,development,true
DEAL-08666,2025-08-10,future_holdout,true
DEAL-08667,2024-11-05,development,true
DEAL-08668,2025-03-19,validation,true
DEAL-08669,2024-08-01,development,true
DEAL-08670,2024-08-02,development,true
DEAL-08671,2025-12-27,future_holdout,true
DEAL-08672,2024-03-20,development,true
DEAL-08673,2024-11-29,development,true
DEAL-08674,2024-10-19,development,true
DEAL-08675,2025-01-25,validation,true
DEAL-08676,2024-08-24,development,true
DEAL-08677,2025-06-14,validation,true
DEAL-08678,2025-02-13,validation,true
DEAL-08679,2025-09-20,future_holdout,true
DEAL-08680,2024-04-14,development,true
DEAL-08681,2025-05-22,validation,true
DEAL-08682,2024-11-07,development,true
DEAL-08683,2025-05-26,validation,true
DEAL-08684,2024-06-27,development,true
DEAL-08685,2025-01-10,validation,true
DEAL-08686,2025-03-29,validation,true
DEAL-08687,2025-11-20,future_holdout,true
DEAL-08688,2025-05-11,validation,true
DEAL-08689,2025-08-27,future_holdout,true
DEAL-08690,2025-11-06,future_holdout,true
DEAL-08691,2024-04-12,development,true
DEAL-08692,2024-10-06,development,true
DEAL-08693,2025-11-27,future_holdout,true
DEAL-08694,2025-06-05,validation,true
DEAL-08695,2024-12-28,development,true
DEAL-08696,2024-05-28,development,true
DEAL-08697,2025-05-01,validation,true
DEAL-08698,2025-10-14,future_holdout,true
DEAL-08699,2025-07-15,future_holdout,true
DEAL-08700,2024-12-23,development,true
DEAL-08701,2025-05-04,validation,true
DEAL-08702,2024-11-13,development,true
DEAL-08703,2025-10-19,future_holdout,true
DEAL-08704,2025-05-28,validation,true
DEAL-08705,2024-09-27,development,true
DEAL-08706,2025-01-06,validation,true
DEAL-08707,2024-01-03,development,true
DEAL-08708,2025-03-23,validation,true
DEAL-08709,2024-07-19,development,true
DEAL-08710,2025-06-14,validation,true
DEAL-08711,2025-05-04,validation,true
DEAL-08712,2025-10-17,future_holdout,true
DEAL-08713,2024-12-07,development,true
DEAL-08714,2024-10-03,development,true
DEAL-08715,2025-04-20,validation,true
DEAL-08716,2025-05-07,validation,true
DEAL-08717,2024-05-11,development,true
DEAL-08718,2025-03-18,validation,true
DEAL-08719,2025-11-22,future_holdout,true
DEAL-08720,2024-06-08,development,true
DEAL-08721,2024-01-13,development,true
DEAL-08722,2025-02-25,validation,true
DEAL-08723,2024-04-27,development,true
DEAL-08724,2024-02-28,development,true
DEAL-08725,2024-02-17,development,true
DEAL-08726,2024-11-14,development,true
DEAL-08727,2024-04-21,development,true
DEAL-08728,2025-08-29,future_holdout,true
DEAL-08729,2025-10-08,future_holdout,true
DEAL-08730,2025-11-15,future_holdout,true
DEAL-08731,2025-10-14,future_holdout,true
DEAL-08732,2024-05-01,development,true
DEAL-08733,2024-07-23,development,true
DEAL-08734,2024-06-12,development,true
DEAL-08735,2024-06-16,development,true
DEAL-08736,2024-02-23,development,true
DEAL-08737,2025-04-22,validation,true
DEAL-08738,2024-01-22,development,true
DEAL-08739,2025-01-03,validation,true
DEAL-08740,2025-11-30,future_holdout,true
DEAL-08741,2025-07-03,future_holdout,true
DEAL-08742,2025-03-05,validation,true
DEAL-08743,2025-05-20,validation,true
DEAL-08744,2024-05-06,development,true
DEAL-08745,2025-11-14,future_holdout,true
DEAL-08746,2024-02-04,development,true
DEAL-08747,2025-09-07,future_holdout,true
DEAL-08748,2024-02-15,development,true
DEAL-08749,2024-10-02,development,true
DEAL-08750,2025-06-20,validation,true
DEAL-08751,2024-08-25,development,true
DEAL-08752,2024-06-10,development,true
DEAL-08753,2025-08-20,future_holdout,true
DEAL-08754,2024-02-07,development,true
DEAL-08755,2025-02-26,validation,true
DEAL-08756,2025-02-07,validation,true
DEAL-08757,2024-12-20,development,true
DEAL-08758,2025-09-13,future_holdout,true
DEAL-08759,2024-12-19,development,true
DEAL-08760,2025-12-14,future_holdout,true
DEAL-08761,2024-08-06,development,true
DEAL-08762,2025-08-19,future_holdout,true
DEAL-08763,2025-12-07,future_holdout,true
DEAL-08764,2024-01-23,development,true
DEAL-08765,2025-06-18,validation,true
DEAL-08766,2025-09-22,future_holdout,true
DEAL-08767,2024-11-05,development,true
DEAL-08768,2024-08-03,development,true
DEAL-08769,2025-08-01,future_holdout,true
DEAL-08770,2025-11-21,future_holdout,true
DEAL-08771,2025-02-05,validation,true
DEAL-08772,2024-01-27,development,true
DEAL-08773,2024-05-28,development,true
DEAL-08774,2025-03-06,validation,true
DEAL-08775,2025-01-02,validation,true
DEAL-08776,2025-10-19,future_holdout,true
DEAL-08777,2025-10-30,future_holdout,true
DEAL-08778,2024-10-10,development,true
DEAL-08779,2024-11-16,development,true
DEAL-08780,2025-11-21,future_holdout,true
DEAL-08781,2024-01-29,development,true
DEAL-08782,2025-09-24,future_holdout,true
DEAL-08783,2024-03-27,development,true
DEAL-08784,2024-07-16,development,true
DEAL-08785,2025-09-20,future_holdout,true
DEAL-08786,2024-03-03,development,true
DEAL-08787,2024-01-20,development,true
DEAL-08788,2025-04-24,validation,true
DEAL-08789,2025-04-06,validation,true
DEAL-08790,2024-12-15,development,true
DEAL-08791,2025-12-27,future_holdout,true
DEAL-08792,2024-04-02,development,true
DEAL-08793,2024-10-15,development,true
DEAL-08794,2025-02-26,validation,true
DEAL-08795,2024-01-11,development,true
DEAL-08796,2024-08-17,development,true
DEAL-08797,2024-09-16,development,true
DEAL-08798,2024-11-15,development,true
DEAL-08799,2024-09-16,development,true
DEAL-08800,2024-05-05,development,true
DEAL-08801,2025-07-15,future_holdout,true
DEAL-08802,2025-01-24,validation,true
DEAL-08803,2024-05-12,development,true
DEAL-08804,2024-09-30,development,true
DEAL-08805,2025-03-07,validation,true
DEAL-08806,2025-02-13,validation,true
DEAL-08807,2025-02-27,validation,true
DEAL-08808,2025-11-04,future_holdout,true
DEAL-08809,2024-03-12,development,true
DEAL-08810,2025-11-22,future_holdout,true
DEAL-08811,2025-12-11,future_holdout,true
DEAL-08812,2024-03-10,development,true
DEAL-08813,2025-06-29,validation,true
DEAL-08814,2025-06-16,validation,true
DEAL-08815,2025-03-28,validation,true
DEAL-08816,2024-03-13,development,true
DEAL-08817,2025-03-26,validation,true
DEAL-08818,2024-02-13,development,true
DEAL-08819,2025-04-24,validation,true
DEAL-08820,2025-03-09,validation,true
DEAL-08821,2024-02-13,development,true
DEAL-08822,2025-10-06,future_holdout,true
DEAL-08823,2025-01-04,validation,true
DEAL-08824,2025-10-15,future_holdout,true
DEAL-08825,2025-02-23,validation,true
DEAL-08826,2024-07-29,development,true
DEAL-08827,2024-10-31,development,true
DEAL-08828,2024-03-04,development,true
DEAL-08829,2025-10-18,future_holdout,true
DEAL-08830,2025-12-06,future_holdout,true
DEAL-08831,2024-03-03,development,true
DEAL-08832,2025-04-07,validation,true
DEAL-08833,2025-05-10,validation,true
DEAL-08834,2025-03-18,validation,true
DEAL-08835,2024-04-18,development,true
DEAL-08836,2024-06-06,development,true
DEAL-08837,2024-10-30,development,true
DEAL-08838,2025-07-22,future_holdout,true
DEAL-08839,2024-05-13,development,true
DEAL-08840,2024-11-13,development,true
DEAL-08841,2025-10-04,future_holdout,true
DEAL-08842,2024-05-25,development,true
DEAL-08843,2024-05-06,development,true
DEAL-08844,2024-07-18,development,true
DEAL-08845,2025-06-18,validation,true
DEAL-08846,2025-02-06,validation,true
DEAL-08847,2024-01-11,development,true
DEAL-08848,2024-11-09,development,true
DEAL-08849,2025-10-10,future_holdout,true
DEAL-08850,2024-02-08,development,true
DEAL-08851,2024-06-20,development,true
DEAL-08852,2024-01-05,development,true
DEAL-08853,2024-01-15,development,true
DEAL-08854,2025-06-09,validation,true
DEAL-08855,2024-12-16,development,true
DEAL-08856,2025-07-29,future_holdout,true
DEAL-08857,2025-11-21,future_holdout,true
DEAL-08858,2025-03-06,validation,true
DEAL-08859,2024-12-04,development,true
DEAL-08860,2024-07-01,development,true
DEAL-08861,2025-12-02,future_holdout,true
DEAL-08862,2025-07-29,future_holdout,true
DEAL-08863,2025-04-07,validation,true
DEAL-08864,2025-02-06,validation,true
DEAL-08865,2024-08-07,development,true
DEAL-08866,2025-05-05,validation,true
DEAL-08867,2024-03-21,development,true
DEAL-08868,2025-01-20,validation,true
DEAL-08869,2024-09-19,development,true
DEAL-08870,2024-03-25,development,true
DEAL-08871,2025-05-08,validation,true
DEAL-08872,2025-12-08,future_holdout,true
DEAL-08873,2024-02-14,development,true
DEAL-08874,2024-02-25,development,true
DEAL-08875,2025-06-27,validation,true
DEAL-08876,2024-02-13,development,true
DEAL-08877,2024-02-13,development,true
DEAL-08878,2025-11-19,future_holdout,true
DEAL-08879,2024-09-02,development,true
DEAL-08880,2025-09-07,future_holdout,true
DEAL-08881,2024-04-10,development,true
DEAL-08882,2025-11-11,future_holdout,true
DEAL-08883,2025-11-19,future_holdout,true
DEAL-08884,2024-01-03,development,true
DEAL-08885,2024-07-02,development,true
DEAL-08886,2025-05-12,validation,true
DEAL-08887,2024-01-22,development,true
DEAL-08888,2024-07-30,development,true
DEAL-08889,2025-02-07,validation,true
DEAL-08890,2025-02-22,validation,true
DEAL-08891,2024-05-05,development,true
DEAL-08892,2025-11-12,future_holdout,true
DEAL-08893,2024-12-14,development,true
DEAL-08894,2025-01-26,validation,true
DEAL-08895,2024-04-26,development,true
DEAL-08896,2024-08-02,development,true
DEAL-08897,2025-07-15,future_holdout,true
DEAL-08898,2025-08-13,future_holdout,true
DEAL-08899,2024-11-10,development,true
DEAL-08900,2025-01-20,validation,true
DEAL-08901,2024-08-12,development,true
DEAL-08902,2024-05-19,development,true
DEAL-08903,2024-03-13,development,true
DEAL-08904,2024-08-14,development,true
DEAL-08905,2024-03-17,development,true
DEAL-08906,2024-01-17,development,true
DEAL-08907,2025-11-02,future_holdout,true
DEAL-08908,2024-09-21,development,true
DEAL-08909,2025-07-07,future_holdout,true
DEAL-08910,2025-10-13,future_holdout,true
DEAL-08911,2024-03-25,development,true
DEAL-08912,2025-09-07,future_holdout,true
DEAL-08913,2025-03-12,validation,true
DEAL-08914,2024-04-18,development,true
DEAL-08915,2024-04-11,development,true
DEAL-08916,2024-03-31,development,true
DEAL-08917,2024-07-21,development,true
DEAL-08918,2025-11-19,future_holdout,true
DEAL-08919,2024-01-29,development,true
DEAL-08920,2024-05-26,development,true
DEAL-08921,2025-03-12,validation,true
DEAL-08922,2025-06-16,validation,true
DEAL-08923,2024-06-13,development,true
DEAL-08924,2025-05-27,validation,true
DEAL-08925,2024-07-11,development,true
DEAL-08926,2024-07-04,development,true
DEAL-08927,2024-08-06,development,true
DEAL-08928,2024-11-16,development,true
DEAL-08929,2024-11-28,development,true
DEAL-08930,2025-07-12,future_holdout,true
DEAL-08931,2025-08-10,future_holdout,true
DEAL-08932,2025-08-09,future_holdout,true
DEAL-08933,2025-03-26,validation,true
DEAL-08934,2025-03-27,validation,true
DEAL-08935,2025-04-26,validation,true
DEAL-08936,2024-05-12,development,true
DEAL-08937,2025-02-20,validation,true
DEAL-08938,2025-07-23,future_holdout,true
DEAL-08939,2024-09-12,development,true
DEAL-08940,2025-09-02,future_holdout,true
DEAL-08941,2025-03-09,validation,true
DEAL-08942,2025-07-26,future_holdout,true
DEAL-08943,2024-03-30,development,true
DEAL-08944,2025-01-09,validation,true
DEAL-08945,2025-02-11,validation,true
DEAL-08946,2025-07-08,future_holdout,true
DEAL-08947,2024-10-20,development,true
DEAL-08948,2025-06-02,validation,true
DEAL-08949,2025-04-27,validation,true
DEAL-08950,2025-08-29,future_holdout,true
DEAL-08951,2024-09-09,development,true
DEAL-08952,2025-03-04,validation,true
DEAL-08953,2025-02-21,validation,true
DEAL-08954,2024-03-11,development,true
DEAL-08955,2025-11-19,future_holdout,true
DEAL-08956,2024-08-25,development,true
DEAL-08957,2024-09-19,development,true
DEAL-08958,2025-05-19,validation,true
DEAL-08959,2024-03-15,development,true
DEAL-08960,2025-04-04,validation,true
DEAL-08961,2024-02-13,development,true
DEAL-08962,2025-03-08,validation,true
DEAL-08963,2024-11-02,development,true
DEAL-08964,2024-11-21,development,true
DEAL-08965,2025-03-12,validation,true
DEAL-08966,2024-02-16,development,true
DEAL-08967,2024-12-14,development,true
DEAL-08968,2025-06-18,validation,true
DEAL-08969,2024-09-29,development,true
DEAL-08970,2024-03-16,development,true
DEAL-08971,2025-02-16,validation,true
DEAL-08972,2024-03-21,development,true
DEAL-08973,2024-11-06,development,true
DEAL-08974,2024-01-04,development,true
DEAL-08975,2024-11-18,development,true
DEAL-08976,2025-11-01,future_holdout,true
DEAL-08977,2024-04-20,development,true
DEAL-08978,2024-08-28,development,true
DEAL-08979,2024-02-16,development,true
DEAL-08980,2025-10-11,future_holdout,true
DEAL-08981,2024-08-09,development,true
DEAL-08982,2025-06-04,validation,true
DEAL-08983,2024-12-05,development,true
DEAL-08984,2025-05-29,validation,true
DEAL-08985,2025-07-06,future_holdout,true
DEAL-08986,2025-06-05,validation,true
DEAL-08987,2025-12-06,future_holdout,true
DEAL-08988,2024-03-15,development,true
DEAL-08989,2024-04-20,development,true
DEAL-08990,2024-07-28,development,true
DEAL-08991,2024-06-25,development,true
DEAL-08992,2025-12-17,future_holdout,true
DEAL-08993,2024-01-02,development,true
DEAL-08994,2024-02-07,development,true
DEAL-08995,2025-07-01,future_holdout,true
DEAL-08996,2025-08-28,future_holdout,true
DEAL-08997,2024-12-24,development,true
DEAL-08998,2024-06-13,development,true
DEAL-08999,2024-11-15,development,true
DEAL-09000,2024-10-12,development,true
DEAL-09001,2025-12-13,future_holdout,true
DEAL-09002,2025-03-10,validation,true
DEAL-09003,2024-08-02,development,true
DEAL-09004,2025-06-15,validation,true
DEAL-09005,2025-12-30,future_holdout,true
DEAL-09006,2025-12-28,future_holdout,true
DEAL-09007,2024-06-20,development,true
DEAL-09008,2024-04-29,development,true
DEAL-09009,2025-06-23,validation,true
DEAL-09010,2025-10-03,future_holdout,true
DEAL-09011,2025-08-10,future_holdout,true
DEAL-09012,2025-02-05,validation,true
DEAL-09013,2024-07-16,development,true
DEAL-09014,2025-04-22,validation,true
DEAL-09015,2025-06-20,validation,true
DEAL-09016,2025-11-28,future_holdout,true
DEAL-09017,2024-04-25,development,true
DEAL-09018,2024-12-25,development,true
DEAL-09019,2024-03-26,development,true
DEAL-09020,2024-07-30,development,true
DEAL-09021,2024-08-28,development,true
DEAL-09022,2025-02-21,validation,true
DEAL-09023,2025-02-23,validation,true
DEAL-09024,2024-07-12,development,true
DEAL-09025,2024-01-23,development,true
DEAL-09026,2025-03-13,validation,true
DEAL-09027,2024-02-13,development,true
DEAL-09028,2024-01-29,development,true
DEAL-09029,2025-02-16,validation,true
DEAL-09030,2024-04-16,development,true
DEAL-09031,2025-06-12,validation,true
DEAL-09032,2025-10-17,future_holdout,true
DEAL-09033,2024-07-12,development,true
DEAL-09034,2025-04-26,validation,true
DEAL-09035,2025-02-28,validation,true
DEAL-09036,2025-07-14,future_holdout,true
DEAL-09037,2025-12-14,future_holdout,true
DEAL-09038,2024-05-13,development,true
DEAL-09039,2025-10-31,future_holdout,true
DEAL-09040,2025-10-02,future_holdout,true
DEAL-09041,2024-11-30,development,true
DEAL-09042,2025-01-12,validation,true
DEAL-09043,2025-11-11,future_holdout,true
DEAL-09044,2025-04-11,validation,true
DEAL-09045,2024-06-24,development,true
DEAL-09046,2024-06-23,development,true
DEAL-09047,2025-08-10,future_holdout,true
DEAL-09048,2024-03-10,development,true
DEAL-09049,2024-08-09,development,true
DEAL-09050,2024-01-25,development,true
DEAL-09051,2025-01-28,validation,true
DEAL-09052,2024-11-17,development,true
DEAL-09053,2025-10-09,future_holdout,true
DEAL-09054,2025-06-14,validation,true
DEAL-09055,2025-12-13,future_holdout,true
DEAL-09056,2024-12-17,development,true
DEAL-09057,2024-08-03,development,true
DEAL-09058,2024-11-24,development,true
DEAL-09059,2024-07-28,development,true
DEAL-09060,2025-07-13,future_holdout,true
DEAL-09061,2024-05-18,development,true
DEAL-09062,2025-11-03,future_holdout,true
DEAL-09063,2024-05-22,development,true
DEAL-09064,2025-03-18,validation,true
DEAL-09065,2025-04-10,validation,true
DEAL-09066,2025-04-10,validation,true
DEAL-09067,2024-11-08,development,true
DEAL-09068,2024-03-11,development,true
DEAL-09069,2024-07-10,development,true
DEAL-09070,2024-05-22,development,true
DEAL-09071,2024-01-25,development,true
DEAL-09072,2025-07-20,future_holdout,true
DEAL-09073,2025-08-30,future_holdout,true
DEAL-09074,2024-07-23,development,true
DEAL-09075,2024-06-02,development,true
DEAL-09076,2024-07-25,development,true
DEAL-09077,2024-01-10,development,true
DEAL-09078,2025-06-21,validation,true
DEAL-09079,2024-06-21,development,true
DEAL-09080,2025-05-19,validation,true
DEAL-09081,2025-08-10,future_holdout,true
DEAL-09082,2024-01-28,development,true
DEAL-09083,2025-10-14,future_holdout,true
DEAL-09084,2024-05-13,development,true
DEAL-09085,2024-08-26,development,true
DEAL-09086,2024-12-02,development,true
DEAL-09087,2024-10-12,development,true
DEAL-09088,2025-10-01,future_holdout,true
DEAL-09089,2024-06-02,development,true
DEAL-09090,2025-05-20,validation,true
DEAL-09091,2025-08-21,future_holdout,true
DEAL-09092,2025-05-31,validation,true
DEAL-09093,2024-06-21,development,true
DEAL-09094,2025-01-07,validation,true
DEAL-09095,2025-12-07,future_holdout,true
DEAL-09096,2025-05-09,validation,true
DEAL-09097,2025-12-30,future_holdout,true
DEAL-09098,2025-06-09,validation,true
DEAL-09099,2025-04-09,validation,true
DEAL-09100,2025-05-08,validation,true
DEAL-09101,2024-02-12,development,true
DEAL-09102,2025-09-24,future_holdout,true
DEAL-09103,2024-03-10,development,true
DEAL-09104,2024-04-13,development,true
DEAL-09105,2025-10-23,future_holdout,true
DEAL-09106,2024-01-26,development,true
DEAL-09107,2024-05-17,development,true
DEAL-09108,2024-06-04,development,true
DEAL-09109,2025-12-07,future_holdout,true
DEAL-09110,2025-07-26,future_holdout,true
DEAL-09111,2025-07-09,future_holdout,true
DEAL-09112,2025-06-15,validation,true
DEAL-09113,2025-08-13,future_holdout,true
DEAL-09114,2025-04-03,validation,true
DEAL-09115,2025-05-21,validation,true
DEAL-09116,2025-07-16,future_holdout,true
DEAL-09117,2024-03-27,development,true
DEAL-09118,2025-05-15,validation,true
DEAL-09119,2024-09-06,development,true
DEAL-09120,2024-03-15,development,true
DEAL-09121,2024-02-17,development,true
DEAL-09122,2025-06-20,validation,true
DEAL-09123,2024-10-06,development,true
DEAL-09124,2024-10-17,development,true
DEAL-09125,2024-04-14,development,true
DEAL-09126,2024-09-28,development,true
DEAL-09127,2025-07-04,future_holdout,true
DEAL-09128,2024-01-24,development,true
DEAL-09129,2025-07-24,future_holdout,true
DEAL-09130,2025-10-24,future_holdout,true
DEAL-09131,2025-01-24,validation,true
DEAL-09132,2024-01-23,development,true
DEAL-09133,2024-03-28,development,true
DEAL-09134,2025-04-03,validation,true
DEAL-09135,2025-03-15,validation,true
DEAL-09136,2025-01-13,validation,true
DEAL-09137,2024-02-21,development,true
DEAL-09138,2025-09-11,future_holdout,true
DEAL-09139,2024-03-29,development,true
DEAL-09140,2025-10-19,future_holdout,true
DEAL-09141,2024-10-01,development,true
DEAL-09142,2025-05-23,validation,true
DEAL-09143,2024-12-31,development,true
DEAL-09144,2024-05-28,development,true
DEAL-09145,2024-01-27,development,true
DEAL-09146,2025-12-22,future_holdout,true
DEAL-09147,2025-02-05,validation,true
DEAL-09148,2025-12-12,future_holdout,true
DEAL-09149,2025-03-14,validation,true
DEAL-09150,2024-01-06,development,true
DEAL-09151,2025-10-18,future_holdout,true
DEAL-09152,2024-11-17,development,true
DEAL-09153,2025-08-31,future_holdout,true
DEAL-09154,2024-05-30,development,true
DEAL-09155,2025-10-14,future_holdout,true
DEAL-09156,2024-02-16,development,true
DEAL-09157,2024-06-23,development,true
DEAL-09158,2024-06-02,development,true
DEAL-09159,2024-02-07,development,true
DEAL-09160,2025-10-08,future_holdout,true
DEAL-09161,2025-08-21,future_holdout,true
DEAL-09162,2025-11-06,future_holdout,true
DEAL-09163,2024-10-11,development,true
DEAL-09164,2025-10-18,future_holdout,true
DEAL-09165,2024-02-19,development,true
DEAL-09166,2025-09-28,future_holdout,true
DEAL-09167,2025-01-11,validation,true
DEAL-09168,2025-12-26,future_holdout,true
DEAL-09169,2024-07-10,development,true
DEAL-09170,2025-06-23,validation,true
DEAL-09171,2025-08-28,future_holdout,true
DEAL-09172,2025-08-13,future_holdout,true
DEAL-09173,2025-05-27,validation,true
DEAL-09174,2025-01-06,validation,true
DEAL-09175,2024-03-12,development,true
DEAL-09176,2024-03-24,development,true
DEAL-09177,2025-10-27,future_holdout,true
DEAL-09178,2025-04-19,validation,true
DEAL-09179,2025-05-02,validation,true
DEAL-09180,2024-08-06,development,true
DEAL-09181,2025-09-01,future_holdout,true
DEAL-09182,2024-01-19,development,true
DEAL-09183,2025-08-25,future_holdout,true
DEAL-09184,2025-12-07,future_holdout,true
DEAL-09185,2024-08-23,development,true
DEAL-09186,2025-08-03,future_holdout,true
DEAL-09187,2024-04-06,development,true
DEAL-09188,2024-01-16,development,true
DEAL-09189,2024-08-25,development,true
DEAL-09190,2025-04-16,validation,true
DEAL-09191,2024-02-10,development,true
DEAL-09192,2025-07-15,future_holdout,true
DEAL-09193,2025-02-19,validation,true
DEAL-09194,2025-02-28,validation,true
DEAL-09195,2024-03-07,development,true
DEAL-09196,2025-06-20,validation,true
DEAL-09197,2024-07-25,development,true
DEAL-09198,2025-04-07,validation,true
DEAL-09199,2025-03-10,validation,true
DEAL-09200,2025-03-15,validation,true
DEAL-09201,2025-09-11,future_holdout,true
DEAL-09202,2024-03-05,development,true
DEAL-09203,2024-02-24,development,true
DEAL-09204,2024-11-24,development,true
DEAL-09205,2024-08-04,development,true
DEAL-09206,2025-03-05,validation,true
DEAL-09207,2025-12-01,future_holdout,true
DEAL-09208,2025-03-06,validation,true
DEAL-09209,2024-08-14,development,true
DEAL-09210,2025-09-18,future_holdout,true
DEAL-09211,2025-02-17,validation,true
DEAL-09212,2025-04-19,validation,true
DEAL-09213,2025-09-05,future_holdout,true
DEAL-09214,2024-10-23,development,true
DEAL-09215,2024-06-05,development,true
DEAL-09216,2025-06-19,validation,true
DEAL-09217,2024-01-07,development,true
DEAL-09218,2024-03-10,development,true
DEAL-09219,2025-11-19,future_holdout,true
DEAL-09220,2024-12-14,development,true
DEAL-09221,2024-03-05,development,true
DEAL-09222,2024-02-18,development,true
DEAL-09223,2024-07-13,development,true
DEAL-09224,2025-07-23,future_holdout,true
DEAL-09225,2025-09-25,future_holdout,true
DEAL-09226,2024-08-15,development,true
DEAL-09227,2025-01-31,validation,true
DEAL-09228,2024-07-16,development,true
DEAL-09229,2024-04-16,development,true
DEAL-09230,2024-07-13,development,true
DEAL-09231,2025-02-07,validation,true
DEAL-09232,2025-10-06,future_holdout,true
DEAL-09233,2025-05-02,validation,true
DEAL-09234,2025-10-18,future_holdout,true
DEAL-09235,2025-09-15,future_holdout,true
DEAL-09236,2025-11-12,future_holdout,true
DEAL-09237,2025-07-29,future_holdout,true
DEAL-09238,2024-11-28,development,true
DEAL-09239,2024-11-07,development,true
DEAL-09240,2024-06-09,development,true
DEAL-09241,2024-08-30,development,true
DEAL-09242,2025-08-28,future_holdout,true
DEAL-09243,2024-04-01,development,true
DEAL-09244,2025-05-14,validation,true
DEAL-09245,2025-05-16,validation,true
DEAL-09246,2025-08-14,future_holdout,true
DEAL-09247,2025-06-14,validation,true
DEAL-09248,2025-10-01,future_holdout,true
DEAL-09249,2025-04-18,validation,true
DEAL-09250,2025-03-15,validation,true
DEAL-09251,2024-09-01,development,true
DEAL-09252,2024-12-05,development,true
DEAL-09253,2024-12-09,development,true
DEAL-09254,2025-07-21,future_holdout,true
DEAL-09255,2025-02-17,validation,true
DEAL-09256,2025-11-11,future_holdout,true
DEAL-09257,2024-11-21,development,true
DEAL-09258,2024-06-12,development,true
DEAL-09259,2024-04-07,development,true
DEAL-09260,2025-11-28,future_holdout,true
DEAL-09261,2025-05-13,validation,true
DEAL-09262,2024-11-13,development,true
DEAL-09263,2024-03-17,development,true
DEAL-09264,2025-11-30,future_holdout,true
DEAL-09265,2025-05-06,validation,true
DEAL-09266,2024-07-01,development,true
DEAL-09267,2024-04-26,development,true
DEAL-09268,2024-10-13,development,true
DEAL-09269,2025-06-22,validation,true
DEAL-09270,2024-12-08,development,true
DEAL-09271,2024-02-20,development,true
DEAL-09272,2024-02-04,development,true
DEAL-09273,2025-01-24,validation,true
DEAL-09274,2025-08-15,future_holdout,true
DEAL-09275,2025-07-17,future_holdout,true
DEAL-09276,2025-12-04,future_holdout,true
DEAL-09277,2025-06-06,validation,true
DEAL-09278,2025-01-10,validation,true
DEAL-09279,2025-06-18,validation,true
DEAL-09280,2025-03-19,validation,true
DEAL-09281,2024-10-18,development,true
DEAL-09282,2025-02-26,validation,true
DEAL-09283,2024-06-04,development,true
DEAL-09284,2024-07-22,development,true
DEAL-09285,2025-08-11,future_holdout,true
DEAL-09286,2025-01-17,validation,true
DEAL-09287,2025-12-11,future_holdout,true
DEAL-09288,2025-10-08,future_holdout,true
DEAL-09289,2024-10-18,development,true
DEAL-09290,2024-12-23,development,true
DEAL-09291,2025-01-09,validation,true
DEAL-09292,2024-03-31,development,true
DEAL-09293,2025-11-12,future_holdout,true
DEAL-09294,2025-09-28,future_holdout,true
DEAL-09295,2025-07-31,future_holdout,true
DEAL-09296,2024-03-03,development,true
DEAL-09297,2025-11-06,future_holdout,true
DEAL-09298,2024-04-15,development,true
DEAL-09299,2025-08-15,future_holdout,true
DEAL-09300,2024-12-15,development,true
DEAL-09301,2025-10-06,future_holdout,true
DEAL-09302,2024-05-02,development,true
DEAL-09303,2025-09-09,future_holdout,true
DEAL-09304,2025-12-04,future_holdout,true
DEAL-09305,2024-05-05,development,true
DEAL-09306,2025-05-19,validation,true
DEAL-09307,2024-01-06,development,true
DEAL-09308,2025-08-08,future_holdout,true
DEAL-09309,2024-12-18,development,true
DEAL-09310,2024-04-21,development,true
DEAL-09311,2024-06-28,development,true
DEAL-09312,2024-11-12,development,true
DEAL-09313,2025-06-10,validation,true
DEAL-09314,2024-11-30,development,true
DEAL-09315,2024-01-24,development,true
DEAL-09316,2025-01-05,validation,true
DEAL-09317,2024-01-05,development,true
DEAL-09318,2025-01-05,validation,true
DEAL-09319,2025-10-27,future_holdout,true
DEAL-09320,2025-03-29,validation,true
DEAL-09321,2025-05-04,validation,true
DEAL-09322,2025-11-22,future_holdout,true
DEAL-09323,2025-09-06,future_holdout,true
DEAL-09324,2025-07-12,future_holdout,true
DEAL-09325,2024-04-23,development,true
DEAL-09326,2024-12-04,development,true
DEAL-09327,2024-01-31,development,true
DEAL-09328,2025-11-03,future_holdout,true
DEAL-09329,2024-08-03,development,true
DEAL-09330,2025-01-28,validation,true
DEAL-09331,2024-04-06,development,true
DEAL-09332,2025-11-18,future_holdout,true
DEAL-09333,2024-06-22,development,true
DEAL-09334,2024-04-04,development,true
DEAL-09335,2024-04-07,development,true
DEAL-09336,2024-07-08,development,true
DEAL-09337,2024-06-23,development,true
DEAL-09338,2024-07-22,development,true
DEAL-09339,2025-01-11,validation,true
DEAL-09340,2025-12-13,future_holdout,true
DEAL-09341,2025-08-07,future_holdout,true
DEAL-09342,2024-07-20,development,true
DEAL-09343,2024-11-25,development,true
DEAL-09344,2025-06-09,validation,true
DEAL-09345,2025-09-16,future_holdout,true
DEAL-09346,2025-10-01,future_holdout,true
DEAL-09347,2024-01-25,development,true
DEAL-09348,2024-05-23,development,true
DEAL-09349,2024-02-13,development,true
DEAL-09350,2024-05-09,development,true
DEAL-09351,2025-06-08,validation,true
DEAL-09352,2024-06-29,development,true
DEAL-09353,2025-07-08,future_holdout,true
DEAL-09354,2024-01-25,development,true
DEAL-09355,2025-11-21,future_holdout,true
DEAL-09356,2025-11-05,future_holdout,true
DEAL-09357,2024-04-30,development,true
DEAL-09358,2025-01-11,validation,true
DEAL-09359,2024-05-27,development,true
DEAL-09360,2025-07-07,future_holdout,true
DEAL-09361,2024-03-13,development,true
DEAL-09362,2025-12-22,future_holdout,true
DEAL-09363,2025-02-04,validation,true
DEAL-09364,2025-08-18,future_holdout,true
DEAL-09365,2025-07-29,future_holdout,true
DEAL-09366,2025-05-22,validation,true
DEAL-09367,2025-03-25,validation,true
DEAL-09368,2025-12-12,future_holdout,true
DEAL-09369,2025-03-19,validation,true
DEAL-09370,2024-03-28,development,true
DEAL-09371,2024-08-25,development,true
DEAL-09372,2024-10-01,development,true
DEAL-09373,2024-02-13,development,true
DEAL-09374,2025-01-25,validation,true
DEAL-09375,2024-05-11,development,true
DEAL-09376,2025-06-24,validation,true
DEAL-09377,2024-12-31,development,true
DEAL-09378,2025-01-23,validation,true
DEAL-09379,2024-10-29,development,true
DEAL-09380,2024-08-09,development,true
DEAL-09381,2025-07-05,future_holdout,true
DEAL-09382,2025-02-24,validation,true
DEAL-09383,2024-11-17,development,true
DEAL-09384,2025-12-07,future_holdout,true
DEAL-09385,2025-08-19,future_holdout,true
DEAL-09386,2024-03-05,development,true
DEAL-09387,2024-01-22,development,true
DEAL-09388,2024-06-25,development,true
DEAL-09389,2025-07-14,future_holdout,true
DEAL-09390,2025-03-26,validation,true
DEAL-09391,2025-12-20,future_holdout,true
DEAL-09392,2024-09-10,development,true
DEAL-09393,2025-03-30,validation,true
DEAL-09394,2024-02-10,development,true
DEAL-09395,2024-08-24,development,true
DEAL-09396,2025-03-02,validation,true
DEAL-09397,2024-05-06,development,true
DEAL-09398,2024-08-21,development,true
DEAL-09399,2025-08-01,future_holdout,true
DEAL-09400,2024-05-20,development,true
DEAL-09401,2025-09-30,future_holdout,true
DEAL-09402,2024-06-07,development,true
DEAL-09403,2024-12-12,development,true
DEAL-09404,2025-04-23,validation,true
DEAL-09405,2024-07-06,development,true
DEAL-09406,2024-07-01,development,true
DEAL-09407,2024-02-10,development,true
DEAL-09408,2024-07-26,development,true
DEAL-09409,2024-07-01,development,true
DEAL-09410,2024-06-13,development,true
DEAL-09411,2025-08-21,future_holdout,true
DEAL-09412,2025-09-02,future_holdout,true
DEAL-09413,2025-01-25,validation,true
DEAL-09414,2024-05-24,development,true
DEAL-09415,2025-03-11,validation,true
DEAL-09416,2025-11-16,future_holdout,true
DEAL-09417,2024-11-21,development,true
DEAL-09418,2025-10-25,future_holdout,true
DEAL-09419,2025-02-09,validation,true
DEAL-09420,2024-12-09,development,true
DEAL-09421,2024-12-29,development,true
DEAL-09422,2025-10-01,future_holdout,true
DEAL-09423,2024-03-13,development,true
DEAL-09424,2024-10-03,development,true
DEAL-09425,2025-02-20,validation,true
DEAL-09426,2024-05-11,development,true
DEAL-09427,2025-09-23,future_holdout,true
DEAL-09428,2025-09-18,future_holdout,true
DEAL-09429,2025-06-12,validation,true
DEAL-09430,2024-08-23,development,true
DEAL-09431,2024-03-16,development,true
DEAL-09432,2025-05-04,validation,true
DEAL-09433,2025-02-12,validation,true
DEAL-09434,2024-10-30,development,true
DEAL-09435,2024-10-05,development,true
DEAL-09436,2024-08-17,development,true
DEAL-09437,2024-01-26,development,true
DEAL-09438,2024-01-31,development,true
DEAL-09439,2024-06-15,development,true
DEAL-09440,2024-04-18,development,true
DEAL-09441,2024-02-02,development,true
DEAL-09442,2024-04-27,development,true
DEAL-09443,2025-06-02,validation,true
DEAL-09444,2024-02-09,development,true
DEAL-09445,2024-12-21,development,true
DEAL-09446,2025-08-20,future_holdout,true
DEAL-09447,2024-11-01,development,true
DEAL-09448,2025-03-16,validation,true
DEAL-09449,2024-10-12,development,true
DEAL-09450,2025-09-24,future_holdout,true
DEAL-09451,2025-11-08,future_holdout,true
DEAL-09452,2024-12-21,development,true
DEAL-09453,2024-08-21,development,true
DEAL-09454,2024-06-21,development,true
DEAL-09455,2024-05-31,development,true
DEAL-09456,2024-08-02,development,true
DEAL-09457,2024-12-01,development,true
DEAL-09458,2025-06-19,validation,true
DEAL-09459,2024-05-10,development,true
DEAL-09460,2025-02-09,validation,true
DEAL-09461,2025-05-29,validation,true
DEAL-09462,2025-07-11,future_holdout,true
DEAL-09463,2024-08-25,development,true
DEAL-09464,2024-01-02,development,true
DEAL-09465,2025-10-25,future_holdout,true
DEAL-09466,2024-10-19,development,true
DEAL-09467,2024-11-27,development,true
DEAL-09468,2025-02-03,validation,true
DEAL-09469,2024-06-26,development,true
DEAL-09470,2024-06-04,development,true
DEAL-09471,2025-09-08,future_holdout,true
DEAL-09472,2025-03-01,validation,true
DEAL-09473,2024-05-20,development,true
DEAL-09474,2025-12-30,future_holdout,true
DEAL-09475,2024-11-08,development,true
DEAL-09476,2024-02-10,development,true
DEAL-09477,2025-11-19,future_holdout,true
DEAL-09478,2024-05-14,development,true
DEAL-09479,2025-02-03,validation,true
DEAL-09480,2024-12-04,development,true
DEAL-09481,2025-12-04,future_holdout,true
DEAL-09482,2025-10-18,future_holdout,true
DEAL-09483,2025-01-02,validation,true
DEAL-09484,2025-04-21,validation,true
DEAL-09485,2024-07-24,development,true
DEAL-09486,2025-07-31,future_holdout,true
DEAL-09487,2025-09-23,future_holdout,true
DEAL-09488,2025-04-08,validation,true
DEAL-09489,2025-10-16,future_holdout,true
DEAL-09490,2024-04-02,development,true
DEAL-09491,2025-01-21,validation,true
DEAL-09492,2025-10-23,future_holdout,true
DEAL-09493,2024-05-28,development,true
DEAL-09494,2024-09-16,development,true
DEAL-09495,2024-10-14,development,true
DEAL-09496,2025-07-19,future_holdout,true
DEAL-09497,2024-02-11,development,true
DEAL-09498,2024-11-29,development,true
DEAL-09499,2024-03-04,development,true
DEAL-09500,2025-08-17,future_holdout,true
DEAL-09501,2025-01-27,validation,true
DEAL-09502,2025-09-24,future_holdout,true
DEAL-09503,2025-12-03,future_holdout,true
DEAL-09504,2025-04-05,validation,true
DEAL-09505,2024-03-09,development,true
DEAL-09506,2024-12-10,development,true
DEAL-09507,2025-05-20,validation,true
DEAL-09508,2025-05-14,validation,true
DEAL-09509,2024-02-12,development,true
DEAL-09510,2025-12-19,future_holdout,true
DEAL-09511,2025-11-23,future_holdout,true
DEAL-09512,2025-01-26,validation,true
DEAL-09513,2025-07-22,future_holdout,true
DEAL-09514,2024-04-27,development,true
DEAL-09515,2025-03-07,validation,true
DEAL-09516,2025-07-09,future_holdout,true
DEAL-09517,2024-05-02,development,true
DEAL-09518,2024-09-15,development,true
DEAL-09519,2025-09-11,future_holdout,true
DEAL-09520,2024-06-09,development,true
DEAL-09521,2025-12-13,future_holdout,true
DEAL-09522,2024-02-24,development,true
DEAL-09523,2024-09-03,development,true
DEAL-09524,2024-08-31,development,true
DEAL-09525,2024-07-04,development,true
DEAL-09526,2024-11-03,development,true
DEAL-09527,2024-01-13,development,true
DEAL-09528,2025-04-15,validation,true
DEAL-09529,2024-06-01,development,true
DEAL-09530,2024-12-31,development,true
DEAL-09531,2025-01-30,validation,true
DEAL-09532,2025-03-16,validation,true
DEAL-09533,2025-03-31,validation,true
DEAL-09534,2025-09-30,future_holdout,true
DEAL-09535,2025-03-24,validation,true
DEAL-09536,2025-01-11,validation,true
DEAL-09537,2025-10-02,future_holdout,true
DEAL-09538,2024-02-21,development,true
DEAL-09539,2025-04-23,validation,true
DEAL-09540,2024-09-08,development,true
DEAL-09541,2024-01-05,development,true
DEAL-09542,2024-08-28,development,true
DEAL-09543,2024-05-09,development,true
DEAL-09544,2025-05-05,validation,true
DEAL-09545,2024-08-19,development,true
DEAL-09546,2025-12-24,future_holdout,true
DEAL-09547,2025-07-26,future_holdout,true
DEAL-09548,2025-06-09,validation,true
DEAL-09549,2024-09-22,development,true
DEAL-09550,2025-06-05,validation,true
DEAL-09551,2024-08-05,development,true
DEAL-09552,2025-10-13,future_holdout,true
DEAL-09553,2025-11-13,future_holdout,true
DEAL-09554,2025-06-25,validation,true
DEAL-09555,2024-03-02,development,true
DEAL-09556,2024-06-21,development,true
DEAL-09557,2024-07-04,development,true
DEAL-09558,2024-01-26,development,true
DEAL-09559,2024-07-20,development,true
DEAL-09560,2025-11-21,future_holdout,true
DEAL-09561,2025-01-22,validation,true
DEAL-09562,2024-11-07,development,true
DEAL-09563,2025-04-03,validation,true
DEAL-09564,2024-09-10,development,true
DEAL-09565,2024-05-30,development,true
DEAL-09566,2025-09-23,future_holdout,true
DEAL-09567,2024-08-26,development,true
DEAL-09568,2025-09-24,future_holdout,true
DEAL-09569,2024-09-14,development,true
DEAL-09570,2024-06-24,development,true
DEAL-09571,2024-11-18,development,true
DEAL-09572,2025-09-24,future_holdout,true
DEAL-09573,2025-05-28,validation,true
DEAL-09574,2024-02-17,development,true
DEAL-09575,2024-01-17,development,true
DEAL-09576,2024-01-24,development,true
DEAL-09577,2025-01-28,validation,true
DEAL-09578,2025-04-29,validation,true
DEAL-09579,2024-02-02,development,true
DEAL-09580,2025-03-12,validation,true
DEAL-09581,2024-08-04,development,true
DEAL-09582,2025-01-19,validation,true
DEAL-09583,2025-01-05,validation,true
DEAL-09584,2024-07-10,development,true
DEAL-09585,2024-10-16,development,true
DEAL-09586,2025-11-27,future_holdout,true
DEAL-09587,2024-06-02,development,true
DEAL-09588,2024-04-17,development,true
DEAL-09589,2025-02-14,validation,true
DEAL-09590,2025-04-28,validation,true
DEAL-09591,2024-04-25,development,true
DEAL-09592,2025-05-30,validation,true
DEAL-09593,2025-05-28,validation,true
DEAL-09594,2025-02-22,validation,true
DEAL-09595,2025-05-25,validation,true
DEAL-09596,2024-04-05,development,true
DEAL-09597,2025-11-13,future_holdout,true
DEAL-09598,2025-08-07,future_holdout,true
DEAL-09599,2024-10-12,development,true
DEAL-09600,2025-05-23,validation,true
DEAL-09601,2025-05-15,validation,true
DEAL-09602,2025-11-26,future_holdout,true
DEAL-09603,2024-01-30,development,true
DEAL-09604,2024-04-18,development,true
DEAL-09605,2025-07-20,future_holdout,true
DEAL-09606,2025-08-26,future_holdout,true
DEAL-09607,2024-10-31,development,true
DEAL-09608,2025-08-11,future_holdout,true
DEAL-09609,2025-01-12,validation,true
DEAL-09610,2025-10-31,future_holdout,true
DEAL-09611,2025-04-11,validation,true
DEAL-09612,2025-01-13,validation,true
DEAL-09613,2025-07-30,future_holdout,true
DEAL-09614,2024-11-14,development,true
DEAL-09615,2025-07-24,future_holdout,true
DEAL-09616,2024-01-06,development,true
DEAL-09617,2024-02-12,development,true
DEAL-09618,2025-08-24,future_holdout,true
DEAL-09619,2024-03-12,development,true
DEAL-09620,2024-04-04,development,true
DEAL-09621,2025-05-10,validation,true
DEAL-09622,2024-05-26,development,true
DEAL-09623,2024-11-04,development,true
DEAL-09624,2025-09-03,future_holdout,true
DEAL-09625,2024-05-13,development,true
DEAL-09626,2025-11-12,future_holdout,true
DEAL-09627,2024-12-30,development,true
DEAL-09628,2025-06-05,validation,true
DEAL-09629,2024-03-04,development,true
DEAL-09630,2025-04-13,validation,true
DEAL-09631,2025-08-28,future_holdout,true
DEAL-09632,2024-03-26,development,true
DEAL-09633,2024-04-04,development,true
DEAL-09634,2025-05-26,validation,true
DEAL-09635,2025-10-28,future_holdout,true
DEAL-09636,2025-09-03,future_holdout,true
DEAL-09637,2024-05-01,development,true
DEAL-09638,2025-05-13,validation,true
DEAL-09639,2024-02-16,development,true
DEAL-09640,2025-09-12,future_holdout,true
DEAL-09641,2025-07-26,future_holdout,true
DEAL-09642,2025-08-25,future_holdout,true
DEAL-09643,2025-07-02,future_holdout,true
DEAL-09644,2024-06-18,development,true
DEAL-09645,2025-07-19,future_holdout,true
DEAL-09646,2024-05-22,development,true
DEAL-09647,2025-01-22,validation,true
DEAL-09648,2025-04-29,validation,true
DEAL-09649,2025-03-28,validation,true
DEAL-09650,2024-02-03,development,true
DEAL-09651,2024-01-07,development,true
DEAL-09652,2024-06-17,development,true
DEAL-09653,2024-01-08,development,true
DEAL-09654,2024-04-05,development,true
DEAL-09655,2024-07-19,development,true
DEAL-09656,2024-04-01,development,true
DEAL-09657,2024-03-28,development,true
DEAL-09658,2024-02-18,development,true
DEAL-09659,2025-06-17,validation,true
DEAL-09660,2025-09-18,future_holdout,true
DEAL-09661,2025-03-11,validation,true
DEAL-09662,2025-05-31,validation,true
DEAL-09663,2025-10-19,future_holdout,true
DEAL-09664,2024-02-19,development,true
DEAL-09665,2025-08-10,future_holdout,true
DEAL-09666,2024-04-18,development,true
DEAL-09667,2025-08-02,future_holdout,true
DEAL-09668,2024-06-02,development,true
DEAL-09669,2024-01-03,development,true
DEAL-09670,2025-12-29,future_holdout,true
DEAL-09671,2025-09-19,future_holdout,true
DEAL-09672,2025-10-16,future_holdout,true
DEAL-09673,2025-08-28,future_holdout,true
DEAL-09674,2025-06-23,validation,true
DEAL-09675,2024-04-26,development,true
DEAL-09676,2025-10-08,future_holdout,true
DEAL-09677,2024-05-26,development,true
DEAL-09678,2025-12-16,future_holdout,true
DEAL-09679,2024-12-07,development,true
DEAL-09680,2025-02-17,validation,true
DEAL-09681,2025-04-12,validation,true
DEAL-09682,2024-12-16,development,true
DEAL-09683,2024-03-05,development,true
DEAL-09684,2025-01-19,validation,true
DEAL-09685,2024-07-14,development,true
DEAL-09686,2025-11-18,future_holdout,true
DEAL-09687,2025-09-24,future_holdout,true
DEAL-09688,2025-07-17,future_holdout,true
DEAL-09689,2024-08-06,development,true
DEAL-09690,2025-04-07,validation,true
DEAL-09691,2025-09-04,future_holdout,true
DEAL-09692,2025-12-01,future_holdout,true
DEAL-09693,2024-09-13,development,true
DEAL-09694,2024-09-19,development,true
DEAL-09695,2025-11-29,future_holdout,true
DEAL-09696,2025-07-28,future_holdout,true
DEAL-09697,2024-01-16,development,true
DEAL-09698,2025-10-22,future_holdout,true
DEAL-09699,2025-07-13,future_holdout,true
DEAL-09700,2025-06-04,validation,true
DEAL-09701,2025-11-11,future_holdout,true
DEAL-09702,2024-03-01,development,true
DEAL-09703,2025-11-24,future_holdout,true
DEAL-09704,2024-06-16,development,true
DEAL-09705,2024-01-12,development,true
DEAL-09706,2025-12-24,future_holdout,true
DEAL-09707,2025-05-06,validation,true
DEAL-09708,2025-05-03,validation,true
DEAL-09709,2025-10-06,future_holdout,true
DEAL-09710,2024-08-23,development,true
DEAL-09711,2025-05-07,validation,true
DEAL-09712,2024-07-27,development,true
DEAL-09713,2025-09-14,future_holdout,true
DEAL-09714,2025-02-17,validation,true
DEAL-09715,2025-06-16,validation,true
DEAL-09716,2025-05-24,validation,true
DEAL-09717,2024-10-24,development,true
DEAL-09718,2024-04-10,development,true
DEAL-09719,2024-11-12,development,true
DEAL-09720,2025-08-28,future_holdout,true
DEAL-09721,2025-06-18,validation,true
DEAL-09722,2025-07-23,future_holdout,true
DEAL-09723,2024-06-04,development,true
DEAL-09724,2024-01-15,development,true
DEAL-09725,2025-06-08,validation,true
DEAL-09726,2025-02-06,validation,true
DEAL-09727,2024-07-12,development,true
DEAL-09728,2025-08-09,future_holdout,true
DEAL-09729,2024-08-22,development,true
DEAL-09730,2025-07-11,future_holdout,true
DEAL-09731,2024-04-08,development,true
DEAL-09732,2025-04-29,validation,true
DEAL-09733,2025-01-20,validation,true
DEAL-09734,2025-02-23,validation,true
DEAL-09735,2024-04-02,development,true
DEAL-09736,2025-09-03,future_holdout,true
DEAL-09737,2024-10-17,development,true
DEAL-09738,2025-08-27,future_holdout,true
DEAL-09739,2024-06-01,development,true
DEAL-09740,2025-02-03,validation,true
DEAL-09741,2024-12-28,development,true
DEAL-09742,2024-11-19,development,true
DEAL-09743,2024-06-05,development,true
DEAL-09744,2024-01-03,development,true
DEAL-09745,2025-07-18,future_holdout,true
DEAL-09746,2024-11-18,development,true
DEAL-09747,2025-11-12,future_holdout,true
DEAL-09748,2025-10-17,future_holdout,true
DEAL-09749,2024-07-21,development,true
DEAL-09750,2024-01-15,development,true
DEAL-09751,2024-01-25,development,true
DEAL-09752,2025-01-15,validation,true
DEAL-09753,2024-02-05,development,true
DEAL-09754,2025-07-29,future_holdout,true
DEAL-09755,2024-06-03,development,true
DEAL-09756,2024-06-08,development,true
DEAL-09757,2024-02-22,development,true
DEAL-09758,2024-01-11,development,true
DEAL-09759,2024-09-22,development,true
DEAL-09760,2024-07-28,development,true
DEAL-09761,2025-01-23,validation,true
DEAL-09762,2025-05-26,validation,true
DEAL-09763,2024-10-01,development,true
DEAL-09764,2024-03-10,development,true
DEAL-09765,2024-06-20,development,true
DEAL-09766,2025-07-25,future_holdout,true
DEAL-09767,2025-04-21,validation,true
DEAL-09768,2025-01-19,validation,true
DEAL-09769,2025-09-24,future_holdout,true
DEAL-09770,2024-05-19,development,true
DEAL-09771,2024-01-16,development,true
DEAL-09772,2024-02-20,development,true
DEAL-09773,2025-02-05,validation,true
DEAL-09774,2025-08-16,future_holdout,true
DEAL-09775,2025-12-04,future_holdout,true
DEAL-09776,2025-10-31,future_holdout,true
DEAL-09777,2025-10-24,future_holdout,true
DEAL-09778,2024-03-14,development,true
DEAL-09779,2024-12-22,development,true
DEAL-09780,2024-05-11,development,true
DEAL-09781,2025-10-22,future_holdout,true
DEAL-09782,2024-04-07,development,true
DEAL-09783,2025-04-03,validation,true
DEAL-09784,2024-09-23,development,true
DEAL-09785,2025-12-31,future_holdout,true
DEAL-09786,2024-08-01,development,true
DEAL-09787,2025-05-11,validation,true
DEAL-09788,2024-11-04,development,true
DEAL-09789,2025-05-06,validation,true
DEAL-09790,2025-03-31,validation,true
DEAL-09791,2024-11-18,development,true
DEAL-09792,2025-10-02,future_holdout,true
DEAL-09793,2024-05-18,development,true
DEAL-09794,2024-05-07,development,true
DEAL-09795,2024-03-30,development,true
DEAL-09796,2024-04-26,development,true
DEAL-09797,2025-06-19,validation,true
DEAL-09798,2024-10-21,development,true
DEAL-09799,2024-01-28,development,true
DEAL-09800,2025-10-14,future_holdout,true
DEAL-09801,2024-11-16,development,true
DEAL-09802,2025-04-21,validation,true
DEAL-09803,2024-12-23,development,true
DEAL-09804,2025-06-30,validation,true
DEAL-09805,2025-09-14,future_holdout,true
DEAL-09806,2024-08-08,development,true
DEAL-09807,2025-04-15,validation,true
DEAL-09808,2025-10-15,future_holdout,true
DEAL-09809,2024-01-11,development,true
DEAL-09810,2025-10-03,future_holdout,true
DEAL-09811,2025-03-11,validation,true
DEAL-09812,2025-09-17,future_holdout,true
DEAL-09813,2025-01-24,validation,true
DEAL-09814,2025-10-27,future_holdout,true
DEAL-09815,2024-01-02,development,true
DEAL-09816,2025-04-15,validation,true
DEAL-09817,2024-02-10,development,true
DEAL-09818,2024-03-16,development,true
DEAL-09819,2025-04-02,validation,true
DEAL-09820,2024-08-26,development,true
DEAL-09821,2025-03-11,validation,true
DEAL-09822,2024-12-16,development,true
DEAL-09823,2025-10-22,future_holdout,true
DEAL-09824,2025-10-13,future_holdout,true
DEAL-09825,2025-07-28,future_holdout,true
DEAL-09826,2025-06-29,validation,true
DEAL-09827,2024-11-30,development,true
DEAL-09828,2024-12-23,development,true
DEAL-09829,2025-11-16,future_holdout,true
DEAL-09830,2025-07-09,future_holdout,true
DEAL-09831,2025-06-29,validation,true
DEAL-09832,2024-08-24,development,true
DEAL-09833,2024-08-14,development,true
DEAL-09834,2024-05-24,development,true
DEAL-09835,2025-10-16,future_holdout,true
DEAL-09836,2024-03-04,development,true
DEAL-09837,2025-12-09,future_holdout,true
DEAL-09838,2024-03-21,development,true
DEAL-09839,2025-08-12,future_holdout,true
DEAL-09840,2025-11-15,future_holdout,true
DEAL-09841,2024-04-28,development,true
DEAL-09842,2025-08-28,future_holdout,true
DEAL-09843,2024-12-02,development,true
DEAL-09844,2025-09-09,future_holdout,true
DEAL-09845,2025-12-31,future_holdout,true
DEAL-09846,2024-02-16,development,true
DEAL-09847,2025-08-03,future_holdout,true
DEAL-09848,2025-01-25,validation,true
DEAL-09849,2024-07-23,development,true
DEAL-09850,2024-01-02,development,true
DEAL-09851,2025-04-11,validation,true
DEAL-09852,2025-06-19,validation,true
DEAL-09853,2024-11-18,development,true
DEAL-09854,2025-06-27,validation,true
DEAL-09855,2024-06-22,development,true
DEAL-09856,2025-02-25,validation,true
DEAL-09857,2024-01-02,development,true
DEAL-09858,2024-10-04,development,true
DEAL-09859,2024-07-20,development,true
DEAL-09860,2025-02-05,validation,true
DEAL-09861,2025-09-05,future_holdout,true
DEAL-09862,2024-04-29,development,true
DEAL-09863,2024-06-10,development,true
DEAL-09864,2024-04-13,development,true
DEAL-09865,2024-07-12,development,true
DEAL-09866,2024-01-12,development,true
DEAL-09867,2024-09-22,development,true
DEAL-09868,2024-05-23,development,true
DEAL-09869,2025-05-16,validation,true
DEAL-09870,2025-05-26,validation,true
DEAL-09871,2024-02-11,development,true
DEAL-09872,2025-09-04,future_holdout,true
DEAL-09873,2025-12-01,future_holdout,true
DEAL-09874,2024-02-19,development,true
DEAL-09875,2024-09-07,development,true
DEAL-09876,2024-05-21,development,true
DEAL-09877,2025-05-05,validation,true
DEAL-09878,2025-03-31,validation,true
DEAL-09879,2024-09-18,development,true
DEAL-09880,2024-07-28,development,true
DEAL-09881,2024-08-09,development,true
DEAL-09882,2024-01-13,development,true
DEAL-09883,2025-12-01,future_holdout,true
DEAL-09884,2024-07-12,development,true
DEAL-09885,2025-08-15,future_holdout,true
DEAL-09886,2025-12-25,future_holdout,true
DEAL-09887,2025-08-12,future_holdout,true
DEAL-09888,2024-04-12,development,true
DEAL-09889,2024-06-16,development,true
DEAL-09890,2025-03-03,validation,true
DEAL-09891,2025-11-28,future_holdout,true
DEAL-09892,2024-11-19,development,true
DEAL-09893,2025-08-31,future_holdout,true
DEAL-09894,2025-03-27,validation,true
DEAL-09895,2024-11-09,development,true
DEAL-09896,2025-10-06,future_holdout,true
DEAL-09897,2024-05-02,development,true
DEAL-09898,2025-02-12,validation,true
DEAL-09899,2025-10-08,future_holdout,true
DEAL-09900,2024-09-19,development,true
DEAL-09901,2025-09-16,future_holdout,true
DEAL-09902,2025-11-16,future_holdout,true
DEAL-09903,2024-01-21,development,true
DEAL-09904,2024-12-30,development,true
DEAL-09905,2025-01-12,validation,true
DEAL-09906,2025-11-25,future_holdout,true
DEAL-09907,2024-10-10,development,true
DEAL-09908,2024-05-02,development,true
DEAL-09909,2024-05-01,development,true
DEAL-09910,2024-12-09,development,true
DEAL-09911,2025-11-24,future_holdout,true
DEAL-09912,2025-02-19,validation,true
DEAL-09913,2024-07-21,development,true
DEAL-09914,2025-05-18,validation,true
DEAL-09915,2024-11-17,development,true
DEAL-09916,2025-12-08,future_holdout,true
DEAL-09917,2025-03-13,validation,true
DEAL-09918,2024-05-06,development,true
DEAL-09919,2025-09-12,future_holdout,true
DEAL-09920,2025-05-19,validation,true
DEAL-09921,2025-11-16,future_holdout,true
DEAL-09922,2025-03-13,validation,true
DEAL-09923,2025-10-23,future_holdout,true
DEAL-09924,2025-12-05,future_holdout,true
DEAL-09925,2024-02-16,development,true
DEAL-09926,2025-01-04,validation,true
DEAL-09927,2024-03-10,development,true
DEAL-09928,2025-12-12,future_holdout,true
DEAL-09929,2024-05-04,development,true
DEAL-09930,2024-09-30,development,true
DEAL-09931,2025-11-07,future_holdout,true
DEAL-09932,2025-03-01,validation,true
DEAL-09933,2025-05-07,validation,true
DEAL-09934,2025-11-01,future_holdout,true
DEAL-09935,2024-02-20,development,true
DEAL-09936,2024-02-11,development,true
DEAL-09937,2024-01-14,development,true
DEAL-09938,2024-08-09,development,true
DEAL-09939,2024-12-06,development,true
DEAL-09940,2025-07-02,future_holdout,true
DEAL-09941,2025-10-23,future_holdout,true
DEAL-09942,2024-01-06,development,true
DEAL-09943,2024-12-24,development,true
DEAL-09944,2025-10-26,future_holdout,true
DEAL-09945,2024-11-08,development,true
DEAL-09946,2024-07-29,development,true
DEAL-09947,2025-01-05,validation,true
DEAL-09948,2025-04-17,validation,true
DEAL-09949,2024-12-18,development,true
DEAL-09950,2024-01-08,development,true
DEAL-09951,2025-12-22,future_holdout,true
DEAL-09952,2025-02-24,validation,true
DEAL-09953,2025-07-11,future_holdout,true
DEAL-09954,2025-10-25,future_holdout,true
DEAL-09955,2024-05-06,development,true
DEAL-09956,2025-05-22,validation,true
DEAL-09957,2024-01-24,development,true
DEAL-09958,2025-12-25,future_holdout,true
DEAL-09959,2024-08-29,development,true
DEAL-09960,2025-04-27,validation,true
DEAL-09961,2024-05-01,development,true
DEAL-09962,2025-12-19,future_holdout,true
DEAL-09963,2025-06-09,validation,true
DEAL-09964,2025-08-12,future_holdout,true
DEAL-09965,2025-12-01,future_holdout,true
DEAL-09966,2025-06-24,validation,true
DEAL-09967,2024-03-11,development,true
DEAL-09968,2025-06-11,validation,true
DEAL-09969,2025-08-15,future_holdout,true
DEAL-09970,2024-10-15,development,true
DEAL-09971,2024-06-27,development,true
DEAL-09972,2024-12-15,development,true
DEAL-09973,2025-01-25,validation,true
DEAL-09974,2025-11-03,future_holdout,true
DEAL-09975,2024-03-16,development,true
DEAL-09976,2025-10-08,future_holdout,true
DEAL-09977,2024-03-07,development,true
DEAL-09978,2025-05-21,validation,true
DEAL-09979,2025-07-21,future_holdout,true
DEAL-09980,2025-06-23,validation,true
DEAL-09981,2025-11-02,future_holdout,true
DEAL-09982,2024-12-10,development,true
DEAL-09983,2025-05-07,validation,true
DEAL-09984,2024-06-30,development,true
DEAL-09985,2024-06-21,development,true
DEAL-09986,2025-10-23,future_holdout,true
DEAL-09987,2025-04-14,validation,true
DEAL-09988,2025-06-17,validation,true
DEAL-09989,2025-08-24,future_holdout,true
DEAL-09990,2024-03-12,development,true
DEAL-09991,2024-11-23,development,true
DEAL-09992,2024-08-29,development,true
DEAL-09993,2024-02-27,development,true
DEAL-09994,2024-03-07,development,true
DEAL-09995,2025-12-28,future_holdout,true
DEAL-09996,2025-09-01,future_holdout,true
DEAL-09997,2025-03-10,validation,true
DEAL-09998,2025-02-24,validation,true
DEAL-09999,2025-06-15,validation,true
DEAL-10000,2025-10-04,future_holdout,true
