batch_date,product_line,raw_material_supplier,shift,batch_size_units,operator,machine_id,planned_cycle_time_min,material_grade,humidity_pct,temperature_c,rush_order
2024-12-08,Line A,Supplier 4,day,713,Operator 7,Machine 4,48.06,premium,38.95,12.07,false
2024-08-01,Line C,Supplier 3,night,350,Operator 1,Machine 5,19.03,premium,48.34,21.13,false
2025-05-01,Line D,Supplier 3,night,919,Operator 2,Machine 1,15.94,standard,57.86,32.32,false
2025-05-23,Line C,Supplier 1,evening,818,Operator 5,Machine 3,32.63,premium,25.24,6.47,false
2025-11-29,Line B,Supplier 3,evening,504,Operator 6,Machine 4,5.0,standard,65.6,29.03,false
2024-10-13,Line D,Supplier 4,day,1322,Operator 2,Machine 5,12.31,premium,64.44,20.27,false
2025-06-04,Line A,Supplier 5,day,529,Operator 8,Machine 3,21.37,premium,22.42,22.43,false
2025-12-14,Line C,Supplier 3,evening,209,Operator 2,Machine 5,53.62,premium,47.6,15.32,false
2024-09-18,Line C,Supplier 4,night,134,Operator 8,Machine 5,28.94,standard,69.98,13.02,true
2024-02-23,Line A,Supplier 2,night,434,Operator 1,Machine 1,33.9,premium,46.73,21.23,true
2025-02-15,Line A,Supplier 4,day,320,Operator 4,Machine 4,44.49,premium,68.07,18.1,false
2025-10-15,Line D,Supplier 1,night,646,Operator 2,Machine 6,43.13,premium,20.0,20.79,true
2025-07-05,Line B,Supplier 5,day,285,Operator 3,Machine 5,41.31,premium,47.75,14.02,false
2025-06-27,Line C,Supplier 3,day,817,Operator 5,Machine 1,32.36,premium,32.31,13.55,false
2024-11-17,Line A,Supplier 3,day,1191,Operator 2,Machine 1,18.81,premium,38.83,20.56,false
2025-01-20,Line A,Supplier 5,day,356,Operator 1,Machine 1,18.87,standard,69.69,23.87,true
2025-08-23,Line D,Supplier 3,night,50,Operator 2,Machine 5,28.8,premium,42.5,23.59,false
2024-12-01,Line B,Supplier 2,evening,213,Operator 7,Machine 5,44.02,premium,43.0,17.89,false
2024-04-23,Line A,Supplier 5,day,1198,Operator 2,Machine 5,33.72,premium,90.09,11.32,false
2025-06-22,Line A,Supplier 5,night,1057,Operator 2,Machine 5,32.94,premium,58.69,37.66,false
2024-06-24,Line A,Supplier 3,day,733,Operator 8,Machine 3,67.28,premium,72.76,31.26,false
2024-11-08,Line C,Supplier 1,evening,430,Operator 6,Machine 2,67.16,premium,46.41,27.07,false
2025-12-05,Line A,Supplier 4,day,50,Operator 3,Machine 5,40.19,premium,45.73,21.6,false
2024-04-09,Line D,Supplier 1,day,670,Operator 5,Machine 3,41.51,premium,47.55,20.67,false
2025-03-29,Line D,Supplier 2,evening,587,Operator 6,Machine 4,30.77,premium,35.57,20.75,true
2025-07-12,Line A,Supplier 5,day,311,Operator 3,Machine 6,44.4,premium,43.43,22.85,false
2024-12-27,Line B,Supplier 1,evening,504,Operator 1,Machine 3,42.78,premium,63.14,21.98,false
2024-07-31,Line B,Supplier 1,night,118,Operator 7,Machine 5,28.67,premium,35.39,22.82,false
2024-09-11,Line A,Supplier 5,evening,887,Operator 2,Machine 4,34.68,standard,53.29,30.53,true
2025-02-07,Line C,Supplier 3,night,582,Operator 3,Machine 1,32.38,premium,56.8,20.47,false
2025-12-07,Line C,Supplier 3,night,703,Operator 3,Machine 2,13.9,standard,52.7,27.45,false
2025-01-07,Line A,Supplier 3,evening,351,Operator 8,Machine 6,31.59,premium,44.42,24.65,false
2024-09-21,Line B,Supplier 5,evening,851,Operator 6,Machine 3,29.23,premium,35.64,28.91,false
2025-06-04,Line A,Supplier 1,evening,141,Operator 7,Machine 5,29.94,standard,79.5,10.4,false
2024-04-08,Line A,Supplier 2,day,318,Operator 2,Machine 1,23.54,standard,63.48,22.01,true
2025-07-24,Line A,Supplier 3,day,556,Operator 7,Machine 1,5.0,premium,81.86,24.83,false
2024-02-18,Line C,Supplier 1,day,1218,Operator 2,Machine 5,33.71,premium,48.32,15.21,false
2025-10-06,Line D,Supplier 1,evening,844,Operator 2,Machine 3,45.81,premium,51.63,22.36,false
2024-11-26,Line A,Supplier 5,night,912,Operator 2,Machine 1,18.51,standard,60.7,18.48,true
2024-06-27,Line C,Supplier 3,evening,798,Operator 1,Machine 1,28.66,premium,22.69,14.27,true
2024-05-22,Line B,Supplier 1,night,649,Operator 8,Machine 6,39.44,premium,45.05,18.88,true
2024-03-13,Line C,Supplier 3,day,397,Operator 3,Machine 1,23.09,premium,53.65,25.17,false
2024-07-03,Line A,Supplier 5,night,742,Operator 5,Machine 1,41.45,premium,54.63,19.13,false
2024-05-07,Line C,Supplier 4,night,889,Operator 8,Machine 4,39.39,premium,41.79,11.05,false
2024-01-08,Line B,Supplier 5,evening,684,Operator 5,Machine 6,5.01,premium,57.62,17.84,false
2024-10-06,Line A,Supplier 3,day,904,Operator 2,Machine 2,36.05,standard,56.48,18.07,false
2024-10-21,Line D,Supplier 3,night,870,Operator 2,Machine 6,25.14,standard,62.23,33.61,false
2024-11-14,Line A,Supplier 1,evening,646,Operator 7,Machine 6,57.24,standard,70.78,29.89,false
2025-11-29,Line D,Supplier 3,night,921,Operator 2,Machine 4,29.57,premium,45.8,23.66,false
2024-03-24,Line A,Supplier 2,night,657,Operator 7,Machine 4,40.95,premium,48.88,25.99,false
2025-12-08,Line B,Supplier 4,night,1028,Operator 6,Machine 5,40.93,premium,38.6,32.24,true
2025-05-21,Line A,Supplier 1,night,495,Operator 2,Machine 3,21.98,standard,44.52,18.73,true
2025-10-03,Line C,Supplier 2,night,972,Operator 2,Machine 4,29.29,premium,32.78,26.49,false
2025-04-18,Line B,Supplier 4,day,1272,Operator 2,Machine 2,44.02,standard,54.97,11.21,false
2025-07-25,Line B,Supplier 3,evening,286,Operator 5,Machine 5,20.19,standard,51.63,24.05,false
2024-09-04,Line A,Supplier 3,day,646,Operator 8,Machine 3,46.62,premium,50.31,24.29,false
2025-08-30,Line A,Supplier 1,day,949,Operator 2,Machine 6,40.28,standard,54.51,23.19,false
2025-12-25,Line A,Supplier 1,day,1064,Operator 8,Machine 2,33.8,premium,42.91,24.86,false
2025-09-25,Line B,Supplier 4,evening,475,Operator 1,Machine 5,33.12,premium,58.93,22.65,false
2025-02-13,Line B,Supplier 1,evening,174,Operator 7,Machine 5,45.06,premium,44.17,17.44,false
2025-01-27,Line C,Supplier 3,night,1257,Operator 2,Machine 2,34.47,premium,62.18,14.06,false
2025-08-15,Line A,Supplier 5,day,371,Operator 1,Machine 3,24.25,standard,58.86,23.51,false
2024-11-12,Line D,Supplier 1,evening,1399,Operator 2,Machine 6,50.72,premium,44.66,13.49,false
2024-07-01,Line D,Supplier 2,night,103,Operator 6,Machine 5,21.38,standard,58.2,24.68,true
2025-02-23,Line D,Supplier 5,evening,480,Operator 1,Machine 2,57.64,premium,49.28,24.12,false
2025-04-20,Line D,Supplier 4,day,430,Operator 8,Machine 3,51.64,premium,33.76,14.59,false
2024-09-10,Line D,Supplier 2,night,488,Operator 3,Machine 6,17.2,premium,39.47,26.54,false
2024-10-30,Line A,Supplier 4,night,413,Operator 2,Machine 4,35.93,standard,67.8,31.77,false
2025-07-04,Line B,Supplier 2,evening,960,Operator 6,Machine 5,52.54,standard,64.05,24.06,false
2025-02-18,Line A,Supplier 4,night,414,Operator 2,Machine 2,42.47,premium,49.01,19.47,true
2025-03-18,Line D,Supplier 3,day,407,Operator 7,Machine 2,19.41,standard,57.95,36.82,false
2024-06-23,Line B,Supplier 1,evening,662,Operator 4,Machine 3,29.49,premium,49.24,23.59,false
2025-01-26,Line A,Supplier 2,day,738,Operator 4,Machine 6,28.71,premium,44.77,21.28,false
2024-09-20,Line A,Supplier 5,evening,1016,Operator 4,Machine 2,22.4,premium,52.57,22.41,false
2024-06-25,Line D,Supplier 4,evening,537,Operator 1,Machine 5,36.79,premium,43.52,18.58,false
2025-06-29,Line A,Supplier 1,night,190,Operator 6,Machine 2,25.31,premium,59.25,13.51,false
2024-11-24,Line A,Supplier 5,day,576,Operator 3,Machine 1,28.66,premium,35.36,23.98,false
2024-06-19,Line B,Supplier 2,night,778,Operator 3,Machine 2,26.85,premium,50.68,22.28,false
2025-04-10,Line B,Supplier 4,evening,629,Operator 1,Machine 6,35.98,premium,39.83,20.41,true
2024-04-22,Line C,Supplier 3,night,576,Operator 4,Machine 5,18.99,standard,50.26,30.71,false
2024-04-19,Line B,Supplier 5,evening,50,Operator 8,Machine 2,38.75,premium,40.74,24.9,false
2024-09-20,Line B,Supplier 5,night,326,Operator 4,Machine 1,37.43,standard,60.2,9.09,true
2025-03-25,Line A,Supplier 4,evening,755,Operator 3,Machine 1,43.21,standard,58.68,26.54,false
2024-01-10,Line C,Supplier 4,evening,970,Operator 3,Machine 6,41.89,premium,48.59,20.77,false
2025-12-14,Line D,Supplier 4,day,805,Operator 8,Machine 4,27.92,standard,67.18,4.38,false
2024-08-16,Line D,Supplier 4,night,777,Operator 6,Machine 1,53.29,premium,40.01,21.31,false
2024-09-16,Line C,Supplier 3,night,339,Operator 8,Machine 2,48.62,premium,29.16,10.34,false
2024-09-04,Line D,Supplier 3,night,382,Operator 8,Machine 5,10.08,standard,77.82,16.07,false
2024-08-03,Line A,Supplier 4,day,878,Operator 8,Machine 2,32.9,standard,36.58,13.27,false
2024-01-16,Line C,Supplier 4,day,766,Operator 2,Machine 3,39.91,premium,34.72,16.76,false
2024-12-23,Line D,Supplier 5,day,417,Operator 2,Machine 6,25.36,premium,51.86,20.06,false
2024-07-27,Line D,Supplier 2,night,564,Operator 4,Machine 2,32.23,premium,44.32,24.57,true
2024-01-04,Line D,Supplier 5,day,634,Operator 1,Machine 5,40.83,premium,40.55,24.73,true
2024-03-26,Line D,Supplier 1,day,854,Operator 2,Machine 1,33.39,premium,20.0,13.36,false
2024-06-23,Line B,Supplier 5,evening,599,Operator 4,Machine 3,32.41,premium,49.3,20.49,false
2025-07-27,Line A,Supplier 1,night,931,Operator 2,Machine 3,37.17,premium,38.46,18.08,true
2025-12-31,Line A,Supplier 2,evening,176,Operator 4,Machine 5,44.04,premium,52.7,20.01,false
2024-08-10,Line D,Supplier 4,evening,482,Operator 6,Machine 1,50.51,premium,56.32,31.23,false
2024-08-03,Line C,Supplier 3,evening,247,Operator 8,Machine 6,31.23,premium,40.97,26.7,true
2025-08-15,Line C,Supplier 1,night,1068,Operator 6,Machine 5,48.54,standard,58.61,25.36,false
2024-06-29,Line D,Supplier 5,evening,1047,Operator 5,Machine 6,22.97,standard,53.24,13.76,false
2025-07-20,Line A,Supplier 4,night,754,Operator 7,Machine 4,12.87,standard,53.07,30.84,false
2025-03-22,Line C,Supplier 3,day,50,Operator 4,Machine 5,40.22,premium,49.35,14.99,false
2025-12-05,Line A,Supplier 2,evening,76,Operator 3,Machine 5,45.33,standard,62.75,28.09,false
2024-06-23,Line D,Supplier 5,evening,527,Operator 8,Machine 6,30.66,premium,45.93,29.25,false
2025-09-20,Line C,Supplier 2,night,50,Operator 8,Machine 5,41.5,standard,52.89,6.74,false
2024-06-22,Line B,Supplier 2,evening,707,Operator 2,Machine 4,36.37,premium,30.51,18.72,false
2024-06-17,Line D,Supplier 4,evening,1235,Operator 2,Machine 1,25.01,premium,54.08,29.51,false
2025-03-04,Line D,Supplier 4,evening,439,Operator 2,Machine 6,30.79,premium,38.38,17.6,false
2025-12-14,Line A,Supplier 4,night,682,Operator 3,Machine 3,30.46,standard,56.12,21.76,false
2025-06-04,Line C,Supplier 3,night,878,Operator 2,Machine 6,28.34,standard,60.18,30.4,false
2025-04-25,Line B,Supplier 4,day,380,Operator 3,Machine 1,22.48,premium,54.88,18.77,true
2024-08-04,Line B,Supplier 1,day,403,Operator 8,Machine 4,22.15,standard,54.13,24.42,true
2024-07-20,Line C,Supplier 4,evening,260,Operator 2,Machine 5,39.98,premium,28.83,15.19,true
2024-01-30,Line A,Supplier 1,evening,1136,Operator 2,Machine 6,41.31,premium,36.1,19.12,false
2024-11-01,Line A,Supplier 3,night,707,Operator 3,Machine 5,42.59,premium,52.49,36.34,false
2024-02-25,Line C,Supplier 1,night,388,Operator 8,Machine 3,48.65,standard,78.06,29.32,true
2025-10-12,Line C,Supplier 5,evening,1514,Operator 2,Machine 4,50.83,premium,41.29,13.07,true
2024-03-23,Line C,Supplier 2,evening,449,Operator 1,Machine 2,28.26,premium,46.44,22.68,true
2025-01-10,Line B,Supplier 3,evening,1065,Operator 1,Machine 4,52.87,standard,59.48,14.59,false
2024-03-24,Line C,Supplier 4,night,556,Operator 8,Machine 2,20.27,standard,56.31,10.54,false
2024-09-21,Line D,Supplier 1,night,786,Operator 1,Machine 2,34.68,premium,48.0,21.69,true
2025-03-19,Line A,Supplier 4,day,450,Operator 4,Machine 6,30.91,standard,50.71,27.71,false
2025-03-24,Line C,Supplier 3,evening,556,Operator 4,Machine 2,23.77,premium,34.57,22.56,false
2025-05-15,Line B,Supplier 5,day,430,Operator 1,Machine 6,15.76,standard,54.15,30.58,false
2025-10-23,Line C,Supplier 3,day,1202,Operator 1,Machine 1,16.76,premium,27.68,30.09,false
2024-07-01,Line C,Supplier 1,day,861,Operator 3,Machine 3,35.87,premium,40.85,18.66,false
2025-07-15,Line C,Supplier 4,night,1421,Operator 2,Machine 4,41.85,standard,52.61,8.37,false
2025-05-25,Line C,Supplier 1,day,362,Operator 3,Machine 3,49.39,premium,49.2,29.8,false
2025-07-08,Line A,Supplier 3,day,244,Operator 5,Machine 3,16.37,premium,56.02,16.89,false
2024-08-06,Line C,Supplier 2,night,399,Operator 1,Machine 4,22.6,standard,51.07,15.43,false
2024-11-10,Line D,Supplier 4,evening,450,Operator 2,Machine 1,26.04,premium,35.03,23.45,false
2025-02-07,Line A,Supplier 2,evening,592,Operator 2,Machine 3,51.69,premium,62.25,20.59,false
2024-10-01,Line B,Supplier 3,evening,745,Operator 1,Machine 2,10.04,premium,41.59,19.94,true
2024-07-06,Line B,Supplier 4,night,188,Operator 7,Machine 5,33.93,premium,41.03,30.07,true
2024-03-01,Line B,Supplier 3,evening,296,Operator 5,Machine 5,29.02,premium,54.05,18.18,false
2025-09-13,Line A,Supplier 2,day,518,Operator 8,Machine 2,28.55,premium,48.87,21.06,false
2024-02-17,Line C,Supplier 1,night,1079,Operator 2,Machine 6,11.74,premium,49.7,18.83,true
2024-09-27,Line D,Supplier 5,day,265,Operator 8,Machine 5,49.0,premium,23.0,32.93,false
2025-12-01,Line B,Supplier 2,evening,759,Operator 5,Machine 2,33.41,premium,51.58,16.42,false
2024-04-28,Line D,Supplier 3,day,917,Operator 2,Machine 6,5.0,premium,26.41,30.09,false
2024-06-03,Line B,Supplier 1,night,764,Operator 8,Machine 3,32.65,premium,47.67,19.03,false
2024-10-17,Line D,Supplier 3,night,1008,Operator 8,Machine 5,35.96,standard,72.24,12.24,false
2025-09-16,Line A,Supplier 5,night,146,Operator 5,Machine 5,39.93,premium,62.18,21.71,true
2025-11-25,Line B,Supplier 4,night,949,Operator 2,Machine 1,26.06,standard,56.75,19.43,true
2025-10-15,Line B,Supplier 2,night,1182,Operator 2,Machine 4,47.18,premium,36.04,16.45,false
2024-05-15,Line A,Supplier 1,day,50,Operator 6,Machine 5,22.77,standard,55.1,20.51,false
2025-07-21,Line C,Supplier 5,day,457,Operator 3,Machine 4,29.06,standard,71.53,27.86,false
2025-04-02,Line A,Supplier 5,day,921,Operator 2,Machine 1,36.56,premium,33.29,28.49,true
2024-04-29,Line D,Supplier 3,night,736,Operator 6,Machine 4,15.74,standard,55.45,21.11,false
2024-07-27,Line C,Supplier 3,day,759,Operator 8,Machine 2,12.98,premium,72.85,14.77,false
2025-03-04,Line A,Supplier 5,night,1300,Operator 7,Machine 1,26.94,premium,31.73,27.46,false
2024-12-05,Line A,Supplier 2,night,771,Operator 3,Machine 3,52.19,premium,27.92,25.59,true
2025-04-22,Line D,Supplier 3,evening,616,Operator 3,Machine 5,25.13,premium,33.42,18.09,true
2024-04-08,Line A,Supplier 1,day,303,Operator 2,Machine 3,20.48,premium,26.09,24.17,false
2024-01-17,Line B,Supplier 3,day,438,Operator 8,Machine 6,47.25,premium,50.27,28.75,false
2025-07-11,Line D,Supplier 3,night,1119,Operator 8,Machine 2,11.32,premium,21.98,15.38,false
2024-12-27,Line A,Supplier 3,night,299,Operator 1,Machine 5,33.72,standard,56.01,24.79,true
2024-04-16,Line B,Supplier 3,night,821,Operator 4,Machine 4,34.21,premium,41.9,22.61,true
2025-12-02,Line B,Supplier 3,day,82,Operator 7,Machine 5,40.33,premium,44.32,28.31,false
2025-05-11,Line B,Supplier 2,night,466,Operator 3,Machine 4,42.81,standard,78.34,31.48,true
2024-10-17,Line C,Supplier 3,evening,292,Operator 8,Machine 5,17.52,standard,52.83,24.0,false
2025-07-08,Line C,Supplier 1,day,720,Operator 1,Machine 2,43.24,premium,49.13,27.7,false
2025-06-10,Line A,Supplier 4,day,982,Operator 2,Machine 6,40.34,premium,30.65,18.63,false
2024-08-27,Line D,Supplier 4,night,312,Operator 5,Machine 1,47.31,premium,66.81,36.23,true
2025-10-11,Line D,Supplier 3,evening,413,Operator 2,Machine 5,17.97,standard,57.57,26.6,false
2024-11-01,Line A,Supplier 5,night,791,Operator 8,Machine 1,33.19,premium,35.8,26.69,true
2024-05-23,Line C,Supplier 4,day,1016,Operator 2,Machine 2,31.99,premium,54.24,25.08,true
2025-12-30,Line A,Supplier 3,evening,387,Operator 5,Machine 5,14.66,premium,32.43,33.26,false
2025-01-11,Line A,Supplier 1,evening,364,Operator 2,Machine 2,36.37,premium,53.45,30.68,false
2025-08-22,Line D,Supplier 3,day,750,Operator 8,Machine 1,14.28,standard,50.43,25.85,true
2025-07-18,Line D,Supplier 5,day,963,Operator 2,Machine 5,20.48,premium,46.23,24.9,false
2024-07-26,Line A,Supplier 2,evening,208,Operator 1,Machine 5,34.38,premium,30.57,28.7,false
2025-04-12,Line C,Supplier 2,evening,847,Operator 4,Machine 4,36.19,standard,64.42,30.57,false
2025-03-15,Line B,Supplier 4,day,950,Operator 2,Machine 2,42.1,premium,72.45,21.34,true
2025-05-13,Line C,Supplier 2,day,358,Operator 1,Machine 5,33.93,premium,24.8,11.85,false
2025-12-07,Line A,Supplier 3,day,472,Operator 7,Machine 3,15.01,standard,55.36,30.58,false
2024-03-22,Line A,Supplier 3,night,493,Operator 8,Machine 2,19.99,premium,95.0,33.79,true
2025-07-31,Line D,Supplier 3,day,1201,Operator 2,Machine 6,46.65,standard,51.54,24.44,false
2025-12-26,Line B,Supplier 4,day,50,Operator 2,Machine 5,44.23,premium,76.69,20.42,false
2025-04-03,Line C,Supplier 4,night,81,Operator 5,Machine 5,15.01,premium,42.28,14.94,false
2024-08-16,Line C,Supplier 3,evening,760,Operator 2,Machine 2,7.25,standard,54.96,25.53,true
2024-05-18,Line C,Supplier 5,day,402,Operator 3,Machine 2,27.42,premium,42.97,35.56,true
2025-06-14,Line A,Supplier 1,night,462,Operator 1,Machine 5,40.0,premium,72.2,23.44,false
2025-07-16,Line A,Supplier 4,night,838,Operator 4,Machine 6,59.97,standard,57.28,21.57,false
2025-01-15,Line D,Supplier 2,night,459,Operator 1,Machine 1,31.61,premium,43.69,5.44,false
2024-06-15,Line C,Supplier 5,evening,574,Operator 2,Machine 6,23.09,premium,53.22,40.0,false
2024-10-20,Line D,Supplier 2,evening,200,Operator 7,Machine 1,38.01,premium,54.59,8.88,false
2025-05-11,Line B,Supplier 4,evening,798,Operator 2,Machine 2,26.14,standard,53.86,27.33,false
2025-05-25,Line A,Supplier 5,day,383,Operator 8,Machine 5,22.88,premium,62.41,6.22,false
2024-07-26,Line C,Supplier 3,evening,679,Operator 2,Machine 1,7.89,premium,56.04,14.68,false
2024-10-15,Line A,Supplier 2,day,449,Operator 6,Machine 3,25.81,premium,30.89,16.59,false
2024-02-04,Line B,Supplier 3,day,819,Operator 8,Machine 5,26.2,standard,57.53,36.89,false
2024-07-14,Line A,Supplier 5,night,50,Operator 2,Machine 6,33.39,premium,38.93,15.78,true
2024-10-05,Line A,Supplier 1,night,452,Operator 6,Machine 6,38.97,premium,31.4,33.54,false
2024-04-21,Line D,Supplier 4,night,457,Operator 3,Machine 5,31.05,standard,64.22,23.96,true
2024-07-05,Line D,Supplier 2,night,50,Operator 6,Machine 5,26.69,premium,57.47,32.76,false
2024-01-08,Line A,Supplier 5,evening,211,Operator 6,Machine 3,32.43,standard,73.4,21.45,true
2024-02-19,Line D,Supplier 4,night,935,Operator 2,Machine 6,30.86,premium,20.0,17.77,false
2024-01-06,Line A,Supplier 4,night,939,Operator 1,Machine 5,43.22,premium,52.77,18.81,false
2025-06-27,Line D,Supplier 2,night,749,Operator 2,Machine 1,9.71,premium,68.56,21.74,true
2025-07-17,Line B,Supplier 1,evening,1046,Operator 2,Machine 3,51.89,premium,53.64,22.59,false
2024-02-11,Line B,Supplier 3,day,719,Operator 2,Machine 4,29.66,standard,60.09,29.07,false
2024-02-24,Line B,Supplier 5,evening,276,Operator 7,Machine 5,38.22,standard,60.67,13.71,false
2024-03-16,Line A,Supplier 2,day,301,Operator 6,Machine 6,68.35,premium,67.0,12.86,false
2025-01-13,Line C,Supplier 3,night,1298,Operator 2,Machine 4,5.0,standard,66.7,26.53,false
2025-01-20,Line C,Supplier 3,day,631,Operator 7,Machine 3,15.57,premium,45.0,16.29,false
2024-02-21,Line D,Supplier 2,day,947,Operator 2,Machine 6,32.58,standard,51.24,22.76,false
2024-07-10,Line B,Supplier 4,evening,503,Operator 7,Machine 5,45.16,premium,48.37,31.34,true
2024-07-09,Line C,Supplier 1,night,147,Operator 2,Machine 5,22.6,premium,44.79,29.03,false
2025-12-15,Line A,Supplier 2,night,405,Operator 6,Machine 4,33.55,standard,54.16,13.81,true
2025-11-14,Line D,Supplier 2,night,1037,Operator 2,Machine 1,50.92,premium,49.73,25.16,false
2025-03-01,Line B,Supplier 1,day,230,Operator 2,Machine 5,58.48,standard,72.72,14.56,false
2024-10-04,Line A,Supplier 3,day,630,Operator 4,Machine 1,51.15,premium,35.47,18.18,false
2024-01-25,Line A,Supplier 3,night,1282,Operator 2,Machine 5,13.97,premium,31.52,17.27,false
2025-01-08,Line B,Supplier 5,night,414,Operator 4,Machine 6,32.74,premium,56.96,8.47,false
2024-03-29,Line B,Supplier 5,day,297,Operator 3,Machine 5,23.68,premium,36.25,23.84,false
2025-04-11,Line A,Supplier 2,evening,348,Operator 1,Machine 6,37.02,standard,51.48,24.52,false
2024-03-30,Line D,Supplier 4,day,491,Operator 1,Machine 4,29.16,premium,34.22,36.44,false
2025-02-21,Line B,Supplier 4,evening,478,Operator 3,Machine 2,31.83,premium,44.33,23.16,true
2025-07-03,Line D,Supplier 2,night,487,Operator 5,Machine 6,39.52,premium,44.73,16.55,true
2024-01-11,Line C,Supplier 4,night,452,Operator 5,Machine 6,34.97,premium,63.87,14.2,false
2024-02-27,Line D,Supplier 2,day,50,Operator 1,Machine 3,44.8,premium,42.92,23.24,false
2025-08-30,Line B,Supplier 5,evening,421,Operator 1,Machine 1,25.23,standard,63.74,13.68,false
2024-08-14,Line B,Supplier 2,day,360,Operator 4,Machine 1,39.9,premium,40.18,22.26,false
2025-03-16,Line B,Supplier 1,day,376,Operator 3,Machine 2,23.51,standard,66.12,19.93,false
2025-09-19,Line A,Supplier 5,evening,50,Operator 6,Machine 5,39.02,premium,63.91,28.9,false
2024-12-13,Line A,Supplier 3,night,651,Operator 1,Machine 6,20.59,premium,49.23,23.71,true
2024-01-23,Line C,Supplier 3,day,1002,Operator 3,Machine 5,14.37,premium,78.66,10.86,false
2024-01-15,Line C,Supplier 4,night,1337,Operator 2,Machine 2,37.21,standard,66.8,24.22,false
2024-02-10,Line A,Supplier 1,night,970,Operator 2,Machine 3,47.05,premium,40.99,27.27,false
2025-01-06,Line D,Supplier 3,day,265,Operator 4,Machine 3,14.14,premium,42.07,21.88,false
2024-07-18,Line C,Supplier 4,night,377,Operator 2,Machine 3,36.72,premium,45.94,17.2,false
2025-11-02,Line D,Supplier 2,evening,1049,Operator 2,Machine 4,22.4,premium,41.85,24.38,false
2024-06-29,Line B,Supplier 3,evening,241,Operator 1,Machine 2,43.99,premium,45.46,19.48,false
2025-10-29,Line C,Supplier 5,day,700,Operator 3,Machine 3,32.31,premium,32.42,17.63,false
2025-09-28,Line A,Supplier 2,night,755,Operator 3,Machine 3,33.27,standard,68.3,21.45,true
2024-06-01,Line B,Supplier 3,night,339,Operator 5,Machine 3,42.27,premium,43.99,24.31,false
2025-07-25,Line D,Supplier 1,night,725,Operator 5,Machine 3,33.79,premium,60.76,22.78,false
2025-02-28,Line D,Supplier 1,day,904,Operator 7,Machine 2,28.8,premium,57.84,26.34,false
2024-04-18,Line D,Supplier 3,night,438,Operator 8,Machine 1,40.8,premium,23.23,23.04,false
2024-11-15,Line A,Supplier 3,night,425,Operator 8,Machine 2,5.61,premium,28.91,11.71,false
2025-03-31,Line B,Supplier 5,evening,518,Operator 8,Machine 5,16.65,premium,39.28,21.79,false
2024-02-17,Line C,Supplier 5,day,470,Operator 2,Machine 4,38.42,premium,20.0,14.0,false
2025-06-27,Line B,Supplier 1,day,900,Operator 3,Machine 4,36.66,premium,48.51,14.72,false
2025-02-03,Line C,Supplier 1,evening,1224,Operator 3,Machine 6,14.62,premium,43.3,8.8,false
2025-08-17,Line B,Supplier 3,evening,430,Operator 3,Machine 3,24.07,premium,33.09,39.43,false
2025-09-12,Line B,Supplier 3,night,509,Operator 4,Machine 5,17.79,premium,38.14,16.93,true
2024-03-19,Line C,Supplier 3,evening,1124,Operator 2,Machine 3,16.48,premium,53.92,19.62,false
2025-12-21,Line A,Supplier 5,evening,494,Operator 7,Machine 1,25.59,premium,50.6,18.51,false
2025-11-20,Line C,Supplier 2,day,618,Operator 3,Machine 6,45.03,premium,43.38,16.93,false
2024-08-23,Line A,Supplier 4,day,651,Operator 3,Machine 2,28.33,premium,42.3,28.1,false
2025-07-18,Line B,Supplier 2,night,84,Operator 6,Machine 5,31.46,standard,57.59,20.15,false
2025-01-15,Line C,Supplier 3,day,882,Operator 7,Machine 6,30.04,standard,56.74,21.53,true
2025-11-24,Line B,Supplier 5,day,691,Operator 1,Machine 4,24.76,premium,60.82,32.58,true
2025-11-09,Line B,Supplier 4,night,1440,Operator 4,Machine 2,27.66,premium,32.0,16.1,false
2025-04-09,Line B,Supplier 4,night,50,Operator 5,Machine 5,42.84,premium,62.25,26.39,false
2025-06-29,Line A,Supplier 3,evening,951,Operator 2,Machine 5,15.48,premium,35.59,17.98,false
2025-10-01,Line A,Supplier 5,day,322,Operator 4,Machine 1,49.84,standard,87.65,15.37,false
2024-04-22,Line A,Supplier 2,day,434,Operator 7,Machine 5,36.08,premium,45.36,19.94,false
2025-02-12,Line D,Supplier 4,day,302,Operator 8,Machine 1,33.22,standard,57.62,12.64,false
2025-02-25,Line D,Supplier 5,evening,1120,Operator 2,Machine 5,33.99,premium,67.6,17.77,true
2025-07-06,Line B,Supplier 3,night,118,Operator 8,Machine 5,11.27,premium,37.08,15.25,false
2024-08-30,Line A,Supplier 2,evening,871,Operator 4,Machine 6,41.45,premium,41.69,26.24,true
2024-04-11,Line C,Supplier 3,day,713,Operator 6,Machine 1,13.58,standard,51.73,28.81,false
2025-11-21,Line A,Supplier 3,day,103,Operator 6,Machine 2,42.35,premium,44.85,10.29,false
2025-09-26,Line A,Supplier 3,evening,758,Operator 4,Machine 2,23.26,premium,51.9,18.28,false
2025-03-06,Line A,Supplier 3,night,797,Operator 3,Machine 1,12.73,standard,27.1,18.37,true
2024-02-14,Line B,Supplier 5,day,206,Operator 6,Machine 2,38.87,standard,71.16,18.54,false
2025-01-05,Line A,Supplier 4,evening,714,Operator 8,Machine 2,34.9,standard,52.72,23.09,false
2024-06-07,Line B,Supplier 3,day,332,Operator 4,Machine 4,8.56,standard,33.45,24.94,false
2024-10-12,Line C,Supplier 1,evening,1213,Operator 2,Machine 6,48.3,premium,23.62,36.01,false
2024-03-26,Line C,Supplier 2,evening,1233,Operator 5,Machine 3,32.54,standard,53.42,22.23,false
2024-12-29,Line C,Supplier 3,day,946,Operator 3,Machine 2,11.44,premium,56.1,31.76,false
2025-01-07,Line B,Supplier 5,night,1038,Operator 2,Machine 2,39.88,premium,47.4,17.34,false
2024-08-03,Line B,Supplier 5,day,536,Operator 4,Machine 1,20.8,premium,40.62,13.75,false
2025-12-17,Line A,Supplier 5,day,583,Operator 3,Machine 4,34.94,standard,69.76,20.65,false
2025-11-23,Line A,Supplier 3,evening,1259,Operator 5,Machine 2,26.3,premium,45.38,20.35,false
2025-07-15,Line C,Supplier 5,day,304,Operator 1,Machine 2,21.73,premium,48.56,15.66,false
2025-06-29,Line C,Supplier 5,day,890,Operator 7,Machine 2,32.53,premium,48.97,22.75,false
2025-01-10,Line C,Supplier 5,evening,739,Operator 3,Machine 6,32.82,standard,57.86,23.12,true
2025-11-24,Line B,Supplier 2,day,767,Operator 1,Machine 5,53.85,premium,35.9,17.32,false
2025-03-25,Line A,Supplier 4,night,538,Operator 8,Machine 1,20.09,premium,44.72,16.8,true
2024-12-06,Line A,Supplier 1,evening,1153,Operator 6,Machine 2,35.38,premium,30.57,24.0,false
2024-05-26,Line B,Supplier 5,day,662,Operator 2,Machine 2,33.3,premium,74.41,16.13,false
2024-09-03,Line A,Supplier 5,day,521,Operator 7,Machine 1,49.94,premium,66.8,18.57,false
2024-02-29,Line A,Supplier 4,night,928,Operator 2,Machine 2,43.46,premium,36.19,33.25,false
2024-05-09,Line A,Supplier 2,evening,976,Operator 3,Machine 4,41.45,premium,39.09,30.08,false
2024-03-26,Line A,Supplier 5,night,627,Operator 4,Machine 6,49.45,premium,38.16,19.02,true
2024-03-08,Line C,Supplier 3,day,548,Operator 6,Machine 6,12.35,premium,52.1,16.95,false
2025-06-11,Line C,Supplier 1,evening,645,Operator 5,Machine 1,46.67,premium,24.28,16.47,false
2024-01-10,Line C,Supplier 1,day,591,Operator 2,Machine 4,26.06,premium,58.02,12.24,false
2025-09-20,Line A,Supplier 1,day,459,Operator 2,Machine 2,6.37,premium,66.02,32.87,false
2025-08-14,Line A,Supplier 4,evening,714,Operator 1,Machine 6,23.42,premium,49.29,31.48,false
2024-03-22,Line D,Supplier 4,evening,385,Operator 7,Machine 3,29.03,premium,47.37,26.25,false
2024-07-12,Line C,Supplier 2,day,1134,Operator 2,Machine 6,36.14,premium,33.12,22.57,true
2025-07-17,Line B,Supplier 2,evening,1796,Operator 2,Machine 6,34.71,standard,54.08,18.48,true
2025-11-28,Line D,Supplier 4,evening,960,Operator 2,Machine 3,36.07,premium,57.49,18.09,false
2024-05-17,Line B,Supplier 2,evening,982,Operator 3,Machine 1,30.1,standard,59.7,24.8,false
2024-06-04,Line C,Supplier 2,night,463,Operator 8,Machine 5,44.78,premium,42.93,25.69,true
2025-01-08,Line B,Supplier 3,evening,963,Operator 2,Machine 4,16.85,premium,41.78,32.27,false
2025-09-28,Line A,Supplier 2,night,1070,Operator 6,Machine 2,39.06,premium,35.81,30.62,false
2025-11-15,Line A,Supplier 5,day,955,Operator 8,Machine 3,33.3,premium,35.23,13.63,false
2025-11-30,Line C,Supplier 3,evening,869,Operator 1,Machine 6,35.52,premium,60.41,19.47,false
2025-01-24,Line B,Supplier 4,night,709,Operator 6,Machine 3,47.54,premium,41.51,17.79,false
2024-07-09,Line A,Supplier 1,night,796,Operator 2,Machine 1,36.63,premium,20.0,25.15,true
2025-08-08,Line C,Supplier 3,evening,743,Operator 6,Machine 3,19.05,premium,35.47,22.55,false
2024-02-02,Line C,Supplier 4,day,333,Operator 5,Machine 6,34.41,premium,60.03,40.0,false
2024-01-26,Line B,Supplier 4,night,1624,Operator 2,Machine 4,41.97,standard,67.52,29.16,false
2024-12-10,Line A,Supplier 3,evening,839,Operator 7,Machine 5,32.37,premium,72.08,16.59,false
2024-05-01,Line A,Supplier 1,evening,537,Operator 8,Machine 2,32.05,standard,51.31,39.58,false
2025-11-30,Line C,Supplier 3,night,881,Operator 3,Machine 1,9.01,premium,49.46,22.1,false
2024-02-15,Line C,Supplier 3,evening,629,Operator 5,Machine 4,25.56,premium,43.54,13.49,true
2025-11-05,Line A,Supplier 4,day,231,Operator 7,Machine 5,30.69,premium,42.86,22.04,false
2024-06-28,Line A,Supplier 2,night,1088,Operator 3,Machine 5,38.37,premium,32.36,21.31,true
2024-03-16,Line B,Supplier 3,evening,648,Operator 2,Machine 4,17.51,premium,34.27,21.45,false
2024-08-20,Line D,Supplier 3,evening,964,Operator 2,Machine 4,14.46,premium,70.12,20.36,false
2024-11-21,Line A,Supplier 3,night,778,Operator 7,Machine 6,14.51,premium,37.99,33.58,true
2025-03-09,Line A,Supplier 5,day,1182,Operator 2,Machine 3,53.87,standard,63.41,12.11,false
2025-05-10,Line B,Supplier 5,day,74,Operator 2,Machine 5,42.98,premium,45.88,16.63,false
2024-06-19,Line C,Supplier 1,day,450,Operator 2,Machine 6,33.37,standard,60.84,25.32,false
2024-07-16,Line C,Supplier 3,night,1045,Operator 2,Machine 1,17.72,standard,44.71,30.36,false
2025-05-15,Line C,Supplier 3,day,355,Operator 7,Machine 4,29.32,premium,31.21,19.45,true
2024-05-14,Line A,Supplier 5,night,853,Operator 6,Machine 5,41.9,premium,41.71,13.1,false
2025-11-07,Line A,Supplier 3,evening,340,Operator 1,Machine 2,24.15,premium,44.07,26.28,false
2024-04-25,Line A,Supplier 1,evening,520,Operator 7,Machine 3,40.68,standard,54.53,33.15,false
2025-06-18,Line B,Supplier 5,day,461,Operator 2,Machine 2,38.09,premium,54.79,33.07,false
2024-12-16,Line B,Supplier 1,day,234,Operator 2,Machine 5,46.62,standard,67.71,27.2,false
2025-02-25,Line A,Supplier 5,day,154,Operator 7,Machine 6,37.56,premium,51.81,17.45,false
2025-08-03,Line A,Supplier 4,night,310,Operator 1,Machine 1,11.81,standard,62.9,29.34,false
2024-02-04,Line D,Supplier 2,day,306,Operator 8,Machine 4,20.94,premium,46.85,31.73,false
2025-11-06,Line B,Supplier 2,day,246,Operator 4,Machine 5,27.62,standard,55.75,12.07,false
2024-08-17,Line B,Supplier 4,evening,956,Operator 2,Machine 4,45.14,standard,58.47,30.12,true
2025-11-21,Line D,Supplier 3,night,213,Operator 6,Machine 5,31.95,premium,41.49,14.34,true
2024-11-20,Line A,Supplier 4,day,825,Operator 6,Machine 2,26.96,premium,47.05,18.89,false
2024-07-02,Line C,Supplier 1,day,797,Operator 8,Machine 5,28.03,premium,28.82,30.13,true
2024-08-24,Line A,Supplier 3,evening,339,Operator 2,Machine 1,19.35,standard,66.32,23.84,false
2025-07-18,Line A,Supplier 5,evening,203,Operator 8,Machine 5,21.06,premium,29.96,3.17,false
2025-06-06,Line A,Supplier 4,night,965,Operator 6,Machine 6,48.37,premium,33.24,34.5,true
2024-02-11,Line B,Supplier 4,evening,1456,Operator 2,Machine 4,35.95,premium,23.29,16.6,false
2024-03-17,Line A,Supplier 3,day,163,Operator 1,Machine 5,20.87,standard,54.76,17.3,false
2025-07-02,Line A,Supplier 5,night,50,Operator 5,Machine 5,52.45,premium,49.2,21.73,false
2024-12-09,Line D,Supplier 5,night,1048,Operator 1,Machine 5,39.2,standard,62.83,25.25,true
2024-08-25,Line A,Supplier 1,day,500,Operator 7,Machine 1,34.51,premium,28.28,20.47,false
2024-02-01,Line C,Supplier 3,day,804,Operator 6,Machine 6,8.24,premium,41.01,18.17,false
2025-01-12,Line C,Supplier 1,evening,593,Operator 5,Machine 4,42.83,standard,58.35,17.67,false
2025-09-24,Line C,Supplier 3,night,50,Operator 7,Machine 4,29.78,standard,62.5,23.1,false
2024-01-03,Line D,Supplier 2,evening,531,Operator 6,Machine 1,21.64,standard,53.94,23.51,false
2024-09-18,Line D,Supplier 3,day,1078,Operator 2,Machine 3,21.31,premium,34.14,37.46,false
2025-05-06,Line B,Supplier 1,day,600,Operator 3,Machine 4,57.07,premium,53.82,17.25,false
2025-09-11,Line C,Supplier 3,night,830,Operator 8,Machine 4,13.83,premium,47.18,25.33,true
2024-06-15,Line B,Supplier 2,evening,406,Operator 4,Machine 5,30.93,premium,33.22,19.64,false
2024-11-09,Line D,Supplier 2,evening,1016,Operator 2,Machine 6,24.35,standard,60.21,15.94,false
2025-12-08,Line B,Supplier 4,day,1023,Operator 2,Machine 2,39.67,premium,42.98,24.81,false
2024-09-08,Line D,Supplier 2,day,176,Operator 3,Machine 5,25.4,premium,40.03,22.3,false
2025-08-08,Line B,Supplier 4,evening,1316,Operator 2,Machine 1,43.3,premium,45.99,25.72,false
2024-05-18,Line A,Supplier 2,evening,1121,Operator 5,Machine 2,31.14,premium,37.38,15.19,false
2025-06-14,Line A,Supplier 1,day,185,Operator 6,Machine 5,45.88,premium,44.5,12.4,false
2024-12-19,Line D,Supplier 3,day,804,Operator 7,Machine 6,13.12,premium,32.1,13.08,false
2024-06-18,Line C,Supplier 3,night,599,Operator 6,Machine 4,11.08,premium,45.72,25.52,true
2025-09-22,Line D,Supplier 2,day,536,Operator 7,Machine 5,31.86,premium,21.95,15.07,false
2024-11-23,Line A,Supplier 4,day,50,Operator 7,Machine 5,26.37,premium,52.1,21.29,false
2025-09-12,Line B,Supplier 2,evening,50,Operator 1,Machine 5,46.42,premium,42.86,12.98,false
2025-02-16,Line B,Supplier 1,day,873,Operator 3,Machine 5,19.76,premium,21.2,21.49,false
2024-06-15,Line A,Supplier 1,night,844,Operator 1,Machine 1,61.9,premium,48.31,27.29,true
2024-05-26,Line B,Supplier 1,day,708,Operator 7,Machine 4,47.25,premium,38.55,18.22,false
2024-09-30,Line A,Supplier 2,night,998,Operator 2,Machine 6,29.89,premium,67.5,10.61,false
2024-07-12,Line B,Supplier 1,night,667,Operator 5,Machine 3,40.64,premium,28.47,20.41,false
2024-06-13,Line A,Supplier 3,night,1245,Operator 6,Machine 6,32.14,premium,25.8,21.51,false
2025-07-05,Line A,Supplier 1,night,641,Operator 4,Machine 3,12.6,premium,21.87,17.58,false
2024-03-16,Line A,Supplier 4,night,564,Operator 1,Machine 6,51.76,premium,49.32,19.42,false
2024-09-16,Line A,Supplier 4,evening,298,Operator 5,Machine 4,32.58,standard,53.22,24.02,false
2024-10-15,Line A,Supplier 5,evening,562,Operator 5,Machine 1,33.98,premium,67.0,23.66,true
2024-09-14,Line A,Supplier 2,evening,704,Operator 6,Machine 1,27.18,premium,26.07,22.64,false
2025-03-06,Line A,Supplier 3,night,206,Operator 1,Machine 4,34.67,premium,39.72,24.25,false
2025-06-25,Line C,Supplier 3,evening,729,Operator 7,Machine 4,19.11,premium,46.47,10.66,false
2024-12-16,Line A,Supplier 4,night,643,Operator 3,Machine 6,30.23,standard,50.18,11.94,true
2025-05-17,Line B,Supplier 4,night,997,Operator 6,Machine 3,38.98,standard,61.0,33.76,false
2025-07-25,Line A,Supplier 1,day,829,Operator 4,Machine 5,38.74,standard,51.09,25.92,false
2025-03-16,Line C,Supplier 2,evening,1062,Operator 7,Machine 2,52.21,premium,48.73,24.47,false
2025-04-13,Line C,Supplier 3,night,344,Operator 7,Machine 6,18.28,premium,66.07,18.05,true
2024-07-10,Line D,Supplier 1,day,153,Operator 7,Machine 6,53.38,premium,48.37,34.21,false
2024-06-06,Line B,Supplier 1,night,425,Operator 4,Machine 4,24.95,premium,38.88,14.36,false
2024-11-07,Line B,Supplier 5,night,763,Operator 1,Machine 2,37.51,standard,65.35,27.31,false
2025-09-18,Line B,Supplier 4,night,835,Operator 4,Machine 1,35.32,premium,43.35,18.78,false
2025-02-01,Line C,Supplier 3,night,687,Operator 7,Machine 4,5.55,standard,76.03,19.61,true
2025-06-19,Line A,Supplier 5,day,1282,Operator 2,Machine 2,28.49,standard,54.87,16.92,false
2024-12-31,Line C,Supplier 1,day,50,Operator 3,Machine 5,31.28,premium,34.28,23.97,false
2024-09-18,Line B,Supplier 4,night,115,Operator 2,Machine 5,20.84,standard,65.99,18.52,false
2025-06-08,Line B,Supplier 1,day,1108,Operator 2,Machine 3,22.93,premium,51.0,15.75,true
2025-10-20,Line A,Supplier 3,day,786,Operator 3,Machine 4,40.65,premium,20.0,11.81,false
2024-02-21,Line C,Supplier 4,day,50,Operator 8,Machine 3,14.13,standard,62.28,31.12,false
2024-01-05,Line D,Supplier 3,evening,960,Operator 2,Machine 2,22.24,premium,67.16,15.26,false
2024-05-08,Line B,Supplier 3,day,563,Operator 7,Machine 2,8.2,premium,35.58,10.16,false
2024-11-02,Line A,Supplier 1,evening,724,Operator 3,Machine 2,49.01,premium,23.39,13.62,false
2024-11-27,Line D,Supplier 2,evening,922,Operator 2,Machine 1,60.72,premium,45.75,28.02,false
2024-01-08,Line A,Supplier 2,day,1338,Operator 2,Machine 6,22.32,standard,59.8,11.64,false
2025-12-12,Line C,Supplier 5,night,685,Operator 7,Machine 3,55.46,premium,55.46,30.51,false
2025-09-26,Line C,Supplier 1,day,926,Operator 2,Machine 1,31.12,premium,46.33,21.51,false
2024-04-14,Line B,Supplier 1,evening,768,Operator 2,Machine 1,27.34,premium,32.01,13.15,false
2024-01-10,Line B,Supplier 1,night,628,Operator 7,Machine 4,8.09,standard,61.5,14.94,false
2024-05-23,Line B,Supplier 2,day,759,Operator 3,Machine 5,24.9,premium,58.33,10.96,false
2024-10-23,Line A,Supplier 3,night,522,Operator 2,Machine 3,23.29,premium,21.54,40.0,false
2025-02-21,Line A,Supplier 2,night,1116,Operator 2,Machine 3,42.83,premium,24.21,23.58,true
2024-02-25,Line A,Supplier 2,night,1068,Operator 8,Machine 3,28.09,standard,52.14,15.86,false
2024-03-17,Line B,Supplier 5,evening,697,Operator 7,Machine 5,33.2,standard,72.79,15.17,false
2024-02-13,Line D,Supplier 5,night,569,Operator 5,Machine 4,14.02,premium,63.53,16.62,true
2024-01-22,Line D,Supplier 2,night,751,Operator 5,Machine 3,25.2,premium,45.01,12.9,true
2025-11-25,Line B,Supplier 5,night,500,Operator 5,Machine 1,31.5,standard,81.9,24.92,false
2025-11-04,Line C,Supplier 5,evening,1129,Operator 2,Machine 5,48.16,premium,53.63,18.53,true
2025-02-22,Line D,Supplier 2,night,1158,Operator 2,Machine 3,21.85,premium,72.17,15.13,false
2025-05-10,Line D,Supplier 2,night,249,Operator 4,Machine 5,27.82,premium,52.8,19.79,true
2025-06-17,Line D,Supplier 1,evening,497,Operator 3,Machine 3,25.75,premium,39.39,20.44,false
2025-09-01,Line C,Supplier 2,night,604,Operator 3,Machine 6,26.13,premium,67.62,25.2,true
2025-02-06,Line B,Supplier 1,day,408,Operator 2,Machine 3,29.78,standard,74.19,12.81,false
2024-01-07,Line A,Supplier 3,night,616,Operator 7,Machine 5,34.79,premium,93.13,40.0,false
2024-03-02,Line B,Supplier 3,night,638,Operator 3,Machine 3,34.88,standard,57.35,21.29,false
2024-05-13,Line B,Supplier 3,evening,469,Operator 7,Machine 6,6.46,standard,59.07,15.93,false
2024-10-07,Line A,Supplier 3,day,1346,Operator 7,Machine 5,14.69,premium,20.26,16.0,false
2024-05-19,Line B,Supplier 3,night,1090,Operator 2,Machine 2,36.02,premium,41.64,20.6,true
2025-09-01,Line C,Supplier 2,night,697,Operator 6,Machine 3,31.64,premium,60.5,19.75,false
2025-11-07,Line A,Supplier 1,night,87,Operator 7,Machine 1,26.73,premium,44.51,21.9,false
2024-12-30,Line A,Supplier 5,evening,349,Operator 3,Machine 6,22.16,standard,72.81,39.34,false
2024-07-27,Line D,Supplier 3,day,222,Operator 3,Machine 4,14.51,premium,37.41,26.99,false
2025-12-25,Line D,Supplier 2,day,904,Operator 6,Machine 4,38.76,premium,75.8,32.11,false
2025-11-11,Line D,Supplier 3,night,1291,Operator 2,Machine 5,12.38,premium,50.0,14.91,false
2025-06-16,Line A,Supplier 1,evening,784,Operator 4,Machine 3,55.14,premium,34.54,22.37,false
2025-12-31,Line A,Supplier 5,day,1107,Operator 4,Machine 5,40.86,premium,44.58,18.75,false
2024-02-22,Line B,Supplier 3,day,838,Operator 5,Machine 5,13.2,premium,58.39,20.25,false
2024-12-27,Line B,Supplier 2,evening,874,Operator 5,Machine 5,37.2,premium,20.0,22.77,false
2025-01-06,Line D,Supplier 2,night,522,Operator 1,Machine 4,30.7,premium,32.02,15.97,true
2024-03-27,Line D,Supplier 3,day,734,Operator 4,Machine 3,9.9,premium,77.65,20.51,false
2024-07-23,Line A,Supplier 3,night,161,Operator 6,Machine 5,19.87,premium,54.26,19.04,false
2025-12-21,Line A,Supplier 5,night,1072,Operator 7,Machine 6,24.07,standard,55.39,14.83,true
2024-08-12,Line B,Supplier 4,evening,975,Operator 2,Machine 2,23.3,premium,77.89,12.31,false
2025-05-12,Line B,Supplier 1,evening,416,Operator 2,Machine 2,23.67,premium,68.55,12.88,false
2025-04-12,Line C,Supplier 3,evening,409,Operator 7,Machine 4,5.0,premium,36.99,26.03,false
2024-08-21,Line C,Supplier 5,day,350,Operator 4,Machine 1,30.59,premium,44.29,16.07,false
2024-02-27,Line A,Supplier 5,evening,1083,Operator 2,Machine 3,27.63,premium,49.72,32.04,false
2025-05-22,Line A,Supplier 5,evening,1279,Operator 6,Machine 3,26.21,premium,20.13,17.41,false
2024-09-24,Line A,Supplier 5,evening,370,Operator 8,Machine 3,22.98,standard,50.49,14.91,false
2024-02-19,Line B,Supplier 4,day,226,Operator 1,Machine 5,36.52,standard,70.79,23.39,false
2024-01-09,Line C,Supplier 3,night,598,Operator 3,Machine 5,49.38,premium,39.04,16.31,true
2025-05-08,Line D,Supplier 4,evening,528,Operator 8,Machine 6,24.54,premium,37.36,23.21,false
2024-11-29,Line D,Supplier 5,night,1456,Operator 4,Machine 4,52.36,standard,57.34,15.51,false
2025-12-10,Line B,Supplier 4,day,341,Operator 5,Machine 3,36.71,premium,79.02,10.15,false
2024-07-22,Line C,Supplier 4,evening,422,Operator 8,Machine 5,32.97,premium,66.6,17.17,false
2024-01-28,Line B,Supplier 2,evening,50,Operator 1,Machine 5,41.54,premium,37.93,28.24,false
2025-06-20,Line D,Supplier 3,night,401,Operator 7,Machine 6,36.89,premium,39.02,27.28,true
2025-06-04,Line B,Supplier 1,evening,387,Operator 3,Machine 3,40.81,premium,52.79,29.23,false
2024-06-21,Line A,Supplier 3,night,831,Operator 3,Machine 6,21.32,premium,24.59,25.11,true
2024-03-13,Line D,Supplier 1,evening,50,Operator 8,Machine 5,51.9,standard,52.42,23.16,false
2025-12-30,Line D,Supplier 5,evening,101,Operator 8,Machine 5,23.78,premium,42.39,24.27,false
2025-01-08,Line B,Supplier 2,day,873,Operator 5,Machine 4,23.49,premium,37.56,12.85,false
2025-06-06,Line D,Supplier 1,day,176,Operator 4,Machine 5,39.62,premium,29.41,18.89,false
2025-04-12,Line D,Supplier 3,night,969,Operator 8,Machine 3,9.1,premium,21.45,22.22,false
2024-12-25,Line A,Supplier 4,night,643,Operator 7,Machine 1,28.84,premium,33.02,24.58,false
2025-01-17,Line D,Supplier 2,evening,827,Operator 1,Machine 2,34.77,premium,44.78,25.09,false
2025-05-08,Line D,Supplier 4,day,874,Operator 5,Machine 4,35.31,premium,48.37,29.13,false
2025-10-10,Line B,Supplier 1,day,673,Operator 1,Machine 2,35.93,premium,30.35,17.59,false
2024-08-07,Line D,Supplier 3,day,503,Operator 3,Machine 5,5.0,standard,29.53,18.34,true
2024-10-10,Line A,Supplier 5,evening,442,Operator 3,Machine 1,39.92,premium,55.9,17.25,false
2024-07-11,Line A,Supplier 3,evening,512,Operator 2,Machine 2,40.74,premium,36.27,24.07,false
2025-05-29,Line D,Supplier 4,day,391,Operator 2,Machine 5,26.71,standard,51.63,28.84,false
2025-10-04,Line D,Supplier 5,evening,600,Operator 6,Machine 5,22.38,standard,52.16,29.9,false
2025-11-18,Line C,Supplier 3,day,82,Operator 5,Machine 5,40.76,premium,34.32,20.6,false
2025-10-21,Line A,Supplier 2,evening,839,Operator 7,Machine 3,38.77,premium,33.08,22.66,false
2025-10-02,Line A,Supplier 5,night,50,Operator 7,Machine 5,58.88,premium,21.35,22.42,true
2024-09-24,Line B,Supplier 5,day,641,Operator 4,Machine 1,46.71,premium,54.29,30.25,false
2025-01-25,Line B,Supplier 3,evening,1286,Operator 2,Machine 3,5.0,premium,41.08,13.86,false
2025-05-09,Line D,Supplier 4,day,261,Operator 6,Machine 5,28.23,standard,51.35,19.2,false
2025-06-06,Line C,Supplier 1,night,507,Operator 6,Machine 1,22.86,standard,58.65,13.44,false
2024-02-15,Line A,Supplier 3,day,581,Operator 6,Machine 1,8.45,premium,43.33,17.47,true
2025-10-02,Line A,Supplier 3,evening,490,Operator 6,Machine 5,27.43,standard,69.31,12.21,false
2024-08-14,Line D,Supplier 4,night,640,Operator 7,Machine 5,46.83,standard,56.51,37.17,false
2024-03-24,Line A,Supplier 1,day,1276,Operator 2,Machine 2,43.51,premium,42.47,21.22,false
2025-12-16,Line D,Supplier 3,night,745,Operator 8,Machine 1,19.68,premium,39.5,16.86,false
2024-01-09,Line D,Supplier 3,day,1387,Operator 5,Machine 6,6.36,premium,48.9,19.83,false
2024-12-11,Line D,Supplier 3,night,845,Operator 2,Machine 3,23.66,standard,53.69,27.66,false
2024-09-15,Line C,Supplier 1,night,1089,Operator 4,Machine 2,28.71,premium,31.28,8.11,false
2024-02-17,Line A,Supplier 1,day,573,Operator 1,Machine 2,20.53,premium,37.59,23.13,false
2025-10-16,Line D,Supplier 5,day,348,Operator 4,Machine 1,33.81,premium,51.62,19.76,false
2025-01-07,Line A,Supplier 1,evening,321,Operator 6,Machine 4,38.28,premium,59.84,24.12,true
2025-12-28,Line A,Supplier 5,night,1018,Operator 2,Machine 1,26.9,standard,25.15,17.93,true
2024-11-03,Line A,Supplier 3,evening,329,Operator 3,Machine 2,13.87,premium,32.56,9.31,true
2024-07-30,Line A,Supplier 5,night,1426,Operator 2,Machine 2,32.32,standard,28.53,25.34,false
2025-02-08,Line A,Supplier 2,night,740,Operator 4,Machine 2,17.32,premium,56.07,24.32,false
2025-01-03,Line B,Supplier 3,night,320,Operator 1,Machine 4,28.85,premium,65.56,19.74,false
2024-04-25,Line B,Supplier 5,day,307,Operator 3,Machine 2,33.25,premium,42.31,21.67,false
2025-01-16,Line A,Supplier 3,evening,1220,Operator 2,Machine 6,25.46,standard,71.07,27.47,false
2024-10-09,Line C,Supplier 5,day,483,Operator 4,Machine 6,27.15,premium,54.36,29.89,false
2025-10-14,Line D,Supplier 3,night,826,Operator 2,Machine 4,36.03,premium,44.55,22.13,false
2024-09-13,Line D,Supplier 4,evening,620,Operator 8,Machine 3,29.52,premium,44.9,21.25,false
2024-08-07,Line C,Supplier 3,evening,578,Operator 5,Machine 3,19.17,premium,38.82,13.04,false
2025-10-03,Line B,Supplier 1,evening,133,Operator 2,Machine 5,31.0,standard,56.34,19.5,false
2025-03-01,Line B,Supplier 4,day,144,Operator 8,Machine 5,19.69,standard,58.8,13.4,false
2025-06-29,Line C,Supplier 5,day,1306,Operator 2,Machine 3,15.8,premium,37.97,19.99,false
2024-01-14,Line D,Supplier 4,day,625,Operator 1,Machine 1,42.73,premium,41.23,22.64,true
2024-07-05,Line A,Supplier 5,day,1039,Operator 2,Machine 3,41.9,premium,40.29,22.24,false
2024-01-19,Line D,Supplier 2,night,899,Operator 6,Machine 4,46.84,premium,32.17,20.84,false
2024-01-09,Line D,Supplier 2,night,525,Operator 6,Machine 4,40.97,standard,50.36,23.97,false
2024-09-05,Line B,Supplier 5,evening,894,Operator 1,Machine 2,39.81,premium,41.86,7.44,false
2025-07-03,Line A,Supplier 5,evening,840,Operator 1,Machine 5,40.71,premium,43.29,21.21,false
2025-10-28,Line A,Supplier 2,day,1054,Operator 2,Machine 1,21.47,premium,61.25,27.23,false
2024-03-05,Line C,Supplier 2,evening,64,Operator 7,Machine 5,60.55,standard,54.21,16.67,false
2024-11-16,Line A,Supplier 4,night,1106,Operator 3,Machine 1,30.65,premium,36.5,-0.35,false
2025-08-02,Line A,Supplier 3,evening,1182,Operator 2,Machine 6,14.89,standard,65.41,17.56,false
2025-02-25,Line B,Supplier 3,night,1002,Operator 8,Machine 1,27.29,premium,25.7,22.8,false
2024-03-28,Line C,Supplier 3,day,850,Operator 6,Machine 2,17.37,standard,53.28,15.94,false
2024-08-30,Line B,Supplier 1,day,548,Operator 5,Machine 1,31.12,standard,64.73,19.8,false
2025-03-19,Line D,Supplier 1,evening,825,Operator 5,Machine 2,33.18,premium,40.87,10.38,false
2024-09-01,Line A,Supplier 4,day,692,Operator 5,Machine 3,43.78,premium,56.83,26.81,false
2024-06-09,Line B,Supplier 1,evening,689,Operator 3,Machine 1,25.36,premium,46.96,26.86,false
2025-06-16,Line B,Supplier 3,day,1427,Operator 2,Machine 4,26.65,premium,20.0,29.13,true
2024-12-24,Line D,Supplier 5,day,913,Operator 2,Machine 5,7.06,premium,39.38,18.2,false
2024-02-04,Line C,Supplier 2,night,568,Operator 1,Machine 1,25.54,standard,44.77,24.03,false
2025-03-09,Line B,Supplier 1,night,619,Operator 8,Machine 4,37.31,premium,49.72,18.75,false
2024-02-20,Line B,Supplier 3,evening,1442,Operator 2,Machine 5,25.97,premium,34.65,28.03,false
2025-06-25,Line B,Supplier 2,evening,648,Operator 1,Machine 3,21.12,standard,54.88,25.29,false
2024-06-12,Line B,Supplier 3,night,50,Operator 8,Machine 5,8.76,premium,38.8,14.22,false
2025-02-01,Line A,Supplier 5,evening,436,Operator 1,Machine 1,46.0,standard,58.37,20.32,true
2024-08-17,Line B,Supplier 3,night,341,Operator 4,Machine 3,29.51,standard,55.0,5.24,false
2024-08-17,Line D,Supplier 3,evening,1042,Operator 2,Machine 1,13.93,premium,62.86,29.42,false
2025-08-23,Line C,Supplier 1,night,639,Operator 5,Machine 1,34.46,standard,57.73,26.86,false
2025-11-20,Line D,Supplier 1,day,738,Operator 7,Machine 2,38.74,premium,50.21,20.71,true
2025-07-19,Line B,Supplier 2,day,1258,Operator 2,Machine 1,21.22,premium,54.69,27.45,false
2025-05-06,Line A,Supplier 4,night,221,Operator 7,Machine 5,28.19,premium,30.74,17.88,true
2024-02-06,Line B,Supplier 4,day,1083,Operator 2,Machine 2,35.37,premium,50.68,20.84,false
2024-03-09,Line C,Supplier 5,day,741,Operator 6,Machine 5,46.83,premium,61.82,19.87,false
2024-06-20,Line D,Supplier 3,day,988,Operator 2,Machine 4,18.43,premium,20.0,15.43,false
2025-04-18,Line A,Supplier 3,day,1590,Operator 6,Machine 2,47.36,premium,50.36,25.14,false
2024-03-25,Line A,Supplier 5,evening,247,Operator 6,Machine 5,27.64,standard,50.87,19.64,false
2024-09-03,Line C,Supplier 1,night,56,Operator 7,Machine 5,48.37,premium,75.28,23.31,false
2024-08-24,Line D,Supplier 2,day,144,Operator 2,Machine 3,28.27,premium,21.12,31.97,false
2025-05-30,Line C,Supplier 3,day,598,Operator 1,Machine 4,34.01,standard,53.81,21.15,false
2025-05-10,Line D,Supplier 3,evening,1084,Operator 2,Machine 3,51.89,premium,36.86,26.93,true
2024-12-29,Line A,Supplier 5,night,737,Operator 3,Machine 5,46.04,premium,62.59,28.6,true
2025-01-23,Line D,Supplier 5,evening,536,Operator 8,Machine 6,46.42,premium,42.19,28.86,false
2024-10-15,Line D,Supplier 1,evening,677,Operator 7,Machine 3,59.47,premium,50.77,26.89,false
2024-07-19,Line D,Supplier 3,evening,625,Operator 3,Machine 3,20.66,premium,53.14,26.84,false
2025-04-02,Line A,Supplier 4,day,558,Operator 3,Machine 3,33.27,standard,61.55,26.35,false
2024-02-09,Line D,Supplier 3,day,560,Operator 8,Machine 2,25.18,premium,22.43,17.67,false
2024-05-01,Line C,Supplier 2,night,981,Operator 2,Machine 1,33.02,premium,28.34,15.91,false
2025-09-30,Line D,Supplier 4,day,628,Operator 3,Machine 4,35.48,premium,57.4,13.36,false
2024-04-08,Line A,Supplier 5,evening,820,Operator 2,Machine 4,29.52,premium,33.55,35.18,true
2024-08-01,Line C,Supplier 3,evening,837,Operator 3,Machine 2,41.72,premium,29.06,7.39,false
2024-02-16,Line D,Supplier 3,night,463,Operator 3,Machine 5,23.25,premium,35.72,22.07,true
2024-05-08,Line B,Supplier 4,evening,844,Operator 7,Machine 2,20.69,standard,72.22,16.34,false
2024-10-08,Line C,Supplier 3,night,818,Operator 5,Machine 6,25.51,premium,71.15,18.57,true
2025-04-03,Line A,Supplier 5,evening,906,Operator 2,Machine 1,30.75,premium,58.26,10.78,false
2025-11-20,Line B,Supplier 2,evening,618,Operator 8,Machine 6,28.93,standard,54.61,12.49,false
2024-01-14,Line A,Supplier 4,day,775,Operator 3,Machine 5,30.09,standard,52.5,16.6,false
2025-12-06,Line B,Supplier 5,night,596,Operator 5,Machine 4,22.39,premium,49.78,18.98,false
2025-12-27,Line B,Supplier 2,day,812,Operator 5,Machine 2,41.86,premium,40.11,18.96,false
2025-11-22,Line D,Supplier 4,day,807,Operator 3,Machine 1,31.51,premium,20.0,9.48,false
2025-11-17,Line A,Supplier 4,day,425,Operator 2,Machine 2,48.48,standard,49.28,14.17,false
2024-08-06,Line B,Supplier 3,day,50,Operator 5,Machine 5,16.14,standard,63.63,26.2,true
2025-03-18,Line D,Supplier 1,day,1064,Operator 2,Machine 4,41.0,premium,66.78,24.27,false
2024-12-28,Line B,Supplier 5,night,1016,Operator 2,Machine 3,23.62,premium,49.47,25.28,false
2025-09-21,Line B,Supplier 4,day,442,Operator 4,Machine 1,17.43,premium,29.3,22.03,false
2024-12-14,Line B,Supplier 1,evening,690,Operator 8,Machine 5,45.41,standard,83.38,15.68,false
2024-11-24,Line A,Supplier 5,evening,1376,Operator 5,Machine 4,23.87,premium,37.19,15.09,false
2024-05-30,Line A,Supplier 4,evening,838,Operator 3,Machine 6,13.8,premium,45.83,21.97,false
2024-12-06,Line C,Supplier 4,day,371,Operator 6,Machine 4,31.72,premium,29.92,21.05,false
2024-07-30,Line A,Supplier 3,night,734,Operator 3,Machine 3,36.55,premium,57.87,16.1,false
2025-05-01,Line A,Supplier 3,evening,995,Operator 2,Machine 1,12.87,premium,79.16,20.43,false
2025-12-30,Line C,Supplier 1,evening,1034,Operator 2,Machine 2,53.6,standard,52.1,21.46,false
2024-11-08,Line B,Supplier 1,evening,546,Operator 7,Machine 2,21.39,premium,33.13,21.07,false
2024-03-07,Line D,Supplier 2,evening,910,Operator 2,Machine 4,42.68,standard,67.03,9.86,false
2024-05-23,Line A,Supplier 1,night,526,Operator 8,Machine 1,38.81,premium,49.89,30.31,false
2025-01-08,Line A,Supplier 2,evening,914,Operator 2,Machine 5,40.35,premium,44.79,29.12,false
2024-01-14,Line C,Supplier 4,evening,600,Operator 3,Machine 1,33.81,premium,20.01,23.1,true
2024-08-13,Line A,Supplier 3,night,1012,Operator 5,Machine 1,24.59,premium,42.56,20.12,false
2024-01-27,Line A,Supplier 2,night,927,Operator 2,Machine 3,46.15,premium,47.29,20.38,true
2025-12-01,Line D,Supplier 2,night,431,Operator 5,Machine 3,41.07,premium,30.45,22.15,true
2024-01-12,Line C,Supplier 3,day,351,Operator 5,Machine 2,28.99,standard,70.82,24.48,false
2024-11-10,Line C,Supplier 2,day,274,Operator 1,Machine 5,36.03,standard,69.88,15.2,false
2024-08-24,Line B,Supplier 1,evening,595,Operator 8,Machine 6,41.28,premium,43.1,20.39,false
2025-11-28,Line D,Supplier 2,day,829,Operator 5,Machine 1,33.93,premium,46.13,18.22,false
2025-08-01,Line D,Supplier 3,evening,608,Operator 4,Machine 4,19.16,standard,65.5,21.12,false
2025-11-25,Line C,Supplier 3,night,786,Operator 8,Machine 1,17.8,standard,65.33,20.69,true
2024-10-12,Line D,Supplier 4,night,526,Operator 2,Machine 6,44.74,premium,38.66,13.17,true
2025-03-21,Line D,Supplier 4,night,727,Operator 8,Machine 6,27.59,premium,43.17,26.35,true
2025-10-12,Line A,Supplier 3,evening,547,Operator 1,Machine 1,48.86,standard,65.53,6.73,false
2025-06-07,Line D,Supplier 3,day,346,Operator 8,Machine 5,35.22,standard,70.68,28.21,false
2025-06-05,Line D,Supplier 2,evening,880,Operator 5,Machine 4,21.04,premium,30.1,27.93,true
2025-09-23,Line A,Supplier 3,day,518,Operator 5,Machine 2,38.06,premium,48.26,14.5,false
2024-05-28,Line B,Supplier 3,evening,619,Operator 2,Machine 6,11.87,premium,30.78,13.35,false
2025-03-09,Line B,Supplier 2,day,721,Operator 6,Machine 3,18.74,premium,44.53,25.37,false
2024-02-26,Line D,Supplier 2,night,637,Operator 1,Machine 5,45.46,premium,69.82,11.12,true
2024-12-16,Line A,Supplier 2,evening,673,Operator 3,Machine 5,26.22,premium,45.02,10.67,false
2024-01-21,Line D,Supplier 1,day,881,Operator 6,Machine 1,22.63,premium,47.5,12.59,false
2024-03-13,Line A,Supplier 1,night,811,Operator 1,Machine 4,23.09,standard,52.26,26.15,false
2025-12-16,Line A,Supplier 4,night,1064,Operator 5,Machine 6,38.66,standard,37.87,11.87,true
2024-07-14,Line B,Supplier 5,day,756,Operator 2,Machine 5,23.64,premium,45.11,25.86,false
2025-06-27,Line A,Supplier 5,night,440,Operator 2,Machine 2,28.44,premium,48.5,25.17,true
2025-04-19,Line B,Supplier 2,evening,496,Operator 6,Machine 4,42.51,standard,52.79,28.87,false
2024-07-09,Line B,Supplier 3,day,646,Operator 7,Machine 3,29.23,premium,39.11,31.88,false
2024-07-28,Line B,Supplier 4,day,1177,Operator 2,Machine 3,46.63,premium,44.04,14.26,false
2024-10-29,Line D,Supplier 3,night,894,Operator 7,Machine 6,5.0,premium,29.05,15.87,false
2024-03-19,Line D,Supplier 3,night,913,Operator 2,Machine 1,35.49,standard,81.9,31.4,true
2025-08-30,Line A,Supplier 2,day,520,Operator 4,Machine 5,36.4,standard,58.42,8.86,false
2025-12-12,Line C,Supplier 3,evening,50,Operator 2,Machine 5,7.58,premium,37.75,23.05,false
2024-12-28,Line D,Supplier 3,day,850,Operator 8,Machine 1,8.75,standard,68.02,23.91,false
2025-03-03,Line D,Supplier 2,day,292,Operator 3,Machine 3,25.73,standard,53.16,22.36,false
2024-09-06,Line D,Supplier 2,day,973,Operator 5,Machine 3,48.9,premium,42.84,23.04,false
2024-07-21,Line B,Supplier 4,day,1487,Operator 2,Machine 1,45.5,standard,59.83,40.0,false
2024-09-14,Line B,Supplier 3,night,669,Operator 2,Machine 6,26.48,standard,59.42,10.83,true
2025-09-09,Line C,Supplier 1,day,50,Operator 4,Machine 5,51.74,premium,56.43,25.91,false
2024-01-13,Line A,Supplier 2,day,728,Operator 2,Machine 6,29.94,premium,47.58,24.07,false
2025-06-19,Line A,Supplier 4,night,467,Operator 6,Machine 5,30.91,standard,51.35,13.9,false
2024-08-03,Line D,Supplier 3,day,841,Operator 6,Machine 6,68.6,premium,48.19,20.91,true
2025-08-30,Line C,Supplier 1,day,963,Operator 3,Machine 2,36.13,standard,72.34,30.45,true
2024-09-20,Line B,Supplier 3,evening,243,Operator 4,Machine 5,18.38,premium,42.07,16.69,false
2024-09-08,Line B,Supplier 5,day,924,Operator 3,Machine 6,52.36,standard,54.36,13.31,true
2024-12-21,Line A,Supplier 3,night,1147,Operator 2,Machine 3,19.31,premium,70.79,13.51,true
2025-02-21,Line A,Supplier 3,day,606,Operator 5,Machine 6,13.95,premium,77.02,21.64,false
2024-10-26,Line B,Supplier 5,night,969,Operator 1,Machine 1,31.59,premium,35.13,30.09,false
2025-02-20,Line B,Supplier 3,evening,697,Operator 3,Machine 2,18.91,standard,67.64,20.94,true
2025-01-01,Line C,Supplier 3,day,865,Operator 6,Machine 1,33.73,standard,54.93,15.21,false
2024-10-14,Line C,Supplier 3,night,451,Operator 1,Machine 3,42.4,standard,53.47,24.56,true
2024-10-24,Line B,Supplier 4,day,418,Operator 6,Machine 6,37.57,premium,52.07,28.22,false
2024-07-01,Line C,Supplier 2,day,934,Operator 2,Machine 5,33.17,premium,39.76,18.99,false
2024-08-13,Line A,Supplier 2,day,477,Operator 6,Machine 4,37.38,standard,64.99,5.77,false
2025-11-09,Line C,Supplier 2,evening,203,Operator 8,Machine 5,37.38,premium,30.91,26.46,false
2024-08-02,Line B,Supplier 3,day,66,Operator 4,Machine 5,26.56,standard,52.12,18.46,false
2024-11-30,Line C,Supplier 2,evening,332,Operator 4,Machine 3,30.93,premium,40.41,29.46,false
2025-11-28,Line A,Supplier 4,evening,986,Operator 2,Machine 3,18.96,premium,78.37,10.51,false
2024-02-04,Line A,Supplier 5,day,278,Operator 6,Machine 5,64.93,standard,69.73,21.12,false
2025-09-03,Line B,Supplier 4,evening,330,Operator 6,Machine 6,28.48,standard,56.01,20.77,false
2024-04-03,Line D,Supplier 1,day,904,Operator 2,Machine 6,51.74,premium,38.9,22.67,false
2024-12-03,Line D,Supplier 2,evening,50,Operator 5,Machine 5,22.12,standard,41.58,16.54,false
2024-10-23,Line A,Supplier 1,night,436,Operator 2,Machine 5,49.95,standard,67.59,14.05,false
2024-01-09,Line C,Supplier 2,night,843,Operator 5,Machine 4,22.74,standard,50.79,21.7,true
2025-03-17,Line C,Supplier 1,day,410,Operator 4,Machine 2,60.87,premium,57.39,20.82,false
2025-03-16,Line B,Supplier 4,night,682,Operator 7,Machine 6,41.0,premium,72.68,18.38,false
2024-11-28,Line C,Supplier 2,night,192,Operator 2,Machine 6,33.21,standard,75.69,25.23,true
2025-01-26,Line A,Supplier 2,night,443,Operator 4,Machine 1,37.65,standard,62.84,32.59,false
2024-06-05,Line C,Supplier 3,day,739,Operator 6,Machine 6,39.8,premium,54.42,18.48,false
2025-11-02,Line C,Supplier 1,night,782,Operator 6,Machine 1,37.29,standard,52.93,24.93,false
2024-11-23,Line A,Supplier 1,day,175,Operator 8,Machine 5,31.77,premium,40.67,14.63,false
2025-07-30,Line D,Supplier 3,evening,1044,Operator 2,Machine 4,39.25,premium,29.04,14.29,false
2025-04-19,Line D,Supplier 5,night,681,Operator 2,Machine 5,26.04,standard,51.22,15.21,false
2024-09-15,Line B,Supplier 5,day,1176,Operator 6,Machine 6,39.16,premium,43.69,15.79,false
2025-09-13,Line D,Supplier 5,evening,787,Operator 4,Machine 3,25.58,premium,55.0,32.61,false
2025-04-11,Line B,Supplier 3,night,263,Operator 3,Machine 5,15.55,premium,39.03,18.89,true
2025-09-25,Line A,Supplier 5,night,1129,Operator 2,Machine 2,32.69,standard,61.0,33.45,true
2024-10-22,Line C,Supplier 5,evening,1121,Operator 2,Machine 2,21.61,standard,54.47,16.74,false
2024-07-13,Line A,Supplier 5,evening,893,Operator 1,Machine 4,38.57,premium,70.74,28.44,true
2024-03-25,Line B,Supplier 4,day,603,Operator 4,Machine 3,49.78,premium,40.55,24.5,false
2025-07-26,Line B,Supplier 3,evening,679,Operator 6,Machine 4,7.92,premium,45.86,20.57,false
2024-09-24,Line B,Supplier 2,night,684,Operator 7,Machine 5,15.86,premium,46.26,26.13,true
2024-06-22,Line D,Supplier 2,evening,665,Operator 6,Machine 4,37.29,premium,28.84,26.49,false
2024-08-23,Line A,Supplier 1,night,688,Operator 2,Machine 6,24.89,standard,60.08,10.26,true
2025-01-10,Line C,Supplier 1,night,1169,Operator 2,Machine 6,30.89,standard,53.26,21.39,true
2025-11-21,Line A,Supplier 3,night,640,Operator 8,Machine 6,27.89,standard,51.49,26.43,true
2024-12-24,Line C,Supplier 2,day,490,Operator 3,Machine 5,16.32,premium,60.14,23.63,false
2025-09-07,Line C,Supplier 3,evening,939,Operator 2,Machine 3,14.73,premium,39.04,16.33,false
2024-06-20,Line A,Supplier 3,day,50,Operator 1,Machine 5,18.76,premium,59.45,21.12,false
2024-09-19,Line B,Supplier 3,evening,877,Operator 6,Machine 4,9.2,premium,20.68,30.91,false
2025-12-24,Line A,Supplier 1,evening,841,Operator 7,Machine 3,36.35,premium,51.61,12.43,false
2025-04-25,Line B,Supplier 3,night,865,Operator 4,Machine 5,17.94,premium,39.64,25.82,false
2025-04-22,Line A,Supplier 2,day,672,Operator 3,Machine 5,40.93,premium,28.18,23.82,false
2025-03-02,Line A,Supplier 3,night,921,Operator 8,Machine 5,36.58,standard,80.45,17.48,true
2024-10-29,Line C,Supplier 3,evening,538,Operator 4,Machine 1,11.89,premium,23.47,24.22,true
2024-03-05,Line C,Supplier 1,night,688,Operator 3,Machine 5,22.97,premium,73.03,22.98,false
2025-09-02,Line C,Supplier 3,day,50,Operator 8,Machine 5,22.25,premium,41.38,18.49,false
2025-04-08,Line B,Supplier 1,day,740,Operator 3,Machine 6,23.64,standard,40.21,25.13,false
2024-12-13,Line B,Supplier 5,day,457,Operator 2,Machine 3,23.04,standard,56.08,25.71,true
2024-02-27,Line A,Supplier 1,day,1134,Operator 2,Machine 1,22.26,premium,46.7,16.24,true
2024-05-21,Line A,Supplier 1,night,964,Operator 2,Machine 3,37.44,premium,64.95,25.12,false
2025-03-31,Line B,Supplier 2,day,255,Operator 3,Machine 5,52.01,standard,54.7,12.85,false
2025-06-13,Line B,Supplier 1,day,835,Operator 4,Machine 3,26.14,premium,48.02,16.18,false
2024-04-02,Line B,Supplier 2,day,1245,Operator 2,Machine 2,25.37,standard,53.78,28.8,true
2024-07-04,Line A,Supplier 2,day,1233,Operator 5,Machine 5,43.23,premium,33.72,32.49,false
2024-07-09,Line C,Supplier 5,evening,76,Operator 6,Machine 5,38.32,standard,77.79,23.43,false
2025-08-31,Line C,Supplier 1,evening,361,Operator 3,Machine 6,45.44,premium,51.33,22.55,false
2024-09-23,Line A,Supplier 2,night,262,Operator 4,Machine 5,14.17,premium,46.39,23.32,true
2025-02-21,Line A,Supplier 3,day,975,Operator 2,Machine 5,16.99,standard,58.62,27.48,false
2024-02-07,Line B,Supplier 3,evening,850,Operator 2,Machine 4,12.86,premium,40.85,26.75,false
2024-02-16,Line B,Supplier 2,day,50,Operator 4,Machine 5,59.03,standard,39.66,19.64,false
2025-09-14,Line D,Supplier 3,night,658,Operator 1,Machine 5,13.71,standard,64.3,20.37,false
2025-07-31,Line A,Supplier 4,night,886,Operator 5,Machine 4,26.77,premium,39.04,16.86,true
2024-05-22,Line D,Supplier 2,day,406,Operator 6,Machine 4,29.33,premium,41.24,25.78,false
2025-11-11,Line B,Supplier 1,evening,900,Operator 2,Machine 2,23.38,standard,72.44,26.82,false
2024-02-06,Line A,Supplier 5,night,588,Operator 2,Machine 3,29.42,premium,48.14,18.55,true
2024-07-21,Line D,Supplier 5,night,1210,Operator 2,Machine 2,32.41,premium,38.74,29.19,false
2025-04-12,Line A,Supplier 3,night,989,Operator 2,Machine 4,22.41,premium,47.94,22.33,false
2025-10-29,Line C,Supplier 1,evening,479,Operator 5,Machine 6,46.34,standard,53.76,20.55,false
2024-06-06,Line B,Supplier 5,night,50,Operator 5,Machine 6,24.3,premium,49.98,31.57,true
2024-05-07,Line C,Supplier 3,evening,877,Operator 1,Machine 3,11.67,premium,32.59,14.68,false
2025-08-29,Line D,Supplier 3,day,132,Operator 5,Machine 5,17.19,premium,50.04,13.72,false
2025-10-28,Line A,Supplier 3,evening,674,Operator 8,Machine 6,35.82,premium,60.74,24.83,false
2025-12-23,Line A,Supplier 2,night,648,Operator 7,Machine 1,28.45,premium,37.59,25.57,false
2025-05-27,Line B,Supplier 4,night,539,Operator 3,Machine 4,21.63,premium,50.59,20.36,false
2024-09-13,Line D,Supplier 3,night,650,Operator 2,Machine 1,33.14,premium,33.37,29.03,true
2024-08-11,Line A,Supplier 2,day,1092,Operator 2,Machine 4,31.82,standard,55.03,21.86,false
2024-05-27,Line B,Supplier 3,evening,336,Operator 1,Machine 6,12.37,standard,59.82,32.21,false
2025-12-13,Line C,Supplier 3,night,628,Operator 8,Machine 3,39.2,premium,71.9,25.77,false
2024-01-07,Line A,Supplier 1,day,815,Operator 6,Machine 3,47.36,standard,59.16,20.78,true
2024-09-29,Line A,Supplier 2,day,985,Operator 2,Machine 1,37.69,premium,27.69,16.84,false
2024-03-20,Line D,Supplier 2,night,400,Operator 6,Machine 4,44.67,premium,20.0,18.76,false
2024-08-21,Line C,Supplier 3,evening,212,Operator 2,Machine 2,19.6,standard,59.83,23.02,true
2025-01-07,Line D,Supplier 1,evening,452,Operator 7,Machine 6,26.07,premium,46.69,6.54,false
2024-12-30,Line A,Supplier 4,day,683,Operator 3,Machine 3,30.04,standard,58.56,13.56,false
2024-09-29,Line D,Supplier 2,evening,1004,Operator 5,Machine 1,24.12,standard,56.12,18.01,false
2024-10-06,Line A,Supplier 1,evening,471,Operator 2,Machine 4,41.27,premium,44.68,5.67,false
2025-10-02,Line C,Supplier 4,day,537,Operator 7,Machine 4,32.32,premium,45.34,27.86,false
2025-09-02,Line D,Supplier 2,day,781,Operator 6,Machine 6,50.16,standard,50.25,27.95,true
2025-04-26,Line B,Supplier 5,evening,326,Operator 2,Machine 2,38.15,premium,49.31,16.15,false
2024-01-08,Line B,Supplier 3,evening,763,Operator 2,Machine 2,47.07,premium,43.03,19.0,false
2025-05-12,Line D,Supplier 2,day,666,Operator 6,Machine 5,24.18,premium,31.24,23.98,false
2025-10-25,Line C,Supplier 3,night,777,Operator 2,Machine 6,48.77,standard,52.17,19.36,true
2025-12-27,Line C,Supplier 3,night,643,Operator 1,Machine 5,49.27,premium,53.56,21.66,false
2025-09-15,Line B,Supplier 3,night,809,Operator 1,Machine 4,18.57,premium,65.44,19.26,true
2025-08-27,Line C,Supplier 1,evening,971,Operator 2,Machine 1,39.88,standard,82.93,15.83,true
2025-08-07,Line A,Supplier 1,day,513,Operator 4,Machine 6,61.43,standard,66.08,38.1,false
2024-07-16,Line A,Supplier 1,night,561,Operator 8,Machine 1,31.56,premium,46.06,15.49,true
2025-01-01,Line B,Supplier 1,evening,1562,Operator 2,Machine 3,33.1,premium,74.32,32.1,false
2024-10-18,Line D,Supplier 5,day,484,Operator 7,Machine 1,27.88,premium,49.03,23.29,false
2024-05-26,Line A,Supplier 4,day,224,Operator 8,Machine 2,53.69,premium,46.23,15.81,false
2024-04-12,Line C,Supplier 5,day,511,Operator 3,Machine 3,36.72,premium,40.38,23.61,false
2024-09-19,Line C,Supplier 3,night,367,Operator 5,Machine 3,39.89,standard,51.76,23.27,false
2024-02-19,Line C,Supplier 3,night,467,Operator 4,Machine 4,13.74,standard,71.99,21.63,true
2024-07-25,Line A,Supplier 2,day,552,Operator 4,Machine 5,21.13,standard,45.58,20.54,false
2024-06-25,Line A,Supplier 1,night,203,Operator 4,Machine 5,34.5,premium,55.45,9.01,false
2025-05-03,Line B,Supplier 3,day,656,Operator 6,Machine 2,6.84,premium,65.34,25.37,true
2025-10-25,Line D,Supplier 5,evening,892,Operator 4,Machine 4,23.61,standard,66.22,28.92,false
2024-08-17,Line C,Supplier 5,day,1005,Operator 7,Machine 6,24.3,premium,41.28,19.97,false
2024-04-10,Line C,Supplier 4,night,50,Operator 3,Machine 5,41.17,premium,23.25,21.37,false
2024-06-05,Line B,Supplier 4,day,849,Operator 7,Machine 6,37.37,standard,56.87,21.58,false
2025-10-13,Line C,Supplier 3,evening,892,Operator 8,Machine 3,5.0,standard,55.31,14.84,true
2025-09-19,Line C,Supplier 1,day,842,Operator 4,Machine 3,25.8,premium,43.15,-1.13,false
2025-06-15,Line A,Supplier 1,evening,574,Operator 5,Machine 1,33.1,premium,41.03,15.51,false
2024-06-09,Line A,Supplier 5,day,1092,Operator 5,Machine 4,20.71,premium,49.9,28.41,true
2025-09-07,Line D,Supplier 1,day,594,Operator 4,Machine 1,24.18,standard,69.17,19.05,false
2025-11-23,Line D,Supplier 3,day,745,Operator 2,Machine 6,41.82,standard,51.94,18.48,false
2024-12-22,Line C,Supplier 1,night,689,Operator 2,Machine 6,56.37,standard,75.83,12.7,false
2024-07-01,Line B,Supplier 3,day,939,Operator 2,Machine 3,19.88,premium,34.72,25.98,false
2025-12-13,Line B,Supplier 5,day,484,Operator 7,Machine 4,42.77,standard,68.4,19.77,false
2024-12-26,Line D,Supplier 2,day,509,Operator 5,Machine 3,27.78,premium,32.1,22.79,false
2024-07-27,Line C,Supplier 2,day,442,Operator 6,Machine 4,30.85,premium,39.46,18.74,false
2025-05-20,Line A,Supplier 3,day,595,Operator 3,Machine 4,39.9,standard,50.09,19.39,false
2025-06-01,Line B,Supplier 2,day,1030,Operator 6,Machine 4,24.2,premium,42.43,12.12,false
2024-04-23,Line B,Supplier 2,night,1221,Operator 2,Machine 4,25.29,premium,72.18,21.81,true
2024-12-06,Line B,Supplier 1,day,485,Operator 5,Machine 5,49.2,premium,32.17,17.13,false
2024-07-08,Line A,Supplier 2,night,667,Operator 3,Machine 6,35.29,standard,60.7,23.38,false
2025-07-27,Line C,Supplier 1,evening,532,Operator 3,Machine 6,48.64,premium,28.49,23.19,true
2025-04-17,Line B,Supplier 3,night,525,Operator 8,Machine 3,28.44,standard,58.99,16.66,true
2024-10-06,Line A,Supplier 2,evening,344,Operator 6,Machine 1,34.9,premium,36.83,10.39,false
2025-09-09,Line B,Supplier 1,night,548,Operator 1,Machine 6,46.0,premium,26.88,33.24,false
2024-11-01,Line C,Supplier 3,night,737,Operator 8,Machine 6,35.26,standard,52.42,26.63,true
2025-12-19,Line D,Supplier 1,day,546,Operator 7,Machine 6,45.53,premium,34.61,25.36,false
2025-08-26,Line D,Supplier 3,day,476,Operator 5,Machine 3,5.0,premium,41.68,31.66,true
2025-05-03,Line D,Supplier 3,day,592,Operator 5,Machine 2,47.68,standard,65.42,8.74,false
2025-07-16,Line B,Supplier 3,night,159,Operator 5,Machine 5,16.66,standard,57.6,25.17,false
2025-08-13,Line A,Supplier 3,day,317,Operator 8,Machine 2,13.96,premium,81.54,19.3,true
2025-09-01,Line B,Supplier 3,night,625,Operator 4,Machine 2,20.48,premium,46.94,18.36,true
2024-06-16,Line A,Supplier 4,evening,951,Operator 2,Machine 2,28.33,standard,70.32,18.02,false
2024-02-06,Line B,Supplier 4,day,977,Operator 1,Machine 5,28.01,premium,34.73,19.32,false
2025-07-16,Line A,Supplier 3,night,50,Operator 7,Machine 6,8.21,premium,47.61,11.25,true
2024-06-26,Line A,Supplier 3,night,597,Operator 1,Machine 6,14.62,premium,61.31,27.22,false
2025-11-26,Line D,Supplier 2,night,626,Operator 7,Machine 6,28.18,premium,38.43,13.99,true
2024-01-28,Line D,Supplier 4,evening,52,Operator 4,Machine 6,36.03,premium,43.61,17.25,false
2025-08-27,Line A,Supplier 2,evening,173,Operator 8,Machine 5,41.12,premium,46.99,18.74,true
2025-12-15,Line C,Supplier 2,evening,285,Operator 7,Machine 5,34.12,premium,39.41,17.13,false
2025-10-11,Line A,Supplier 3,evening,755,Operator 3,Machine 6,29.57,standard,63.88,26.63,false
2025-12-27,Line A,Supplier 5,night,897,Operator 7,Machine 1,26.63,standard,64.21,30.11,false
2024-07-08,Line A,Supplier 2,day,1075,Operator 5,Machine 1,22.77,premium,67.57,12.76,false
2024-12-28,Line C,Supplier 3,night,887,Operator 6,Machine 1,46.83,premium,59.6,25.67,false
2024-06-27,Line A,Supplier 1,day,879,Operator 8,Machine 3,36.41,premium,66.66,26.17,false
2025-01-06,Line D,Supplier 3,night,1040,Operator 7,Machine 5,11.67,premium,24.31,9.1,true
2025-07-24,Line B,Supplier 5,evening,1416,Operator 2,Machine 1,37.1,standard,56.15,18.63,false
2024-06-01,Line D,Supplier 1,day,781,Operator 1,Machine 3,16.03,premium,47.85,36.88,false
2025-09-05,Line C,Supplier 2,day,536,Operator 4,Machine 4,35.97,standard,54.49,16.56,false
2024-05-10,Line A,Supplier 3,evening,725,Operator 5,Machine 5,32.46,standard,56.06,22.81,false
2025-07-08,Line C,Supplier 5,day,1304,Operator 7,Machine 2,37.33,standard,51.38,23.82,false
2024-07-28,Line C,Supplier 3,day,1000,Operator 2,Machine 3,36.35,standard,66.39,25.43,false
2025-05-20,Line B,Supplier 1,night,331,Operator 5,Machine 4,62.89,standard,53.36,18.16,false
2024-12-05,Line D,Supplier 1,evening,858,Operator 5,Machine 1,22.61,standard,60.19,16.8,false
2024-10-14,Line B,Supplier 3,evening,1125,Operator 2,Machine 2,20.55,premium,31.16,21.77,false
2025-06-06,Line D,Supplier 5,evening,418,Operator 6,Machine 6,30.27,premium,29.51,28.79,false
2025-05-19,Line C,Supplier 2,day,491,Operator 1,Machine 6,31.25,premium,60.39,10.86,false
2024-11-10,Line A,Supplier 3,evening,454,Operator 5,Machine 5,19.06,standard,60.66,26.26,false
2025-07-03,Line A,Supplier 3,evening,142,Operator 1,Machine 1,46.0,premium,43.63,9.79,false
2025-06-21,Line B,Supplier 3,day,833,Operator 3,Machine 3,21.97,premium,47.87,14.92,false
2025-09-16,Line B,Supplier 4,evening,654,Operator 2,Machine 1,39.6,premium,57.62,27.56,false
2025-07-01,Line D,Supplier 1,night,407,Operator 3,Machine 2,45.02,premium,35.01,26.53,false
2024-12-21,Line C,Supplier 1,day,707,Operator 2,Machine 6,23.83,premium,39.41,17.36,false
2025-03-31,Line D,Supplier 5,day,487,Operator 2,Machine 1,32.85,premium,20.0,22.27,false
2024-12-29,Line B,Supplier 3,evening,211,Operator 8,Machine 6,34.44,standard,52.74,23.65,false
2025-08-24,Line B,Supplier 1,day,997,Operator 2,Machine 1,52.08,premium,49.25,11.11,false
2024-06-30,Line A,Supplier 4,day,1151,Operator 2,Machine 4,29.49,standard,55.07,32.1,false
2025-04-02,Line D,Supplier 1,evening,1122,Operator 2,Machine 6,11.55,standard,56.87,25.92,false
2025-02-23,Line A,Supplier 4,day,496,Operator 7,Machine 5,23.51,premium,39.77,14.55,false
2025-10-19,Line D,Supplier 5,evening,400,Operator 4,Machine 1,30.23,premium,80.74,16.42,true
2024-07-15,Line D,Supplier 1,night,419,Operator 2,Machine 3,20.08,standard,74.95,24.38,true
2024-03-09,Line D,Supplier 3,evening,734,Operator 4,Machine 6,68.95,premium,46.98,24.61,true
2025-08-29,Line C,Supplier 1,night,276,Operator 5,Machine 5,30.49,premium,22.27,22.23,false
2025-05-30,Line A,Supplier 5,night,987,Operator 8,Machine 3,37.38,premium,51.97,6.44,true
2024-02-08,Line D,Supplier 3,night,618,Operator 2,Machine 4,39.56,premium,55.18,19.17,true
2024-06-23,Line D,Supplier 3,evening,852,Operator 2,Machine 1,14.31,premium,24.54,11.32,false
2024-01-31,Line A,Supplier 3,evening,1165,Operator 2,Machine 5,16.5,standard,52.19,31.35,false
2024-10-20,Line B,Supplier 2,evening,862,Operator 6,Machine 1,22.19,premium,50.91,26.74,false
2025-12-30,Line C,Supplier 4,evening,178,Operator 3,Machine 5,7.27,standard,50.16,22.78,false
2025-08-07,Line B,Supplier 5,evening,714,Operator 1,Machine 4,39.46,standard,56.12,8.65,false
2025-04-23,Line B,Supplier 3,evening,406,Operator 3,Machine 5,18.52,premium,71.16,29.4,false
2025-08-14,Line C,Supplier 3,day,907,Operator 8,Machine 1,19.99,premium,26.13,21.44,false
2025-09-02,Line C,Supplier 2,night,359,Operator 3,Machine 6,29.73,premium,38.2,20.96,false
2024-11-24,Line A,Supplier 5,evening,617,Operator 6,Machine 4,54.56,premium,46.48,22.46,false
2024-09-08,Line B,Supplier 5,evening,1031,Operator 2,Machine 6,30.97,premium,62.1,15.23,false
2025-12-19,Line C,Supplier 1,evening,305,Operator 1,Machine 1,29.02,premium,34.96,18.91,true
2025-04-05,Line A,Supplier 5,day,566,Operator 1,Machine 4,36.75,standard,56.0,34.01,false
2024-07-06,Line D,Supplier 5,night,1044,Operator 2,Machine 2,31.6,standard,63.19,12.37,true
2024-08-02,Line A,Supplier 1,night,746,Operator 4,Machine 5,24.35,premium,49.18,26.6,false
2024-02-09,Line D,Supplier 2,night,402,Operator 3,Machine 6,34.06,premium,56.57,24.71,false
2024-08-13,Line B,Supplier 3,day,830,Operator 5,Machine 6,5.0,premium,41.68,29.21,false
2025-08-05,Line A,Supplier 2,night,211,Operator 6,Machine 5,36.81,premium,77.82,34.61,true
2025-09-02,Line B,Supplier 2,day,681,Operator 6,Machine 5,55.37,standard,64.66,34.46,false
2024-04-18,Line C,Supplier 3,evening,142,Operator 6,Machine 5,15.41,premium,62.51,11.42,false
2025-12-04,Line A,Supplier 2,night,753,Operator 6,Machine 1,31.99,standard,61.37,15.72,true
2025-10-29,Line B,Supplier 3,night,1048,Operator 2,Machine 1,44.41,standard,43.36,28.58,false
2024-09-29,Line A,Supplier 1,night,858,Operator 4,Machine 4,30.5,premium,34.16,6.14,false
2025-10-21,Line D,Supplier 2,night,347,Operator 4,Machine 6,38.42,premium,20.84,24.28,true
2024-10-01,Line A,Supplier 2,day,310,Operator 5,Machine 6,30.87,premium,35.72,20.34,false
2025-02-04,Line B,Supplier 1,night,594,Operator 5,Machine 5,38.55,premium,29.51,10.97,false
2024-10-18,Line A,Supplier 4,evening,1365,Operator 2,Machine 4,28.56,premium,32.42,25.33,false
2024-02-15,Line C,Supplier 5,day,1288,Operator 4,Machine 6,37.24,premium,57.41,16.77,false
2024-01-16,Line A,Supplier 3,night,83,Operator 1,Machine 5,27.44,standard,67.09,29.68,false
2025-07-11,Line C,Supplier 4,day,1242,Operator 6,Machine 4,52.78,premium,67.24,21.62,false
2025-06-12,Line C,Supplier 1,day,768,Operator 6,Machine 3,24.64,premium,31.58,22.89,true
2024-04-21,Line A,Supplier 4,night,958,Operator 2,Machine 1,25.61,standard,67.32,17.85,false
2025-10-29,Line B,Supplier 3,day,700,Operator 1,Machine 2,17.69,premium,33.47,30.8,false
2024-06-07,Line C,Supplier 4,evening,120,Operator 8,Machine 5,42.06,standard,54.13,21.99,false
2024-10-21,Line A,Supplier 4,night,666,Operator 5,Machine 2,47.32,premium,35.45,26.09,false
2025-03-22,Line D,Supplier 4,day,754,Operator 7,Machine 5,35.29,premium,46.09,28.16,true
2025-07-07,Line B,Supplier 3,day,1004,Operator 8,Machine 6,42.53,standard,88.37,32.64,true
2025-09-09,Line D,Supplier 3,night,640,Operator 6,Machine 1,39.15,premium,44.23,14.53,true
2025-02-27,Line D,Supplier 2,day,104,Operator 7,Machine 6,22.58,premium,40.7,18.91,false
2024-08-20,Line C,Supplier 4,evening,1046,Operator 2,Machine 3,36.2,premium,38.46,30.73,false
2024-03-08,Line A,Supplier 2,day,50,Operator 8,Machine 5,26.77,standard,64.67,34.43,false
2025-12-29,Line B,Supplier 3,night,590,Operator 5,Machine 4,12.19,premium,55.37,22.76,false
2025-07-30,Line C,Supplier 1,night,1293,Operator 2,Machine 1,21.21,premium,57.1,19.84,false
2024-03-25,Line A,Supplier 4,evening,864,Operator 2,Machine 6,42.11,premium,34.04,21.15,true
2024-04-15,Line D,Supplier 3,evening,951,Operator 2,Machine 3,51.04,standard,74.26,10.65,false
2025-01-08,Line B,Supplier 3,day,125,Operator 3,Machine 5,14.48,standard,57.52,10.73,false
2024-07-23,Line A,Supplier 4,evening,1024,Operator 2,Machine 4,43.44,premium,45.09,18.32,false
2024-06-08,Line B,Supplier 5,day,205,Operator 6,Machine 5,53.06,premium,55.16,32.28,false
2025-11-13,Line B,Supplier 4,night,430,Operator 3,Machine 5,24.55,premium,43.45,29.82,false
2025-08-05,Line C,Supplier 4,evening,1315,Operator 2,Machine 2,26.94,premium,63.91,20.98,false
2025-12-17,Line C,Supplier 3,night,923,Operator 8,Machine 6,28.34,premium,20.0,25.09,true
2025-10-17,Line D,Supplier 2,evening,624,Operator 1,Machine 3,20.27,standard,67.71,6.86,false
2024-04-28,Line C,Supplier 5,day,317,Operator 5,Machine 2,30.67,premium,39.23,19.49,false
2025-10-12,Line A,Supplier 5,day,675,Operator 6,Machine 3,29.78,premium,28.54,24.24,false
2024-10-21,Line C,Supplier 3,day,758,Operator 3,Machine 4,19.15,premium,69.85,24.44,false
2024-04-20,Line C,Supplier 5,evening,128,Operator 6,Machine 6,20.67,standard,88.1,28.94,false
2025-01-09,Line B,Supplier 2,day,787,Operator 2,Machine 5,29.06,standard,57.12,9.66,false
2024-12-02,Line C,Supplier 5,night,1160,Operator 2,Machine 2,27.52,premium,29.79,30.99,true
2025-08-08,Line B,Supplier 4,night,858,Operator 8,Machine 1,37.89,premium,58.09,14.23,true
2024-12-27,Line D,Supplier 5,night,689,Operator 8,Machine 4,28.31,standard,55.85,26.06,false
2024-08-09,Line B,Supplier 2,evening,605,Operator 4,Machine 4,24.17,premium,57.0,20.74,false
2024-06-14,Line C,Supplier 4,night,640,Operator 8,Machine 5,48.44,premium,53.47,17.83,false
2024-10-14,Line A,Supplier 2,day,50,Operator 6,Machine 5,34.65,premium,33.89,15.96,false
2024-03-10,Line D,Supplier 5,evening,982,Operator 2,Machine 1,46.63,premium,46.07,23.09,false
2025-04-27,Line B,Supplier 4,day,582,Operator 3,Machine 3,48.66,standard,54.7,24.38,false
2025-11-06,Line A,Supplier 2,day,356,Operator 5,Machine 1,41.79,premium,44.38,4.73,false
2024-10-07,Line D,Supplier 4,night,1286,Operator 2,Machine 3,19.22,standard,62.59,30.38,false
2024-08-11,Line B,Supplier 3,night,1153,Operator 2,Machine 6,30.85,premium,42.38,13.32,false
2025-03-15,Line D,Supplier 3,evening,50,Operator 1,Machine 5,52.13,premium,44.19,20.66,false
2024-09-28,Line B,Supplier 3,evening,752,Operator 8,Machine 6,41.24,standard,59.48,23.11,false
2024-12-30,Line D,Supplier 5,evening,540,Operator 6,Machine 3,27.5,premium,51.37,21.15,false
2025-03-20,Line A,Supplier 5,night,136,Operator 3,Machine 3,34.89,standard,75.7,16.45,false
2024-02-25,Line D,Supplier 5,day,253,Operator 2,Machine 1,38.21,standard,50.57,10.03,false
2024-05-27,Line D,Supplier 2,day,819,Operator 7,Machine 1,18.27,premium,20.0,18.45,false
2025-11-10,Line C,Supplier 2,day,497,Operator 4,Machine 5,39.46,premium,41.91,19.63,false
2025-03-01,Line D,Supplier 5,night,50,Operator 3,Machine 5,22.56,premium,47.04,24.01,false
2025-10-13,Line B,Supplier 4,day,661,Operator 4,Machine 4,21.5,premium,51.25,30.49,false
2025-09-24,Line B,Supplier 1,evening,590,Operator 2,Machine 3,41.15,premium,59.21,23.81,false
2024-07-23,Line D,Supplier 4,night,50,Operator 3,Machine 5,17.47,standard,54.72,21.46,true
2025-02-23,Line C,Supplier 4,day,453,Operator 5,Machine 1,39.21,premium,54.39,20.81,false
2024-10-28,Line A,Supplier 1,evening,472,Operator 2,Machine 4,33.62,premium,46.58,24.61,false
2025-10-29,Line B,Supplier 3,evening,865,Operator 5,Machine 5,51.32,premium,36.89,17.7,false
2024-11-12,Line B,Supplier 1,day,756,Operator 3,Machine 3,28.87,standard,66.55,26.73,false
2025-12-13,Line A,Supplier 1,night,997,Operator 2,Machine 6,43.7,premium,44.52,17.37,false
2024-04-22,Line B,Supplier 3,night,307,Operator 8,Machine 6,31.01,premium,45.49,20.86,true
2024-09-16,Line A,Supplier 2,day,488,Operator 1,Machine 1,51.34,standard,54.15,11.15,true
2024-02-13,Line B,Supplier 4,night,904,Operator 5,Machine 1,51.47,premium,59.61,24.09,false
2024-09-07,Line A,Supplier 4,day,690,Operator 6,Machine 1,38.02,premium,62.64,31.52,false
2025-07-26,Line A,Supplier 3,night,1452,Operator 4,Machine 6,34.28,premium,58.45,20.14,true
2025-09-04,Line D,Supplier 2,night,338,Operator 7,Machine 5,57.08,standard,76.36,17.97,false
2024-10-30,Line B,Supplier 4,day,520,Operator 8,Machine 4,33.19,premium,41.98,17.91,false
2025-07-25,Line D,Supplier 5,night,388,Operator 4,Machine 6,56.77,standard,61.93,24.91,false
2025-02-06,Line C,Supplier 5,day,335,Operator 2,Machine 4,38.23,standard,51.03,28.56,false
2024-07-02,Line C,Supplier 2,day,1171,Operator 2,Machine 3,36.13,premium,42.37,27.09,false
2024-09-09,Line C,Supplier 1,night,551,Operator 4,Machine 4,29.46,premium,57.71,17.4,false
2025-11-24,Line A,Supplier 5,night,50,Operator 4,Machine 6,40.17,standard,58.73,29.71,true
2024-04-15,Line B,Supplier 5,evening,766,Operator 3,Machine 3,28.74,premium,48.7,18.17,false
2024-09-09,Line B,Supplier 1,day,554,Operator 8,Machine 3,26.76,standard,70.32,17.22,false
2025-07-13,Line A,Supplier 4,evening,226,Operator 1,Machine 5,20.11,standard,52.41,16.98,true
2024-03-27,Line C,Supplier 4,day,263,Operator 4,Machine 5,33.84,premium,40.76,28.62,false
2024-05-07,Line D,Supplier 3,day,499,Operator 1,Machine 6,18.55,premium,62.26,30.28,false
2024-02-21,Line C,Supplier 4,day,813,Operator 8,Machine 6,19.81,premium,42.73,30.24,false
2025-05-09,Line C,Supplier 4,evening,974,Operator 2,Machine 1,33.79,premium,51.74,33.47,true
2024-09-22,Line D,Supplier 1,evening,1226,Operator 2,Machine 4,39.83,premium,30.61,17.93,false
2024-08-19,Line D,Supplier 3,day,992,Operator 2,Machine 5,42.98,premium,81.83,30.84,false
2025-02-01,Line D,Supplier 2,day,838,Operator 7,Machine 5,29.2,premium,56.32,24.52,false
2024-05-26,Line D,Supplier 3,day,325,Operator 1,Machine 2,34.55,standard,56.86,18.07,false
2024-03-23,Line A,Supplier 2,evening,835,Operator 6,Machine 3,14.06,premium,20.0,22.16,true
2025-08-16,Line A,Supplier 3,night,706,Operator 8,Machine 6,24.26,standard,54.0,17.68,false
2025-01-09,Line A,Supplier 4,evening,362,Operator 8,Machine 3,28.48,premium,40.84,23.02,false
2025-09-12,Line C,Supplier 2,night,599,Operator 5,Machine 1,43.05,standard,55.41,28.2,false
2025-05-29,Line B,Supplier 3,day,1132,Operator 2,Machine 4,42.37,standard,71.55,21.93,false
2025-08-06,Line A,Supplier 3,night,199,Operator 8,Machine 5,50.24,premium,55.55,19.43,true
2024-12-07,Line D,Supplier 5,day,138,Operator 4,Machine 5,49.7,standard,56.2,11.6,false
2025-06-03,Line C,Supplier 1,night,1244,Operator 2,Machine 5,31.25,standard,70.3,14.81,false
2024-12-17,Line D,Supplier 2,day,1352,Operator 4,Machine 5,38.33,standard,81.78,14.86,false
2024-06-08,Line D,Supplier 3,evening,687,Operator 4,Machine 1,26.74,premium,35.34,20.08,false
2025-09-02,Line C,Supplier 3,day,374,Operator 3,Machine 6,45.2,premium,67.19,26.45,false
2024-01-12,Line D,Supplier 3,night,798,Operator 3,Machine 6,7.49,standard,52.59,22.86,true
2025-12-27,Line B,Supplier 5,evening,195,Operator 3,Machine 5,22.18,premium,28.36,24.81,false
2025-01-30,Line B,Supplier 5,night,137,Operator 7,Machine 5,28.06,premium,53.03,8.16,false
2024-07-21,Line A,Supplier 3,night,50,Operator 5,Machine 5,18.97,standard,53.92,28.04,true
2025-09-10,Line A,Supplier 4,night,1080,Operator 2,Machine 3,42.21,standard,80.57,18.56,false
2024-02-13,Line A,Supplier 5,evening,635,Operator 2,Machine 3,22.59,premium,43.88,27.66,true
2025-05-08,Line B,Supplier 2,day,237,Operator 3,Machine 2,25.68,premium,41.98,16.1,false
2025-12-18,Line A,Supplier 3,day,305,Operator 4,Machine 1,14.4,premium,20.0,16.96,false
2024-10-13,Line D,Supplier 5,evening,814,Operator 6,Machine 3,43.38,standard,56.14,29.33,true
2024-02-21,Line A,Supplier 4,day,1160,Operator 2,Machine 1,26.34,premium,28.83,24.63,false
2024-10-25,Line D,Supplier 1,evening,1312,Operator 2,Machine 3,32.16,premium,32.78,14.78,true
2025-02-27,Line A,Supplier 3,night,444,Operator 7,Machine 1,32.49,premium,61.92,26.93,false
2024-08-02,Line D,Supplier 1,evening,510,Operator 5,Machine 1,19.81,premium,45.39,12.21,false
2024-12-03,Line A,Supplier 3,night,157,Operator 3,Machine 5,5.0,standard,71.9,35.03,true
2024-01-23,Line D,Supplier 3,day,629,Operator 5,Machine 6,18.18,premium,36.86,31.17,false
2024-02-01,Line C,Supplier 5,evening,183,Operator 1,Machine 5,27.19,standard,78.62,17.08,false
2024-02-22,Line C,Supplier 3,day,541,Operator 5,Machine 4,11.84,standard,81.16,22.79,false
2025-10-07,Line C,Supplier 3,day,459,Operator 4,Machine 6,12.28,premium,41.42,17.13,true
2024-07-17,Line C,Supplier 1,day,270,Operator 5,Machine 4,45.96,premium,31.45,25.71,false
2025-11-17,Line A,Supplier 5,day,50,Operator 1,Machine 2,38.98,standard,54.06,26.31,false
2024-06-23,Line D,Supplier 3,evening,134,Operator 2,Machine 4,36.67,premium,43.44,29.57,false
2024-04-25,Line B,Supplier 5,evening,699,Operator 1,Machine 6,29.91,premium,47.45,15.6,false
2024-11-10,Line D,Supplier 2,night,831,Operator 2,Machine 5,34.41,standard,51.25,12.64,false
2024-01-21,Line D,Supplier 4,day,998,Operator 2,Machine 6,23.74,standard,75.45,40.0,false
2025-02-21,Line C,Supplier 3,night,1015,Operator 2,Machine 6,15.71,premium,22.48,7.04,false
2025-08-29,Line B,Supplier 1,night,970,Operator 2,Machine 3,38.93,standard,62.43,20.06,true
2025-03-05,Line A,Supplier 1,evening,383,Operator 7,Machine 1,31.71,standard,53.75,20.15,false
2024-07-26,Line B,Supplier 5,day,810,Operator 5,Machine 4,44.4,premium,50.26,10.99,false
2024-06-23,Line B,Supplier 4,day,526,Operator 2,Machine 5,36.17,premium,55.24,11.04,false
2025-02-22,Line D,Supplier 2,night,698,Operator 4,Machine 6,43.77,premium,20.0,17.48,false
2024-04-29,Line C,Supplier 5,night,50,Operator 2,Machine 5,22.94,standard,52.98,9.69,false
2024-08-07,Line A,Supplier 3,evening,781,Operator 6,Machine 5,42.16,premium,44.71,28.51,false
2024-05-10,Line A,Supplier 5,evening,608,Operator 8,Machine 2,43.23,premium,65.51,31.51,false
2024-07-03,Line B,Supplier 1,day,630,Operator 4,Machine 4,35.32,premium,57.09,31.27,false
2024-04-05,Line B,Supplier 1,night,50,Operator 7,Machine 5,28.89,premium,37.6,25.02,false
2024-06-26,Line B,Supplier 4,day,658,Operator 8,Machine 1,48.88,premium,65.63,24.65,false
2025-05-27,Line D,Supplier 2,day,735,Operator 3,Machine 2,34.08,standard,88.62,28.95,false
2025-01-24,Line C,Supplier 1,day,589,Operator 4,Machine 6,49.67,premium,35.56,11.45,false
2025-03-11,Line B,Supplier 3,day,612,Operator 4,Machine 6,51.03,premium,64.97,16.78,false
2025-07-01,Line C,Supplier 1,night,756,Operator 1,Machine 4,46.51,premium,78.6,13.37,true
2024-08-28,Line C,Supplier 4,night,824,Operator 2,Machine 1,34.49,standard,95.0,33.72,false
2025-10-22,Line A,Supplier 2,night,989,Operator 2,Machine 6,39.56,standard,61.07,23.29,true
2025-05-10,Line A,Supplier 3,day,535,Operator 8,Machine 5,48.24,premium,36.4,8.14,true
2025-03-11,Line D,Supplier 4,evening,1104,Operator 2,Machine 6,42.81,premium,42.25,16.51,true
2024-04-28,Line B,Supplier 3,day,782,Operator 5,Machine 2,43.97,standard,62.18,25.35,false
2024-03-31,Line D,Supplier 3,day,561,Operator 1,Machine 6,35.86,standard,53.93,22.01,true
2025-04-28,Line C,Supplier 3,day,375,Operator 3,Machine 1,5.0,standard,55.55,31.37,false
2024-06-20,Line D,Supplier 1,evening,1345,Operator 2,Machine 1,37.54,premium,26.78,17.1,false
2025-10-04,Line B,Supplier 3,day,229,Operator 1,Machine 6,18.64,premium,44.99,23.24,false
2024-10-17,Line B,Supplier 4,day,830,Operator 3,Machine 4,28.0,premium,72.68,13.37,false
2025-12-18,Line B,Supplier 3,evening,288,Operator 1,Machine 5,17.08,standard,73.05,17.75,false
2025-07-21,Line A,Supplier 1,evening,419,Operator 5,Machine 1,34.32,standard,84.55,7.72,false
2024-10-17,Line A,Supplier 5,night,527,Operator 6,Machine 6,26.42,premium,30.51,21.92,true
2024-03-06,Line C,Supplier 5,evening,529,Operator 7,Machine 4,26.9,premium,55.2,20.04,false
2025-03-26,Line C,Supplier 3,day,1693,Operator 2,Machine 3,50.53,premium,20.0,17.64,false
2025-02-24,Line C,Supplier 4,day,906,Operator 2,Machine 4,38.35,standard,56.27,25.65,true
2024-05-22,Line A,Supplier 3,night,50,Operator 2,Machine 6,30.67,premium,65.73,17.64,true
2024-04-17,Line A,Supplier 3,evening,1282,Operator 2,Machine 2,33.8,premium,64.56,28.89,false
2024-03-01,Line B,Supplier 3,evening,584,Operator 6,Machine 4,16.85,premium,46.24,22.11,false
2024-05-28,Line A,Supplier 5,day,327,Operator 7,Machine 5,26.21,premium,24.87,26.69,false
2024-05-18,Line D,Supplier 3,day,361,Operator 1,Machine 2,54.24,standard,58.0,24.29,false
2024-04-28,Line B,Supplier 5,day,483,Operator 6,Machine 4,31.56,standard,66.91,27.19,false
2024-03-15,Line B,Supplier 3,evening,767,Operator 6,Machine 2,43.73,premium,46.15,19.25,true
2024-10-14,Line C,Supplier 1,night,226,Operator 7,Machine 6,27.15,premium,39.21,23.99,false
2025-01-31,Line B,Supplier 3,night,825,Operator 3,Machine 5,51.34,premium,81.28,13.68,true
2024-02-02,Line A,Supplier 3,night,315,Operator 2,Machine 2,29.82,premium,46.63,22.42,true
2024-03-25,Line A,Supplier 3,night,538,Operator 4,Machine 2,38.43,premium,52.17,21.75,true
2024-06-12,Line B,Supplier 2,evening,159,Operator 7,Machine 6,38.48,standard,73.41,27.53,false
2025-08-17,Line D,Supplier 5,night,971,Operator 2,Machine 3,30.49,premium,31.31,23.33,false
2024-09-19,Line C,Supplier 3,day,471,Operator 4,Machine 6,24.68,standard,76.32,14.28,false
2025-01-05,Line A,Supplier 2,day,887,Operator 6,Machine 4,39.23,premium,37.81,23.12,false
2024-10-28,Line A,Supplier 1,day,845,Operator 4,Machine 3,55.32,standard,54.54,29.45,false
2024-12-06,Line A,Supplier 4,night,538,Operator 2,Machine 2,36.52,premium,55.45,23.49,true
2025-11-18,Line A,Supplier 4,day,1215,Operator 4,Machine 6,8.12,standard,60.85,25.26,false
2025-11-15,Line B,Supplier 1,evening,621,Operator 5,Machine 1,28.37,premium,51.55,27.5,false
2025-07-15,Line A,Supplier 4,evening,58,Operator 3,Machine 5,40.81,premium,26.85,26.2,true
2025-11-01,Line C,Supplier 4,evening,656,Operator 1,Machine 1,48.4,standard,72.12,20.67,false
2025-03-07,Line D,Supplier 1,day,626,Operator 6,Machine 6,33.92,premium,31.36,12.03,false
2024-12-28,Line B,Supplier 3,night,1322,Operator 1,Machine 1,13.7,standard,57.37,19.3,false
2024-08-29,Line D,Supplier 3,evening,944,Operator 2,Machine 1,19.45,premium,27.64,23.89,false
2025-08-09,Line A,Supplier 1,day,608,Operator 7,Machine 2,24.58,standard,69.02,3.59,false
2025-04-26,Line A,Supplier 3,day,901,Operator 2,Machine 5,47.14,premium,68.65,8.46,false
2025-05-30,Line B,Supplier 4,night,678,Operator 1,Machine 3,32.14,premium,30.99,5.88,true
2025-01-14,Line A,Supplier 1,evening,597,Operator 7,Machine 4,34.17,standard,62.92,10.45,false
2024-08-25,Line A,Supplier 3,night,789,Operator 2,Machine 3,40.43,standard,90.51,18.22,true
2025-11-27,Line C,Supplier 2,night,125,Operator 8,Machine 5,42.98,standard,61.43,9.77,true
2024-07-31,Line A,Supplier 3,evening,317,Operator 7,Machine 3,16.82,premium,43.2,21.31,false
2024-03-21,Line C,Supplier 5,day,392,Operator 7,Machine 6,43.8,premium,40.76,18.57,false
2024-12-25,Line A,Supplier 4,evening,50,Operator 1,Machine 5,32.61,premium,50.18,26.91,true
2024-07-14,Line C,Supplier 1,day,462,Operator 8,Machine 6,32.95,standard,63.48,25.65,false
2024-12-08,Line B,Supplier 3,evening,934,Operator 2,Machine 1,42.0,standard,55.21,18.49,true
2025-01-26,Line B,Supplier 2,evening,812,Operator 8,Machine 3,34.12,premium,66.31,22.56,true
2024-08-02,Line C,Supplier 3,day,397,Operator 5,Machine 3,37.09,premium,48.72,28.75,false
2025-02-07,Line C,Supplier 2,day,171,Operator 7,Machine 5,33.12,premium,56.32,25.49,false
2025-12-19,Line C,Supplier 2,night,1077,Operator 2,Machine 5,48.68,standard,56.65,29.4,false
2024-11-06,Line A,Supplier 2,evening,677,Operator 4,Machine 2,38.71,standard,78.76,25.67,false
2024-05-18,Line A,Supplier 2,evening,1011,Operator 2,Machine 3,30.58,premium,56.02,20.31,false
2025-07-28,Line C,Supplier 4,day,270,Operator 4,Machine 5,25.45,premium,44.88,24.85,false
2024-12-31,Line A,Supplier 2,evening,678,Operator 5,Machine 6,27.06,premium,47.18,30.17,true
2025-02-04,Line B,Supplier 2,evening,310,Operator 7,Machine 5,27.47,premium,31.44,19.89,false
2025-10-15,Line D,Supplier 5,day,50,Operator 5,Machine 5,13.76,premium,45.49,33.85,false
2024-11-13,Line A,Supplier 5,evening,1198,Operator 2,Machine 6,21.51,premium,49.02,18.0,true
2025-04-23,Line C,Supplier 2,evening,947,Operator 2,Machine 6,55.66,premium,47.05,18.98,true
2024-02-05,Line C,Supplier 3,day,833,Operator 4,Machine 2,44.09,premium,22.8,16.69,false
2024-02-29,Line A,Supplier 4,night,919,Operator 2,Machine 2,39.44,premium,20.0,12.35,true
2024-01-28,Line A,Supplier 1,evening,233,Operator 4,Machine 5,20.93,premium,56.55,27.02,false
2025-09-19,Line D,Supplier 4,night,717,Operator 6,Machine 6,47.01,premium,37.14,14.85,false
2024-06-14,Line C,Supplier 2,evening,177,Operator 8,Machine 5,34.95,premium,40.63,9.69,true
2025-11-17,Line A,Supplier 2,evening,663,Operator 5,Machine 6,11.56,premium,49.62,14.38,false
2024-01-21,Line C,Supplier 3,day,304,Operator 1,Machine 1,29.29,standard,78.28,20.02,false
2025-05-30,Line B,Supplier 1,evening,882,Operator 8,Machine 2,38.64,premium,35.84,10.73,false
2025-07-31,Line D,Supplier 3,evening,1191,Operator 2,Machine 3,28.08,standard,57.61,27.73,false
2024-10-09,Line A,Supplier 4,day,602,Operator 2,Machine 3,23.73,premium,30.26,20.32,false
2025-01-26,Line A,Supplier 4,evening,607,Operator 4,Machine 4,24.09,standard,58.36,19.72,false
2025-08-12,Line C,Supplier 1,night,740,Operator 3,Machine 6,27.99,standard,79.09,18.29,true
2024-01-23,Line A,Supplier 5,day,476,Operator 5,Machine 2,47.63,premium,48.3,15.77,false
2025-10-24,Line D,Supplier 3,night,445,Operator 1,Machine 1,55.31,standard,57.56,24.79,false
2024-08-24,Line A,Supplier 2,evening,1122,Operator 2,Machine 3,28.97,premium,42.28,25.29,false
2024-10-17,Line D,Supplier 4,day,414,Operator 8,Machine 5,45.94,standard,74.63,20.79,false
2025-08-08,Line B,Supplier 3,evening,326,Operator 5,Machine 6,11.41,premium,49.29,31.67,false
2024-03-14,Line C,Supplier 5,day,553,Operator 7,Machine 5,41.22,premium,38.05,8.72,false
2024-02-11,Line A,Supplier 3,night,754,Operator 4,Machine 1,26.58,premium,43.37,18.33,false
2025-10-14,Line D,Supplier 2,evening,742,Operator 4,Machine 3,42.55,standard,54.06,14.94,false
2024-04-27,Line D,Supplier 5,day,730,Operator 2,Machine 2,44.36,premium,49.83,28.57,false
2025-02-04,Line A,Supplier 5,day,326,Operator 4,Machine 2,34.85,premium,44.03,11.8,true
2025-04-21,Line C,Supplier 5,day,557,Operator 3,Machine 5,33.92,premium,49.75,19.4,false
2025-09-11,Line A,Supplier 1,day,663,Operator 6,Machine 5,29.86,standard,52.28,28.0,false
2025-03-30,Line B,Supplier 5,day,1127,Operator 2,Machine 4,50.83,standard,53.55,16.19,false
2024-02-22,Line A,Supplier 4,night,1010,Operator 8,Machine 4,58.18,standard,28.08,35.31,true
2024-01-26,Line C,Supplier 3,night,498,Operator 2,Machine 4,36.02,premium,51.81,21.23,false
2025-06-30,Line A,Supplier 5,evening,320,Operator 3,Machine 4,36.08,premium,41.22,19.38,false
2024-02-22,Line A,Supplier 5,day,617,Operator 4,Machine 3,45.98,premium,39.83,28.91,false
2025-06-23,Line C,Supplier 4,evening,747,Operator 7,Machine 4,48.79,premium,57.07,28.59,false
2024-07-24,Line B,Supplier 1,evening,593,Operator 3,Machine 4,27.29,standard,51.08,23.3,false
2025-06-07,Line A,Supplier 5,night,543,Operator 8,Machine 2,52.59,premium,50.37,21.1,false
2025-08-01,Line C,Supplier 1,evening,553,Operator 6,Machine 2,15.98,standard,64.37,18.31,false
2024-03-21,Line D,Supplier 4,evening,297,Operator 6,Machine 6,29.57,premium,52.83,25.97,false
2025-05-11,Line C,Supplier 1,day,910,Operator 2,Machine 1,34.52,standard,62.8,33.8,false
2025-04-27,Line A,Supplier 3,night,152,Operator 1,Machine 6,51.29,premium,56.55,27.42,false
2025-09-24,Line B,Supplier 3,evening,932,Operator 3,Machine 4,47.17,premium,36.32,13.07,false
2025-05-13,Line B,Supplier 4,night,1339,Operator 7,Machine 6,35.96,standard,62.64,21.51,false
2025-06-09,Line A,Supplier 3,night,638,Operator 3,Machine 3,33.61,standard,55.38,12.83,false
2025-05-22,Line C,Supplier 5,day,405,Operator 4,Machine 6,14.81,standard,57.78,26.72,false
2025-05-14,Line D,Supplier 3,night,1298,Operator 2,Machine 2,9.73,standard,73.39,19.59,false
2024-11-12,Line B,Supplier 4,day,721,Operator 1,Machine 5,29.08,standard,52.63,24.68,false
2024-09-01,Line B,Supplier 4,day,1472,Operator 2,Machine 3,31.24,premium,60.22,17.15,false
2025-12-20,Line D,Supplier 3,day,338,Operator 3,Machine 5,50.1,premium,36.79,16.56,false
2024-10-07,Line A,Supplier 2,day,1001,Operator 2,Machine 1,43.32,premium,48.86,14.51,false
2025-05-24,Line C,Supplier 4,day,900,Operator 2,Machine 3,26.62,premium,32.09,21.07,false
2025-06-30,Line C,Supplier 2,night,615,Operator 4,Machine 2,38.31,premium,68.29,21.4,true
2024-11-10,Line A,Supplier 3,evening,1239,Operator 2,Machine 2,28.42,premium,39.13,19.29,false
2024-03-31,Line A,Supplier 3,night,659,Operator 2,Machine 4,34.31,premium,46.78,16.36,false
2024-04-10,Line A,Supplier 2,evening,901,Operator 6,Machine 5,21.62,premium,59.13,21.46,false
2024-09-09,Line A,Supplier 3,evening,1132,Operator 5,Machine 1,26.3,premium,43.12,31.88,false
2024-11-10,Line A,Supplier 3,evening,745,Operator 7,Machine 5,15.32,standard,61.97,21.93,false
2024-12-20,Line D,Supplier 3,day,769,Operator 7,Machine 3,18.72,premium,66.58,16.46,false
2025-11-26,Line A,Supplier 3,night,1195,Operator 2,Machine 2,38.17,premium,64.35,9.61,false
2025-02-06,Line C,Supplier 5,day,257,Operator 1,Machine 5,22.41,premium,37.17,13.5,true
2024-05-27,Line A,Supplier 2,day,1002,Operator 2,Machine 4,50.26,premium,45.1,18.26,false
2025-09-23,Line D,Supplier 3,night,72,Operator 4,Machine 5,42.78,standard,50.9,18.91,false
2024-06-12,Line A,Supplier 3,night,468,Operator 6,Machine 2,35.28,premium,47.83,21.04,true
2024-04-23,Line B,Supplier 1,night,253,Operator 4,Machine 2,23.92,premium,46.59,4.98,false
2025-06-09,Line C,Supplier 2,day,373,Operator 7,Machine 6,46.77,standard,67.79,19.29,true
2024-01-01,Line B,Supplier 3,night,205,Operator 8,Machine 5,5.0,premium,53.62,14.24,true
2025-10-24,Line B,Supplier 3,night,507,Operator 8,Machine 3,18.61,premium,42.89,9.31,false
2025-07-02,Line A,Supplier 4,evening,607,Operator 3,Machine 1,27.45,premium,48.11,21.15,false
2025-01-09,Line C,Supplier 4,evening,50,Operator 5,Machine 5,32.97,premium,59.39,15.99,false
2024-08-31,Line C,Supplier 3,day,490,Operator 7,Machine 5,9.87,premium,48.23,20.52,false
2025-09-01,Line D,Supplier 5,day,377,Operator 5,Machine 1,28.24,standard,46.85,22.56,true
2024-08-10,Line A,Supplier 5,evening,268,Operator 1,Machine 5,29.5,premium,26.51,23.98,false
2024-04-23,Line C,Supplier 5,night,455,Operator 4,Machine 2,38.5,premium,39.61,25.41,true
2024-08-06,Line B,Supplier 4,day,533,Operator 4,Machine 2,38.6,standard,66.41,19.64,false
2025-09-17,Line B,Supplier 5,night,779,Operator 8,Machine 4,26.66,premium,44.84,22.54,true
2024-04-07,Line A,Supplier 4,night,607,Operator 3,Machine 5,26.38,standard,78.48,12.86,true
2024-10-21,Line D,Supplier 3,evening,830,Operator 6,Machine 5,7.3,standard,61.9,17.32,false
2025-01-14,Line D,Supplier 4,day,298,Operator 5,Machine 4,22.03,premium,41.02,20.78,false
2025-08-30,Line A,Supplier 3,day,727,Operator 2,Machine 5,15.12,premium,42.42,12.41,false
2025-09-24,Line C,Supplier 4,night,808,Operator 4,Machine 4,18.43,premium,47.23,29.87,false
2024-07-09,Line B,Supplier 1,evening,468,Operator 3,Machine 2,30.46,premium,27.93,30.06,false
2024-01-16,Line A,Supplier 2,day,1057,Operator 2,Machine 5,37.73,premium,62.42,25.29,true
2024-11-01,Line C,Supplier 3,day,1206,Operator 2,Machine 4,22.99,premium,65.54,29.09,false
2024-02-18,Line D,Supplier 5,night,97,Operator 4,Machine 2,24.27,premium,54.25,16.75,true
2024-06-21,Line B,Supplier 3,day,444,Operator 2,Machine 5,27.39,standard,60.84,19.16,true
2024-06-28,Line A,Supplier 1,day,470,Operator 2,Machine 6,14.86,premium,44.66,17.7,true
2025-10-29,Line B,Supplier 3,evening,365,Operator 4,Machine 6,12.85,standard,63.1,17.58,false
2025-02-19,Line D,Supplier 3,evening,633,Operator 3,Machine 6,38.72,standard,60.36,11.22,false
2024-10-25,Line B,Supplier 4,night,185,Operator 4,Machine 5,34.98,premium,50.62,25.01,false
2025-11-30,Line C,Supplier 4,night,1005,Operator 2,Machine 4,19.88,premium,33.66,26.72,false
2024-01-23,Line B,Supplier 2,day,436,Operator 5,Machine 3,37.21,standard,55.04,17.5,false
2025-01-31,Line A,Supplier 2,day,677,Operator 4,Machine 4,31.3,premium,58.15,15.97,false
2024-04-07,Line A,Supplier 2,day,1267,Operator 1,Machine 3,21.0,premium,41.36,22.11,false
2025-02-15,Line B,Supplier 5,night,325,Operator 6,Machine 1,35.78,premium,52.85,14.95,false
2025-12-20,Line C,Supplier 1,night,404,Operator 4,Machine 2,20.65,standard,62.4,30.25,true
2025-04-29,Line B,Supplier 3,evening,677,Operator 1,Machine 5,9.57,premium,47.08,25.62,false
2024-11-13,Line C,Supplier 3,night,1041,Operator 2,Machine 2,19.21,standard,62.87,17.63,false
2025-07-14,Line D,Supplier 5,day,1117,Operator 2,Machine 5,17.36,premium,45.39,30.8,false
2025-08-11,Line C,Supplier 4,day,349,Operator 4,Machine 5,15.36,premium,33.05,14.02,false
2024-11-16,Line C,Supplier 4,day,886,Operator 5,Machine 4,22.27,premium,49.6,10.23,false
2025-06-06,Line A,Supplier 1,night,179,Operator 6,Machine 5,41.34,premium,51.92,17.33,false
2024-05-09,Line C,Supplier 1,evening,397,Operator 6,Machine 3,27.18,standard,65.89,27.13,false
2024-12-05,Line B,Supplier 4,evening,1059,Operator 2,Machine 1,31.85,standard,79.31,11.02,true
2025-09-08,Line A,Supplier 2,night,570,Operator 3,Machine 6,39.94,premium,66.03,30.9,true
2025-08-13,Line D,Supplier 5,day,818,Operator 1,Machine 1,26.24,premium,36.18,16.97,false
2025-03-08,Line C,Supplier 4,night,951,Operator 2,Machine 2,34.24,standard,51.76,33.81,false
2024-05-17,Line C,Supplier 5,night,606,Operator 5,Machine 4,37.74,standard,69.97,30.03,false
2024-12-09,Line B,Supplier 2,evening,754,Operator 6,Machine 2,23.75,standard,51.87,14.44,false
2025-09-20,Line D,Supplier 2,night,860,Operator 6,Machine 3,23.92,standard,57.19,18.87,false
2024-08-28,Line C,Supplier 5,evening,50,Operator 2,Machine 5,33.53,premium,66.33,33.42,false
2024-06-22,Line D,Supplier 2,evening,917,Operator 6,Machine 5,21.19,standard,71.47,15.03,false
2024-10-20,Line B,Supplier 2,day,1261,Operator 8,Machine 4,25.87,standard,64.14,12.7,false
2025-02-15,Line D,Supplier 1,evening,1183,Operator 2,Machine 1,29.78,premium,61.66,13.41,false
2025-01-20,Line B,Supplier 2,day,1084,Operator 2,Machine 2,36.1,premium,47.4,29.25,false
2025-12-22,Line A,Supplier 3,evening,1200,Operator 8,Machine 1,8.95,premium,55.75,16.6,false
2024-06-06,Line C,Supplier 3,night,480,Operator 8,Machine 6,16.44,premium,37.3,15.17,true
2025-04-22,Line B,Supplier 2,evening,1183,Operator 2,Machine 5,38.28,standard,60.49,14.4,false
2024-11-15,Line C,Supplier 3,night,1008,Operator 2,Machine 5,35.29,premium,44.54,9.03,true
2025-05-17,Line C,Supplier 4,day,717,Operator 3,Machine 5,49.92,premium,44.79,14.79,false
2024-07-15,Line C,Supplier 2,day,476,Operator 1,Machine 1,32.09,standard,51.56,26.64,false
2024-09-04,Line D,Supplier 4,evening,123,Operator 6,Machine 3,24.1,premium,49.01,15.59,false
2024-10-20,Line C,Supplier 5,night,914,Operator 8,Machine 2,45.08,premium,33.7,25.38,false
2025-02-19,Line B,Supplier 5,day,976,Operator 8,Machine 2,46.55,premium,42.91,16.44,false
2024-09-25,Line C,Supplier 3,day,1227,Operator 8,Machine 6,32.55,premium,43.54,1.83,false
2024-11-28,Line B,Supplier 5,evening,192,Operator 4,Machine 5,6.5,standard,67.47,18.58,false
2025-10-28,Line A,Supplier 5,night,954,Operator 2,Machine 1,33.82,premium,42.94,31.24,false
2024-12-10,Line B,Supplier 5,evening,786,Operator 2,Machine 3,38.81,standard,68.03,22.41,false
2025-04-16,Line A,Supplier 2,night,1125,Operator 2,Machine 1,48.77,premium,20.0,22.71,false
2025-04-22,Line A,Supplier 3,day,363,Operator 2,Machine 4,24.61,premium,44.45,17.16,false
2025-02-07,Line B,Supplier 3,day,915,Operator 1,Machine 6,19.24,standard,54.6,29.13,false
2024-11-23,Line C,Supplier 3,day,362,Operator 4,Machine 5,39.41,premium,55.33,22.52,false
2024-07-14,Line B,Supplier 3,evening,705,Operator 5,Machine 1,18.0,premium,30.03,26.84,false
2025-12-08,Line B,Supplier 2,evening,597,Operator 4,Machine 2,21.1,standard,56.18,28.69,false
2024-07-02,Line A,Supplier 4,evening,50,Operator 8,Machine 5,26.94,standard,58.38,2.01,false
2024-12-17,Line B,Supplier 3,day,188,Operator 2,Machine 5,31.43,premium,72.47,24.85,false
2024-07-17,Line B,Supplier 1,day,956,Operator 2,Machine 4,28.42,premium,31.19,21.68,false
2025-04-12,Line B,Supplier 3,evening,1041,Operator 2,Machine 2,30.47,premium,35.73,9.19,false
2025-12-11,Line C,Supplier 3,evening,432,Operator 7,Machine 2,16.51,premium,43.44,22.26,false
2025-01-25,Line D,Supplier 3,day,489,Operator 6,Machine 4,12.09,premium,26.9,21.21,false
2025-03-26,Line D,Supplier 1,night,371,Operator 1,Machine 6,31.15,premium,26.67,17.09,false
2024-10-06,Line A,Supplier 5,evening,541,Operator 8,Machine 4,39.08,standard,60.25,16.16,false
2025-04-25,Line A,Supplier 2,evening,649,Operator 5,Machine 4,46.77,premium,63.32,24.42,false
2024-12-27,Line A,Supplier 4,day,720,Operator 2,Machine 5,20.58,standard,62.3,21.76,false
2024-01-09,Line B,Supplier 3,evening,1486,Operator 2,Machine 2,14.06,standard,83.96,12.64,false
2024-02-24,Line A,Supplier 3,night,455,Operator 5,Machine 5,21.51,standard,68.35,20.25,false
2024-09-07,Line C,Supplier 3,evening,1014,Operator 7,Machine 3,26.73,premium,58.94,30.96,false
2024-08-11,Line C,Supplier 2,evening,931,Operator 2,Machine 3,42.7,standard,52.7,18.98,false
2025-11-13,Line C,Supplier 3,evening,591,Operator 6,Machine 5,33.48,standard,54.86,8.01,false
2025-07-28,Line A,Supplier 3,day,762,Operator 8,Machine 2,8.59,premium,40.69,30.17,false
2025-04-08,Line B,Supplier 5,day,600,Operator 7,Machine 2,33.97,standard,66.03,9.08,false
2024-10-16,Line A,Supplier 4,day,459,Operator 5,Machine 5,32.83,premium,32.26,23.76,false
2025-12-09,Line B,Supplier 5,night,316,Operator 3,Machine 5,34.0,premium,52.07,28.31,false
2025-09-03,Line A,Supplier 1,day,702,Operator 1,Machine 5,26.33,premium,56.13,21.42,true
2024-09-12,Line C,Supplier 1,night,594,Operator 2,Machine 1,26.23,premium,44.96,21.79,false
2024-07-08,Line D,Supplier 2,night,1191,Operator 2,Machine 6,33.28,standard,55.76,31.38,true
2024-01-22,Line A,Supplier 1,night,1483,Operator 2,Machine 3,47.5,premium,45.23,17.53,true
2024-11-22,Line B,Supplier 3,evening,204,Operator 8,Machine 5,15.74,premium,34.73,25.26,false
2024-02-03,Line A,Supplier 2,day,777,Operator 8,Machine 6,31.2,premium,37.58,28.77,false
2025-08-24,Line C,Supplier 4,day,959,Operator 2,Machine 1,36.68,premium,39.76,20.9,false
2025-06-13,Line A,Supplier 3,evening,649,Operator 4,Machine 5,39.4,premium,35.62,14.64,false
2024-12-19,Line A,Supplier 4,evening,700,Operator 8,Machine 2,26.96,standard,88.75,23.4,false
2024-06-02,Line D,Supplier 2,day,985,Operator 2,Machine 4,25.27,premium,81.02,24.16,false
2024-05-19,Line B,Supplier 2,day,554,Operator 1,Machine 6,11.43,premium,41.54,33.33,false
2025-11-03,Line C,Supplier 4,evening,806,Operator 5,Machine 6,47.5,premium,43.61,21.3,false
2024-08-26,Line D,Supplier 4,day,808,Operator 2,Machine 6,35.92,premium,34.95,28.94,true
2024-05-10,Line B,Supplier 2,evening,616,Operator 8,Machine 1,25.67,standard,62.65,16.62,false
2025-08-08,Line D,Supplier 1,night,1209,Operator 2,Machine 1,25.67,premium,70.2,30.73,false
2025-10-02,Line D,Supplier 5,evening,1197,Operator 2,Machine 5,36.11,premium,46.86,16.55,false
2025-09-03,Line A,Supplier 5,evening,215,Operator 5,Machine 5,21.58,premium,26.97,19.92,false
2024-09-29,Line B,Supplier 3,night,871,Operator 5,Machine 1,58.16,premium,42.74,9.85,false
2025-09-11,Line C,Supplier 4,day,50,Operator 5,Machine 2,48.73,standard,53.23,15.96,true
2024-08-07,Line B,Supplier 1,day,642,Operator 1,Machine 2,31.04,premium,38.11,23.6,true
2025-12-09,Line A,Supplier 4,day,521,Operator 6,Machine 5,38.08,premium,45.35,27.55,true
2025-03-10,Line B,Supplier 5,evening,271,Operator 4,Machine 1,32.99,premium,22.53,19.08,false
2025-12-28,Line A,Supplier 5,day,651,Operator 1,Machine 6,34.12,premium,46.12,12.3,false
2025-09-07,Line A,Supplier 4,evening,903,Operator 5,Machine 4,22.59,premium,56.37,22.23,false
2025-03-10,Line B,Supplier 3,night,825,Operator 6,Machine 6,15.0,premium,79.78,9.48,false
2025-03-10,Line C,Supplier 4,night,650,Operator 4,Machine 5,31.9,premium,43.01,21.07,false
2025-06-14,Line D,Supplier 4,night,771,Operator 7,Machine 2,34.85,standard,73.13,16.26,false
2024-09-08,Line A,Supplier 3,evening,750,Operator 7,Machine 1,31.93,premium,47.83,25.35,true
2024-08-11,Line C,Supplier 1,night,755,Operator 6,Machine 4,53.75,premium,33.18,28.33,false
2024-09-28,Line C,Supplier 4,day,633,Operator 8,Machine 2,34.01,premium,33.43,20.0,false
2024-02-05,Line C,Supplier 1,night,1341,Operator 8,Machine 1,59.68,premium,39.7,-1.14,false
2025-09-01,Line B,Supplier 1,day,924,Operator 2,Machine 5,36.23,premium,20.0,15.01,false
2024-07-18,Line A,Supplier 1,night,508,Operator 6,Machine 2,28.08,premium,45.25,20.68,false
2025-09-18,Line B,Supplier 4,night,905,Operator 7,Machine 4,13.64,premium,59.59,26.66,true
2024-09-11,Line C,Supplier 5,day,354,Operator 2,Machine 1,18.81,premium,73.7,16.56,false
2025-12-06,Line C,Supplier 3,night,1229,Operator 3,Machine 5,12.59,premium,40.33,13.23,false
2025-07-28,Line A,Supplier 5,evening,848,Operator 4,Machine 4,19.51,premium,52.48,18.61,false
2025-08-23,Line B,Supplier 4,day,852,Operator 1,Machine 3,35.72,premium,65.85,23.31,false
2025-11-28,Line D,Supplier 1,night,343,Operator 5,Machine 5,35.06,standard,64.86,18.14,false
2024-05-02,Line A,Supplier 5,night,505,Operator 1,Machine 1,52.05,premium,40.59,21.57,false
2024-02-01,Line C,Supplier 3,evening,972,Operator 2,Machine 1,46.43,standard,58.27,19.9,false
2025-02-17,Line D,Supplier 2,day,50,Operator 8,Machine 5,52.44,premium,34.85,16.24,true
2024-02-01,Line B,Supplier 2,evening,50,Operator 1,Machine 1,43.38,standard,59.52,13.63,false
2024-08-12,Line D,Supplier 3,night,589,Operator 3,Machine 6,38.84,standard,54.68,19.81,false
2025-06-17,Line A,Supplier 1,evening,700,Operator 7,Machine 1,33.3,standard,55.54,24.12,false
2025-11-03,Line D,Supplier 4,evening,1324,Operator 3,Machine 1,31.78,premium,38.08,20.91,false
2025-08-10,Line B,Supplier 3,day,952,Operator 2,Machine 4,65.38,standard,52.61,21.51,false
2024-09-01,Line A,Supplier 5,evening,599,Operator 8,Machine 1,22.86,standard,76.48,17.3,false
2024-11-16,Line A,Supplier 5,evening,1362,Operator 5,Machine 1,28.66,premium,36.62,20.33,true
2025-01-15,Line B,Supplier 1,night,901,Operator 2,Machine 4,42.31,premium,47.06,17.77,true
2025-06-17,Line A,Supplier 3,night,807,Operator 5,Machine 1,12.1,premium,27.36,24.66,false
2024-02-05,Line B,Supplier 1,day,881,Operator 8,Machine 2,42.47,premium,56.66,17.25,false
2025-09-09,Line A,Supplier 4,evening,605,Operator 3,Machine 5,38.69,premium,83.91,8.97,false
2024-06-05,Line A,Supplier 3,evening,691,Operator 8,Machine 6,31.3,standard,63.52,10.78,true
2024-06-13,Line A,Supplier 2,evening,1009,Operator 1,Machine 2,39.77,standard,67.02,18.99,false
2025-05-14,Line C,Supplier 1,day,1169,Operator 2,Machine 3,36.71,premium,43.52,33.18,false
2025-02-13,Line C,Supplier 3,evening,997,Operator 5,Machine 5,45.77,standard,54.45,13.32,false
2025-04-29,Line A,Supplier 1,night,527,Operator 4,Machine 1,22.07,standard,57.05,18.49,false
2025-12-23,Line B,Supplier 5,night,155,Operator 7,Machine 5,29.84,premium,47.72,18.65,true
2025-08-29,Line D,Supplier 2,night,364,Operator 2,Machine 3,43.37,standard,59.82,27.09,true
2025-09-18,Line D,Supplier 3,day,466,Operator 6,Machine 1,36.52,premium,46.91,34.88,false
2025-07-24,Line A,Supplier 2,day,879,Operator 2,Machine 1,30.27,premium,63.95,23.48,true
2024-05-29,Line A,Supplier 4,evening,1062,Operator 2,Machine 1,37.57,premium,29.92,6.79,false
2025-11-18,Line D,Supplier 5,evening,276,Operator 6,Machine 5,43.24,premium,46.57,26.05,false
2024-11-29,Line A,Supplier 2,evening,1067,Operator 2,Machine 4,28.19,premium,30.37,23.25,false
2024-04-02,Line C,Supplier 3,evening,475,Operator 4,Machine 1,32.64,standard,62.96,28.82,false
2025-05-05,Line C,Supplier 5,night,1077,Operator 2,Machine 3,24.99,premium,35.24,0.07,false
2025-02-15,Line B,Supplier 3,evening,735,Operator 6,Machine 3,16.07,premium,85.41,18.3,true
2025-09-18,Line A,Supplier 2,night,689,Operator 3,Machine 1,31.68,standard,68.27,17.04,false
2024-09-08,Line A,Supplier 2,day,577,Operator 7,Machine 1,25.41,standard,83.35,20.93,false
2025-01-25,Line A,Supplier 4,night,737,Operator 7,Machine 5,45.07,premium,31.98,22.69,false
2025-04-24,Line B,Supplier 4,night,423,Operator 3,Machine 4,17.07,standard,55.42,18.11,true
2025-12-06,Line C,Supplier 5,night,584,Operator 2,Machine 2,42.94,premium,31.74,14.78,false
2025-06-28,Line D,Supplier 1,night,1114,Operator 2,Machine 2,27.43,standard,55.05,26.66,false
2024-05-01,Line B,Supplier 3,day,302,Operator 2,Machine 5,33.74,premium,38.09,11.47,false
2024-05-03,Line B,Supplier 3,evening,527,Operator 2,Machine 5,44.86,premium,41.82,19.38,false
2025-01-20,Line B,Supplier 4,day,662,Operator 7,Machine 2,28.27,premium,42.21,14.01,false
2025-05-18,Line D,Supplier 3,day,689,Operator 4,Machine 2,27.24,premium,51.83,16.57,false
2025-08-02,Line A,Supplier 2,day,560,Operator 6,Machine 4,39.26,premium,28.68,18.07,true
2024-09-08,Line A,Supplier 2,evening,648,Operator 5,Machine 5,51.79,standard,57.68,16.25,false
2024-04-29,Line B,Supplier 3,day,1521,Operator 2,Machine 4,9.71,premium,49.82,9.72,false
2024-07-30,Line B,Supplier 3,night,860,Operator 1,Machine 5,16.36,premium,39.44,13.52,false
2024-05-18,Line C,Supplier 2,night,617,Operator 8,Machine 5,9.31,premium,32.8,28.18,true
2024-12-11,Line C,Supplier 3,day,574,Operator 4,Machine 1,42.1,standard,58.31,27.99,false
2024-05-22,Line A,Supplier 2,day,819,Operator 8,Machine 5,23.61,premium,33.35,23.94,false
2024-08-18,Line D,Supplier 3,night,298,Operator 4,Machine 5,12.65,premium,48.18,19.67,false
2024-06-27,Line C,Supplier 4,day,724,Operator 5,Machine 5,21.53,premium,26.42,23.15,true
2025-10-12,Line A,Supplier 1,day,934,Operator 5,Machine 2,39.81,premium,46.33,20.07,false
2025-04-30,Line B,Supplier 3,evening,956,Operator 2,Machine 4,43.71,premium,33.86,21.94,false
2025-03-24,Line A,Supplier 5,day,1170,Operator 2,Machine 3,38.67,premium,32.93,17.21,true
2025-12-14,Line B,Supplier 3,night,865,Operator 1,Machine 5,11.69,standard,57.09,18.92,false
2024-09-30,Line A,Supplier 5,day,757,Operator 2,Machine 4,20.17,premium,46.67,16.78,false
2024-11-19,Line B,Supplier 1,night,592,Operator 8,Machine 5,21.26,premium,48.98,18.9,true
2025-12-13,Line C,Supplier 1,night,1147,Operator 2,Machine 4,55.04,premium,34.44,15.06,false
2024-03-04,Line C,Supplier 3,day,833,Operator 8,Machine 1,17.47,premium,42.46,26.72,false
2024-08-01,Line B,Supplier 2,night,50,Operator 7,Machine 5,39.78,premium,20.2,8.98,true
2025-08-02,Line C,Supplier 3,evening,938,Operator 4,Machine 5,34.02,standard,55.04,35.08,false
2025-08-13,Line C,Supplier 4,night,1105,Operator 2,Machine 3,6.24,standard,33.79,30.18,true
2025-10-13,Line B,Supplier 5,evening,865,Operator 7,Machine 4,34.64,premium,42.23,27.84,false
2025-02-08,Line D,Supplier 3,night,50,Operator 5,Machine 2,20.0,premium,48.82,23.92,false
2025-10-14,Line C,Supplier 1,evening,193,Operator 6,Machine 5,41.2,premium,48.61,15.62,true
2024-08-04,Line D,Supplier 2,evening,424,Operator 7,Machine 3,23.76,premium,48.98,23.84,false
2024-08-06,Line C,Supplier 4,evening,489,Operator 5,Machine 1,37.86,standard,61.61,23.05,false
2024-10-25,Line B,Supplier 1,evening,589,Operator 7,Machine 3,38.52,premium,43.61,24.67,true
2025-04-07,Line B,Supplier 3,night,1063,Operator 2,Machine 6,39.6,standard,48.81,13.27,false
2024-12-28,Line C,Supplier 1,evening,661,Operator 2,Machine 5,32.44,premium,45.07,18.84,false
2024-02-18,Line D,Supplier 2,night,936,Operator 2,Machine 1,35.58,premium,44.92,19.26,true
2024-06-15,Line C,Supplier 4,evening,764,Operator 2,Machine 6,44.36,premium,55.24,23.54,false
2024-06-14,Line C,Supplier 2,evening,1108,Operator 2,Machine 2,12.67,premium,48.66,25.55,false
2025-10-17,Line A,Supplier 5,day,754,Operator 5,Machine 2,37.12,premium,61.35,19.56,false
2024-10-14,Line A,Supplier 2,night,522,Operator 8,Machine 4,24.25,premium,32.64,24.25,false
2024-10-12,Line A,Supplier 5,day,738,Operator 4,Machine 3,42.19,premium,34.42,11.71,false
2025-12-04,Line D,Supplier 3,night,282,Operator 3,Machine 3,18.36,premium,47.85,25.41,true
2024-09-12,Line C,Supplier 4,day,1224,Operator 2,Machine 3,43.96,standard,67.83,25.18,false
2024-03-18,Line D,Supplier 3,evening,528,Operator 4,Machine 6,12.4,premium,29.17,15.5,false
2024-06-11,Line D,Supplier 5,day,793,Operator 4,Machine 6,39.43,premium,62.16,25.34,false
2024-12-12,Line A,Supplier 1,night,976,Operator 1,Machine 5,36.78,premium,46.69,10.64,true
2025-02-18,Line C,Supplier 3,night,635,Operator 8,Machine 3,48.08,standard,55.58,20.6,true
2024-03-29,Line C,Supplier 5,night,50,Operator 2,Machine 5,39.06,standard,72.81,25.06,true
2024-11-02,Line C,Supplier 5,day,732,Operator 4,Machine 4,27.33,premium,67.21,6.9,false
2024-02-26,Line B,Supplier 2,night,970,Operator 3,Machine 2,20.94,premium,20.0,23.18,true
2025-06-11,Line C,Supplier 4,evening,686,Operator 2,Machine 2,29.96,premium,47.75,20.72,false
2024-01-18,Line C,Supplier 1,day,903,Operator 2,Machine 5,50.02,standard,64.84,23.79,false
2025-06-02,Line C,Supplier 3,day,647,Operator 6,Machine 4,35.31,premium,43.82,21.2,false
2025-10-05,Line B,Supplier 1,evening,507,Operator 7,Machine 4,55.69,standard,54.85,11.5,false
2024-09-26,Line D,Supplier 2,night,653,Operator 8,Machine 3,31.82,premium,38.15,18.91,false
2024-03-24,Line B,Supplier 3,evening,505,Operator 1,Machine 2,31.6,premium,33.27,13.98,false
2025-05-26,Line C,Supplier 5,evening,697,Operator 3,Machine 3,37.35,standard,52.99,16.76,false
2025-01-17,Line A,Supplier 4,night,863,Operator 1,Machine 2,23.9,standard,41.01,28.28,true
2025-09-01,Line B,Supplier 3,day,443,Operator 4,Machine 3,11.95,standard,53.14,19.57,false
2025-04-25,Line B,Supplier 2,night,449,Operator 2,Machine 5,29.16,premium,78.1,15.83,false
2025-04-19,Line C,Supplier 3,night,768,Operator 5,Machine 2,7.86,premium,20.0,20.72,false
2024-02-08,Line D,Supplier 4,night,493,Operator 8,Machine 4,36.08,premium,48.02,17.77,false
2024-01-26,Line B,Supplier 3,night,747,Operator 6,Machine 1,34.91,standard,55.63,22.8,true
2024-10-21,Line C,Supplier 3,night,844,Operator 6,Machine 3,52.3,standard,57.47,10.25,false
2024-09-19,Line A,Supplier 5,night,817,Operator 3,Machine 3,56.1,premium,33.07,29.5,false
2025-06-30,Line C,Supplier 3,night,351,Operator 1,Machine 3,18.71,premium,42.4,24.62,true
2025-10-10,Line B,Supplier 2,night,594,Operator 6,Machine 6,37.71,standard,61.15,24.1,false
2025-05-31,Line D,Supplier 3,day,774,Operator 7,Machine 1,27.98,standard,55.75,32.64,false
2024-06-27,Line B,Supplier 5,day,192,Operator 4,Machine 5,20.34,premium,55.27,28.32,false
2024-06-07,Line A,Supplier 1,day,1004,Operator 2,Machine 5,43.95,premium,38.91,33.15,true
2025-04-15,Line A,Supplier 1,day,544,Operator 6,Machine 4,29.11,premium,30.47,25.05,false
2024-12-07,Line A,Supplier 3,day,285,Operator 5,Machine 5,31.82,standard,64.84,25.15,false
2025-10-15,Line D,Supplier 4,night,1203,Operator 2,Machine 2,25.87,standard,72.81,17.2,false
2025-11-18,Line B,Supplier 4,day,404,Operator 6,Machine 3,27.51,standard,50.05,23.94,false
2024-11-15,Line A,Supplier 5,night,678,Operator 4,Machine 1,50.58,standard,24.5,17.41,true
2024-12-29,Line B,Supplier 3,day,366,Operator 1,Machine 6,17.68,premium,62.66,6.13,false
2025-04-03,Line C,Supplier 3,day,217,Operator 6,Machine 5,50.07,standard,69.32,24.5,false
2025-03-29,Line B,Supplier 2,evening,768,Operator 6,Machine 2,45.54,premium,49.06,25.86,false
2024-11-06,Line A,Supplier 2,night,364,Operator 3,Machine 6,36.14,premium,36.1,15.46,true
2024-09-10,Line B,Supplier 1,day,1018,Operator 2,Machine 2,33.44,premium,40.03,21.78,false
2025-12-10,Line C,Supplier 2,day,50,Operator 3,Machine 5,37.94,premium,58.17,18.02,false
2024-08-07,Line B,Supplier 4,night,449,Operator 1,Machine 6,38.45,premium,30.76,34.19,true
2024-05-24,Line A,Supplier 3,night,903,Operator 2,Machine 4,48.41,premium,40.43,19.02,false
2024-08-05,Line B,Supplier 1,day,779,Operator 6,Machine 5,35.61,premium,47.89,23.28,false
2025-08-06,Line A,Supplier 5,night,1045,Operator 2,Machine 5,36.2,standard,66.53,13.19,false
2024-11-07,Line A,Supplier 3,evening,89,Operator 8,Machine 3,12.7,premium,20.0,22.95,false
2025-01-14,Line B,Supplier 4,evening,487,Operator 1,Machine 1,44.98,premium,32.22,21.01,false
2025-08-15,Line A,Supplier 4,day,1088,Operator 2,Machine 5,39.15,standard,60.4,12.87,false
2024-09-07,Line C,Supplier 2,night,856,Operator 5,Machine 5,29.17,premium,40.4,19.88,true
2024-04-15,Line B,Supplier 2,evening,181,Operator 7,Machine 5,25.39,premium,60.03,25.07,false
2025-11-05,Line A,Supplier 1,day,1235,Operator 2,Machine 2,15.88,premium,24.95,21.71,true
2024-04-04,Line A,Supplier 4,night,1075,Operator 5,Machine 5,42.38,standard,83.85,31.42,false
2025-04-02,Line D,Supplier 1,day,882,Operator 2,Machine 1,33.91,premium,37.35,20.54,true
2025-11-17,Line D,Supplier 3,night,796,Operator 3,Machine 3,19.23,premium,45.6,21.74,false
2025-10-09,Line A,Supplier 1,day,763,Operator 4,Machine 5,26.26,premium,65.09,14.5,false
2025-09-06,Line B,Supplier 3,night,736,Operator 3,Machine 3,38.5,premium,33.97,22.0,false
2024-05-18,Line D,Supplier 1,day,50,Operator 4,Machine 5,30.86,premium,35.66,6.65,false
2025-01-18,Line A,Supplier 3,night,675,Operator 1,Machine 4,17.2,premium,73.43,13.97,false
2025-09-16,Line A,Supplier 2,evening,573,Operator 3,Machine 5,56.06,standard,51.84,8.96,false
2024-05-16,Line A,Supplier 4,evening,451,Operator 5,Machine 3,36.15,premium,36.47,21.49,false
2024-01-26,Line C,Supplier 5,night,115,Operator 7,Machine 5,25.61,premium,56.12,22.72,false
2025-12-05,Line B,Supplier 3,night,749,Operator 6,Machine 2,19.55,standard,63.1,6.79,true
2024-10-22,Line D,Supplier 2,night,742,Operator 8,Machine 5,40.55,standard,60.69,27.5,true
2024-11-05,Line B,Supplier 4,day,275,Operator 1,Machine 2,40.05,premium,37.72,20.39,false
2025-07-23,Line B,Supplier 2,evening,936,Operator 5,Machine 4,23.37,premium,43.43,23.79,false
2025-07-28,Line A,Supplier 4,night,400,Operator 3,Machine 3,47.16,premium,37.77,19.7,false
2025-08-06,Line A,Supplier 5,night,659,Operator 3,Machine 1,23.02,premium,41.53,26.23,true
2025-02-03,Line A,Supplier 4,day,863,Operator 2,Machine 1,31.94,premium,55.79,30.9,false
2024-03-01,Line D,Supplier 4,day,532,Operator 7,Machine 6,47.77,standard,58.9,14.15,false
2024-04-19,Line B,Supplier 3,night,1151,Operator 2,Machine 3,32.39,premium,59.23,23.87,true
2025-09-16,Line B,Supplier 3,night,728,Operator 6,Machine 2,15.07,premium,41.71,18.82,true
2025-03-04,Line D,Supplier 4,day,879,Operator 4,Machine 4,10.73,standard,47.44,24.38,false
2024-06-11,Line A,Supplier 5,day,689,Operator 1,Machine 4,21.28,standard,68.49,12.85,false
2024-08-16,Line B,Supplier 2,night,1213,Operator 1,Machine 4,28.9,premium,23.53,25.98,false
2024-07-04,Line B,Supplier 3,day,1323,Operator 2,Machine 5,50.03,premium,29.35,23.91,false
2025-03-01,Line C,Supplier 1,day,213,Operator 6,Machine 6,43.62,premium,55.33,16.85,false
2024-12-05,Line D,Supplier 3,day,723,Operator 7,Machine 5,10.4,standard,58.77,18.52,false
2025-02-04,Line A,Supplier 5,day,612,Operator 3,Machine 1,17.64,premium,45.14,18.94,false
2024-01-24,Line B,Supplier 2,evening,456,Operator 2,Machine 1,31.33,premium,45.27,8.87,false
2025-01-31,Line B,Supplier 3,night,933,Operator 2,Machine 1,58.26,standard,58.47,26.87,true
2024-12-26,Line B,Supplier 2,evening,744,Operator 2,Machine 1,72.19,premium,26.34,19.9,false
2025-04-25,Line A,Supplier 2,evening,509,Operator 4,Machine 3,38.96,premium,64.41,12.02,true
2025-09-27,Line B,Supplier 3,evening,343,Operator 4,Machine 1,18.53,premium,61.99,25.45,true
2024-07-05,Line A,Supplier 2,evening,422,Operator 6,Machine 3,31.31,premium,42.32,18.25,false
2024-04-24,Line C,Supplier 3,day,675,Operator 1,Machine 6,21.12,premium,43.95,19.7,false
2024-04-02,Line A,Supplier 2,day,914,Operator 6,Machine 2,35.5,standard,51.75,18.56,false
2025-04-20,Line B,Supplier 2,night,1203,Operator 2,Machine 5,38.23,standard,66.48,37.25,false
2025-07-22,Line C,Supplier 2,evening,774,Operator 7,Machine 3,38.46,standard,49.42,29.48,false
2024-05-29,Line D,Supplier 2,evening,144,Operator 7,Machine 5,29.49,premium,39.74,13.14,false
2024-08-20,Line C,Supplier 2,day,802,Operator 1,Machine 3,6.61,standard,56.21,18.06,false
2025-06-09,Line B,Supplier 3,night,592,Operator 4,Machine 3,15.56,premium,41.93,20.5,false
2024-01-13,Line D,Supplier 5,evening,759,Operator 8,Machine 2,31.86,premium,27.36,19.27,false
2024-01-13,Line A,Supplier 4,evening,580,Operator 5,Machine 5,26.83,standard,61.71,18.51,false
2025-01-13,Line D,Supplier 5,day,96,Operator 1,Machine 5,24.63,premium,26.82,11.34,true
2024-11-12,Line D,Supplier 2,evening,384,Operator 6,Machine 5,30.95,premium,43.86,26.1,false
2025-06-30,Line C,Supplier 2,evening,1287,Operator 2,Machine 3,38.62,premium,50.88,36.56,false
2025-07-02,Line B,Supplier 2,day,230,Operator 3,Machine 4,24.58,premium,70.72,20.94,false
2025-04-08,Line C,Supplier 4,evening,561,Operator 4,Machine 2,33.34,standard,58.63,29.89,false
2024-04-30,Line D,Supplier 1,day,165,Operator 1,Machine 4,26.04,premium,37.25,17.1,false
2024-04-02,Line B,Supplier 5,evening,1025,Operator 7,Machine 1,34.12,premium,45.01,19.01,false
2024-06-12,Line B,Supplier 4,evening,957,Operator 7,Machine 4,30.0,premium,62.73,14.7,false
2025-03-14,Line B,Supplier 2,night,664,Operator 3,Machine 2,34.58,standard,75.6,29.11,false
2025-09-25,Line D,Supplier 4,night,775,Operator 7,Machine 2,22.36,premium,46.89,27.27,true
2024-04-23,Line C,Supplier 3,evening,565,Operator 2,Machine 4,11.23,premium,74.03,8.32,false
2024-02-03,Line A,Supplier 2,night,629,Operator 3,Machine 5,27.73,premium,60.69,20.78,false
2024-03-24,Line C,Supplier 5,evening,312,Operator 1,Machine 5,28.42,premium,44.58,23.73,false
2025-08-04,Line B,Supplier 5,night,723,Operator 7,Machine 2,21.7,premium,48.47,14.73,true
2025-07-13,Line D,Supplier 1,day,724,Operator 4,Machine 1,45.32,premium,36.36,21.23,true
2024-12-25,Line A,Supplier 1,day,800,Operator 4,Machine 2,18.16,premium,31.65,30.04,false
2024-07-12,Line B,Supplier 1,evening,386,Operator 4,Machine 6,25.39,standard,56.9,21.08,false
2025-07-18,Line C,Supplier 4,night,805,Operator 7,Machine 5,24.84,premium,64.85,17.48,true
2024-06-15,Line A,Supplier 3,evening,380,Operator 5,Machine 3,17.12,premium,45.01,17.63,false
2025-05-27,Line B,Supplier 2,day,307,Operator 5,Machine 6,21.98,standard,58.89,13.01,false
2025-09-17,Line B,Supplier 1,day,703,Operator 6,Machine 2,44.44,standard,79.93,7.58,false
2024-01-27,Line C,Supplier 3,night,284,Operator 1,Machine 5,44.3,standard,86.42,21.15,true
2025-12-02,Line B,Supplier 4,day,721,Operator 6,Machine 6,44.25,premium,48.55,15.89,false
2025-02-09,Line B,Supplier 2,night,654,Operator 8,Machine 2,27.87,standard,61.66,25.76,true
2024-12-07,Line A,Supplier 2,day,941,Operator 2,Machine 4,29.42,premium,35.23,20.33,false
2025-04-24,Line A,Supplier 5,evening,770,Operator 3,Machine 3,55.52,premium,48.43,19.81,false
2024-03-21,Line A,Supplier 3,evening,549,Operator 1,Machine 2,15.72,standard,63.24,21.65,false
2025-10-27,Line D,Supplier 1,evening,584,Operator 3,Machine 5,33.75,premium,41.63,25.32,false
2025-02-17,Line B,Supplier 2,night,270,Operator 5,Machine 5,43.63,standard,71.58,13.31,false
2024-09-29,Line B,Supplier 3,evening,639,Operator 7,Machine 5,18.26,standard,52.64,10.0,false
2024-10-14,Line B,Supplier 1,night,716,Operator 6,Machine 6,56.6,standard,57.58,24.28,false
2025-05-21,Line C,Supplier 4,day,851,Operator 2,Machine 2,43.2,premium,34.3,32.13,true
2025-05-24,Line C,Supplier 1,evening,191,Operator 4,Machine 5,27.26,premium,33.91,21.78,true
2024-10-16,Line D,Supplier 1,night,323,Operator 8,Machine 1,42.98,standard,57.93,37.66,false
2024-05-03,Line A,Supplier 1,day,511,Operator 6,Machine 1,44.99,premium,40.41,22.79,false
2025-03-15,Line A,Supplier 2,night,737,Operator 7,Machine 3,40.82,premium,42.13,7.8,false
2024-12-22,Line A,Supplier 4,night,436,Operator 2,Machine 6,21.84,standard,61.0,16.72,true
2025-11-12,Line D,Supplier 5,day,993,Operator 2,Machine 6,62.03,premium,47.71,17.88,false
2024-05-19,Line C,Supplier 3,day,774,Operator 2,Machine 2,17.33,premium,63.43,24.04,false
2024-12-29,Line A,Supplier 2,evening,969,Operator 2,Machine 1,22.41,standard,53.93,27.48,false
2025-06-24,Line A,Supplier 4,day,310,Operator 8,Machine 4,34.67,premium,35.75,24.39,false
2025-06-17,Line D,Supplier 4,day,595,Operator 3,Machine 5,44.23,premium,36.22,32.44,false
2024-10-08,Line A,Supplier 3,evening,168,Operator 5,Machine 5,9.54,standard,51.99,3.24,false
2024-02-18,Line D,Supplier 2,day,886,Operator 3,Machine 2,30.46,standard,61.28,19.44,false
2024-03-15,Line B,Supplier 2,evening,64,Operator 3,Machine 3,29.5,premium,71.27,15.23,false
2024-01-25,Line B,Supplier 1,evening,966,Operator 3,Machine 3,44.69,premium,63.05,12.11,false
2024-04-19,Line A,Supplier 2,night,365,Operator 4,Machine 1,36.4,premium,44.87,20.46,false
2025-10-13,Line B,Supplier 1,day,759,Operator 5,Machine 4,36.78,premium,35.41,31.71,false
2025-12-10,Line B,Supplier 3,day,1459,Operator 2,Machine 6,46.52,premium,20.0,21.32,false
2024-09-07,Line C,Supplier 3,evening,1060,Operator 2,Machine 3,32.41,standard,61.84,16.61,false
2025-04-01,Line B,Supplier 5,day,1141,Operator 2,Machine 6,22.97,premium,37.64,29.82,false
2024-10-14,Line D,Supplier 4,night,762,Operator 5,Machine 1,52.11,premium,46.22,26.11,false
2024-05-17,Line B,Supplier 3,evening,838,Operator 2,Machine 2,43.22,standard,44.87,8.77,false
2025-09-18,Line D,Supplier 4,evening,1203,Operator 2,Machine 1,42.72,premium,91.89,10.36,true
2024-02-15,Line D,Supplier 3,night,391,Operator 4,Machine 4,47.28,premium,43.49,5.88,true
2025-01-31,Line B,Supplier 5,day,477,Operator 7,Machine 1,26.11,premium,44.19,29.14,false
2025-04-26,Line D,Supplier 5,night,623,Operator 1,Machine 6,29.56,premium,30.51,28.22,true
2025-12-03,Line A,Supplier 2,night,714,Operator 3,Machine 3,40.91,standard,62.98,30.19,false
2025-10-31,Line C,Supplier 2,night,776,Operator 3,Machine 6,20.7,standard,63.7,15.38,true
2024-09-02,Line A,Supplier 2,evening,348,Operator 8,Machine 1,23.99,standard,62.11,16.82,false
2024-05-08,Line B,Supplier 5,evening,384,Operator 1,Machine 2,27.63,premium,48.74,16.02,false
2024-07-05,Line B,Supplier 2,night,50,Operator 8,Machine 5,22.31,premium,33.33,14.81,true
2025-11-09,Line D,Supplier 3,day,763,Operator 4,Machine 1,19.89,standard,66.73,30.76,false
2024-03-19,Line B,Supplier 1,day,50,Operator 6,Machine 5,36.11,premium,26.76,27.03,false
2025-01-05,Line A,Supplier 5,day,1112,Operator 2,Machine 5,42.41,standard,55.53,23.78,false
2024-07-15,Line C,Supplier 2,day,1050,Operator 2,Machine 5,49.85,premium,38.07,13.83,false
2025-11-25,Line C,Supplier 2,evening,1262,Operator 2,Machine 6,46.34,premium,42.91,23.03,false
2025-12-11,Line A,Supplier 2,day,250,Operator 1,Machine 5,35.62,standard,80.18,12.35,false
2024-09-15,Line B,Supplier 3,evening,462,Operator 1,Machine 3,33.3,premium,54.4,19.59,false
2025-12-16,Line A,Supplier 4,day,929,Operator 2,Machine 1,39.11,standard,62.97,15.51,false
2024-03-28,Line A,Supplier 2,evening,1039,Operator 2,Machine 5,31.26,premium,20.0,17.33,false
2024-02-29,Line D,Supplier 2,day,390,Operator 4,Machine 5,43.18,standard,90.69,31.53,false
2024-01-11,Line C,Supplier 3,night,179,Operator 6,Machine 5,5.0,premium,46.75,22.36,true
2025-08-09,Line C,Supplier 5,night,614,Operator 8,Machine 4,46.73,premium,24.17,13.64,false
2024-08-16,Line D,Supplier 4,day,1012,Operator 2,Machine 5,32.13,premium,40.47,-1.17,false
2025-10-19,Line B,Supplier 5,night,301,Operator 2,Machine 5,33.42,standard,57.55,13.81,true
2025-06-28,Line A,Supplier 5,evening,757,Operator 2,Machine 2,52.81,premium,45.75,20.42,false
2025-11-21,Line A,Supplier 2,day,1137,Operator 2,Machine 3,43.76,standard,66.78,23.39,false
2025-10-16,Line C,Supplier 3,evening,542,Operator 7,Machine 1,44.43,standard,65.16,34.11,false
2024-10-10,Line B,Supplier 5,day,459,Operator 5,Machine 2,32.75,premium,46.98,9.5,false
2025-03-18,Line C,Supplier 3,evening,833,Operator 8,Machine 6,38.08,premium,21.01,16.69,false
2025-05-14,Line C,Supplier 5,day,609,Operator 8,Machine 5,47.2,premium,25.0,26.97,false
2025-12-02,Line C,Supplier 5,night,407,Operator 4,Machine 6,29.94,premium,53.57,29.69,false
2025-06-11,Line D,Supplier 3,night,662,Operator 6,Machine 4,7.0,premium,73.64,18.7,false
2024-09-28,Line B,Supplier 1,day,335,Operator 3,Machine 5,48.4,premium,45.97,13.32,false
2024-06-03,Line C,Supplier 2,night,711,Operator 3,Machine 5,28.4,premium,40.61,12.45,false
2025-04-03,Line C,Supplier 5,night,1092,Operator 2,Machine 6,47.75,standard,50.74,26.5,true
2024-10-06,Line C,Supplier 4,night,1586,Operator 2,Machine 2,22.38,premium,28.76,25.26,false
2024-05-31,Line D,Supplier 5,night,851,Operator 8,Machine 5,41.83,premium,42.93,38.03,false
2025-06-09,Line C,Supplier 5,day,413,Operator 1,Machine 3,15.1,standard,62.87,12.55,true
2025-06-17,Line A,Supplier 1,night,831,Operator 6,Machine 5,21.92,premium,54.62,20.11,false
2025-08-18,Line A,Supplier 3,day,974,Operator 6,Machine 4,44.04,standard,58.49,16.41,true
2025-06-26,Line A,Supplier 5,night,370,Operator 7,Machine 2,28.11,premium,38.48,27.15,true
2024-04-17,Line A,Supplier 4,evening,482,Operator 1,Machine 3,45.57,premium,39.11,16.59,false
2025-11-10,Line D,Supplier 2,day,279,Operator 1,Machine 5,52.44,premium,21.78,7.59,false
2024-08-05,Line D,Supplier 1,evening,603,Operator 3,Machine 2,28.36,standard,59.72,22.39,false
2024-04-12,Line B,Supplier 3,day,565,Operator 3,Machine 5,42.73,premium,30.39,20.3,false
2024-08-09,Line A,Supplier 3,day,1260,Operator 7,Machine 2,29.07,premium,45.25,18.41,false
2024-09-25,Line D,Supplier 4,night,811,Operator 5,Machine 3,37.78,premium,32.2,13.41,true
2025-08-29,Line A,Supplier 3,evening,566,Operator 5,Machine 4,44.31,premium,45.37,19.77,false
2024-08-15,Line C,Supplier 3,night,568,Operator 2,Machine 3,23.34,premium,54.6,30.57,false
2024-02-14,Line A,Supplier 1,day,613,Operator 6,Machine 5,6.42,standard,50.97,26.88,false
2025-08-22,Line A,Supplier 3,day,147,Operator 1,Machine 5,13.28,standard,55.07,2.29,false
2025-09-08,Line A,Supplier 3,day,489,Operator 6,Machine 2,40.21,standard,62.95,19.26,false
2025-09-06,Line C,Supplier 2,evening,1231,Operator 2,Machine 5,24.41,standard,45.27,17.61,false
2024-05-23,Line D,Supplier 1,night,893,Operator 8,Machine 2,19.56,standard,57.46,39.03,false
2024-05-11,Line D,Supplier 3,evening,870,Operator 3,Machine 6,20.87,premium,65.78,28.36,true
2024-09-12,Line B,Supplier 4,night,1299,Operator 8,Machine 3,37.88,premium,64.46,9.93,false
2024-07-09,Line B,Supplier 5,evening,924,Operator 3,Machine 6,36.98,standard,55.34,7.49,false
2025-01-26,Line D,Supplier 2,night,409,Operator 5,Machine 4,23.89,premium,20.0,21.76,false
2025-02-16,Line A,Supplier 1,evening,699,Operator 6,Machine 5,26.37,standard,53.63,32.22,true
2025-12-05,Line B,Supplier 3,night,963,Operator 2,Machine 3,43.91,premium,49.33,18.67,false
2024-12-24,Line C,Supplier 1,day,302,Operator 2,Machine 4,47.39,premium,37.72,22.82,false
2025-06-28,Line D,Supplier 5,evening,1191,Operator 5,Machine 6,53.07,standard,67.59,30.53,false
2024-10-03,Line D,Supplier 2,evening,368,Operator 3,Machine 1,43.71,premium,24.13,25.89,false
2024-11-28,Line B,Supplier 3,evening,1244,Operator 2,Machine 3,35.22,premium,36.16,23.52,false
2025-01-28,Line D,Supplier 4,evening,50,Operator 5,Machine 2,50.44,premium,83.14,8.42,false
2024-02-19,Line A,Supplier 1,evening,641,Operator 4,Machine 2,24.12,premium,40.18,22.7,false
2025-04-25,Line C,Supplier 5,evening,755,Operator 6,Machine 1,29.08,premium,35.59,7.67,false
2024-09-12,Line C,Supplier 5,evening,913,Operator 2,Machine 3,42.38,premium,30.91,22.37,false
2024-05-08,Line A,Supplier 4,night,438,Operator 8,Machine 3,16.28,standard,61.38,24.84,false
2024-09-06,Line C,Supplier 2,night,635,Operator 1,Machine 6,14.66,premium,71.36,21.91,false
2024-02-20,Line A,Supplier 4,day,464,Operator 8,Machine 5,42.03,premium,65.5,15.22,false
2024-12-26,Line A,Supplier 1,day,631,Operator 7,Machine 6,33.6,premium,32.24,13.43,false
2025-12-24,Line D,Supplier 5,day,977,Operator 3,Machine 2,41.52,standard,64.8,22.72,false
2025-12-29,Line A,Supplier 2,evening,912,Operator 2,Machine 6,29.6,premium,54.1,20.59,false
2025-06-01,Line C,Supplier 2,evening,785,Operator 5,Machine 6,23.34,premium,20.0,20.98,false
2024-06-18,Line D,Supplier 2,evening,507,Operator 5,Machine 6,40.04,premium,41.09,30.92,true
2024-07-13,Line A,Supplier 1,day,168,Operator 3,Machine 2,53.85,premium,73.28,19.11,false
2024-01-29,Line B,Supplier 3,day,498,Operator 5,Machine 2,30.01,standard,51.12,13.88,false
2025-10-19,Line A,Supplier 1,night,1007,Operator 2,Machine 4,30.01,standard,54.58,16.98,false
2024-05-23,Line B,Supplier 4,night,602,Operator 6,Machine 3,32.24,premium,47.25,28.01,true
2024-01-27,Line A,Supplier 4,evening,419,Operator 2,Machine 2,21.9,premium,52.18,21.26,false
2025-08-25,Line D,Supplier 4,day,471,Operator 5,Machine 2,41.13,premium,52.82,24.66,false
2024-01-08,Line A,Supplier 5,evening,872,Operator 1,Machine 5,33.1,premium,40.06,15.5,false
2024-10-05,Line A,Supplier 3,evening,421,Operator 5,Machine 3,48.29,premium,30.35,32.47,false
2024-04-15,Line A,Supplier 2,day,419,Operator 6,Machine 5,41.32,premium,51.85,18.02,false
2024-10-22,Line C,Supplier 2,night,326,Operator 3,Machine 1,16.19,premium,42.74,25.04,true
2024-04-29,Line A,Supplier 4,night,229,Operator 6,Machine 1,48.61,standard,50.64,14.65,false
2025-08-10,Line B,Supplier 2,day,1000,Operator 2,Machine 6,23.51,premium,59.29,20.81,false
2025-06-07,Line B,Supplier 3,night,445,Operator 4,Machine 4,19.89,standard,54.11,22.7,false
2025-01-10,Line A,Supplier 5,day,251,Operator 7,Machine 5,35.85,standard,54.54,11.55,true
2024-09-23,Line C,Supplier 5,day,50,Operator 7,Machine 5,39.55,premium,35.79,11.53,false
2025-03-06,Line C,Supplier 3,day,508,Operator 6,Machine 1,32.64,premium,48.32,19.55,false
2025-09-16,Line B,Supplier 1,evening,509,Operator 2,Machine 4,22.35,premium,50.15,23.5,false
2024-07-18,Line D,Supplier 3,day,289,Operator 3,Machine 5,28.64,standard,63.62,12.75,false
2025-11-27,Line A,Supplier 1,evening,942,Operator 4,Machine 1,21.54,standard,81.28,19.36,false
2025-03-31,Line A,Supplier 3,evening,884,Operator 4,Machine 3,32.94,premium,32.41,21.58,true
2024-01-30,Line C,Supplier 2,night,977,Operator 2,Machine 4,12.99,premium,33.06,13.07,false
2025-05-29,Line D,Supplier 2,evening,530,Operator 2,Machine 5,45.72,premium,36.08,16.43,false
2025-06-04,Line B,Supplier 3,night,770,Operator 7,Machine 5,26.74,standard,71.56,27.45,false
2024-04-16,Line B,Supplier 3,evening,613,Operator 2,Machine 2,17.04,standard,61.57,13.48,false
2024-11-27,Line B,Supplier 1,evening,228,Operator 3,Machine 4,27.43,premium,45.88,21.5,true
2025-01-09,Line B,Supplier 2,night,517,Operator 1,Machine 5,27.05,premium,44.32,29.91,true
2024-01-16,Line B,Supplier 4,night,703,Operator 5,Machine 1,23.73,standard,84.02,23.81,true
2025-04-29,Line A,Supplier 1,night,349,Operator 6,Machine 5,42.88,standard,56.96,14.7,true
2024-02-10,Line C,Supplier 5,day,1132,Operator 2,Machine 3,37.91,premium,55.81,12.21,false
2025-05-18,Line A,Supplier 4,day,727,Operator 6,Machine 3,48.39,premium,42.42,21.19,false
2025-10-10,Line A,Supplier 3,night,980,Operator 2,Machine 4,10.65,standard,68.98,15.66,true
2025-02-22,Line B,Supplier 3,day,50,Operator 3,Machine 2,5.75,standard,51.63,26.89,false
2024-04-19,Line C,Supplier 3,day,383,Operator 6,Machine 1,34.23,standard,72.91,20.5,false
2025-04-14,Line B,Supplier 5,evening,743,Operator 7,Machine 3,33.19,premium,42.76,14.09,false
2024-01-18,Line B,Supplier 3,day,50,Operator 4,Machine 5,32.43,premium,78.75,18.44,false
2024-05-31,Line A,Supplier 1,day,960,Operator 4,Machine 3,32.87,premium,49.42,15.34,false
2024-01-06,Line C,Supplier 1,day,750,Operator 5,Machine 1,43.16,premium,61.84,22.89,false
2024-03-17,Line C,Supplier 3,day,247,Operator 4,Machine 6,19.55,standard,58.48,18.51,false
2024-08-10,Line C,Supplier 1,night,784,Operator 4,Machine 3,29.67,standard,67.98,23.57,false
2025-09-02,Line D,Supplier 3,day,168,Operator 1,Machine 5,36.92,standard,79.97,12.98,true
2024-07-30,Line B,Supplier 3,evening,304,Operator 8,Machine 5,23.03,standard,44.78,11.03,true
2024-11-25,Line D,Supplier 3,day,787,Operator 3,Machine 1,19.03,standard,51.43,35.12,false
2024-02-28,Line A,Supplier 5,evening,535,Operator 8,Machine 5,36.65,premium,57.29,28.66,true
2024-07-11,Line C,Supplier 5,evening,532,Operator 4,Machine 2,18.13,standard,50.83,34.26,false
2024-04-10,Line C,Supplier 2,day,906,Operator 5,Machine 2,46.57,standard,85.44,15.69,false
2025-03-26,Line A,Supplier 4,evening,1314,Operator 2,Machine 2,22.12,standard,58.05,17.27,false
2024-07-12,Line A,Supplier 1,day,394,Operator 6,Machine 6,24.6,premium,26.53,23.12,false
2025-01-01,Line C,Supplier 5,day,651,Operator 5,Machine 1,41.13,premium,64.2,26.65,false
2024-10-05,Line A,Supplier 1,day,663,Operator 8,Machine 6,39.26,standard,58.59,23.6,false
2024-08-22,Line C,Supplier 3,day,808,Operator 7,Machine 4,18.25,premium,51.08,15.39,false
2025-11-28,Line B,Supplier 2,day,1097,Operator 2,Machine 4,61.52,standard,62.1,10.74,false
2024-12-03,Line B,Supplier 5,night,519,Operator 8,Machine 3,29.0,standard,76.46,19.22,false
2025-06-08,Line D,Supplier 5,night,1062,Operator 2,Machine 2,33.05,premium,35.12,20.66,true
2024-05-24,Line C,Supplier 2,evening,972,Operator 2,Machine 6,38.28,standard,57.16,8.58,false
2024-08-18,Line A,Supplier 4,night,276,Operator 8,Machine 5,50.06,premium,24.34,26.14,false
2024-12-01,Line D,Supplier 5,night,210,Operator 8,Machine 5,39.21,premium,61.31,20.7,false
2024-09-18,Line C,Supplier 4,night,267,Operator 8,Machine 6,35.48,standard,55.71,8.36,false
2024-07-28,Line D,Supplier 3,night,1214,Operator 5,Machine 5,24.19,premium,48.89,15.07,true
2025-11-20,Line D,Supplier 3,night,579,Operator 8,Machine 2,27.38,premium,64.16,8.73,true
2024-03-23,Line B,Supplier 3,day,633,Operator 1,Machine 5,17.54,standard,53.68,12.26,false
2024-10-04,Line C,Supplier 4,day,301,Operator 6,Machine 4,44.35,standard,54.73,7.8,false
2025-04-11,Line D,Supplier 2,day,789,Operator 3,Machine 6,31.13,standard,56.38,18.54,false
2024-10-29,Line B,Supplier 3,night,1105,Operator 2,Machine 4,15.44,standard,54.94,12.41,false
2024-11-18,Line B,Supplier 1,night,50,Operator 4,Machine 3,36.64,premium,78.87,6.27,false
2025-05-30,Line A,Supplier 5,day,580,Operator 7,Machine 5,37.53,standard,50.09,23.6,false
2024-08-31,Line C,Supplier 3,day,1137,Operator 2,Machine 1,43.7,premium,20.0,17.97,false
2024-10-31,Line C,Supplier 1,night,967,Operator 2,Machine 5,7.27,premium,58.08,23.91,false
2024-05-17,Line A,Supplier 2,night,808,Operator 4,Machine 6,24.52,premium,47.16,16.43,false
2024-10-08,Line B,Supplier 3,evening,1248,Operator 2,Machine 3,19.56,premium,60.25,20.5,true
2025-01-28,Line A,Supplier 4,evening,433,Operator 3,Machine 4,35.23,standard,50.3,22.36,false
2025-06-28,Line C,Supplier 5,day,1209,Operator 2,Machine 5,39.36,standard,53.86,20.05,true
2025-03-13,Line A,Supplier 4,evening,755,Operator 5,Machine 6,49.16,premium,49.08,25.11,false
2025-01-20,Line A,Supplier 2,night,971,Operator 2,Machine 3,22.2,premium,48.19,27.02,true
2024-08-30,Line D,Supplier 4,night,584,Operator 2,Machine 4,28.84,premium,41.08,12.08,false
2025-05-29,Line B,Supplier 4,evening,286,Operator 3,Machine 5,31.58,premium,46.93,19.19,false
2024-11-28,Line A,Supplier 3,night,1015,Operator 8,Machine 4,57.01,standard,80.59,10.94,false
2024-08-27,Line B,Supplier 5,evening,1094,Operator 2,Machine 3,22.27,premium,43.42,18.79,false
2025-06-08,Line C,Supplier 5,evening,975,Operator 2,Machine 6,18.95,premium,28.43,18.23,false
2024-02-26,Line A,Supplier 2,day,1062,Operator 8,Machine 5,39.08,premium,34.54,23.58,false
2024-04-29,Line D,Supplier 1,day,209,Operator 4,Machine 5,30.64,premium,45.85,27.09,false
2024-12-13,Line B,Supplier 3,day,945,Operator 1,Machine 6,28.21,standard,65.68,28.29,false
2025-01-26,Line A,Supplier 5,evening,414,Operator 3,Machine 2,32.54,premium,61.27,34.42,false
2025-08-08,Line A,Supplier 3,day,499,Operator 2,Machine 4,17.38,premium,33.91,22.7,false
2024-02-24,Line D,Supplier 2,evening,474,Operator 8,Machine 4,31.95,standard,69.52,15.85,false
2024-04-06,Line B,Supplier 5,evening,348,Operator 8,Machine 4,33.88,standard,61.51,12.67,false
2024-11-03,Line A,Supplier 5,night,525,Operator 1,Machine 5,20.2,premium,51.23,27.11,true
2024-02-22,Line B,Supplier 1,day,408,Operator 1,Machine 5,52.4,standard,66.3,20.61,false
2025-06-27,Line B,Supplier 5,night,673,Operator 7,Machine 4,38.6,premium,27.77,9.74,false
2024-12-01,Line A,Supplier 3,night,678,Operator 8,Machine 3,18.24,premium,38.15,27.2,false
2025-07-01,Line B,Supplier 3,evening,50,Operator 4,Machine 5,5.0,premium,86.1,29.4,true
2024-10-24,Line D,Supplier 3,night,599,Operator 8,Machine 5,7.52,premium,20.0,19.06,true
2024-05-21,Line C,Supplier 2,evening,755,Operator 6,Machine 2,19.81,standard,56.72,21.46,false
2025-07-02,Line C,Supplier 2,evening,842,Operator 5,Machine 3,31.59,premium,61.71,17.28,false
2024-12-28,Line B,Supplier 3,evening,795,Operator 5,Machine 1,17.04,premium,49.4,19.65,false
2024-10-07,Line B,Supplier 5,evening,620,Operator 4,Machine 2,13.57,premium,48.18,27.11,false
2024-01-17,Line C,Supplier 3,night,913,Operator 2,Machine 4,27.48,premium,49.47,19.25,true
2025-08-18,Line A,Supplier 5,evening,766,Operator 5,Machine 6,25.85,standard,66.52,17.31,false
2024-07-17,Line C,Supplier 1,day,852,Operator 6,Machine 4,10.14,standard,62.5,19.39,false
2024-07-19,Line B,Supplier 1,evening,1028,Operator 2,Machine 2,40.86,standard,72.75,21.72,false
2025-01-09,Line B,Supplier 4,day,256,Operator 8,Machine 5,24.59,premium,42.84,13.29,false
2024-08-05,Line B,Supplier 4,evening,50,Operator 6,Machine 5,20.87,premium,45.52,11.16,false
2024-05-11,Line B,Supplier 4,night,561,Operator 3,Machine 2,43.7,standard,59.05,12.67,false
2024-12-14,Line B,Supplier 2,night,1370,Operator 4,Machine 5,42.36,premium,30.45,17.04,false
2025-09-25,Line C,Supplier 4,night,303,Operator 6,Machine 5,6.86,standard,68.54,13.7,true
2025-06-10,Line B,Supplier 3,evening,820,Operator 8,Machine 5,65.36,premium,45.14,18.66,false
2025-06-23,Line C,Supplier 2,night,290,Operator 6,Machine 5,48.26,standard,52.35,21.1,true
2025-12-25,Line C,Supplier 1,night,683,Operator 1,Machine 1,16.57,premium,50.61,22.65,false
2025-04-20,Line A,Supplier 5,night,1080,Operator 2,Machine 4,44.96,standard,70.4,15.64,true
2024-05-17,Line D,Supplier 3,night,1143,Operator 2,Machine 6,19.83,premium,41.97,23.14,true
2024-07-21,Line D,Supplier 4,evening,965,Operator 8,Machine 2,39.73,standard,42.74,17.73,false
2024-03-07,Line A,Supplier 1,day,434,Operator 5,Machine 4,18.93,premium,49.55,14.2,false
2025-04-17,Line A,Supplier 4,day,757,Operator 6,Machine 4,40.17,premium,34.92,32.26,false
2025-02-21,Line A,Supplier 3,night,611,Operator 3,Machine 5,32.88,premium,52.84,19.56,true
2024-05-13,Line A,Supplier 3,evening,692,Operator 3,Machine 5,32.43,premium,47.64,12.16,true
2025-03-06,Line A,Supplier 1,day,623,Operator 2,Machine 5,29.52,premium,38.55,29.02,false
2024-06-30,Line B,Supplier 5,day,1122,Operator 2,Machine 3,33.1,premium,39.07,17.02,false
2024-11-19,Line B,Supplier 2,evening,633,Operator 5,Machine 3,23.54,premium,23.96,16.85,true
2025-04-19,Line C,Supplier 3,evening,1029,Operator 8,Machine 4,33.6,premium,53.35,10.0,false
2024-10-15,Line B,Supplier 3,day,211,Operator 3,Machine 6,41.06,premium,42.01,23.11,false
2025-09-08,Line B,Supplier 5,evening,1258,Operator 2,Machine 5,37.27,premium,68.46,16.22,false
2024-11-22,Line A,Supplier 1,night,905,Operator 2,Machine 2,47.02,premium,42.93,21.46,false
2024-12-16,Line A,Supplier 2,evening,207,Operator 1,Machine 1,28.45,premium,27.01,32.83,false
2024-03-08,Line B,Supplier 2,night,1004,Operator 2,Machine 4,47.46,standard,69.31,29.69,true
2025-12-13,Line D,Supplier 3,evening,594,Operator 1,Machine 3,23.04,premium,42.49,33.56,false
2025-02-23,Line B,Supplier 5,evening,731,Operator 7,Machine 5,41.52,premium,20.0,15.15,false
2025-02-22,Line D,Supplier 5,day,1049,Operator 5,Machine 5,34.39,standard,74.45,20.44,false
2025-02-09,Line B,Supplier 1,evening,1174,Operator 2,Machine 3,26.93,premium,35.66,16.11,false
2025-12-02,Line C,Supplier 5,day,243,Operator 2,Machine 5,38.96,standard,61.35,5.76,false
2024-11-05,Line B,Supplier 4,evening,676,Operator 2,Machine 2,47.87,premium,28.15,24.11,false
2025-11-08,Line C,Supplier 4,night,159,Operator 1,Machine 5,28.95,premium,60.01,25.16,false
2025-08-22,Line D,Supplier 3,night,940,Operator 2,Machine 2,17.41,premium,66.19,19.54,true
2025-03-27,Line A,Supplier 2,night,892,Operator 3,Machine 3,34.21,premium,42.75,23.66,false
2025-11-13,Line C,Supplier 2,evening,833,Operator 5,Machine 2,25.51,premium,27.45,18.46,false
2024-09-21,Line A,Supplier 1,day,1300,Operator 4,Machine 2,27.85,premium,32.03,27.88,false
2025-02-22,Line D,Supplier 1,evening,561,Operator 4,Machine 2,30.22,premium,43.35,21.6,false
2024-05-08,Line A,Supplier 1,night,139,Operator 2,Machine 3,35.57,standard,59.35,21.58,false
2025-12-21,Line A,Supplier 1,night,796,Operator 4,Machine 3,48.45,premium,38.11,20.28,false
2024-08-26,Line A,Supplier 5,evening,309,Operator 6,Machine 4,39.87,premium,39.16,19.26,false
2024-10-05,Line B,Supplier 3,night,1107,Operator 3,Machine 6,61.36,premium,20.72,28.49,false
2024-10-08,Line C,Supplier 3,night,1065,Operator 2,Machine 4,18.89,premium,47.23,24.69,false
2025-10-28,Line A,Supplier 4,night,583,Operator 5,Machine 6,36.22,standard,62.11,27.35,true
2024-07-04,Line B,Supplier 1,day,934,Operator 2,Machine 4,27.69,standard,69.6,28.27,false
2024-11-06,Line C,Supplier 1,night,775,Operator 7,Machine 6,28.56,standard,41.01,20.54,false
2025-05-04,Line C,Supplier 3,day,651,Operator 6,Machine 6,35.83,premium,46.12,18.03,false
2025-06-11,Line C,Supplier 2,night,237,Operator 1,Machine 4,44.53,premium,26.46,22.84,false
2025-04-28,Line A,Supplier 1,evening,1083,Operator 2,Machine 4,41.44,standard,59.85,16.46,false
2024-01-07,Line D,Supplier 3,night,812,Operator 7,Machine 3,15.95,standard,62.41,32.39,true
2025-03-06,Line B,Supplier 2,day,106,Operator 4,Machine 5,20.33,standard,81.09,19.46,false
2025-01-05,Line B,Supplier 3,night,912,Operator 2,Machine 5,42.37,premium,59.66,27.83,true
2024-01-13,Line A,Supplier 4,day,467,Operator 5,Machine 4,40.39,standard,61.51,18.95,false
2024-02-24,Line D,Supplier 3,night,378,Operator 2,Machine 1,16.59,standard,53.69,39.26,false
2024-08-09,Line B,Supplier 4,night,576,Operator 2,Machine 4,27.1,premium,40.6,3.89,false
2025-04-29,Line A,Supplier 2,evening,684,Operator 2,Machine 3,42.94,premium,24.54,31.23,false
2025-01-05,Line B,Supplier 4,night,797,Operator 2,Machine 5,23.06,standard,60.36,19.94,false
2024-04-30,Line C,Supplier 1,night,50,Operator 5,Machine 4,28.07,standard,62.97,17.24,false
2025-08-02,Line B,Supplier 4,night,595,Operator 5,Machine 6,23.2,premium,62.77,11.93,true
2024-12-19,Line A,Supplier 4,day,327,Operator 1,Machine 2,42.21,standard,58.87,21.35,false
2025-07-19,Line C,Supplier 4,day,1013,Operator 7,Machine 1,36.3,premium,47.44,14.88,false
2025-03-23,Line B,Supplier 5,night,1212,Operator 2,Machine 3,16.49,standard,37.36,15.65,false
2025-07-24,Line D,Supplier 4,evening,155,Operator 4,Machine 5,41.05,standard,61.83,27.92,false
2024-04-03,Line D,Supplier 3,evening,1177,Operator 2,Machine 2,9.87,standard,65.13,12.2,false
2024-05-24,Line A,Supplier 1,day,1013,Operator 2,Machine 1,43.42,premium,37.48,17.94,false
2024-01-05,Line A,Supplier 2,night,447,Operator 1,Machine 4,17.37,standard,50.28,7.75,true
2025-02-16,Line A,Supplier 4,evening,50,Operator 3,Machine 5,37.26,premium,47.44,31.72,false
2024-12-02,Line C,Supplier 1,night,1212,Operator 7,Machine 4,28.74,premium,35.49,12.58,true
2024-10-15,Line D,Supplier 1,evening,732,Operator 1,Machine 3,28.46,standard,44.66,33.84,false
2024-05-07,Line B,Supplier 3,day,1301,Operator 2,Machine 5,21.52,standard,74.17,22.09,false
2024-02-24,Line A,Supplier 4,day,325,Operator 7,Machine 6,38.79,premium,50.75,24.82,false
2024-10-14,Line B,Supplier 4,night,635,Operator 8,Machine 6,20.08,standard,63.3,25.11,false
2024-04-30,Line A,Supplier 3,day,207,Operator 1,Machine 5,18.9,standard,61.52,15.86,false
2024-06-20,Line D,Supplier 2,day,56,Operator 6,Machine 5,28.26,premium,52.68,16.45,false
2024-05-21,Line B,Supplier 4,night,987,Operator 2,Machine 5,10.83,premium,36.13,27.83,false
2024-12-02,Line D,Supplier 3,night,450,Operator 5,Machine 4,28.29,standard,83.56,25.59,true
2025-12-19,Line B,Supplier 2,day,50,Operator 5,Machine 5,36.02,premium,39.24,21.57,false
2025-11-10,Line B,Supplier 2,night,472,Operator 5,Machine 4,31.79,premium,51.64,24.0,false
2024-10-01,Line C,Supplier 3,night,637,Operator 7,Machine 2,15.83,premium,36.74,32.39,true
2024-06-27,Line D,Supplier 2,day,50,Operator 8,Machine 5,11.31,premium,36.09,26.88,false
2025-04-20,Line B,Supplier 3,night,1093,Operator 2,Machine 2,32.16,premium,46.09,25.21,true
2025-10-13,Line A,Supplier 2,evening,332,Operator 4,Machine 5,17.0,premium,41.68,28.57,false
2024-12-23,Line A,Supplier 1,evening,528,Operator 3,Machine 2,37.86,premium,73.98,11.98,true
2025-10-01,Line A,Supplier 3,day,50,Operator 2,Machine 5,24.35,premium,52.92,29.84,false
2024-10-10,Line B,Supplier 4,evening,1074,Operator 2,Machine 4,46.69,premium,74.89,26.19,false
2025-04-02,Line B,Supplier 2,day,485,Operator 3,Machine 1,20.45,standard,52.63,11.75,false
2025-08-08,Line D,Supplier 1,night,816,Operator 1,Machine 2,37.87,premium,47.41,27.26,true
2024-04-30,Line D,Supplier 5,evening,572,Operator 4,Machine 5,35.68,premium,45.73,27.2,false
2024-01-13,Line C,Supplier 5,evening,186,Operator 3,Machine 5,25.51,standard,50.97,29.39,false
2025-04-16,Line A,Supplier 3,night,730,Operator 6,Machine 4,33.02,premium,46.09,23.17,false
2024-06-30,Line C,Supplier 2,day,1282,Operator 2,Machine 2,42.12,premium,20.0,24.76,true
2024-10-23,Line D,Supplier 4,day,1135,Operator 2,Machine 6,60.38,premium,52.86,13.18,false
2024-02-17,Line A,Supplier 1,night,895,Operator 5,Machine 2,24.07,premium,20.0,16.33,false
2025-03-07,Line B,Supplier 5,day,801,Operator 7,Machine 6,49.4,premium,32.76,19.14,false
2024-09-05,Line D,Supplier 1,night,50,Operator 5,Machine 5,22.86,premium,94.68,22.57,false
2025-12-19,Line A,Supplier 4,day,1018,Operator 5,Machine 2,45.32,premium,44.19,24.41,false
2025-09-23,Line A,Supplier 2,day,1015,Operator 2,Machine 1,27.43,premium,34.8,18.56,true
2024-06-28,Line A,Supplier 1,day,684,Operator 2,Machine 2,22.91,standard,60.55,22.43,false
2024-07-10,Line B,Supplier 5,night,882,Operator 4,Machine 3,43.4,premium,52.76,33.32,true
2024-01-30,Line C,Supplier 3,night,587,Operator 2,Machine 5,44.92,premium,29.79,27.87,true
2024-06-03,Line A,Supplier 1,night,807,Operator 4,Machine 2,37.16,standard,52.78,18.38,false
2025-06-20,Line B,Supplier 2,evening,1090,Operator 2,Machine 5,22.39,standard,20.0,20.54,false
2025-05-03,Line B,Supplier 2,night,1070,Operator 2,Machine 2,44.8,standard,52.16,12.27,false
2024-02-26,Line A,Supplier 4,evening,570,Operator 8,Machine 4,35.11,standard,69.74,27.24,false
2024-09-17,Line A,Supplier 3,night,610,Operator 2,Machine 1,18.81,premium,49.1,38.8,true
2025-10-26,Line D,Supplier 2,day,639,Operator 4,Machine 3,48.87,standard,56.96,23.66,false
2025-10-12,Line B,Supplier 2,night,1056,Operator 2,Machine 4,20.91,standard,81.58,23.92,true
2025-06-27,Line A,Supplier 1,evening,50,Operator 8,Machine 2,31.22,premium,40.78,25.63,false
2024-10-20,Line A,Supplier 3,night,748,Operator 5,Machine 2,57.17,premium,30.62,28.13,true
2025-04-19,Line C,Supplier 3,day,328,Operator 3,Machine 2,42.08,premium,39.06,17.13,true
2025-04-20,Line C,Supplier 5,day,639,Operator 2,Machine 3,44.74,standard,67.93,18.27,false
2025-11-06,Line C,Supplier 1,evening,381,Operator 5,Machine 5,23.78,premium,37.17,19.15,false
2024-01-23,Line D,Supplier 2,evening,292,Operator 3,Machine 5,35.77,premium,49.45,11.83,false
2025-12-08,Line B,Supplier 1,day,308,Operator 2,Machine 3,45.82,standard,52.4,15.69,false
2024-11-12,Line A,Supplier 2,evening,740,Operator 2,Machine 3,30.88,premium,49.78,21.94,true
2024-10-27,Line B,Supplier 3,evening,314,Operator 1,Machine 2,27.4,premium,52.53,19.18,true
2024-05-06,Line A,Supplier 3,day,207,Operator 8,Machine 4,14.51,premium,33.1,25.55,false
2025-04-14,Line C,Supplier 1,evening,210,Operator 8,Machine 5,20.41,premium,37.97,28.78,false
2024-06-25,Line B,Supplier 2,day,483,Operator 6,Machine 1,25.44,premium,45.56,24.09,false
2025-05-16,Line D,Supplier 3,night,298,Operator 3,Machine 5,24.55,premium,20.0,20.43,false
2025-09-26,Line C,Supplier 3,night,577,Operator 6,Machine 4,19.37,standard,61.85,23.7,true
2025-01-15,Line D,Supplier 1,night,135,Operator 5,Machine 5,31.46,premium,63.54,19.81,true
2024-10-28,Line C,Supplier 4,day,630,Operator 7,Machine 6,27.16,premium,37.05,20.31,false
2024-06-04,Line C,Supplier 5,night,796,Operator 3,Machine 5,47.97,premium,46.15,18.6,true
2025-01-08,Line A,Supplier 3,day,893,Operator 5,Machine 4,11.49,standard,39.79,24.14,false
2025-05-21,Line A,Supplier 5,day,364,Operator 7,Machine 2,38.29,premium,44.01,33.9,false
2025-08-22,Line A,Supplier 3,night,1265,Operator 2,Machine 4,13.76,premium,45.58,25.67,false
2024-05-06,Line D,Supplier 3,day,1056,Operator 2,Machine 3,32.9,premium,43.17,19.7,false
2025-07-04,Line D,Supplier 3,night,294,Operator 7,Machine 4,36.14,standard,63.49,18.62,false
2024-06-21,Line C,Supplier 5,night,307,Operator 6,Machine 1,49.18,standard,67.23,17.17,false
2024-03-13,Line B,Supplier 2,evening,1003,Operator 6,Machine 6,38.54,standard,55.32,10.23,false
2024-11-06,Line C,Supplier 2,day,50,Operator 7,Machine 5,27.35,premium,44.67,20.41,false
2024-11-21,Line B,Supplier 3,night,676,Operator 8,Machine 1,10.46,premium,22.07,18.99,false
2024-07-10,Line A,Supplier 5,night,663,Operator 5,Machine 5,37.67,standard,51.66,23.16,true
2025-06-03,Line B,Supplier 4,night,931,Operator 2,Machine 4,27.47,standard,63.57,15.76,false
2025-10-27,Line A,Supplier 4,day,1180,Operator 2,Machine 3,29.43,premium,62.37,17.41,false
2024-11-03,Line D,Supplier 4,day,809,Operator 5,Machine 1,27.63,premium,43.09,28.32,false
2024-03-18,Line A,Supplier 1,day,769,Operator 6,Machine 1,45.49,standard,77.34,19.6,false
2025-05-15,Line C,Supplier 4,day,1131,Operator 7,Machine 4,37.63,premium,40.55,30.48,false
2024-07-10,Line A,Supplier 1,day,600,Operator 8,Machine 2,52.54,premium,81.48,23.04,false
2024-04-05,Line D,Supplier 3,day,79,Operator 6,Machine 3,31.02,premium,59.89,21.87,false
2024-05-15,Line A,Supplier 3,day,1115,Operator 2,Machine 4,29.52,premium,31.79,30.4,false
2025-02-26,Line C,Supplier 5,night,480,Operator 4,Machine 3,25.01,premium,68.74,17.67,false
2025-12-29,Line D,Supplier 4,day,390,Operator 2,Machine 2,31.24,premium,44.57,19.96,false
2025-08-22,Line B,Supplier 1,evening,1021,Operator 2,Machine 5,36.85,standard,64.23,24.94,false
2024-05-18,Line C,Supplier 1,day,860,Operator 7,Machine 1,24.59,premium,26.18,0.09,false
2024-12-29,Line C,Supplier 3,night,406,Operator 8,Machine 4,30.68,premium,43.62,31.02,true
2024-12-27,Line B,Supplier 1,night,1619,Operator 5,Machine 6,47.12,premium,47.55,23.83,false
2024-05-19,Line D,Supplier 4,evening,724,Operator 3,Machine 1,31.35,standard,51.61,27.67,false
2025-01-07,Line B,Supplier 4,night,619,Operator 3,Machine 2,33.11,premium,67.31,32.32,false
2024-04-29,Line C,Supplier 2,evening,921,Operator 2,Machine 4,62.21,standard,77.01,19.99,false
2025-05-28,Line D,Supplier 1,day,358,Operator 3,Machine 6,17.34,premium,43.04,21.56,true
2024-06-16,Line C,Supplier 2,day,496,Operator 3,Machine 4,43.27,standard,54.69,19.07,true
2025-10-30,Line A,Supplier 5,day,739,Operator 6,Machine 3,44.95,premium,49.39,15.71,false
2024-09-27,Line D,Supplier 3,day,142,Operator 3,Machine 5,5.65,premium,36.88,9.88,false
2024-03-07,Line D,Supplier 5,day,447,Operator 5,Machine 5,45.86,premium,44.28,16.82,false
2025-11-03,Line C,Supplier 3,night,1538,Operator 2,Machine 1,19.89,premium,51.69,28.82,false
2025-03-28,Line A,Supplier 5,day,327,Operator 3,Machine 4,37.62,premium,26.12,12.38,true
2024-10-27,Line B,Supplier 4,evening,802,Operator 4,Machine 4,5.74,premium,40.99,9.16,true
2025-06-01,Line A,Supplier 1,day,1046,Operator 2,Machine 3,21.54,premium,20.0,20.79,false
2025-12-31,Line C,Supplier 3,day,50,Operator 1,Machine 5,5.01,standard,52.35,13.39,false
2024-03-13,Line D,Supplier 3,evening,280,Operator 2,Machine 5,25.68,standard,56.57,20.57,true
2025-04-08,Line B,Supplier 4,night,641,Operator 6,Machine 3,45.58,standard,57.55,19.87,true
2025-11-01,Line C,Supplier 2,day,952,Operator 2,Machine 3,22.48,standard,27.81,36.07,true
2024-11-30,Line A,Supplier 1,evening,274,Operator 5,Machine 5,25.41,premium,56.67,24.44,false
2025-12-17,Line B,Supplier 2,evening,50,Operator 4,Machine 5,46.83,premium,63.56,21.48,false
2024-11-13,Line C,Supplier 2,day,437,Operator 5,Machine 1,23.82,premium,51.85,31.78,false
2024-09-19,Line A,Supplier 2,night,353,Operator 8,Machine 4,36.79,premium,32.07,25.73,false
2025-04-14,Line C,Supplier 5,night,309,Operator 7,Machine 3,32.05,premium,37.73,28.5,false
2024-04-08,Line B,Supplier 3,evening,661,Operator 6,Machine 1,38.79,standard,61.12,31.57,false
2025-06-13,Line C,Supplier 3,evening,262,Operator 1,Machine 3,30.92,standard,51.3,29.5,false
2024-03-18,Line B,Supplier 3,day,1054,Operator 2,Machine 6,14.06,premium,24.08,22.3,false
2024-09-17,Line C,Supplier 3,night,1249,Operator 2,Machine 6,32.19,standard,61.76,20.09,true
2024-11-03,Line A,Supplier 3,day,349,Operator 6,Machine 4,10.44,standard,54.85,17.84,false
2024-12-23,Line A,Supplier 4,night,584,Operator 6,Machine 1,24.62,premium,66.49,22.55,false
2025-09-13,Line C,Supplier 3,day,1182,Operator 3,Machine 2,15.48,standard,63.12,23.6,false
2025-06-23,Line C,Supplier 2,evening,503,Operator 3,Machine 1,34.66,premium,20.0,26.86,false
2024-11-19,Line A,Supplier 1,day,682,Operator 2,Machine 5,23.69,standard,45.34,24.42,false
2024-02-21,Line B,Supplier 4,night,591,Operator 1,Machine 2,53.87,standard,51.31,32.79,true
2025-06-03,Line A,Supplier 3,day,791,Operator 8,Machine 6,33.52,premium,20.0,6.7,true
2024-05-07,Line D,Supplier 5,evening,616,Operator 2,Machine 3,33.45,premium,69.02,8.24,false
2025-01-25,Line C,Supplier 4,day,50,Operator 7,Machine 5,43.16,premium,48.86,19.56,false
2025-12-18,Line B,Supplier 1,evening,276,Operator 3,Machine 5,39.41,standard,51.37,22.09,true
2025-06-24,Line B,Supplier 5,day,511,Operator 3,Machine 4,18.18,standard,56.99,21.19,false
2025-10-21,Line A,Supplier 4,evening,202,Operator 7,Machine 3,36.49,premium,34.31,11.91,false
2024-10-31,Line D,Supplier 1,evening,526,Operator 5,Machine 1,22.63,standard,60.08,18.33,false
2025-12-06,Line C,Supplier 3,day,1054,Operator 2,Machine 3,17.56,premium,54.01,18.87,true
2024-09-30,Line A,Supplier 4,day,402,Operator 6,Machine 5,26.49,premium,63.38,22.79,false
2024-03-21,Line C,Supplier 1,night,925,Operator 2,Machine 5,42.74,premium,46.39,22.58,false
2025-04-20,Line D,Supplier 3,day,395,Operator 6,Machine 3,48.02,premium,28.07,5.27,false
2025-06-02,Line A,Supplier 5,evening,552,Operator 8,Machine 4,45.8,premium,40.62,19.75,false
2024-02-24,Line D,Supplier 3,night,1235,Operator 1,Machine 3,55.86,premium,49.75,14.89,false
2025-08-18,Line A,Supplier 3,day,665,Operator 4,Machine 5,32.21,standard,51.67,29.25,false
2025-10-19,Line B,Supplier 3,night,468,Operator 3,Machine 3,17.74,premium,34.95,21.62,false
2024-05-25,Line C,Supplier 3,evening,50,Operator 2,Machine 5,5.0,standard,51.27,20.4,false
2024-11-23,Line D,Supplier 2,evening,921,Operator 2,Machine 5,66.76,premium,48.93,23.0,false
2024-03-26,Line A,Supplier 3,night,383,Operator 1,Machine 3,26.48,premium,44.65,19.96,false
2024-03-15,Line D,Supplier 5,evening,822,Operator 1,Machine 6,29.69,premium,36.41,21.16,false
2025-11-16,Line A,Supplier 1,day,959,Operator 2,Machine 2,45.93,premium,30.85,26.23,false
2025-03-20,Line D,Supplier 4,evening,1364,Operator 2,Machine 5,46.91,premium,38.41,8.32,false
2025-07-02,Line C,Supplier 2,night,459,Operator 6,Machine 2,32.08,premium,53.77,20.01,false
2025-09-13,Line C,Supplier 1,day,599,Operator 7,Machine 1,28.96,premium,67.28,27.72,false
2024-07-09,Line D,Supplier 2,night,483,Operator 2,Machine 6,26.93,standard,62.18,25.73,true
2024-10-19,Line B,Supplier 5,day,671,Operator 5,Machine 1,52.08,premium,49.18,19.19,false
2025-02-20,Line C,Supplier 5,evening,534,Operator 2,Machine 2,36.62,premium,61.57,18.21,false
2025-05-29,Line B,Supplier 5,day,726,Operator 3,Machine 1,23.14,premium,47.05,3.68,false
2025-07-25,Line B,Supplier 3,day,1161,Operator 2,Machine 1,28.69,standard,52.93,14.32,false
2025-07-05,Line C,Supplier 4,evening,665,Operator 8,Machine 6,30.24,standard,62.4,14.11,false
2025-11-08,Line C,Supplier 3,night,700,Operator 5,Machine 2,28.39,premium,57.85,21.46,true
2024-06-23,Line B,Supplier 4,evening,824,Operator 6,Machine 2,31.26,standard,75.7,24.77,false
2025-03-28,Line C,Supplier 3,day,312,Operator 7,Machine 1,14.01,standard,57.64,24.24,false
2024-12-26,Line C,Supplier 3,night,307,Operator 8,Machine 5,19.55,premium,37.57,9.01,true
2025-09-02,Line B,Supplier 3,night,938,Operator 6,Machine 1,17.82,standard,59.36,18.94,false
2024-01-19,Line A,Supplier 1,night,1279,Operator 3,Machine 2,28.19,standard,39.34,15.02,false
2025-10-12,Line D,Supplier 1,day,425,Operator 1,Machine 2,41.08,standard,68.92,26.85,false
2024-06-08,Line D,Supplier 3,night,1002,Operator 1,Machine 1,38.97,premium,49.4,23.46,false
2024-04-08,Line D,Supplier 1,day,484,Operator 3,Machine 3,32.96,premium,23.16,18.5,false
2025-11-19,Line A,Supplier 5,evening,877,Operator 4,Machine 4,14.94,standard,61.54,14.0,false
2025-08-27,Line A,Supplier 4,day,581,Operator 6,Machine 5,26.65,premium,41.18,31.3,false
2024-05-04,Line C,Supplier 3,night,129,Operator 4,Machine 1,13.72,standard,55.96,14.22,false
2025-08-24,Line A,Supplier 3,evening,322,Operator 1,Machine 2,38.05,premium,21.75,19.8,false
2025-07-03,Line A,Supplier 3,night,284,Operator 2,Machine 5,21.08,standard,50.46,17.98,true
2025-06-16,Line A,Supplier 3,evening,273,Operator 8,Machine 5,5.0,premium,38.43,15.67,false
2024-07-29,Line C,Supplier 2,evening,369,Operator 7,Machine 6,47.17,premium,34.64,32.93,false
2025-02-15,Line A,Supplier 3,night,517,Operator 4,Machine 2,27.9,premium,43.91,17.02,true
2024-01-03,Line B,Supplier 5,day,961,Operator 1,Machine 5,28.57,premium,77.73,31.6,false
2025-08-28,Line A,Supplier 1,night,399,Operator 7,Machine 3,26.23,premium,31.83,33.82,false
2025-07-01,Line D,Supplier 1,night,711,Operator 6,Machine 6,39.1,premium,24.82,33.82,true
2025-04-28,Line D,Supplier 1,evening,1145,Operator 8,Machine 4,21.71,standard,58.25,25.26,true
2024-07-11,Line C,Supplier 3,evening,99,Operator 8,Machine 4,15.5,premium,54.18,27.5,true
2025-03-28,Line B,Supplier 2,night,667,Operator 2,Machine 3,37.55,standard,51.1,25.68,false
2025-06-16,Line D,Supplier 2,evening,785,Operator 3,Machine 3,37.09,standard,54.69,21.63,true
2025-01-11,Line C,Supplier 1,evening,171,Operator 4,Machine 4,9.64,premium,81.02,21.02,false
2025-08-15,Line C,Supplier 4,night,1165,Operator 2,Machine 4,27.56,standard,53.57,15.53,false
2025-10-11,Line A,Supplier 3,day,270,Operator 8,Machine 4,29.14,premium,32.79,33.37,false
2025-01-10,Line D,Supplier 2,day,1187,Operator 3,Machine 5,31.83,premium,59.48,14.67,false
2024-03-30,Line B,Supplier 1,night,725,Operator 4,Machine 5,51.28,premium,44.1,24.09,false
2025-09-29,Line D,Supplier 1,night,50,Operator 5,Machine 4,33.59,premium,34.28,21.08,false
2025-03-10,Line C,Supplier 3,night,216,Operator 2,Machine 2,36.49,premium,55.2,16.87,true
2025-04-28,Line A,Supplier 4,day,704,Operator 7,Machine 1,45.33,standard,53.11,10.77,true
2025-01-29,Line D,Supplier 5,day,737,Operator 8,Machine 4,19.56,standard,72.72,22.49,false
2025-06-05,Line C,Supplier 4,day,1325,Operator 2,Machine 2,27.29,standard,57.9,17.2,false
2025-11-22,Line A,Supplier 2,evening,1102,Operator 2,Machine 5,39.82,premium,53.45,14.72,false
2024-10-22,Line D,Supplier 1,evening,409,Operator 7,Machine 3,36.91,premium,33.99,18.31,false
2025-08-24,Line A,Supplier 2,day,1032,Operator 2,Machine 1,40.08,standard,52.23,25.38,false
2024-02-18,Line A,Supplier 3,evening,538,Operator 5,Machine 2,10.21,premium,47.43,16.56,false
2024-01-05,Line A,Supplier 3,evening,531,Operator 3,Machine 1,33.48,premium,44.26,18.62,false
2025-05-02,Line A,Supplier 4,evening,413,Operator 8,Machine 3,27.53,standard,51.59,22.66,false
2024-07-16,Line A,Supplier 2,day,821,Operator 2,Machine 3,49.53,standard,55.01,21.1,false
2024-12-03,Line B,Supplier 3,evening,50,Operator 3,Machine 5,16.58,premium,41.87,22.23,false
2025-11-29,Line C,Supplier 5,night,1000,Operator 2,Machine 3,34.82,premium,32.61,24.31,false
2025-03-13,Line B,Supplier 4,day,687,Operator 6,Machine 3,46.57,premium,74.6,21.86,false
2024-09-13,Line C,Supplier 2,night,830,Operator 5,Machine 1,27.28,premium,39.93,27.55,true
2025-10-05,Line B,Supplier 3,evening,766,Operator 6,Machine 6,22.99,premium,37.25,26.39,false
2024-06-02,Line C,Supplier 1,day,225,Operator 2,Machine 5,38.05,premium,61.68,21.22,false
2024-09-26,Line A,Supplier 3,night,987,Operator 2,Machine 3,6.16,premium,54.74,21.0,true
2025-03-03,Line D,Supplier 3,day,99,Operator 5,Machine 5,53.39,premium,28.3,19.95,false
2025-08-02,Line D,Supplier 3,night,783,Operator 6,Machine 6,25.36,premium,73.67,27.16,false
2025-03-07,Line A,Supplier 3,day,322,Operator 4,Machine 6,5.0,premium,46.6,34.22,false
2025-07-28,Line B,Supplier 5,night,528,Operator 5,Machine 6,20.88,premium,45.01,24.95,false
2025-06-22,Line D,Supplier 4,night,708,Operator 8,Machine 5,14.19,premium,43.72,15.58,true
2024-02-14,Line D,Supplier 5,evening,622,Operator 4,Machine 6,54.38,premium,63.18,13.29,false
2024-01-27,Line C,Supplier 5,night,555,Operator 7,Machine 5,22.62,premium,36.31,23.02,false
2025-07-15,Line D,Supplier 3,night,50,Operator 7,Machine 3,43.52,standard,70.12,26.91,true
2024-06-11,Line D,Supplier 4,night,548,Operator 3,Machine 6,48.17,premium,21.14,20.61,false
2025-03-04,Line B,Supplier 3,evening,578,Operator 6,Machine 3,16.78,premium,50.07,28.01,false
2025-03-31,Line D,Supplier 4,day,395,Operator 7,Machine 5,35.12,premium,48.45,16.28,false
2025-11-18,Line C,Supplier 4,evening,1401,Operator 2,Machine 4,42.24,premium,46.41,29.06,false
2024-05-30,Line D,Supplier 2,night,402,Operator 7,Machine 2,30.87,standard,53.6,36.08,false
2025-02-07,Line D,Supplier 4,evening,736,Operator 4,Machine 1,27.47,premium,40.19,23.9,true
2025-02-03,Line B,Supplier 3,night,389,Operator 6,Machine 1,5.0,standard,53.25,30.87,false
2024-12-20,Line A,Supplier 3,day,460,Operator 7,Machine 2,18.75,premium,39.01,22.3,true
2025-11-01,Line D,Supplier 2,night,453,Operator 3,Machine 3,36.19,standard,55.61,9.22,true
2025-07-28,Line B,Supplier 1,day,387,Operator 8,Machine 1,41.66,standard,55.53,21.86,false
2024-09-11,Line C,Supplier 4,night,1298,Operator 5,Machine 2,37.27,premium,62.78,25.66,false
2025-10-14,Line D,Supplier 2,day,795,Operator 6,Machine 1,50.46,premium,68.46,22.29,false
2024-11-11,Line B,Supplier 4,day,729,Operator 5,Machine 1,44.67,premium,40.05,13.76,false
2024-04-26,Line C,Supplier 1,day,1070,Operator 2,Machine 3,26.72,standard,62.58,26.45,false
2024-01-30,Line D,Supplier 4,night,413,Operator 1,Machine 2,39.06,premium,49.58,27.89,false
2024-11-20,Line A,Supplier 4,evening,477,Operator 3,Machine 4,49.61,standard,63.93,20.15,false
2024-12-16,Line B,Supplier 4,day,265,Operator 7,Machine 2,39.51,premium,36.91,11.4,false
2025-12-15,Line C,Supplier 2,evening,186,Operator 8,Machine 5,28.58,premium,20.0,27.12,false
2024-12-18,Line B,Supplier 5,evening,330,Operator 5,Machine 5,32.21,standard,67.5,8.92,false
2024-11-14,Line B,Supplier 2,night,1017,Operator 2,Machine 3,48.27,premium,38.84,27.0,false
2025-05-20,Line B,Supplier 1,evening,301,Operator 5,Machine 2,38.63,premium,30.88,18.07,false
2025-10-22,Line C,Supplier 5,day,398,Operator 5,Machine 4,45.32,premium,56.47,17.86,false
2024-07-18,Line C,Supplier 5,night,112,Operator 7,Machine 6,27.35,premium,53.26,24.42,false
2024-12-14,Line D,Supplier 4,evening,528,Operator 1,Machine 3,50.76,premium,52.68,25.83,false
2025-03-12,Line C,Supplier 3,day,810,Operator 4,Machine 4,19.47,premium,56.46,26.38,true
2025-12-01,Line B,Supplier 4,evening,295,Operator 3,Machine 5,37.71,premium,45.22,18.68,false
2025-09-20,Line C,Supplier 3,night,823,Operator 7,Machine 3,31.92,standard,54.59,26.75,false
2024-01-06,Line B,Supplier 3,day,50,Operator 5,Machine 5,19.62,standard,70.6,14.95,false
2025-08-08,Line A,Supplier 2,evening,851,Operator 6,Machine 5,24.17,premium,45.91,19.11,false
2024-11-07,Line C,Supplier 4,day,619,Operator 7,Machine 4,28.97,premium,32.58,26.88,false
2024-01-03,Line A,Supplier 2,night,947,Operator 2,Machine 6,21.91,premium,34.93,28.46,false
2024-01-21,Line B,Supplier 4,evening,1123,Operator 6,Machine 3,8.96,standard,68.29,23.44,false
2024-08-10,Line B,Supplier 1,day,707,Operator 4,Machine 3,43.46,premium,40.43,33.99,false
2025-05-24,Line A,Supplier 4,night,50,Operator 3,Machine 5,22.53,standard,63.5,13.84,false
2024-02-28,Line B,Supplier 3,night,784,Operator 2,Machine 3,15.08,premium,44.94,24.74,true
2025-12-02,Line C,Supplier 1,night,1051,Operator 3,Machine 5,23.6,premium,37.78,33.48,true
2024-12-25,Line D,Supplier 2,night,633,Operator 8,Machine 5,58.35,premium,45.25,8.55,false
2024-09-01,Line A,Supplier 4,evening,70,Operator 2,Machine 5,30.14,premium,41.9,26.05,false
2025-08-02,Line A,Supplier 4,day,284,Operator 8,Machine 5,33.48,premium,48.85,27.04,false
2025-07-08,Line A,Supplier 4,night,814,Operator 2,Machine 2,44.47,premium,57.79,22.17,true
2024-07-23,Line A,Supplier 2,day,916,Operator 2,Machine 1,44.08,premium,68.84,28.04,true
2025-01-12,Line B,Supplier 3,night,585,Operator 2,Machine 4,19.84,premium,60.68,23.82,true
2024-10-25,Line A,Supplier 1,day,157,Operator 3,Machine 5,49.75,premium,20.42,15.48,false
2024-03-28,Line D,Supplier 3,evening,1210,Operator 6,Machine 4,16.06,standard,51.21,21.98,false
2025-09-12,Line B,Supplier 3,evening,339,Operator 8,Machine 4,16.08,premium,43.17,23.53,true
2025-12-28,Line D,Supplier 4,evening,964,Operator 2,Machine 5,27.38,premium,24.37,32.68,false
2024-10-29,Line D,Supplier 3,evening,948,Operator 8,Machine 3,41.87,premium,36.41,19.45,false
2025-04-28,Line A,Supplier 1,night,886,Operator 7,Machine 5,29.7,standard,40.25,21.26,false
2025-11-21,Line C,Supplier 5,night,1130,Operator 5,Machine 6,34.18,premium,31.97,14.95,false
2024-10-19,Line A,Supplier 3,night,805,Operator 5,Machine 3,22.5,premium,60.46,20.09,true
2025-06-09,Line A,Supplier 3,night,536,Operator 7,Machine 1,14.17,premium,55.78,23.65,false
2024-01-10,Line B,Supplier 3,evening,753,Operator 1,Machine 3,41.76,premium,65.54,19.92,false
2024-05-21,Line C,Supplier 5,night,1158,Operator 2,Machine 4,31.06,premium,46.71,27.39,false
2024-05-14,Line B,Supplier 3,day,399,Operator 5,Machine 6,22.35,premium,33.34,14.22,false
2024-12-02,Line D,Supplier 4,day,801,Operator 1,Machine 5,27.97,premium,54.8,0.82,false
2025-02-07,Line D,Supplier 3,night,781,Operator 5,Machine 4,41.4,standard,61.3,11.78,true
2025-11-07,Line D,Supplier 1,night,75,Operator 1,Machine 5,21.94,standard,56.99,30.66,false
2024-06-06,Line B,Supplier 4,day,699,Operator 7,Machine 6,42.06,premium,50.35,35.51,false
2025-01-30,Line A,Supplier 3,evening,1170,Operator 5,Machine 5,11.89,premium,46.03,20.15,false
2024-01-22,Line B,Supplier 3,night,585,Operator 5,Machine 5,26.06,premium,46.68,5.75,false
2024-01-15,Line A,Supplier 2,evening,1074,Operator 2,Machine 3,28.6,standard,67.25,12.76,false
2025-04-11,Line D,Supplier 2,evening,585,Operator 6,Machine 5,42.95,standard,54.26,21.83,false
2025-02-07,Line C,Supplier 3,night,933,Operator 2,Machine 3,43.11,standard,61.11,26.97,true
2025-06-30,Line B,Supplier 3,evening,630,Operator 5,Machine 4,39.08,standard,47.42,14.44,false
2025-02-28,Line A,Supplier 5,night,142,Operator 2,Machine 3,18.53,premium,20.0,20.77,false
2025-11-30,Line C,Supplier 3,evening,648,Operator 3,Machine 4,13.57,premium,45.57,15.07,false
2024-01-23,Line B,Supplier 2,evening,667,Operator 8,Machine 6,30.29,premium,40.29,16.79,false
2025-08-13,Line A,Supplier 3,night,640,Operator 2,Machine 1,16.19,premium,55.63,10.91,true
2024-12-18,Line B,Supplier 4,night,476,Operator 3,Machine 2,29.7,premium,47.17,18.71,false
2025-12-28,Line D,Supplier 2,night,209,Operator 6,Machine 5,34.92,premium,31.85,32.53,false
2024-03-03,Line C,Supplier 3,evening,626,Operator 4,Machine 3,18.37,premium,41.24,20.67,false
2025-10-08,Line D,Supplier 1,evening,500,Operator 3,Machine 4,27.32,standard,77.86,29.02,false
2025-09-22,Line D,Supplier 1,evening,237,Operator 8,Machine 5,23.26,premium,42.05,23.61,false
2025-11-26,Line B,Supplier 3,evening,50,Operator 2,Machine 4,10.69,standard,59.58,25.17,false
2024-05-03,Line D,Supplier 5,evening,1085,Operator 1,Machine 5,50.25,standard,51.65,14.27,false
2025-09-24,Line D,Supplier 1,evening,361,Operator 3,Machine 3,35.26,premium,36.85,20.53,false
2024-09-25,Line C,Supplier 2,night,150,Operator 3,Machine 1,24.56,standard,59.28,23.62,false
2024-02-11,Line B,Supplier 3,night,955,Operator 2,Machine 2,5.0,standard,51.9,24.29,true
2025-06-29,Line B,Supplier 2,day,728,Operator 4,Machine 4,32.48,premium,71.74,20.65,false
2024-04-01,Line A,Supplier 3,evening,611,Operator 3,Machine 3,33.52,standard,71.72,28.49,false
2025-06-02,Line A,Supplier 3,day,343,Operator 1,Machine 1,19.35,standard,61.37,25.95,false
2025-04-15,Line C,Supplier 1,evening,886,Operator 2,Machine 4,28.29,premium,46.51,11.81,false
2025-04-20,Line B,Supplier 2,day,613,Operator 1,Machine 1,25.16,premium,42.19,24.59,false
2024-01-25,Line B,Supplier 3,night,831,Operator 1,Machine 5,16.45,premium,61.28,32.64,false
2024-05-10,Line A,Supplier 1,day,233,Operator 1,Machine 1,60.39,standard,67.74,22.47,false
2025-03-06,Line D,Supplier 3,night,701,Operator 4,Machine 1,17.19,premium,40.58,9.16,false
2025-11-08,Line A,Supplier 2,day,421,Operator 3,Machine 2,26.18,standard,62.5,12.75,true
2025-07-30,Line C,Supplier 3,night,1307,Operator 2,Machine 4,17.45,premium,23.88,26.17,false
2025-07-23,Line D,Supplier 4,evening,795,Operator 7,Machine 4,23.12,premium,67.11,24.26,false
2025-08-24,Line B,Supplier 1,evening,959,Operator 2,Machine 3,45.98,premium,46.23,14.88,false
2024-05-15,Line B,Supplier 1,night,765,Operator 1,Machine 3,42.26,premium,62.79,17.87,true
2025-01-11,Line A,Supplier 4,night,752,Operator 8,Machine 2,42.34,premium,48.56,16.11,false
2024-01-24,Line B,Supplier 1,day,50,Operator 2,Machine 3,43.27,premium,33.69,22.7,false
2025-04-04,Line A,Supplier 2,evening,487,Operator 8,Machine 6,21.74,standard,75.17,13.4,false
2024-07-26,Line A,Supplier 4,evening,548,Operator 2,Machine 4,32.64,premium,39.29,15.83,true
2025-07-04,Line B,Supplier 4,day,1022,Operator 7,Machine 4,50.71,standard,51.39,19.01,false
2024-08-02,Line D,Supplier 4,night,493,Operator 4,Machine 6,56.72,standard,54.71,23.41,false
2024-03-02,Line D,Supplier 1,evening,917,Operator 5,Machine 5,16.42,standard,60.53,15.69,true
2025-04-06,Line C,Supplier 3,day,493,Operator 8,Machine 5,33.33,standard,58.0,17.26,false
2024-11-20,Line A,Supplier 3,night,450,Operator 8,Machine 3,33.55,premium,54.61,19.61,false
2024-03-15,Line C,Supplier 5,day,622,Operator 6,Machine 6,41.13,premium,38.67,16.05,false
2024-09-11,Line C,Supplier 4,night,513,Operator 7,Machine 4,33.21,premium,29.35,15.58,true
2025-08-14,Line D,Supplier 3,day,575,Operator 6,Machine 2,5.89,premium,47.8,27.86,false
2024-07-26,Line A,Supplier 5,day,522,Operator 2,Machine 4,27.06,standard,65.17,8.5,true
2025-12-18,Line B,Supplier 3,day,687,Operator 4,Machine 2,38.53,standard,64.02,17.72,false
2025-11-18,Line C,Supplier 2,day,973,Operator 8,Machine 2,34.33,premium,49.63,18.53,false
2025-10-14,Line D,Supplier 3,night,203,Operator 8,Machine 5,48.08,premium,39.35,19.89,true
2025-02-08,Line C,Supplier 1,evening,791,Operator 2,Machine 5,25.53,premium,42.69,16.24,false
2024-10-09,Line A,Supplier 4,evening,407,Operator 7,Machine 4,53.33,premium,65.08,28.32,false
2024-02-28,Line C,Supplier 4,night,79,Operator 6,Machine 5,22.44,premium,27.98,11.79,true
2024-11-15,Line C,Supplier 5,day,714,Operator 5,Machine 6,38.63,premium,43.76,24.69,false
2024-08-08,Line C,Supplier 3,night,644,Operator 7,Machine 3,35.24,premium,59.49,19.11,false
2024-10-09,Line A,Supplier 3,day,796,Operator 5,Machine 3,29.39,standard,51.16,18.32,false
2024-06-16,Line D,Supplier 2,night,384,Operator 7,Machine 1,27.22,premium,59.13,26.09,true
2025-09-30,Line D,Supplier 3,day,100,Operator 5,Machine 5,22.0,standard,53.34,18.39,false
2024-02-17,Line A,Supplier 1,evening,511,Operator 6,Machine 3,41.43,premium,42.54,26.22,false
2024-07-06,Line A,Supplier 3,day,717,Operator 2,Machine 3,38.14,standard,51.44,21.14,false
2025-09-12,Line D,Supplier 2,day,1020,Operator 2,Machine 3,40.62,premium,31.88,21.54,false
2025-03-16,Line D,Supplier 2,day,1066,Operator 2,Machine 6,24.71,standard,54.85,27.71,false
2025-10-19,Line D,Supplier 1,evening,351,Operator 7,Machine 6,35.45,premium,39.43,18.2,false
2025-05-24,Line B,Supplier 1,night,302,Operator 3,Machine 4,33.09,premium,40.71,26.25,false
2025-03-07,Line D,Supplier 3,day,199,Operator 4,Machine 5,30.34,premium,50.74,24.61,false
2025-02-16,Line B,Supplier 1,night,813,Operator 2,Machine 3,27.04,premium,31.58,12.87,false
2025-11-06,Line C,Supplier 2,night,534,Operator 5,Machine 1,35.96,premium,20.0,21.08,true
2025-02-20,Line D,Supplier 1,day,558,Operator 6,Machine 2,33.38,premium,44.54,30.31,false
2025-08-28,Line D,Supplier 3,evening,1019,Operator 2,Machine 2,16.04,premium,56.59,10.61,false
2024-02-19,Line B,Supplier 4,night,276,Operator 6,Machine 2,29.75,premium,45.24,6.5,false
2024-09-19,Line A,Supplier 3,evening,50,Operator 5,Machine 5,27.29,premium,40.35,25.21,false
2025-05-04,Line A,Supplier 1,night,1362,Operator 8,Machine 4,24.67,premium,20.0,29.04,false
2025-08-20,Line A,Supplier 4,evening,885,Operator 3,Machine 3,40.02,premium,20.0,25.99,false
2024-10-26,Line A,Supplier 3,night,1647,Operator 2,Machine 3,45.43,standard,55.93,31.75,true
2025-11-24,Line A,Supplier 2,evening,140,Operator 8,Machine 5,37.87,premium,26.84,29.29,false
2025-10-01,Line C,Supplier 4,night,1083,Operator 2,Machine 3,42.42,standard,59.9,24.5,true
2024-08-27,Line C,Supplier 1,day,807,Operator 2,Machine 1,26.27,premium,67.65,26.72,false
2024-10-18,Line A,Supplier 2,night,716,Operator 4,Machine 3,22.44,premium,73.01,25.83,false
2025-04-28,Line B,Supplier 2,evening,1305,Operator 2,Machine 2,29.95,premium,29.9,17.09,false
2024-03-09,Line D,Supplier 2,day,166,Operator 6,Machine 5,28.31,premium,47.38,20.58,false
2024-10-08,Line C,Supplier 5,evening,994,Operator 2,Machine 3,32.92,premium,44.28,16.72,false
2024-06-19,Line C,Supplier 5,evening,861,Operator 8,Machine 6,41.82,premium,55.86,28.07,false
2024-04-24,Line B,Supplier 3,day,925,Operator 2,Machine 2,36.5,premium,59.05,21.23,true
2025-07-13,Line A,Supplier 4,evening,1127,Operator 3,Machine 3,31.81,premium,61.51,25.8,false
2025-07-19,Line C,Supplier 3,evening,573,Operator 6,Machine 4,36.18,premium,37.4,15.58,false
2025-09-25,Line C,Supplier 1,evening,534,Operator 2,Machine 4,22.29,premium,52.18,26.66,false
2024-01-12,Line C,Supplier 3,day,787,Operator 4,Machine 4,40.52,premium,36.85,38.31,true
2024-05-22,Line C,Supplier 3,day,566,Operator 5,Machine 2,33.3,standard,71.69,14.79,false
2025-10-27,Line D,Supplier 2,night,1114,Operator 8,Machine 4,27.67,premium,73.23,20.12,true
2024-03-04,Line A,Supplier 2,night,604,Operator 6,Machine 1,8.34,premium,20.0,36.52,true
2025-01-24,Line C,Supplier 2,evening,535,Operator 5,Machine 5,26.02,premium,43.45,23.47,false
2025-10-14,Line C,Supplier 3,day,674,Operator 4,Machine 5,28.59,premium,41.57,4.65,false
2025-08-11,Line C,Supplier 2,evening,596,Operator 4,Machine 3,29.28,standard,50.18,29.34,false
2025-04-10,Line C,Supplier 3,day,834,Operator 5,Machine 6,31.53,standard,77.97,24.49,false
2025-01-23,Line D,Supplier 1,night,350,Operator 2,Machine 1,23.78,standard,69.7,25.2,true
2025-01-03,Line C,Supplier 3,day,621,Operator 3,Machine 6,43.7,premium,37.57,9.82,false
2025-03-25,Line B,Supplier 2,day,553,Operator 5,Machine 2,27.59,standard,52.97,22.58,false
2024-07-19,Line B,Supplier 1,night,972,Operator 2,Machine 5,25.71,standard,54.91,22.55,true
2024-10-06,Line D,Supplier 1,day,408,Operator 6,Machine 4,65.7,standard,59.19,11.78,false
2024-05-20,Line A,Supplier 4,day,50,Operator 5,Machine 5,28.63,premium,35.48,23.4,false
2024-07-05,Line B,Supplier 1,day,409,Operator 7,Machine 1,23.18,premium,47.89,21.91,false
2024-11-12,Line C,Supplier 1,night,1150,Operator 4,Machine 4,14.15,standard,51.48,12.73,false
2024-09-30,Line D,Supplier 4,day,519,Operator 7,Machine 3,24.14,premium,24.07,33.09,false
2025-07-14,Line C,Supplier 4,night,588,Operator 6,Machine 1,35.99,premium,49.55,19.32,false
2024-12-08,Line C,Supplier 5,night,903,Operator 7,Machine 4,28.1,premium,64.02,18.99,false
2025-06-05,Line B,Supplier 5,evening,1156,Operator 2,Machine 2,30.28,premium,46.07,14.37,false
2025-06-07,Line B,Supplier 1,day,50,Operator 4,Machine 5,47.6,premium,59.57,19.28,false
2025-07-24,Line A,Supplier 1,night,965,Operator 6,Machine 5,47.15,premium,53.3,24.43,true
2025-03-29,Line D,Supplier 3,day,1052,Operator 1,Machine 6,22.64,standard,68.79,15.72,false
2025-04-28,Line C,Supplier 5,day,253,Operator 5,Machine 5,52.68,premium,51.64,30.08,true
2024-10-28,Line A,Supplier 3,evening,289,Operator 7,Machine 5,23.44,standard,66.41,31.13,false
2025-12-03,Line D,Supplier 5,day,1222,Operator 2,Machine 4,35.82,premium,42.97,13.4,false
2025-02-06,Line A,Supplier 4,evening,263,Operator 3,Machine 5,31.99,premium,49.64,14.94,false
2025-07-28,Line C,Supplier 5,day,106,Operator 4,Machine 5,33.85,standard,48.59,40.0,false
2025-10-13,Line A,Supplier 5,night,1106,Operator 2,Machine 1,18.82,premium,49.51,23.83,false
2025-01-20,Line B,Supplier 1,day,627,Operator 6,Machine 5,28.53,premium,50.28,12.46,false
2024-11-22,Line D,Supplier 4,day,460,Operator 7,Machine 3,13.24,standard,41.5,9.44,false
2024-05-14,Line B,Supplier 1,evening,623,Operator 7,Machine 4,30.45,premium,40.1,18.56,true
2024-10-10,Line C,Supplier 2,evening,644,Operator 1,Machine 5,53.46,standard,79.45,20.82,false
2025-08-19,Line B,Supplier 4,day,1128,Operator 2,Machine 4,29.19,premium,42.1,22.53,false
2024-06-20,Line B,Supplier 4,night,147,Operator 3,Machine 6,33.62,premium,52.48,22.88,true
2024-06-13,Line A,Supplier 4,evening,574,Operator 5,Machine 6,23.9,premium,47.81,30.07,false
2024-03-23,Line B,Supplier 3,day,563,Operator 3,Machine 2,19.38,premium,37.15,20.67,false
2024-08-20,Line D,Supplier 5,evening,736,Operator 8,Machine 5,45.63,premium,47.83,26.92,false
2025-08-28,Line A,Supplier 2,day,50,Operator 5,Machine 5,32.14,standard,45.3,37.92,false
2024-09-03,Line B,Supplier 1,night,704,Operator 6,Machine 3,26.18,premium,49.74,21.35,false
2025-02-17,Line D,Supplier 5,night,1107,Operator 2,Machine 4,29.54,standard,63.5,34.46,false
2025-07-09,Line A,Supplier 1,day,823,Operator 7,Machine 6,28.18,premium,20.0,15.65,false
2025-12-05,Line A,Supplier 3,night,196,Operator 6,Machine 5,50.74,premium,35.08,26.71,true
2024-03-06,Line A,Supplier 2,evening,1206,Operator 2,Machine 2,26.26,standard,53.21,21.47,false
2024-01-04,Line A,Supplier 4,night,921,Operator 2,Machine 6,33.88,premium,80.24,20.49,true
2025-11-13,Line D,Supplier 1,day,50,Operator 8,Machine 5,51.11,standard,52.64,32.22,false
2024-09-15,Line B,Supplier 3,night,751,Operator 3,Machine 3,49.21,standard,67.35,17.67,true
2024-04-04,Line A,Supplier 1,day,627,Operator 4,Machine 6,23.39,premium,33.71,13.74,false
2024-07-27,Line A,Supplier 4,night,636,Operator 8,Machine 5,38.81,premium,45.34,16.49,true
2025-07-01,Line B,Supplier 5,day,192,Operator 3,Machine 5,37.5,standard,68.92,20.22,false
2024-09-09,Line C,Supplier 3,day,528,Operator 8,Machine 4,14.85,premium,35.84,27.32,true
2024-09-26,Line B,Supplier 5,day,658,Operator 4,Machine 2,29.01,premium,26.01,15.75,false
2024-01-04,Line A,Supplier 1,evening,1109,Operator 2,Machine 3,33.23,standard,67.7,4.92,false
2025-12-05,Line C,Supplier 3,day,429,Operator 7,Machine 3,40.62,premium,20.36,29.32,false
2025-01-25,Line B,Supplier 5,day,229,Operator 1,Machine 2,25.65,standard,66.36,20.38,false
2024-05-01,Line A,Supplier 3,night,824,Operator 4,Machine 5,32.99,premium,57.64,31.19,false
2024-02-15,Line D,Supplier 3,evening,470,Operator 3,Machine 2,12.37,standard,54.15,23.26,true
2024-02-01,Line D,Supplier 2,evening,968,Operator 2,Machine 5,28.03,premium,80.94,16.23,false
2024-03-26,Line C,Supplier 4,day,310,Operator 2,Machine 3,31.73,premium,47.76,19.68,false
2024-05-01,Line C,Supplier 4,night,448,Operator 3,Machine 6,19.04,premium,51.49,2.78,false
2025-03-15,Line C,Supplier 1,night,50,Operator 3,Machine 5,30.09,standard,43.13,32.34,false
2025-06-01,Line B,Supplier 3,day,813,Operator 2,Machine 5,7.0,premium,50.13,21.71,false
2025-09-02,Line C,Supplier 2,night,617,Operator 5,Machine 4,33.83,premium,24.35,30.0,false
2025-09-19,Line A,Supplier 3,night,752,Operator 2,Machine 2,38.11,standard,83.78,31.55,false
2025-05-13,Line A,Supplier 3,night,640,Operator 2,Machine 6,52.61,premium,55.03,27.31,false
2024-03-26,Line A,Supplier 1,day,328,Operator 4,Machine 2,39.06,premium,63.29,21.66,false
2025-05-17,Line D,Supplier 3,day,342,Operator 4,Machine 4,16.53,premium,65.04,22.5,false
2025-01-04,Line B,Supplier 5,day,1353,Operator 8,Machine 4,37.73,premium,38.23,33.82,false
2024-11-13,Line A,Supplier 3,day,172,Operator 5,Machine 3,21.69,standard,56.92,26.99,false
2025-11-21,Line A,Supplier 2,day,656,Operator 5,Machine 6,36.64,premium,36.37,25.45,false
2025-06-14,Line A,Supplier 5,day,50,Operator 8,Machine 5,38.52,standard,22.31,22.62,true
2025-03-01,Line B,Supplier 3,day,855,Operator 4,Machine 4,40.83,premium,62.77,24.33,false
2024-02-21,Line A,Supplier 1,day,760,Operator 5,Machine 6,32.7,standard,56.97,17.9,false
2025-10-17,Line B,Supplier 3,day,771,Operator 8,Machine 1,22.29,premium,41.2,33.41,false
2025-10-27,Line B,Supplier 4,night,466,Operator 5,Machine 2,31.56,premium,46.08,17.35,true
2025-09-15,Line A,Supplier 3,day,384,Operator 1,Machine 4,43.75,premium,70.49,9.73,false
2024-10-03,Line C,Supplier 3,day,50,Operator 7,Machine 5,13.2,premium,22.54,16.87,false
2024-08-24,Line A,Supplier 2,day,783,Operator 1,Machine 3,36.85,standard,69.21,27.41,false
2024-09-10,Line A,Supplier 3,evening,50,Operator 7,Machine 1,16.51,premium,44.42,16.82,false
2025-02-17,Line D,Supplier 3,evening,1558,Operator 6,Machine 2,33.47,premium,48.43,18.61,false
2025-05-07,Line A,Supplier 1,evening,544,Operator 8,Machine 3,47.02,standard,50.47,16.55,false
2025-10-10,Line D,Supplier 1,day,830,Operator 4,Machine 4,38.06,premium,49.5,27.36,false
2025-12-03,Line B,Supplier 1,evening,252,Operator 4,Machine 5,41.78,standard,54.75,16.21,false
2024-11-28,Line D,Supplier 1,evening,298,Operator 1,Machine 5,31.27,premium,76.67,14.29,false
2025-12-09,Line B,Supplier 1,night,534,Operator 6,Machine 3,29.93,premium,57.42,23.78,false
2025-06-09,Line C,Supplier 3,day,312,Operator 3,Machine 6,33.11,premium,32.73,13.96,false
2024-05-13,Line C,Supplier 1,night,682,Operator 4,Machine 3,47.23,premium,35.82,13.86,false
2024-05-01,Line A,Supplier 2,night,343,Operator 6,Machine 1,60.34,premium,29.6,19.37,true
2024-08-08,Line D,Supplier 4,day,841,Operator 3,Machine 6,27.61,premium,35.52,24.63,false
2024-04-13,Line D,Supplier 4,day,254,Operator 4,Machine 1,38.63,premium,46.45,29.33,false
2024-03-18,Line D,Supplier 1,evening,573,Operator 2,Machine 6,44.94,premium,52.5,19.43,true
2024-12-10,Line B,Supplier 3,day,371,Operator 4,Machine 6,39.96,premium,44.4,15.95,false
2024-11-19,Line C,Supplier 3,day,766,Operator 7,Machine 1,29.63,premium,47.88,30.29,false
2025-09-18,Line C,Supplier 5,evening,623,Operator 3,Machine 2,37.21,premium,41.33,22.08,true
2025-04-02,Line A,Supplier 2,night,915,Operator 2,Machine 3,25.77,premium,48.62,17.69,true
2025-07-18,Line B,Supplier 5,night,1060,Operator 3,Machine 1,41.02,standard,60.27,16.7,false
2025-05-22,Line B,Supplier 1,evening,852,Operator 3,Machine 3,60.98,standard,55.36,13.42,false
2024-12-09,Line A,Supplier 4,evening,1146,Operator 1,Machine 6,41.14,premium,32.26,29.91,false
2025-07-27,Line C,Supplier 4,day,359,Operator 7,Machine 4,23.8,standard,57.7,23.42,false
2024-03-16,Line C,Supplier 2,night,1135,Operator 6,Machine 5,29.44,premium,49.71,20.83,false
2024-04-21,Line C,Supplier 4,day,423,Operator 2,Machine 6,34.82,premium,47.44,10.95,false
2024-02-22,Line C,Supplier 4,day,1164,Operator 2,Machine 2,22.53,premium,58.89,11.27,false
2024-06-05,Line A,Supplier 5,night,798,Operator 5,Machine 2,44.22,premium,51.09,32.15,false
2025-09-19,Line C,Supplier 3,night,1183,Operator 6,Machine 1,18.43,premium,42.41,19.42,true
2025-12-07,Line D,Supplier 1,evening,75,Operator 6,Machine 4,38.64,premium,37.09,24.36,false
2025-05-22,Line D,Supplier 4,day,1604,Operator 2,Machine 5,17.65,premium,43.45,16.45,true
2024-12-07,Line C,Supplier 3,day,1279,Operator 2,Machine 1,30.21,premium,42.15,25.74,false
2024-06-20,Line C,Supplier 4,day,1044,Operator 1,Machine 4,49.39,premium,82.25,38.22,false
2024-07-05,Line C,Supplier 3,evening,1074,Operator 2,Machine 1,31.98,premium,46.29,10.98,false
2024-10-10,Line C,Supplier 3,evening,675,Operator 7,Machine 4,40.11,premium,49.87,7.86,false
2025-06-04,Line D,Supplier 1,night,867,Operator 3,Machine 6,28.71,standard,69.84,20.59,false
2025-01-24,Line A,Supplier 2,day,470,Operator 3,Machine 2,20.95,premium,36.47,21.01,false
2025-02-23,Line C,Supplier 4,day,396,Operator 3,Machine 5,28.65,standard,73.63,5.03,false
2025-07-06,Line C,Supplier 3,day,910,Operator 2,Machine 3,19.03,premium,45.2,25.47,true
2025-12-13,Line D,Supplier 2,day,509,Operator 6,Machine 4,48.9,premium,43.96,22.21,false
2025-08-28,Line C,Supplier 4,evening,651,Operator 4,Machine 2,20.9,premium,36.21,16.97,false
2024-05-11,Line C,Supplier 2,evening,380,Operator 7,Machine 6,38.86,premium,58.1,16.17,false
2025-01-15,Line B,Supplier 4,day,361,Operator 3,Machine 1,20.61,premium,29.53,40.0,false
2025-03-12,Line A,Supplier 3,night,393,Operator 6,Machine 4,21.0,standard,68.73,7.69,false
2024-07-21,Line A,Supplier 3,day,889,Operator 2,Machine 5,45.01,premium,35.06,18.55,false
2024-06-01,Line C,Supplier 1,day,1613,Operator 3,Machine 2,5.65,premium,53.66,24.75,false
2024-12-10,Line D,Supplier 2,day,293,Operator 8,Machine 2,24.12,standard,66.98,26.31,false
2025-06-07,Line B,Supplier 4,evening,607,Operator 2,Machine 1,11.23,premium,42.14,17.15,false
2025-05-16,Line B,Supplier 3,night,324,Operator 3,Machine 2,26.47,standard,51.7,22.11,false
2024-09-27,Line B,Supplier 3,day,982,Operator 2,Machine 1,15.5,premium,69.29,27.56,false
2025-05-11,Line B,Supplier 5,night,56,Operator 7,Machine 5,21.86,standard,57.62,27.4,true
2025-06-20,Line A,Supplier 3,night,634,Operator 7,Machine 6,31.68,standard,65.65,17.46,true
2025-09-13,Line B,Supplier 2,night,197,Operator 4,Machine 6,53.22,standard,63.32,16.42,false
2024-02-11,Line B,Supplier 3,evening,743,Operator 1,Machine 6,34.29,premium,44.82,23.44,false
2024-08-05,Line C,Supplier 1,evening,534,Operator 1,Machine 3,27.77,standard,30.43,18.8,false
2025-11-13,Line C,Supplier 3,evening,635,Operator 4,Machine 3,22.55,premium,56.38,23.25,false
2025-10-10,Line D,Supplier 3,evening,122,Operator 1,Machine 5,33.89,premium,69.59,22.01,false
2025-12-15,Line D,Supplier 1,day,575,Operator 8,Machine 5,20.82,premium,40.36,25.33,false
2025-02-21,Line D,Supplier 3,day,177,Operator 2,Machine 5,45.4,premium,40.58,32.38,false
2025-10-29,Line A,Supplier 5,evening,456,Operator 6,Machine 3,30.03,premium,33.14,21.61,false
2024-03-07,Line A,Supplier 2,day,316,Operator 5,Machine 5,43.06,premium,36.49,39.82,false
2024-01-28,Line C,Supplier 4,evening,212,Operator 6,Machine 5,42.23,standard,53.9,22.84,false
2024-01-10,Line A,Supplier 2,evening,848,Operator 6,Machine 5,28.13,premium,37.82,9.69,false
2025-03-30,Line C,Supplier 2,night,710,Operator 1,Machine 3,39.5,premium,28.63,16.28,false
2025-03-06,Line D,Supplier 5,evening,416,Operator 4,Machine 1,35.95,premium,41.39,15.12,false
2025-07-06,Line A,Supplier 3,night,250,Operator 5,Machine 5,22.31,standard,55.38,21.54,true
2024-02-11,Line A,Supplier 5,evening,1078,Operator 2,Machine 3,36.07,premium,31.69,31.36,false
2025-04-17,Line D,Supplier 4,night,703,Operator 3,Machine 3,43.09,standard,55.25,27.56,false
2024-11-08,Line A,Supplier 5,night,816,Operator 4,Machine 2,55.56,premium,63.63,22.25,false
2025-04-13,Line B,Supplier 4,day,1106,Operator 2,Machine 1,20.06,premium,59.92,25.17,false
2024-04-04,Line D,Supplier 2,night,401,Operator 2,Machine 1,36.05,premium,23.96,13.12,false
2025-02-07,Line C,Supplier 2,night,50,Operator 7,Machine 2,45.35,standard,51.03,25.21,true
2024-09-26,Line C,Supplier 4,night,1133,Operator 2,Machine 5,28.72,standard,63.29,23.52,false
2024-08-08,Line A,Supplier 5,evening,357,Operator 3,Machine 1,36.38,premium,64.37,23.85,true
2025-12-09,Line A,Supplier 4,night,845,Operator 5,Machine 4,22.91,standard,27.35,28.35,true
2024-12-26,Line A,Supplier 1,night,181,Operator 4,Machine 1,42.18,premium,76.62,20.77,false
2024-12-27,Line D,Supplier 5,night,1073,Operator 2,Machine 6,33.08,premium,21.74,40.0,false
2024-12-15,Line B,Supplier 3,day,527,Operator 7,Machine 6,26.01,standard,74.09,6.62,false
2024-10-08,Line B,Supplier 3,day,366,Operator 1,Machine 2,23.86,standard,56.55,24.18,false
2025-03-15,Line A,Supplier 3,day,813,Operator 2,Machine 2,17.5,premium,48.22,26.57,false
2024-11-13,Line B,Supplier 3,day,845,Operator 7,Machine 6,14.8,standard,82.6,16.04,false
2025-08-28,Line B,Supplier 5,night,839,Operator 3,Machine 3,38.01,premium,47.41,16.13,true
2024-06-22,Line B,Supplier 1,evening,521,Operator 4,Machine 4,45.69,premium,62.79,19.13,false
2025-01-21,Line C,Supplier 4,evening,50,Operator 2,Machine 5,38.12,standard,56.51,13.13,false
2024-02-14,Line A,Supplier 1,day,727,Operator 8,Machine 4,25.29,premium,50.86,24.93,false
2024-10-15,Line D,Supplier 1,day,1388,Operator 5,Machine 1,16.49,premium,49.75,15.37,false
2024-07-30,Line C,Supplier 5,evening,1269,Operator 1,Machine 2,17.27,premium,20.0,33.63,false
2025-10-19,Line B,Supplier 5,day,819,Operator 7,Machine 3,49.64,standard,65.78,24.72,false
2025-12-30,Line B,Supplier 3,evening,974,Operator 2,Machine 6,17.3,premium,59.97,27.54,true
2025-11-16,Line D,Supplier 2,night,922,Operator 3,Machine 1,39.06,premium,42.16,22.86,false
2025-12-28,Line C,Supplier 4,day,685,Operator 8,Machine 6,42.99,premium,39.19,15.99,false
2024-06-29,Line A,Supplier 5,evening,306,Operator 3,Machine 3,27.18,premium,40.8,18.35,false
2025-06-09,Line B,Supplier 2,evening,891,Operator 7,Machine 1,38.4,premium,56.56,26.05,false
2024-05-30,Line B,Supplier 1,evening,834,Operator 2,Machine 5,24.38,standard,23.58,19.47,false
2025-06-30,Line B,Supplier 2,night,852,Operator 4,Machine 5,40.03,premium,23.05,27.92,false
2024-02-25,Line B,Supplier 1,evening,881,Operator 6,Machine 6,46.8,premium,28.49,29.77,false
2024-08-10,Line A,Supplier 3,night,724,Operator 3,Machine 6,19.69,premium,45.79,10.02,false
2024-03-15,Line A,Supplier 2,evening,250,Operator 7,Machine 2,40.16,standard,53.36,13.86,false
2025-11-20,Line B,Supplier 3,evening,639,Operator 8,Machine 4,6.8,premium,34.22,29.4,false
2025-04-30,Line B,Supplier 1,evening,429,Operator 2,Machine 4,50.39,premium,35.04,23.87,false
2025-01-31,Line D,Supplier 2,night,150,Operator 5,Machine 5,36.78,premium,43.47,13.83,true
2025-09-23,Line A,Supplier 1,day,685,Operator 5,Machine 4,22.96,premium,49.92,14.61,false
2024-06-09,Line D,Supplier 5,day,710,Operator 5,Machine 5,52.35,premium,39.95,17.56,false
2025-06-08,Line B,Supplier 5,day,1302,Operator 2,Machine 6,23.41,standard,74.26,25.84,false
2025-05-21,Line C,Supplier 2,evening,277,Operator 3,Machine 5,28.82,standard,50.02,8.59,false
2024-10-30,Line A,Supplier 2,day,690,Operator 4,Machine 3,34.8,premium,26.86,28.51,false
2025-02-20,Line D,Supplier 1,day,672,Operator 7,Machine 6,40.43,premium,25.08,7.56,false
2024-09-20,Line A,Supplier 1,night,572,Operator 8,Machine 2,28.62,premium,26.29,23.2,true
2024-07-06,Line D,Supplier 5,night,820,Operator 2,Machine 5,18.97,premium,29.86,19.41,false
2024-09-16,Line D,Supplier 4,night,1395,Operator 3,Machine 1,25.28,standard,59.51,15.68,true
2024-07-20,Line D,Supplier 4,day,488,Operator 7,Machine 1,29.41,premium,20.0,10.21,false
2024-12-19,Line C,Supplier 3,evening,429,Operator 6,Machine 6,19.45,standard,59.74,15.44,false
2025-12-02,Line A,Supplier 3,evening,158,Operator 1,Machine 5,20.67,premium,48.47,28.24,false
2025-08-11,Line C,Supplier 2,day,248,Operator 3,Machine 5,30.05,standard,56.85,20.56,false
2025-07-23,Line A,Supplier 1,day,694,Operator 2,Machine 5,10.76,premium,47.96,20.4,false
2025-08-22,Line D,Supplier 2,evening,198,Operator 7,Machine 1,37.35,premium,44.19,18.25,false
2025-11-03,Line C,Supplier 2,night,689,Operator 1,Machine 6,23.0,standard,26.08,18.17,true
2024-06-22,Line B,Supplier 4,evening,608,Operator 2,Machine 4,30.73,premium,41.42,19.68,false
2024-04-20,Line D,Supplier 1,day,663,Operator 1,Machine 2,19.13,premium,47.19,23.89,false
2024-01-29,Line B,Supplier 3,night,822,Operator 7,Machine 5,29.79,premium,49.91,26.57,true
2024-04-21,Line D,Supplier 5,day,1115,Operator 2,Machine 6,26.01,premium,25.22,27.41,false
2025-11-30,Line D,Supplier 1,night,1004,Operator 7,Machine 1,25.34,standard,54.51,17.55,false
2024-05-10,Line B,Supplier 3,night,935,Operator 2,Machine 5,36.56,standard,53.09,21.47,false
2024-06-29,Line A,Supplier 1,evening,1150,Operator 2,Machine 6,26.43,premium,49.48,23.54,false
2025-07-23,Line D,Supplier 1,day,944,Operator 3,Machine 2,29.14,standard,69.85,17.98,false
2025-02-11,Line B,Supplier 2,day,402,Operator 2,Machine 3,40.97,premium,52.51,36.58,false
2024-10-30,Line C,Supplier 3,evening,50,Operator 8,Machine 6,12.57,premium,74.53,16.27,false
2024-08-18,Line A,Supplier 5,day,969,Operator 2,Machine 4,46.48,premium,41.27,31.84,false
2025-11-01,Line C,Supplier 3,evening,198,Operator 8,Machine 1,23.13,standard,59.29,25.18,true
2024-06-07,Line A,Supplier 3,night,90,Operator 7,Machine 5,24.41,premium,41.5,20.58,false
2025-06-21,Line D,Supplier 5,day,661,Operator 3,Machine 2,28.13,premium,40.29,21.26,false
2025-09-29,Line D,Supplier 3,night,575,Operator 1,Machine 4,19.47,standard,69.68,27.14,true
2024-03-30,Line D,Supplier 3,night,601,Operator 4,Machine 2,29.2,premium,33.79,24.01,true
2024-06-04,Line D,Supplier 4,night,482,Operator 1,Machine 1,44.26,standard,57.68,23.23,false
2025-03-01,Line A,Supplier 2,day,338,Operator 8,Machine 2,18.83,standard,59.09,25.34,false
2025-08-05,Line A,Supplier 2,evening,446,Operator 7,Machine 4,23.92,premium,45.29,15.34,false
2025-07-29,Line B,Supplier 3,night,864,Operator 4,Machine 2,23.55,premium,74.1,28.6,false
2025-10-25,Line C,Supplier 3,day,364,Operator 2,Machine 6,33.46,premium,64.48,6.21,true
2025-01-17,Line A,Supplier 3,day,819,Operator 6,Machine 6,30.32,premium,48.01,30.01,true
2025-11-13,Line A,Supplier 1,evening,50,Operator 4,Machine 5,5.0,premium,48.81,19.68,false
2025-06-13,Line C,Supplier 1,night,624,Operator 2,Machine 1,30.25,premium,33.59,24.4,false
2025-07-26,Line B,Supplier 1,day,777,Operator 5,Machine 5,27.83,standard,54.57,21.98,false
2025-04-30,Line B,Supplier 4,night,1053,Operator 2,Machine 2,35.2,standard,74.03,19.6,true
2024-12-24,Line C,Supplier 5,evening,864,Operator 7,Machine 1,23.58,premium,42.8,13.2,false
2025-09-15,Line A,Supplier 2,day,50,Operator 6,Machine 5,37.8,premium,28.62,23.57,false
2024-09-08,Line C,Supplier 2,evening,575,Operator 8,Machine 2,20.61,premium,44.95,30.31,false
2024-04-24,Line B,Supplier 3,night,1552,Operator 4,Machine 6,41.07,premium,20.0,5.7,false
2025-01-28,Line D,Supplier 5,day,813,Operator 8,Machine 1,52.04,premium,30.9,35.77,false
2024-09-19,Line A,Supplier 1,night,630,Operator 1,Machine 3,51.86,standard,52.59,14.38,false
2024-09-24,Line D,Supplier 4,day,331,Operator 6,Machine 2,51.59,standard,62.75,29.57,false
2024-03-19,Line C,Supplier 3,day,883,Operator 7,Machine 3,38.1,premium,20.0,20.84,false
2024-11-26,Line C,Supplier 1,evening,903,Operator 2,Machine 1,39.19,premium,40.23,25.56,false
2024-03-21,Line A,Supplier 2,night,337,Operator 5,Machine 5,33.79,premium,36.66,32.66,true
2025-11-30,Line D,Supplier 3,night,360,Operator 7,Machine 2,5.0,standard,70.17,11.69,false
2024-01-10,Line A,Supplier 1,day,364,Operator 1,Machine 5,39.86,standard,50.43,22.39,false
2025-08-18,Line A,Supplier 3,night,592,Operator 2,Machine 2,41.93,standard,51.3,18.45,true
2025-04-22,Line D,Supplier 1,night,1078,Operator 3,Machine 3,17.43,premium,55.87,23.78,true
2025-07-10,Line B,Supplier 2,evening,848,Operator 3,Machine 1,42.14,premium,52.56,27.15,false
2024-08-17,Line B,Supplier 1,night,500,Operator 8,Machine 6,30.51,premium,44.48,13.38,true
2024-06-10,Line A,Supplier 3,evening,1080,Operator 2,Machine 1,33.88,premium,53.21,33.81,false
2025-07-11,Line A,Supplier 3,day,336,Operator 7,Machine 5,33.97,standard,64.66,30.1,false
2025-06-07,Line D,Supplier 1,evening,517,Operator 6,Machine 2,42.76,premium,43.15,17.54,false
2024-06-19,Line A,Supplier 2,day,408,Operator 1,Machine 4,53.44,standard,82.55,26.16,false
2025-05-29,Line C,Supplier 5,day,766,Operator 1,Machine 3,27.81,premium,39.31,22.61,false
2025-02-08,Line A,Supplier 1,evening,1102,Operator 2,Machine 3,26.95,premium,30.6,37.55,false
2025-02-14,Line B,Supplier 1,day,787,Operator 1,Machine 3,25.11,premium,60.34,19.8,false
2024-02-01,Line D,Supplier 4,evening,207,Operator 7,Machine 5,21.06,standard,69.59,20.4,false
2025-04-14,Line D,Supplier 5,evening,541,Operator 5,Machine 4,30.79,premium,42.53,25.55,false
2025-08-08,Line C,Supplier 4,day,811,Operator 7,Machine 1,21.0,premium,40.02,23.71,true
2025-05-14,Line A,Supplier 5,day,765,Operator 7,Machine 6,20.0,standard,65.88,24.81,false
2025-10-30,Line A,Supplier 3,evening,984,Operator 7,Machine 3,47.36,premium,41.0,37.5,false
2024-11-16,Line B,Supplier 2,evening,242,Operator 1,Machine 5,31.63,premium,67.5,21.42,false
2025-04-13,Line A,Supplier 3,day,1135,Operator 2,Machine 1,16.93,standard,63.1,16.15,false
2025-02-17,Line C,Supplier 5,day,562,Operator 2,Machine 4,26.19,premium,41.32,25.06,false
2025-10-27,Line D,Supplier 4,night,950,Operator 2,Machine 6,29.46,premium,38.24,33.59,false
2024-01-20,Line A,Supplier 1,evening,469,Operator 7,Machine 6,42.44,standard,53.15,16.37,true
2025-08-15,Line B,Supplier 5,evening,1067,Operator 8,Machine 4,27.21,premium,36.56,16.14,false
2025-11-12,Line A,Supplier 3,day,764,Operator 6,Machine 6,51.49,standard,56.9,29.76,true
2025-10-15,Line C,Supplier 2,day,364,Operator 8,Machine 5,23.35,premium,45.57,22.79,false
2024-11-19,Line A,Supplier 4,day,747,Operator 4,Machine 2,20.18,standard,52.19,5.38,false
2024-05-18,Line A,Supplier 1,day,1087,Operator 5,Machine 1,44.01,premium,25.44,23.46,false
2025-03-08,Line C,Supplier 1,evening,260,Operator 8,Machine 5,34.06,standard,61.0,18.54,false
2024-07-25,Line C,Supplier 1,day,972,Operator 2,Machine 1,20.85,standard,55.1,21.19,false
2024-11-05,Line A,Supplier 5,night,1017,Operator 2,Machine 3,33.06,premium,49.36,11.22,false
2025-11-04,Line A,Supplier 3,evening,1051,Operator 2,Machine 4,27.1,premium,44.74,23.67,true
2025-08-03,Line B,Supplier 3,day,1222,Operator 6,Machine 4,19.16,standard,56.69,15.04,false
2025-06-22,Line B,Supplier 1,evening,528,Operator 3,Machine 6,44.94,premium,49.43,20.04,false
2024-09-03,Line A,Supplier 2,night,935,Operator 2,Machine 1,41.52,premium,30.71,11.65,true
2025-03-23,Line C,Supplier 1,evening,574,Operator 2,Machine 3,25.46,standard,53.43,19.75,true
2025-03-08,Line A,Supplier 5,evening,1548,Operator 2,Machine 3,35.77,standard,54.59,34.07,false
2025-08-21,Line B,Supplier 1,evening,494,Operator 8,Machine 1,36.34,standard,69.16,16.93,false
2025-05-26,Line B,Supplier 2,evening,851,Operator 6,Machine 5,43.4,premium,22.63,17.2,false
2024-09-19,Line A,Supplier 2,day,837,Operator 2,Machine 3,30.13,premium,35.61,18.9,false
2024-04-03,Line C,Supplier 3,day,741,Operator 8,Machine 1,13.84,standard,66.1,35.36,false
2025-05-16,Line D,Supplier 2,evening,774,Operator 3,Machine 5,25.54,standard,60.73,28.36,false
2024-01-20,Line B,Supplier 5,night,650,Operator 3,Machine 6,34.92,premium,39.38,11.06,true
2024-05-02,Line A,Supplier 5,night,1112,Operator 2,Machine 6,33.62,premium,34.57,29.72,false
2025-07-03,Line C,Supplier 5,evening,641,Operator 5,Machine 2,23.7,premium,56.19,8.5,false
2024-04-19,Line B,Supplier 2,day,434,Operator 4,Machine 5,29.0,premium,65.04,27.12,false
2024-07-10,Line C,Supplier 5,evening,683,Operator 3,Machine 5,20.53,premium,39.52,26.54,false
2025-04-02,Line D,Supplier 5,day,466,Operator 3,Machine 4,21.15,standard,55.99,2.87,false
2024-02-03,Line A,Supplier 4,evening,593,Operator 4,Machine 5,35.42,premium,42.1,4.79,false
2025-10-30,Line A,Supplier 3,day,399,Operator 1,Machine 1,17.78,premium,32.02,19.31,false
2025-09-24,Line C,Supplier 2,day,843,Operator 1,Machine 1,58.82,premium,28.12,37.76,false
2024-01-13,Line B,Supplier 3,night,346,Operator 4,Machine 6,5.0,premium,30.34,21.32,false
2025-05-16,Line C,Supplier 3,day,870,Operator 3,Machine 3,39.75,premium,47.83,19.42,true
2025-04-20,Line A,Supplier 5,day,628,Operator 4,Machine 3,31.55,premium,20.0,34.52,false
2025-03-28,Line C,Supplier 2,evening,364,Operator 2,Machine 3,38.49,premium,39.2,13.04,false
2025-05-23,Line C,Supplier 5,day,872,Operator 7,Machine 1,31.0,standard,72.58,26.4,false
2025-06-06,Line A,Supplier 2,day,643,Operator 8,Machine 4,37.42,premium,20.0,23.48,false
2024-05-10,Line C,Supplier 3,night,866,Operator 1,Machine 6,15.43,premium,63.43,17.01,true
2024-05-29,Line C,Supplier 2,evening,378,Operator 4,Machine 2,29.54,premium,37.86,23.26,true
2024-07-24,Line D,Supplier 5,day,395,Operator 2,Machine 6,49.36,standard,68.52,22.24,false
2025-06-19,Line C,Supplier 5,night,775,Operator 8,Machine 1,19.75,premium,38.67,15.71,false
2025-07-06,Line B,Supplier 1,night,722,Operator 1,Machine 4,32.75,standard,64.93,14.3,false
2024-12-26,Line B,Supplier 1,day,631,Operator 2,Machine 4,49.3,premium,48.94,28.88,false
2025-08-17,Line A,Supplier 4,day,1039,Operator 2,Machine 2,36.67,standard,75.49,15.08,true
2025-03-01,Line B,Supplier 2,night,657,Operator 8,Machine 1,38.33,premium,49.23,23.67,true
2025-06-24,Line D,Supplier 5,evening,318,Operator 5,Machine 1,42.73,premium,35.2,18.38,false
2025-08-10,Line B,Supplier 1,evening,165,Operator 3,Machine 5,44.39,standard,53.36,26.93,false
2024-06-11,Line A,Supplier 2,day,50,Operator 4,Machine 5,35.19,standard,66.62,6.18,false
2025-07-07,Line A,Supplier 5,evening,513,Operator 6,Machine 5,48.3,premium,35.14,20.33,false
2025-11-08,Line A,Supplier 1,night,1023,Operator 2,Machine 1,26.84,standard,53.59,20.77,false
2024-01-30,Line B,Supplier 2,evening,750,Operator 7,Machine 5,35.58,standard,90.24,27.79,false
2025-05-15,Line B,Supplier 5,day,262,Operator 2,Machine 5,41.53,premium,35.68,13.72,true
2024-06-27,Line C,Supplier 3,day,666,Operator 1,Machine 1,31.93,premium,33.85,28.01,false
2025-08-06,Line C,Supplier 4,day,433,Operator 3,Machine 3,57.95,standard,79.72,26.35,false
2025-03-29,Line C,Supplier 2,night,682,Operator 3,Machine 6,32.17,premium,66.54,18.4,false
2024-02-09,Line B,Supplier 4,night,617,Operator 6,Machine 4,33.17,standard,51.72,21.13,false
2024-10-08,Line D,Supplier 2,evening,633,Operator 8,Machine 3,28.09,premium,33.55,28.66,false
2025-10-05,Line C,Supplier 2,night,179,Operator 7,Machine 1,30.05,premium,61.06,9.37,true
2024-01-28,Line C,Supplier 1,night,910,Operator 2,Machine 3,40.52,standard,54.19,21.8,false
2024-02-05,Line A,Supplier 2,evening,1021,Operator 2,Machine 6,28.78,premium,33.92,22.93,false
2025-07-10,Line A,Supplier 1,night,1107,Operator 2,Machine 2,37.82,premium,43.78,13.51,false
2024-01-27,Line C,Supplier 3,night,1192,Operator 2,Machine 4,26.05,premium,20.0,12.36,false
2025-04-15,Line A,Supplier 4,evening,618,Operator 4,Machine 5,36.76,premium,47.1,29.29,true
2025-02-21,Line B,Supplier 3,evening,673,Operator 1,Machine 1,36.73,premium,36.27,27.91,false
2024-12-08,Line B,Supplier 4,evening,686,Operator 5,Machine 2,40.16,standard,44.31,15.17,false
2024-06-06,Line A,Supplier 3,evening,319,Operator 8,Machine 4,5.0,premium,63.77,30.07,false
2024-06-04,Line A,Supplier 4,night,539,Operator 8,Machine 2,33.36,premium,22.41,14.49,false
2025-03-14,Line A,Supplier 3,night,505,Operator 3,Machine 4,18.19,premium,46.84,35.03,false
2024-01-25,Line D,Supplier 1,day,615,Operator 8,Machine 6,27.07,premium,27.84,10.47,false
2024-03-16,Line D,Supplier 3,evening,1101,Operator 2,Machine 2,20.67,premium,32.52,15.56,false
2024-03-11,Line A,Supplier 5,night,671,Operator 7,Machine 1,40.97,standard,55.4,20.3,false
2025-04-29,Line D,Supplier 4,day,1001,Operator 2,Machine 2,53.89,standard,68.63,15.43,false
2025-07-12,Line D,Supplier 5,day,278,Operator 8,Machine 3,6.38,standard,52.03,16.57,false
2025-10-10,Line A,Supplier 1,night,817,Operator 6,Machine 2,40.26,premium,46.7,29.81,false
2024-07-02,Line B,Supplier 2,evening,199,Operator 4,Machine 4,42.63,standard,67.16,20.56,false
2024-09-12,Line D,Supplier 4,day,918,Operator 2,Machine 2,48.26,standard,47.6,20.3,true
2025-09-01,Line D,Supplier 3,evening,50,Operator 2,Machine 5,36.89,standard,95.0,27.95,false
2025-04-03,Line C,Supplier 3,evening,1407,Operator 1,Machine 5,8.54,premium,57.98,17.89,true
2025-05-15,Line C,Supplier 1,evening,671,Operator 3,Machine 3,37.12,premium,64.27,16.83,false
2025-01-09,Line A,Supplier 4,night,337,Operator 1,Machine 4,31.88,premium,60.89,17.12,false
2024-02-17,Line C,Supplier 3,night,469,Operator 7,Machine 2,17.36,premium,38.73,19.74,false
2025-01-03,Line B,Supplier 2,night,792,Operator 2,Machine 3,33.16,standard,30.57,26.51,true
2024-11-05,Line B,Supplier 3,evening,366,Operator 7,Machine 6,42.48,standard,61.19,24.48,false
2025-06-30,Line C,Supplier 2,day,439,Operator 6,Machine 4,22.18,premium,32.46,25.45,false
2024-10-22,Line C,Supplier 4,day,157,Operator 3,Machine 5,50.17,premium,36.99,19.34,false
2025-12-05,Line C,Supplier 5,night,1138,Operator 2,Machine 4,34.44,premium,37.49,27.0,true
2025-03-11,Line B,Supplier 3,night,834,Operator 3,Machine 3,15.79,premium,48.91,26.91,false
2024-04-25,Line B,Supplier 5,night,818,Operator 1,Machine 5,24.6,premium,49.2,17.15,false
2025-01-15,Line C,Supplier 3,evening,692,Operator 8,Machine 1,16.18,premium,48.36,13.44,false
2024-10-19,Line B,Supplier 1,day,471,Operator 2,Machine 5,43.54,premium,39.12,23.28,false
2024-06-08,Line B,Supplier 3,evening,667,Operator 2,Machine 4,10.58,premium,20.0,15.16,false
2024-05-02,Line B,Supplier 2,evening,899,Operator 1,Machine 6,51.41,standard,54.81,9.29,true
2024-05-10,Line B,Supplier 2,night,892,Operator 6,Machine 3,36.54,premium,45.18,24.34,true
2025-04-03,Line A,Supplier 2,night,1180,Operator 5,Machine 3,34.34,premium,24.13,11.13,false
2024-04-15,Line B,Supplier 2,night,337,Operator 1,Machine 3,31.17,premium,45.07,27.62,true
2025-05-09,Line A,Supplier 1,day,1161,Operator 5,Machine 6,34.61,premium,54.63,25.05,false
2025-12-25,Line A,Supplier 4,night,1058,Operator 2,Machine 3,33.66,premium,48.04,20.22,true
2024-07-03,Line C,Supplier 3,evening,326,Operator 8,Machine 1,34.4,standard,51.8,10.31,false
2024-06-24,Line B,Supplier 2,night,369,Operator 8,Machine 2,34.66,standard,53.53,20.9,false
2025-02-16,Line B,Supplier 4,evening,741,Operator 8,Machine 6,30.31,premium,39.87,19.94,false
2025-11-10,Line C,Supplier 4,night,1242,Operator 2,Machine 6,33.06,standard,51.24,24.93,true
2024-03-10,Line A,Supplier 3,night,863,Operator 8,Machine 6,36.97,standard,52.6,23.19,false
2025-12-25,Line B,Supplier 5,day,1189,Operator 2,Machine 1,25.16,premium,41.65,30.96,false
2025-10-24,Line C,Supplier 2,day,1024,Operator 2,Machine 6,23.83,standard,80.37,11.89,false
2024-03-23,Line A,Supplier 2,night,396,Operator 7,Machine 6,43.09,standard,55.76,17.53,true
2024-09-14,Line C,Supplier 3,day,626,Operator 6,Machine 6,16.75,premium,37.61,20.73,false
2025-01-23,Line A,Supplier 1,night,325,Operator 4,Machine 4,34.95,premium,54.35,20.32,false
2024-01-10,Line A,Supplier 4,evening,519,Operator 5,Machine 3,27.07,premium,70.76,21.3,false
2024-04-03,Line A,Supplier 2,night,1264,Operator 2,Machine 4,38.53,premium,36.57,34.97,true
2024-07-28,Line C,Supplier 2,evening,912,Operator 2,Machine 3,30.61,premium,60.41,23.48,false
2024-06-21,Line D,Supplier 3,night,50,Operator 1,Machine 3,19.33,standard,54.06,16.89,false
2025-05-19,Line B,Supplier 1,night,615,Operator 2,Machine 6,39.63,premium,43.26,16.92,false
2024-06-18,Line C,Supplier 3,day,260,Operator 5,Machine 4,5.0,standard,69.9,22.87,false
2024-10-30,Line D,Supplier 4,evening,510,Operator 5,Machine 3,27.41,premium,38.48,24.76,false
2025-11-23,Line D,Supplier 4,day,940,Operator 6,Machine 5,50.35,premium,27.43,29.24,false
2024-05-12,Line B,Supplier 2,night,720,Operator 1,Machine 4,24.12,premium,57.53,16.08,false
2024-05-18,Line B,Supplier 4,day,949,Operator 8,Machine 1,38.82,premium,42.12,18.91,false
2025-04-22,Line A,Supplier 3,night,531,Operator 4,Machine 5,12.19,premium,41.24,23.22,false
2025-12-06,Line D,Supplier 5,day,1371,Operator 2,Machine 2,38.39,premium,47.03,29.6,true
2025-02-22,Line C,Supplier 2,night,482,Operator 3,Machine 3,30.18,premium,67.25,23.61,false
2025-03-27,Line C,Supplier 4,evening,117,Operator 8,Machine 3,24.79,standard,56.11,19.84,false
2025-04-24,Line C,Supplier 2,night,1439,Operator 3,Machine 2,27.91,premium,45.93,29.5,true
2024-03-27,Line C,Supplier 5,day,414,Operator 8,Machine 2,42.22,standard,62.86,18.92,false
2024-12-18,Line A,Supplier 2,evening,1803,Operator 7,Machine 1,49.32,standard,66.63,24.98,false
2025-10-19,Line D,Supplier 4,evening,1167,Operator 3,Machine 4,27.03,premium,46.58,29.11,false
2024-05-31,Line C,Supplier 5,night,892,Operator 2,Machine 5,35.62,standard,59.43,-0.93,false
2025-03-16,Line D,Supplier 1,day,289,Operator 4,Machine 5,18.64,premium,20.0,17.39,false
2025-05-15,Line D,Supplier 5,night,92,Operator 5,Machine 5,62.53,standard,50.3,14.41,false
2024-07-22,Line A,Supplier 3,day,428,Operator 1,Machine 2,32.84,standard,59.01,16.99,false
2024-09-08,Line A,Supplier 3,day,647,Operator 2,Machine 5,15.88,premium,57.32,22.08,false
2024-03-26,Line C,Supplier 1,evening,872,Operator 4,Machine 5,29.69,premium,78.6,18.02,true
2025-04-21,Line D,Supplier 4,evening,644,Operator 8,Machine 6,52.14,standard,75.54,8.04,false
2024-08-05,Line A,Supplier 5,evening,685,Operator 1,Machine 3,38.85,premium,49.26,20.32,true
2024-08-30,Line C,Supplier 3,evening,339,Operator 8,Machine 4,7.99,standard,54.61,16.63,false
2024-09-07,Line D,Supplier 1,day,720,Operator 2,Machine 2,43.31,premium,41.91,10.89,false
2024-06-03,Line C,Supplier 1,day,379,Operator 1,Machine 5,44.65,premium,55.74,17.22,false
2024-07-18,Line B,Supplier 4,day,566,Operator 1,Machine 4,30.32,standard,50.68,19.98,false
2025-01-26,Line C,Supplier 5,evening,786,Operator 5,Machine 1,58.44,premium,35.1,22.8,false
2025-06-17,Line C,Supplier 3,day,1370,Operator 2,Machine 1,23.94,premium,60.52,17.94,false
2024-03-13,Line D,Supplier 1,night,470,Operator 5,Machine 1,34.41,standard,58.11,26.09,false
2025-03-10,Line B,Supplier 5,evening,809,Operator 3,Machine 3,49.62,premium,47.28,24.74,false
2024-02-23,Line B,Supplier 5,day,648,Operator 3,Machine 4,31.4,premium,77.8,22.2,false
2025-12-22,Line A,Supplier 4,evening,695,Operator 4,Machine 4,22.36,premium,48.22,36.55,false
2024-07-13,Line A,Supplier 1,evening,893,Operator 5,Machine 1,45.54,standard,64.67,24.64,false
2024-12-07,Line A,Supplier 1,day,962,Operator 2,Machine 6,34.0,standard,71.35,10.13,false
2024-01-05,Line D,Supplier 4,day,370,Operator 4,Machine 3,21.81,premium,29.3,21.51,false
2024-09-25,Line D,Supplier 3,day,88,Operator 4,Machine 5,35.49,premium,49.22,21.49,false
2024-12-06,Line C,Supplier 3,day,351,Operator 3,Machine 1,12.53,premium,63.33,12.89,false
2024-06-05,Line C,Supplier 5,evening,1142,Operator 6,Machine 2,38.9,premium,43.64,16.87,true
2025-01-12,Line D,Supplier 2,day,888,Operator 8,Machine 2,35.03,premium,63.01,6.36,false
2025-05-29,Line A,Supplier 1,night,1158,Operator 7,Machine 5,39.7,premium,21.43,13.81,true
2025-03-20,Line D,Supplier 1,day,584,Operator 1,Machine 1,27.08,standard,55.11,11.97,false
2025-07-17,Line B,Supplier 3,evening,509,Operator 1,Machine 1,19.98,premium,31.83,21.37,false
2025-04-02,Line A,Supplier 3,day,619,Operator 8,Machine 1,36.99,premium,43.11,18.71,false
2024-12-31,Line C,Supplier 4,evening,894,Operator 3,Machine 4,27.05,premium,48.48,23.73,false
2024-07-15,Line C,Supplier 3,night,729,Operator 4,Machine 3,24.7,premium,36.55,19.64,true
2024-10-09,Line D,Supplier 3,night,472,Operator 8,Machine 4,40.92,premium,81.06,15.13,false
2025-02-19,Line B,Supplier 1,night,1043,Operator 7,Machine 6,24.06,premium,49.93,26.99,true
2024-03-02,Line C,Supplier 1,day,809,Operator 4,Machine 4,21.6,premium,36.82,13.52,false
2024-07-18,Line C,Supplier 2,evening,968,Operator 2,Machine 6,30.6,premium,36.9,28.0,false
2024-05-07,Line A,Supplier 4,night,613,Operator 6,Machine 6,26.24,standard,62.05,22.43,true
2025-12-19,Line A,Supplier 4,night,431,Operator 5,Machine 2,38.32,premium,61.05,32.07,false
2024-05-20,Line A,Supplier 5,day,791,Operator 8,Machine 2,20.09,standard,62.92,28.91,true
2025-02-17,Line C,Supplier 1,evening,50,Operator 3,Machine 5,38.16,premium,66.61,17.16,false
2024-11-27,Line A,Supplier 5,day,876,Operator 3,Machine 5,20.0,premium,41.83,11.95,false
2025-01-09,Line C,Supplier 1,night,50,Operator 1,Machine 2,22.67,premium,37.48,18.99,true
2025-08-01,Line B,Supplier 5,evening,483,Operator 7,Machine 3,45.56,standard,62.31,18.81,false
2024-04-07,Line A,Supplier 2,day,419,Operator 7,Machine 6,48.44,premium,48.66,28.93,false
2025-04-18,Line D,Supplier 2,night,828,Operator 7,Machine 4,39.23,premium,47.32,22.81,false
2025-05-29,Line A,Supplier 3,day,1039,Operator 3,Machine 4,16.28,premium,24.24,15.67,false
2025-05-21,Line D,Supplier 5,night,1212,Operator 4,Machine 5,23.09,standard,55.89,13.63,false
2025-11-17,Line A,Supplier 1,evening,478,Operator 3,Machine 4,25.46,standard,51.29,29.11,false
2024-03-02,Line C,Supplier 2,night,756,Operator 3,Machine 2,66.09,premium,26.95,13.51,false
2024-07-30,Line A,Supplier 2,day,488,Operator 1,Machine 3,41.36,premium,43.69,28.37,true
2025-07-10,Line C,Supplier 5,night,355,Operator 1,Machine 3,40.98,premium,22.54,19.65,false
2025-05-05,Line C,Supplier 3,day,603,Operator 6,Machine 1,43.97,premium,30.75,30.74,false
2024-06-10,Line B,Supplier 3,night,698,Operator 1,Machine 5,17.41,premium,20.39,13.88,false
2025-11-14,Line C,Supplier 5,evening,1209,Operator 2,Machine 2,36.83,standard,53.32,22.18,false
2024-10-16,Line C,Supplier 1,day,838,Operator 3,Machine 3,25.79,premium,35.06,16.0,false
2025-04-02,Line C,Supplier 5,evening,374,Operator 5,Machine 2,33.53,standard,72.94,19.37,false
2024-03-08,Line A,Supplier 3,night,1259,Operator 2,Machine 5,33.86,standard,59.93,9.73,false
2024-01-25,Line B,Supplier 4,day,531,Operator 3,Machine 6,35.85,standard,59.33,17.6,false
2024-08-05,Line A,Supplier 2,evening,453,Operator 7,Machine 4,50.8,standard,51.02,21.83,false
2025-01-03,Line A,Supplier 5,day,63,Operator 8,Machine 5,42.95,premium,39.73,38.88,true
2024-04-02,Line C,Supplier 2,evening,868,Operator 5,Machine 5,44.86,premium,43.43,22.63,false
2024-01-31,Line D,Supplier 5,evening,790,Operator 1,Machine 2,15.74,premium,38.74,15.66,false
2025-02-02,Line D,Supplier 3,night,772,Operator 5,Machine 6,14.02,premium,63.81,25.79,false
2025-06-12,Line A,Supplier 1,day,723,Operator 6,Machine 1,41.17,premium,61.76,15.79,false
2025-11-12,Line B,Supplier 3,night,881,Operator 3,Machine 6,19.44,premium,43.19,21.41,false
2024-11-18,Line B,Supplier 5,night,495,Operator 7,Machine 1,29.33,premium,32.46,19.97,false
2024-01-28,Line A,Supplier 3,night,246,Operator 2,Machine 5,19.8,standard,77.9,8.5,false
2024-06-16,Line B,Supplier 2,day,1145,Operator 1,Machine 4,23.94,premium,51.99,10.4,false
2025-12-21,Line D,Supplier 4,day,577,Operator 6,Machine 4,49.68,standard,72.84,27.05,false
2025-03-24,Line C,Supplier 3,evening,1013,Operator 2,Machine 4,9.84,premium,56.38,17.52,false
2024-06-11,Line A,Supplier 5,night,1133,Operator 7,Machine 1,10.35,standard,70.4,4.89,false
2025-06-18,Line A,Supplier 1,night,315,Operator 4,Machine 3,22.29,standard,62.76,21.77,true
2025-09-10,Line B,Supplier 3,night,144,Operator 2,Machine 5,15.18,premium,50.27,29.23,true
2024-07-18,Line C,Supplier 5,day,611,Operator 8,Machine 2,21.78,premium,38.08,23.91,false
2025-11-05,Line D,Supplier 4,evening,742,Operator 6,Machine 1,23.42,premium,38.53,17.12,false
2025-02-21,Line B,Supplier 3,day,357,Operator 8,Machine 3,28.83,premium,44.69,21.55,false
2025-07-10,Line A,Supplier 3,night,625,Operator 1,Machine 3,41.76,standard,50.88,11.23,false
2025-06-06,Line D,Supplier 3,day,838,Operator 8,Machine 1,5.0,premium,42.55,28.7,true
2024-04-22,Line D,Supplier 4,day,503,Operator 3,Machine 4,36.59,premium,39.57,20.77,false
2024-06-19,Line C,Supplier 1,night,50,Operator 2,Machine 5,42.19,premium,27.86,23.03,true
2024-02-01,Line D,Supplier 1,evening,1185,Operator 2,Machine 3,26.75,standard,55.37,26.81,false
2024-01-23,Line B,Supplier 1,night,606,Operator 1,Machine 1,46.68,premium,31.49,16.95,true
2024-07-26,Line B,Supplier 4,day,156,Operator 6,Machine 5,18.44,premium,40.84,28.24,false
2024-09-20,Line A,Supplier 1,day,905,Operator 4,Machine 4,25.69,standard,62.02,18.35,false
2025-07-16,Line B,Supplier 3,day,1109,Operator 2,Machine 5,5.0,premium,45.41,24.48,false
2024-02-21,Line B,Supplier 4,day,606,Operator 4,Machine 5,32.08,premium,49.93,15.5,false
2025-06-16,Line B,Supplier 2,night,851,Operator 1,Machine 2,28.54,standard,58.64,24.75,true
2025-07-20,Line C,Supplier 3,evening,869,Operator 2,Machine 4,9.7,premium,37.75,20.58,false
2024-01-25,Line A,Supplier 5,evening,550,Operator 4,Machine 3,38.92,standard,69.81,27.53,false
2025-03-18,Line B,Supplier 5,evening,600,Operator 4,Machine 4,53.03,premium,52.32,19.61,false
2025-02-25,Line C,Supplier 1,night,489,Operator 6,Machine 2,21.95,premium,47.54,16.55,true
2025-01-07,Line A,Supplier 4,evening,615,Operator 2,Machine 3,36.82,premium,47.75,29.33,false
2024-04-23,Line A,Supplier 2,day,399,Operator 2,Machine 3,21.0,standard,61.69,23.59,false
2025-03-19,Line B,Supplier 2,day,832,Operator 5,Machine 4,41.44,standard,39.56,24.25,false
2025-05-17,Line A,Supplier 3,night,391,Operator 5,Machine 2,32.37,standard,68.59,11.35,false
2025-04-21,Line A,Supplier 2,evening,1269,Operator 3,Machine 3,31.45,premium,25.86,15.77,false
2024-07-19,Line D,Supplier 3,day,599,Operator 7,Machine 1,13.69,premium,41.82,20.9,false
2024-05-10,Line B,Supplier 4,evening,1202,Operator 2,Machine 2,19.03,standard,67.63,23.37,false
2025-05-17,Line C,Supplier 2,night,673,Operator 6,Machine 3,25.95,premium,31.2,14.43,false
2024-01-15,Line D,Supplier 3,day,847,Operator 6,Machine 5,28.93,standard,60.35,16.05,true
2025-04-14,Line C,Supplier 4,evening,191,Operator 1,Machine 4,22.27,standard,60.15,14.78,false
2025-07-21,Line C,Supplier 5,evening,660,Operator 8,Machine 4,20.66,premium,41.99,24.0,true
2024-05-17,Line D,Supplier 1,night,602,Operator 3,Machine 3,45.26,premium,42.84,17.94,false
2025-02-04,Line B,Supplier 1,evening,936,Operator 2,Machine 1,40.03,premium,71.97,21.53,false
2024-06-19,Line B,Supplier 3,night,359,Operator 8,Machine 6,19.47,standard,61.09,11.17,true
2025-01-20,Line A,Supplier 2,night,929,Operator 5,Machine 4,43.6,premium,49.2,22.29,false
2024-07-28,Line B,Supplier 4,day,325,Operator 5,Machine 4,32.81,premium,46.02,23.4,false
2025-08-24,Line C,Supplier 5,night,134,Operator 1,Machine 5,30.35,premium,43.18,37.27,true
2025-08-18,Line B,Supplier 3,evening,1131,Operator 2,Machine 6,17.35,standard,55.99,30.94,false
2024-09-15,Line A,Supplier 4,day,532,Operator 5,Machine 1,19.87,standard,76.47,19.98,false
2025-07-08,Line A,Supplier 3,night,304,Operator 2,Machine 1,12.64,premium,32.89,21.67,false
2025-01-31,Line C,Supplier 5,evening,663,Operator 6,Machine 5,29.5,standard,59.33,18.98,false
2025-02-09,Line D,Supplier 2,day,1136,Operator 2,Machine 6,50.96,premium,43.4,14.36,true
2025-06-16,Line B,Supplier 2,night,1095,Operator 2,Machine 3,47.8,premium,36.78,31.09,false
2024-11-24,Line A,Supplier 4,day,1050,Operator 2,Machine 2,35.03,premium,32.77,26.8,false
2025-05-10,Line A,Supplier 2,night,1112,Operator 2,Machine 3,28.02,standard,56.62,22.3,true
2025-10-17,Line D,Supplier 2,evening,316,Operator 1,Machine 3,26.09,standard,61.23,21.24,false
2024-06-05,Line B,Supplier 3,evening,1070,Operator 2,Machine 1,13.26,premium,60.14,20.03,false
2025-04-04,Line C,Supplier 4,day,215,Operator 6,Machine 5,35.66,premium,42.36,24.49,false
2025-05-23,Line A,Supplier 2,day,783,Operator 4,Machine 4,30.13,premium,61.26,17.27,true
2025-03-01,Line C,Supplier 3,evening,807,Operator 4,Machine 1,19.18,premium,68.63,14.5,false
2025-09-14,Line A,Supplier 3,night,91,Operator 1,Machine 5,19.08,standard,58.17,21.83,true
2024-04-05,Line A,Supplier 4,night,684,Operator 1,Machine 2,29.86,standard,70.81,16.41,true
2024-07-14,Line A,Supplier 2,evening,1241,Operator 2,Machine 6,33.14,premium,64.36,29.6,false
2024-07-24,Line C,Supplier 5,day,751,Operator 1,Machine 4,27.88,premium,37.99,10.21,false
2024-03-02,Line B,Supplier 3,day,1473,Operator 2,Machine 5,21.59,standard,60.32,22.4,false
2025-01-27,Line A,Supplier 5,day,579,Operator 7,Machine 2,10.55,standard,66.15,28.29,false
2024-06-30,Line B,Supplier 3,day,895,Operator 4,Machine 2,9.78,premium,56.11,21.42,false
2025-08-05,Line C,Supplier 2,day,241,Operator 5,Machine 5,27.76,premium,41.38,18.53,false
2025-06-01,Line C,Supplier 1,evening,50,Operator 8,Machine 5,32.49,premium,41.53,22.18,false
2024-06-15,Line D,Supplier 3,day,541,Operator 2,Machine 1,39.98,premium,64.06,16.15,false
2025-01-18,Line B,Supplier 2,night,1022,Operator 2,Machine 5,22.84,standard,63.1,22.54,false
2024-02-22,Line B,Supplier 5,day,920,Operator 5,Machine 1,25.09,standard,89.15,25.18,false
2024-09-28,Line A,Supplier 2,evening,900,Operator 2,Machine 2,37.99,premium,55.64,17.96,false
2025-05-26,Line A,Supplier 1,day,421,Operator 5,Machine 1,35.28,premium,42.6,20.77,false
2024-11-05,Line B,Supplier 5,evening,776,Operator 1,Machine 6,23.5,premium,20.0,24.03,false
2024-10-13,Line D,Supplier 1,evening,1133,Operator 2,Machine 2,46.23,premium,46.77,17.22,false
2025-01-05,Line D,Supplier 3,day,367,Operator 3,Machine 6,42.88,premium,61.48,16.18,false
2025-08-07,Line C,Supplier 5,day,887,Operator 4,Machine 1,43.16,premium,44.37,16.65,false
2024-06-05,Line A,Supplier 1,day,678,Operator 3,Machine 4,29.16,standard,58.59,20.27,false
2025-01-26,Line B,Supplier 3,evening,636,Operator 6,Machine 5,18.56,standard,64.94,18.63,false
2025-08-28,Line D,Supplier 4,night,289,Operator 5,Machine 5,23.86,standard,51.76,17.5,false
2024-01-21,Line C,Supplier 2,night,1548,Operator 2,Machine 3,43.13,premium,20.0,17.72,true
2024-04-30,Line A,Supplier 2,night,469,Operator 8,Machine 4,42.24,standard,51.43,26.07,false
2025-07-21,Line B,Supplier 3,night,300,Operator 6,Machine 4,46.83,premium,30.52,21.86,true
2025-02-18,Line B,Supplier 3,day,590,Operator 3,Machine 3,43.85,premium,31.0,10.12,false
2025-01-23,Line A,Supplier 1,evening,270,Operator 6,Machine 5,38.9,standard,66.32,25.84,false
2025-05-29,Line B,Supplier 4,day,367,Operator 7,Machine 3,35.2,premium,44.59,27.42,false
2024-04-04,Line B,Supplier 5,day,293,Operator 7,Machine 5,45.11,premium,45.65,17.74,false
2025-12-06,Line B,Supplier 2,night,909,Operator 5,Machine 1,39.65,standard,56.72,14.42,true
2025-10-24,Line B,Supplier 4,day,609,Operator 1,Machine 6,14.84,standard,54.08,23.86,false
2024-02-17,Line B,Supplier 2,evening,871,Operator 1,Machine 5,29.5,premium,59.11,17.28,false
2025-08-02,Line D,Supplier 3,night,861,Operator 1,Machine 3,33.85,premium,22.63,30.05,true
2025-10-30,Line C,Supplier 3,day,771,Operator 1,Machine 3,30.49,standard,58.58,14.85,false
2025-01-27,Line B,Supplier 1,night,321,Operator 4,Machine 5,39.42,premium,20.0,1.04,true
2024-09-08,Line D,Supplier 3,day,94,Operator 1,Machine 5,19.77,standard,60.49,21.7,false
2024-02-14,Line D,Supplier 3,day,922,Operator 2,Machine 4,37.14,standard,71.53,17.72,false
2025-02-02,Line B,Supplier 5,evening,83,Operator 7,Machine 5,17.46,standard,73.05,10.01,false
2025-07-29,Line B,Supplier 3,day,341,Operator 3,Machine 4,39.61,premium,67.01,14.8,false
2024-03-02,Line C,Supplier 5,night,691,Operator 2,Machine 6,30.16,premium,44.44,30.16,true
2025-07-02,Line A,Supplier 2,evening,661,Operator 5,Machine 1,43.08,premium,52.14,25.6,false
2024-10-11,Line C,Supplier 1,day,904,Operator 2,Machine 1,29.01,premium,35.39,10.85,false
2024-11-30,Line A,Supplier 4,night,791,Operator 2,Machine 4,32.84,standard,91.47,26.25,false
2024-07-10,Line A,Supplier 3,day,697,Operator 7,Machine 6,48.26,standard,57.59,38.87,false
2025-09-02,Line A,Supplier 2,night,887,Operator 2,Machine 3,31.23,premium,40.78,10.47,true
2025-11-26,Line B,Supplier 4,evening,705,Operator 8,Machine 6,35.34,standard,51.77,20.84,false
2025-07-09,Line D,Supplier 5,night,759,Operator 6,Machine 5,34.28,standard,68.91,25.3,false
2024-05-07,Line A,Supplier 1,evening,679,Operator 8,Machine 3,27.21,standard,85.86,24.23,false
2025-03-25,Line B,Supplier 4,night,147,Operator 3,Machine 5,40.69,premium,63.15,23.58,false
2024-09-22,Line D,Supplier 1,evening,228,Operator 6,Machine 5,29.19,premium,40.5,19.95,false
2024-08-04,Line A,Supplier 3,evening,523,Operator 3,Machine 1,34.56,premium,26.56,24.33,false
2025-01-22,Line A,Supplier 3,evening,430,Operator 1,Machine 6,5.53,standard,55.24,26.21,false
2025-05-04,Line A,Supplier 5,evening,867,Operator 1,Machine 3,22.58,premium,39.48,19.56,false
2024-03-23,Line A,Supplier 3,evening,804,Operator 8,Machine 5,21.53,standard,48.75,15.85,false
2024-05-11,Line D,Supplier 5,day,228,Operator 3,Machine 5,31.91,standard,77.83,38.68,false
2024-05-01,Line C,Supplier 2,night,824,Operator 6,Machine 1,43.29,standard,37.02,16.66,false
2024-05-08,Line A,Supplier 1,evening,1017,Operator 2,Machine 4,33.49,premium,34.93,7.08,false
2025-03-18,Line B,Supplier 5,day,935,Operator 2,Machine 1,28.21,premium,38.39,25.44,false
2024-02-20,Line D,Supplier 2,evening,1294,Operator 2,Machine 6,26.5,standard,70.78,27.1,false
2024-11-21,Line B,Supplier 4,day,721,Operator 8,Machine 6,61.76,premium,73.86,16.18,false
2024-05-10,Line C,Supplier 4,day,1030,Operator 1,Machine 3,15.58,standard,60.61,23.69,false
2024-01-30,Line B,Supplier 5,day,674,Operator 2,Machine 2,42.32,standard,69.96,15.4,true
2025-10-23,Line A,Supplier 4,day,825,Operator 7,Machine 5,31.2,standard,75.24,26.96,false
2025-11-19,Line B,Supplier 4,evening,1009,Operator 3,Machine 3,28.25,premium,43.93,19.01,false
2025-03-13,Line C,Supplier 1,night,531,Operator 1,Machine 2,25.61,premium,42.83,24.57,false
2025-08-04,Line B,Supplier 5,night,677,Operator 1,Machine 3,29.74,premium,59.86,28.1,true
2024-08-23,Line B,Supplier 2,day,698,Operator 7,Machine 5,31.2,premium,42.59,12.74,false
2025-07-01,Line A,Supplier 2,day,682,Operator 7,Machine 6,33.35,premium,38.26,29.96,false
2024-06-09,Line A,Supplier 5,night,474,Operator 2,Machine 6,35.5,premium,48.15,16.36,true
2024-05-09,Line C,Supplier 4,night,1065,Operator 2,Machine 5,24.3,premium,46.95,26.07,false
2024-06-19,Line B,Supplier 5,evening,1033,Operator 2,Machine 6,38.63,premium,44.51,21.21,false
2025-08-10,Line A,Supplier 5,day,709,Operator 6,Machine 1,22.53,premium,20.0,25.67,false
2024-03-09,Line D,Supplier 3,night,166,Operator 1,Machine 3,47.86,premium,57.53,32.24,false
2024-09-10,Line D,Supplier 3,night,559,Operator 5,Machine 6,45.95,premium,60.41,13.44,false
2024-07-05,Line A,Supplier 1,night,1285,Operator 2,Machine 4,57.59,premium,33.25,11.85,true
2024-09-17,Line C,Supplier 5,night,1120,Operator 7,Machine 4,38.29,premium,42.24,30.77,true
2025-11-04,Line A,Supplier 4,day,85,Operator 8,Machine 4,20.44,standard,77.06,13.68,false
2024-07-17,Line C,Supplier 2,day,1074,Operator 8,Machine 3,23.79,premium,57.68,15.56,false
2025-05-14,Line D,Supplier 2,night,299,Operator 6,Machine 5,29.21,premium,37.19,19.98,true
2024-02-26,Line A,Supplier 2,evening,318,Operator 6,Machine 3,22.07,premium,34.88,21.81,false
2024-02-20,Line B,Supplier 2,night,747,Operator 5,Machine 1,33.81,premium,30.2,26.08,false
2025-12-07,Line B,Supplier 4,evening,711,Operator 6,Machine 6,51.45,premium,29.23,20.45,false
2025-07-03,Line C,Supplier 3,evening,939,Operator 2,Machine 1,30.45,standard,56.52,13.61,true
2024-01-24,Line A,Supplier 2,evening,968,Operator 2,Machine 4,37.56,standard,69.71,11.26,false
2024-03-18,Line A,Supplier 1,night,1333,Operator 2,Machine 3,36.73,standard,64.13,26.78,true
2024-01-27,Line C,Supplier 5,day,289,Operator 3,Machine 5,31.87,premium,38.61,33.21,false
2024-04-16,Line C,Supplier 5,day,649,Operator 6,Machine 6,17.92,premium,46.16,4.29,false
2025-07-28,Line C,Supplier 4,night,82,Operator 6,Machine 5,47.18,premium,57.24,21.91,false
2024-01-27,Line B,Supplier 3,evening,802,Operator 5,Machine 1,11.27,premium,35.49,27.08,false
2024-02-15,Line B,Supplier 3,evening,978,Operator 8,Machine 1,31.0,standard,76.1,12.03,false
2025-08-28,Line A,Supplier 1,night,848,Operator 6,Machine 4,41.97,standard,57.92,14.37,false
2024-03-05,Line D,Supplier 2,day,851,Operator 4,Machine 5,31.44,premium,28.38,17.51,false
2024-04-23,Line A,Supplier 3,day,520,Operator 1,Machine 3,33.88,premium,49.35,18.78,false
2025-11-02,Line A,Supplier 2,day,859,Operator 7,Machine 4,24.44,standard,51.01,31.97,false
2024-04-26,Line B,Supplier 2,evening,936,Operator 6,Machine 3,36.6,premium,57.55,16.38,true
2025-02-25,Line D,Supplier 5,day,50,Operator 5,Machine 5,27.6,premium,23.17,14.99,false
2025-01-29,Line B,Supplier 5,day,1318,Operator 7,Machine 5,59.06,standard,56.17,13.1,false
2025-01-12,Line C,Supplier 5,night,240,Operator 2,Machine 5,26.91,premium,38.09,19.5,false
2025-08-31,Line A,Supplier 3,evening,567,Operator 3,Machine 2,11.58,premium,43.33,27.07,false
2025-06-27,Line A,Supplier 1,night,631,Operator 1,Machine 5,46.92,standard,59.68,23.74,false
2025-08-18,Line B,Supplier 3,day,835,Operator 2,Machine 1,38.69,premium,34.25,20.53,false
2024-01-27,Line D,Supplier 3,night,653,Operator 8,Machine 1,23.36,premium,37.37,30.48,true
2025-06-12,Line D,Supplier 1,evening,821,Operator 5,Machine 2,25.24,standard,61.07,21.75,false
2025-02-05,Line C,Supplier 2,evening,886,Operator 6,Machine 6,45.12,premium,49.48,24.8,true
2025-10-24,Line A,Supplier 3,day,576,Operator 5,Machine 6,32.33,premium,74.25,12.71,false
2024-01-10,Line A,Supplier 4,day,600,Operator 7,Machine 2,26.02,standard,52.93,31.56,false
2024-04-19,Line A,Supplier 1,night,298,Operator 7,Machine 5,42.49,premium,35.18,13.69,false
2025-02-13,Line B,Supplier 1,night,156,Operator 7,Machine 6,52.38,premium,49.08,40.0,false
2025-06-27,Line A,Supplier 5,day,420,Operator 4,Machine 3,59.27,premium,49.89,17.43,true
2025-07-25,Line C,Supplier 2,evening,514,Operator 6,Machine 4,24.32,standard,95.0,18.45,false
2024-03-21,Line B,Supplier 5,day,1067,Operator 8,Machine 6,42.37,standard,76.28,20.2,false
2024-06-28,Line A,Supplier 3,day,446,Operator 5,Machine 6,5.0,premium,25.26,14.56,false
2024-08-25,Line A,Supplier 1,night,1059,Operator 7,Machine 2,12.83,premium,42.3,17.52,true
2024-09-11,Line D,Supplier 3,day,480,Operator 2,Machine 3,42.34,standard,50.03,18.9,false
2024-02-13,Line A,Supplier 2,night,702,Operator 1,Machine 1,30.98,standard,55.52,22.79,false
2024-06-29,Line D,Supplier 2,day,390,Operator 3,Machine 1,33.82,premium,22.27,21.39,false
2024-09-17,Line D,Supplier 3,day,1094,Operator 2,Machine 5,41.06,premium,20.0,23.5,false
2025-05-03,Line A,Supplier 3,night,833,Operator 1,Machine 1,19.86,premium,33.49,32.19,false
2024-12-17,Line A,Supplier 3,evening,320,Operator 8,Machine 4,18.75,premium,40.29,16.41,false
2025-03-27,Line D,Supplier 4,night,785,Operator 2,Machine 1,31.65,standard,61.28,18.36,true
2024-10-21,Line B,Supplier 3,night,395,Operator 3,Machine 4,37.36,premium,81.55,21.97,true
2025-09-20,Line D,Supplier 4,night,612,Operator 5,Machine 4,52.62,premium,48.43,13.82,true
2025-08-29,Line B,Supplier 3,day,485,Operator 4,Machine 5,17.96,premium,20.0,10.62,false
2025-07-02,Line A,Supplier 4,evening,779,Operator 5,Machine 3,30.83,standard,51.93,17.17,false
2024-10-30,Line D,Supplier 1,night,622,Operator 8,Machine 4,47.61,standard,55.23,20.74,false
2025-10-18,Line D,Supplier 5,night,433,Operator 4,Machine 1,48.25,standard,54.24,18.62,true
2025-10-18,Line A,Supplier 3,night,1307,Operator 2,Machine 4,17.37,standard,55.6,23.56,true
2025-09-06,Line C,Supplier 3,day,50,Operator 8,Machine 5,38.02,premium,53.73,36.02,false
2024-11-02,Line C,Supplier 3,evening,327,Operator 7,Machine 5,34.39,premium,87.33,12.94,false
2024-07-14,Line B,Supplier 5,night,805,Operator 8,Machine 6,37.14,standard,67.46,19.71,false
2025-03-06,Line A,Supplier 2,day,557,Operator 3,Machine 4,39.01,premium,28.04,11.58,false
2025-10-22,Line D,Supplier 5,night,951,Operator 2,Machine 2,34.91,standard,58.67,11.15,false
2025-01-04,Line D,Supplier 2,day,591,Operator 1,Machine 6,23.94,standard,51.64,20.4,false
2025-07-02,Line D,Supplier 4,evening,461,Operator 3,Machine 2,34.95,standard,68.51,28.58,true
2024-09-08,Line B,Supplier 3,evening,868,Operator 7,Machine 1,9.78,standard,60.7,21.55,false
2024-03-08,Line A,Supplier 1,day,700,Operator 1,Machine 5,40.14,premium,78.88,24.05,false
2024-12-05,Line A,Supplier 5,day,751,Operator 5,Machine 4,29.85,standard,86.56,17.78,false
2025-11-08,Line C,Supplier 2,night,639,Operator 1,Machine 5,42.43,premium,43.44,17.89,false
2025-09-04,Line C,Supplier 3,night,879,Operator 3,Machine 1,47.41,premium,41.64,22.34,true
2025-12-23,Line D,Supplier 2,day,689,Operator 2,Machine 4,40.62,premium,47.97,23.98,false
2024-05-01,Line D,Supplier 4,night,874,Operator 1,Machine 2,54.97,premium,47.58,26.43,false
2025-06-28,Line B,Supplier 1,evening,1306,Operator 2,Machine 4,42.24,premium,31.61,20.84,false
2025-08-10,Line A,Supplier 5,night,1547,Operator 2,Machine 6,21.17,standard,66.33,20.84,true
2025-01-26,Line C,Supplier 1,day,108,Operator 7,Machine 3,51.44,premium,52.95,23.03,false
2025-10-27,Line A,Supplier 5,evening,978,Operator 2,Machine 4,39.67,premium,33.65,18.47,false
2025-01-10,Line D,Supplier 3,evening,1177,Operator 2,Machine 6,17.6,premium,32.8,24.46,false
2025-07-24,Line C,Supplier 3,night,818,Operator 7,Machine 2,10.18,premium,48.16,30.15,false
2024-01-06,Line A,Supplier 4,night,461,Operator 5,Machine 4,40.23,standard,57.47,12.78,true
2024-08-14,Line C,Supplier 2,day,314,Operator 5,Machine 2,45.84,premium,34.25,11.97,false
2025-09-17,Line B,Supplier 1,night,584,Operator 8,Machine 2,16.74,standard,61.0,19.6,false
2024-03-29,Line C,Supplier 2,evening,726,Operator 5,Machine 4,22.93,premium,33.93,24.02,false
2025-04-17,Line B,Supplier 2,night,1167,Operator 2,Machine 6,38.63,premium,44.26,7.41,false
2025-01-28,Line B,Supplier 3,evening,50,Operator 3,Machine 5,5.0,standard,74.38,26.8,false
2025-10-05,Line B,Supplier 1,night,50,Operator 8,Machine 5,25.33,premium,31.94,2.83,false
2024-07-14,Line C,Supplier 2,night,755,Operator 8,Machine 1,33.65,premium,32.59,27.69,true
2025-06-07,Line B,Supplier 1,day,383,Operator 4,Machine 1,44.14,premium,67.24,15.97,false
2025-01-26,Line A,Supplier 5,evening,1036,Operator 2,Machine 5,36.69,standard,57.73,21.67,true
2025-10-27,Line A,Supplier 1,day,50,Operator 8,Machine 5,23.63,premium,45.88,20.94,false
2025-09-20,Line B,Supplier 3,day,70,Operator 7,Machine 5,26.3,standard,66.48,9.66,false
2025-03-11,Line B,Supplier 3,night,50,Operator 4,Machine 6,50.62,premium,39.52,7.98,false
2025-06-17,Line C,Supplier 2,day,633,Operator 5,Machine 1,21.42,premium,30.41,15.02,false
2024-09-14,Line D,Supplier 2,day,793,Operator 4,Machine 2,17.45,premium,37.29,25.37,false
2025-12-04,Line C,Supplier 1,evening,1141,Operator 2,Machine 6,40.46,premium,69.84,17.38,true
2024-02-03,Line C,Supplier 2,day,555,Operator 3,Machine 6,56.19,standard,65.7,21.08,false
2025-07-02,Line B,Supplier 3,night,65,Operator 7,Machine 5,30.3,standard,63.08,16.74,true
2025-08-14,Line A,Supplier 1,night,1041,Operator 2,Machine 6,44.51,premium,50.42,24.46,false
2024-07-30,Line C,Supplier 2,day,1024,Operator 3,Machine 2,25.65,premium,41.0,5.88,false
2025-01-17,Line C,Supplier 4,evening,572,Operator 3,Machine 2,22.37,premium,46.14,18.75,false
2025-02-24,Line D,Supplier 4,evening,779,Operator 6,Machine 5,39.04,premium,48.94,25.42,false
2024-03-21,Line B,Supplier 5,night,659,Operator 5,Machine 1,23.65,premium,27.38,26.13,false
2025-01-04,Line C,Supplier 2,day,407,Operator 8,Machine 4,27.92,premium,28.99,23.97,false
2024-11-23,Line A,Supplier 3,day,106,Operator 6,Machine 5,50.08,premium,39.46,29.8,false
2024-09-17,Line A,Supplier 5,evening,277,Operator 3,Machine 5,35.39,standard,40.17,17.91,false
2024-11-29,Line B,Supplier 5,night,1288,Operator 2,Machine 1,22.88,premium,47.21,18.9,false
2025-07-03,Line A,Supplier 1,night,571,Operator 3,Machine 5,44.62,standard,51.82,24.42,false
2024-02-25,Line C,Supplier 3,night,807,Operator 5,Machine 4,12.1,premium,38.36,22.44,false
2024-07-02,Line A,Supplier 1,night,183,Operator 7,Machine 5,45.82,premium,66.78,29.68,false
2025-07-30,Line A,Supplier 2,evening,774,Operator 2,Machine 6,20.67,standard,59.43,20.3,false
2025-01-12,Line A,Supplier 2,evening,679,Operator 8,Machine 5,14.52,standard,57.92,11.42,true
2024-06-29,Line A,Supplier 3,night,645,Operator 6,Machine 6,19.86,premium,60.82,20.71,false
2025-05-15,Line A,Supplier 3,day,1292,Operator 2,Machine 1,18.73,premium,51.8,14.41,false
2025-12-24,Line A,Supplier 1,evening,709,Operator 8,Machine 2,34.45,premium,20.0,12.4,false
2024-06-21,Line C,Supplier 4,day,1173,Operator 2,Machine 1,35.01,premium,20.0,20.2,false
2025-11-19,Line A,Supplier 3,evening,742,Operator 3,Machine 4,7.02,premium,33.91,24.43,false
2024-07-23,Line A,Supplier 2,evening,760,Operator 7,Machine 2,21.69,premium,47.15,26.2,false
2025-02-22,Line C,Supplier 5,day,1053,Operator 2,Machine 2,38.58,premium,38.33,17.5,false
2024-05-09,Line A,Supplier 1,day,572,Operator 7,Machine 6,35.83,standard,32.68,17.69,false
2025-05-22,Line B,Supplier 5,day,811,Operator 7,Machine 6,16.96,premium,44.52,21.34,false
2025-09-20,Line B,Supplier 1,day,50,Operator 1,Machine 5,30.88,standard,55.66,29.28,false
2024-09-19,Line A,Supplier 3,evening,459,Operator 3,Machine 5,36.6,premium,51.8,33.38,true
2024-01-10,Line B,Supplier 2,evening,213,Operator 6,Machine 5,36.78,premium,39.06,22.6,false
2025-06-11,Line C,Supplier 5,day,967,Operator 2,Machine 2,34.59,premium,45.75,30.49,false
2024-11-12,Line B,Supplier 1,night,724,Operator 8,Machine 4,34.74,premium,20.0,15.29,false
2025-04-17,Line B,Supplier 2,night,169,Operator 6,Machine 4,37.88,premium,57.35,-0.97,false
2025-06-07,Line A,Supplier 5,night,50,Operator 2,Machine 5,20.35,premium,45.24,18.64,false
2025-06-17,Line C,Supplier 1,evening,482,Operator 4,Machine 4,50.88,premium,44.62,21.54,false
2024-05-08,Line D,Supplier 3,night,454,Operator 3,Machine 3,50.92,premium,32.19,21.6,false
2025-11-11,Line C,Supplier 1,day,50,Operator 1,Machine 5,37.91,premium,47.86,19.57,false
2025-07-08,Line B,Supplier 5,day,526,Operator 4,Machine 1,14.42,premium,68.26,24.9,false
2025-10-05,Line A,Supplier 3,night,1131,Operator 2,Machine 6,14.35,standard,49.73,8.62,true
2024-05-17,Line C,Supplier 2,day,894,Operator 4,Machine 5,23.43,premium,64.64,28.16,false
2024-06-16,Line D,Supplier 4,day,907,Operator 2,Machine 2,36.86,standard,60.43,25.33,false
2024-10-12,Line C,Supplier 2,night,783,Operator 4,Machine 4,28.6,standard,62.81,4.9,false
2025-11-02,Line B,Supplier 4,day,708,Operator 2,Machine 4,42.92,standard,52.62,20.59,false
2024-05-21,Line C,Supplier 4,day,138,Operator 8,Machine 5,36.18,premium,53.39,27.1,false
2024-08-07,Line B,Supplier 3,night,50,Operator 8,Machine 5,27.62,premium,58.64,17.79,false
2025-09-29,Line D,Supplier 4,day,643,Operator 7,Machine 1,33.74,standard,78.65,15.44,false
2025-03-23,Line B,Supplier 2,night,717,Operator 3,Machine 6,26.97,premium,42.34,19.35,false
2024-06-07,Line A,Supplier 2,day,405,Operator 4,Machine 4,31.92,standard,36.96,24.34,false
2025-01-01,Line A,Supplier 3,night,298,Operator 7,Machine 5,32.44,standard,53.97,16.42,false
2025-08-26,Line D,Supplier 3,evening,582,Operator 1,Machine 2,17.34,premium,63.76,23.05,true
2024-03-21,Line A,Supplier 1,day,610,Operator 1,Machine 5,33.06,premium,39.1,4.18,false
2025-03-01,Line A,Supplier 1,night,360,Operator 3,Machine 5,41.9,premium,39.27,30.68,true
2024-07-11,Line D,Supplier 1,day,899,Operator 7,Machine 4,17.79,standard,66.7,19.08,false
2025-04-27,Line D,Supplier 2,day,1145,Operator 2,Machine 3,26.57,premium,40.4,18.57,false
2024-08-02,Line A,Supplier 4,day,50,Operator 6,Machine 5,36.17,standard,76.89,32.65,false
2025-12-21,Line C,Supplier 2,evening,794,Operator 5,Machine 3,28.45,premium,60.9,18.71,false
2025-05-02,Line D,Supplier 3,evening,530,Operator 6,Machine 4,9.59,premium,39.98,20.99,false
2024-11-16,Line B,Supplier 3,night,370,Operator 2,Machine 3,8.78,standard,56.61,24.22,false
2025-12-09,Line D,Supplier 4,day,388,Operator 1,Machine 1,29.35,premium,43.74,15.97,false
2025-01-14,Line C,Supplier 5,night,540,Operator 6,Machine 4,34.25,premium,25.26,31.72,true
2025-04-22,Line B,Supplier 2,day,927,Operator 2,Machine 3,38.26,premium,40.83,21.02,false
2025-06-25,Line A,Supplier 3,night,410,Operator 7,Machine 6,19.8,premium,37.87,26.3,false
2024-04-04,Line B,Supplier 1,day,355,Operator 6,Machine 5,5.0,premium,52.63,11.21,false
2024-03-05,Line B,Supplier 4,evening,776,Operator 8,Machine 5,20.08,premium,56.11,18.32,false
2024-02-24,Line C,Supplier 4,night,830,Operator 8,Machine 4,22.19,premium,40.46,15.51,true
2024-10-04,Line C,Supplier 5,night,167,Operator 5,Machine 5,47.05,premium,29.43,25.77,false
2025-02-14,Line C,Supplier 3,night,797,Operator 3,Machine 5,27.95,premium,20.0,15.85,false
2024-10-10,Line A,Supplier 3,evening,494,Operator 1,Machine 1,32.82,premium,48.11,15.99,false
2025-02-20,Line D,Supplier 5,night,757,Operator 4,Machine 1,36.48,standard,74.29,17.17,false
2025-10-21,Line D,Supplier 4,night,532,Operator 5,Machine 3,44.16,premium,22.0,7.59,true
2024-05-05,Line D,Supplier 5,day,934,Operator 2,Machine 3,36.31,standard,56.52,20.2,false
2025-06-13,Line D,Supplier 4,evening,1150,Operator 2,Machine 2,26.39,premium,28.64,18.79,true
2025-12-28,Line A,Supplier 5,night,910,Operator 4,Machine 3,8.63,premium,40.09,16.44,true
2024-12-18,Line D,Supplier 4,day,551,Operator 7,Machine 5,26.01,premium,25.31,29.34,false
2024-05-07,Line B,Supplier 5,day,848,Operator 1,Machine 2,32.14,standard,73.66,18.23,false
2025-02-26,Line C,Supplier 2,evening,813,Operator 4,Machine 3,30.4,premium,37.72,19.47,true
2024-09-21,Line C,Supplier 2,day,371,Operator 8,Machine 2,28.63,premium,59.59,20.27,false
2024-02-08,Line B,Supplier 1,evening,50,Operator 8,Machine 5,41.24,premium,58.88,32.52,false
2024-03-05,Line C,Supplier 4,evening,1466,Operator 1,Machine 5,40.02,standard,71.9,13.17,false
2024-05-26,Line A,Supplier 3,night,988,Operator 5,Machine 5,28.84,premium,49.76,24.27,false
2024-02-22,Line C,Supplier 5,evening,996,Operator 2,Machine 1,32.25,premium,28.21,38.51,true
2024-11-28,Line B,Supplier 3,night,368,Operator 5,Machine 4,32.48,premium,33.26,20.42,true
2025-03-22,Line A,Supplier 1,evening,947,Operator 2,Machine 6,36.67,standard,51.38,33.69,false
2025-09-05,Line C,Supplier 3,evening,972,Operator 2,Machine 1,28.34,standard,75.05,18.45,true
2025-01-31,Line C,Supplier 1,night,897,Operator 3,Machine 5,60.87,premium,62.85,15.28,true
2025-07-23,Line C,Supplier 1,night,859,Operator 5,Machine 5,27.49,standard,57.91,27.93,true
2025-11-02,Line D,Supplier 5,day,637,Operator 7,Machine 2,35.45,standard,68.51,19.64,false
2024-08-29,Line C,Supplier 4,day,389,Operator 3,Machine 4,43.91,premium,28.51,23.57,false
2025-02-20,Line A,Supplier 5,day,639,Operator 5,Machine 6,11.81,premium,20.0,33.06,false
2025-05-04,Line C,Supplier 4,night,1020,Operator 8,Machine 5,32.4,standard,59.5,15.47,false
2025-05-17,Line A,Supplier 4,evening,1080,Operator 2,Machine 4,43.24,premium,43.51,30.25,false
2024-03-10,Line C,Supplier 3,day,784,Operator 3,Machine 3,30.66,standard,51.3,19.19,false
2025-10-14,Line A,Supplier 1,day,1116,Operator 4,Machine 5,45.26,premium,62.68,21.46,false
2024-08-09,Line B,Supplier 3,evening,520,Operator 8,Machine 3,17.1,standard,54.5,20.32,false
2025-03-04,Line B,Supplier 3,evening,1073,Operator 2,Machine 1,26.91,standard,56.56,15.35,false
2024-04-05,Line C,Supplier 2,day,838,Operator 2,Machine 6,32.48,premium,47.69,15.36,false
2024-11-03,Line A,Supplier 5,evening,336,Operator 8,Machine 2,28.56,premium,81.75,20.49,false
2024-06-24,Line D,Supplier 3,evening,384,Operator 8,Machine 4,28.23,premium,68.49,32.46,false
2025-07-30,Line D,Supplier 1,day,500,Operator 6,Machine 5,42.59,standard,54.37,12.2,false
2024-05-26,Line C,Supplier 4,day,486,Operator 1,Machine 5,23.25,premium,35.1,17.09,false
2025-02-03,Line A,Supplier 1,day,379,Operator 3,Machine 4,29.73,premium,49.66,23.88,false
2025-11-29,Line D,Supplier 3,night,89,Operator 2,Machine 1,24.28,premium,23.9,18.93,true
2025-03-22,Line A,Supplier 4,day,832,Operator 6,Machine 1,41.49,premium,38.99,15.21,false
2024-02-11,Line B,Supplier 1,night,552,Operator 1,Machine 4,41.62,standard,57.43,8.63,false
2024-04-16,Line C,Supplier 1,evening,902,Operator 4,Machine 4,32.2,premium,76.09,19.98,false
2024-06-08,Line D,Supplier 1,evening,1403,Operator 2,Machine 2,35.07,premium,36.18,37.07,false
2024-03-17,Line B,Supplier 4,evening,493,Operator 1,Machine 6,39.12,standard,53.77,31.01,false
2025-08-18,Line B,Supplier 3,day,856,Operator 8,Machine 5,35.3,premium,76.51,18.13,false
2024-09-18,Line B,Supplier 2,night,541,Operator 3,Machine 5,35.32,premium,28.65,17.85,true
2025-04-16,Line B,Supplier 1,day,557,Operator 7,Machine 2,56.22,premium,43.88,8.25,false
2024-10-01,Line B,Supplier 3,evening,364,Operator 3,Machine 5,24.92,premium,73.7,29.25,false
2024-03-26,Line C,Supplier 4,evening,427,Operator 1,Machine 5,25.85,premium,40.73,21.89,false
2025-03-26,Line B,Supplier 2,evening,493,Operator 6,Machine 6,47.37,premium,35.28,38.86,false
2024-01-03,Line A,Supplier 2,night,595,Operator 1,Machine 2,48.26,premium,58.71,13.42,true
2024-07-06,Line A,Supplier 5,night,658,Operator 5,Machine 3,36.1,premium,31.17,29.99,true
2024-12-19,Line A,Supplier 2,day,314,Operator 5,Machine 3,36.46,premium,36.21,11.91,true
2024-11-12,Line A,Supplier 3,night,181,Operator 6,Machine 5,24.45,premium,56.85,17.49,false
2024-01-17,Line C,Supplier 3,evening,643,Operator 7,Machine 6,52.48,premium,20.08,26.38,false
2024-05-07,Line C,Supplier 1,evening,901,Operator 2,Machine 2,35.86,premium,20.0,10.9,true
2025-06-20,Line C,Supplier 5,evening,820,Operator 8,Machine 5,28.24,premium,41.78,15.29,false
2024-03-25,Line B,Supplier 1,day,748,Operator 7,Machine 3,29.99,premium,30.67,7.22,false
2024-03-27,Line B,Supplier 3,night,1132,Operator 4,Machine 6,8.75,premium,51.22,24.09,false
2025-12-23,Line C,Supplier 5,evening,516,Operator 2,Machine 2,25.66,premium,49.1,18.77,false
2025-08-20,Line A,Supplier 3,night,54,Operator 4,Machine 4,13.39,standard,56.67,8.52,false
2024-01-30,Line A,Supplier 1,evening,503,Operator 7,Machine 3,26.17,standard,52.19,16.52,true
2025-02-02,Line D,Supplier 1,day,432,Operator 8,Machine 4,26.99,premium,63.46,14.56,true
2025-03-04,Line B,Supplier 1,night,277,Operator 6,Machine 4,30.97,standard,67.37,14.21,true
2024-02-18,Line A,Supplier 3,day,849,Operator 2,Machine 2,35.39,premium,20.0,31.2,false
2025-06-15,Line A,Supplier 4,day,530,Operator 8,Machine 6,29.11,standard,75.37,22.53,false
2024-12-08,Line C,Supplier 5,day,239,Operator 5,Machine 1,35.03,standard,44.86,29.01,false
2025-06-17,Line C,Supplier 4,night,741,Operator 5,Machine 6,20.63,standard,58.33,22.7,false
2025-08-13,Line C,Supplier 1,evening,637,Operator 1,Machine 3,46.18,premium,29.94,20.71,false
2024-05-12,Line C,Supplier 2,night,926,Operator 2,Machine 5,39.45,standard,72.76,12.97,false
2024-08-24,Line D,Supplier 1,day,503,Operator 5,Machine 3,35.31,premium,49.98,13.69,false
2024-05-11,Line D,Supplier 3,day,1068,Operator 2,Machine 3,48.76,standard,95.0,27.24,false
2024-02-22,Line B,Supplier 2,night,54,Operator 4,Machine 2,21.08,standard,67.79,40.0,true
2025-09-10,Line C,Supplier 1,night,1028,Operator 1,Machine 6,31.4,premium,65.05,13.13,false
2024-02-20,Line A,Supplier 3,day,1061,Operator 7,Machine 2,30.53,premium,34.03,19.01,false
2025-11-25,Line D,Supplier 5,day,380,Operator 3,Machine 1,32.26,standard,58.96,30.58,false
2025-10-26,Line B,Supplier 1,day,517,Operator 5,Machine 6,27.22,premium,34.27,31.17,false
2024-04-21,Line B,Supplier 2,evening,796,Operator 3,Machine 4,28.93,premium,57.56,26.31,false
2025-03-19,Line D,Supplier 5,evening,983,Operator 2,Machine 3,37.26,standard,74.78,24.07,true
2025-06-29,Line D,Supplier 1,evening,50,Operator 2,Machine 3,42.62,standard,64.69,21.89,false
2024-05-12,Line A,Supplier 4,evening,1024,Operator 2,Machine 6,33.29,premium,66.14,10.16,true
2024-02-13,Line D,Supplier 5,night,291,Operator 2,Machine 1,39.23,standard,63.97,26.48,true
2025-04-19,Line C,Supplier 3,night,751,Operator 4,Machine 5,37.46,premium,46.53,22.12,false
2024-06-16,Line B,Supplier 3,evening,587,Operator 4,Machine 4,5.0,premium,31.72,36.11,true
2025-08-28,Line C,Supplier 1,evening,895,Operator 7,Machine 2,43.56,premium,42.6,32.22,false
2025-05-26,Line B,Supplier 4,night,776,Operator 6,Machine 6,42.13,premium,38.94,29.77,false
2024-09-28,Line C,Supplier 3,day,109,Operator 3,Machine 5,22.56,standard,63.8,21.1,false
2025-10-25,Line C,Supplier 2,night,1017,Operator 2,Machine 5,32.27,standard,70.31,13.97,false
2025-07-14,Line A,Supplier 2,day,1445,Operator 2,Machine 4,22.43,standard,39.53,20.02,false
2025-06-12,Line C,Supplier 2,evening,637,Operator 3,Machine 5,30.09,standard,67.26,18.44,false
2025-07-10,Line B,Supplier 3,night,1098,Operator 2,Machine 1,25.43,premium,37.63,28.22,true
2025-11-09,Line A,Supplier 3,day,72,Operator 7,Machine 5,27.11,standard,52.77,27.14,false
2025-04-01,Line D,Supplier 5,day,1249,Operator 2,Machine 2,50.07,premium,50.7,17.99,false
2025-11-02,Line B,Supplier 1,day,555,Operator 5,Machine 6,37.35,premium,49.34,19.5,false
2024-11-25,Line C,Supplier 3,night,884,Operator 2,Machine 2,44.72,premium,49.28,17.99,false
2024-04-25,Line C,Supplier 2,evening,472,Operator 7,Machine 2,33.04,premium,63.41,23.54,false
2024-05-19,Line A,Supplier 5,day,664,Operator 7,Machine 1,30.06,premium,26.16,16.41,false
2024-06-20,Line A,Supplier 3,day,671,Operator 8,Machine 1,26.3,premium,45.98,34.76,false
2025-07-06,Line C,Supplier 3,day,476,Operator 6,Machine 1,32.04,premium,55.49,25.56,false
2025-02-07,Line C,Supplier 4,day,953,Operator 2,Machine 1,25.26,premium,43.67,21.5,false
2024-06-25,Line B,Supplier 3,evening,374,Operator 8,Machine 4,16.34,premium,55.91,13.94,true
2025-07-12,Line A,Supplier 3,day,361,Operator 1,Machine 5,5.0,standard,51.19,31.92,false
2025-05-08,Line A,Supplier 1,evening,690,Operator 1,Machine 6,45.19,premium,45.59,14.75,true
2024-08-19,Line C,Supplier 5,night,679,Operator 3,Machine 4,31.11,premium,49.95,21.93,false
2024-04-25,Line A,Supplier 3,evening,858,Operator 3,Machine 5,9.87,standard,63.09,16.28,false
2025-03-07,Line C,Supplier 5,night,829,Operator 5,Machine 3,51.99,standard,80.39,16.56,false
2024-09-18,Line D,Supplier 5,evening,1022,Operator 2,Machine 5,29.59,standard,50.62,39.1,false
2025-01-29,Line B,Supplier 3,night,941,Operator 7,Machine 6,19.66,standard,53.21,22.36,true
2025-06-04,Line A,Supplier 3,evening,661,Operator 4,Machine 4,20.18,standard,70.33,18.35,false
2024-10-20,Line A,Supplier 1,day,872,Operator 2,Machine 3,38.21,premium,53.06,22.77,false
2025-03-26,Line A,Supplier 1,night,803,Operator 3,Machine 4,39.82,standard,61.22,22.25,false
2024-10-15,Line A,Supplier 2,evening,187,Operator 3,Machine 2,22.99,premium,46.27,17.08,false
2025-03-26,Line A,Supplier 3,evening,692,Operator 5,Machine 1,52.98,premium,20.0,19.02,false
2024-08-28,Line D,Supplier 3,night,517,Operator 7,Machine 1,48.16,premium,45.27,21.3,false
2025-07-18,Line C,Supplier 4,evening,673,Operator 5,Machine 6,26.93,premium,29.85,27.48,false
2024-07-27,Line C,Supplier 3,day,973,Operator 1,Machine 2,24.69,standard,65.96,20.46,true
2025-08-25,Line D,Supplier 4,day,617,Operator 7,Machine 3,35.3,premium,20.0,21.8,false
2025-11-01,Line D,Supplier 5,day,588,Operator 7,Machine 1,24.92,premium,39.28,15.7,false
2025-01-02,Line C,Supplier 5,night,1151,Operator 2,Machine 1,22.49,standard,77.19,19.26,false
2024-11-02,Line D,Supplier 5,night,753,Operator 6,Machine 5,36.15,premium,47.84,21.01,false
2024-11-25,Line B,Supplier 4,day,525,Operator 3,Machine 2,33.06,standard,57.72,16.12,false
2024-12-15,Line C,Supplier 1,day,386,Operator 8,Machine 5,44.23,premium,64.0,17.46,false
2024-08-02,Line C,Supplier 4,day,569,Operator 3,Machine 2,40.86,premium,58.12,20.24,false
2025-01-16,Line C,Supplier 5,night,848,Operator 5,Machine 2,39.5,premium,46.45,15.89,false
2024-03-08,Line C,Supplier 3,evening,679,Operator 4,Machine 3,32.95,premium,46.34,15.57,false
2024-06-11,Line D,Supplier 2,evening,990,Operator 2,Machine 6,38.28,premium,75.56,20.69,false
2025-04-18,Line B,Supplier 5,day,164,Operator 7,Machine 5,46.74,standard,60.54,27.33,false
2024-01-27,Line B,Supplier 4,night,1134,Operator 7,Machine 2,23.01,standard,66.58,21.2,false
2025-10-23,Line A,Supplier 4,evening,437,Operator 8,Machine 1,50.38,standard,68.69,31.93,false
2024-02-01,Line B,Supplier 3,evening,930,Operator 2,Machine 1,19.65,premium,57.33,29.22,false
2025-07-28,Line D,Supplier 2,night,902,Operator 2,Machine 3,25.29,premium,23.54,14.8,true
2025-10-10,Line A,Supplier 2,day,809,Operator 8,Machine 3,32.78,premium,41.21,11.26,false
2024-01-05,Line C,Supplier 1,evening,456,Operator 3,Machine 2,45.03,premium,38.75,12.86,false
2024-10-07,Line D,Supplier 1,evening,547,Operator 6,Machine 6,48.81,premium,45.97,26.06,false
2025-08-19,Line A,Supplier 1,evening,751,Operator 4,Machine 5,44.47,premium,52.05,34.41,false
2025-09-03,Line D,Supplier 1,evening,339,Operator 3,Machine 1,25.87,premium,24.83,27.38,true
2025-10-19,Line B,Supplier 3,night,167,Operator 3,Machine 5,44.67,premium,28.4,20.92,true
2024-04-28,Line C,Supplier 3,evening,364,Operator 3,Machine 6,26.74,premium,49.68,27.1,true
2024-07-20,Line C,Supplier 3,evening,769,Operator 6,Machine 6,34.14,premium,42.81,21.68,true
2025-12-13,Line B,Supplier 1,day,552,Operator 3,Machine 3,32.75,premium,47.37,18.52,false
2024-07-25,Line A,Supplier 1,night,851,Operator 8,Machine 6,36.92,standard,85.17,22.59,true
2024-10-06,Line D,Supplier 4,night,573,Operator 8,Machine 1,34.79,premium,73.89,26.17,false
2024-12-06,Line D,Supplier 4,day,816,Operator 6,Machine 4,36.89,premium,46.39,13.99,false
2024-09-28,Line A,Supplier 3,evening,448,Operator 6,Machine 1,34.12,standard,52.39,13.12,false
2025-08-10,Line A,Supplier 3,night,1039,Operator 2,Machine 6,15.48,standard,51.28,31.46,false
2025-10-25,Line C,Supplier 4,evening,1010,Operator 2,Machine 3,29.4,standard,55.4,37.37,false
2024-05-27,Line C,Supplier 3,day,260,Operator 4,Machine 5,22.41,premium,58.42,16.48,false
2025-04-14,Line C,Supplier 3,night,702,Operator 2,Machine 5,8.32,premium,42.95,33.45,true
2025-11-04,Line B,Supplier 4,day,834,Operator 7,Machine 1,37.72,premium,55.95,18.22,false
2025-08-21,Line D,Supplier 2,day,671,Operator 4,Machine 2,15.33,premium,48.63,29.73,false
2025-07-16,Line C,Supplier 3,night,833,Operator 1,Machine 2,58.72,premium,26.09,14.43,true
2024-09-23,Line B,Supplier 2,evening,521,Operator 8,Machine 4,25.62,premium,20.0,21.31,false
2025-01-18,Line A,Supplier 1,day,126,Operator 5,Machine 4,28.56,standard,66.64,34.46,false
2024-02-06,Line C,Supplier 3,evening,841,Operator 3,Machine 5,24.2,premium,49.63,14.54,false
2024-05-17,Line B,Supplier 3,day,488,Operator 1,Machine 5,17.57,standard,68.98,16.43,false
2025-05-14,Line B,Supplier 5,night,1027,Operator 2,Machine 5,25.86,premium,45.54,4.08,false
2024-11-23,Line C,Supplier 2,day,499,Operator 8,Machine 6,18.65,premium,49.55,11.12,false
2025-12-28,Line A,Supplier 1,day,709,Operator 7,Machine 3,25.97,premium,48.42,8.85,true
2025-02-13,Line B,Supplier 5,day,247,Operator 6,Machine 5,23.12,standard,55.51,13.9,false
2025-07-15,Line D,Supplier 2,day,730,Operator 5,Machine 4,27.98,standard,70.31,23.08,false
2025-09-21,Line D,Supplier 3,night,60,Operator 6,Machine 5,16.84,premium,47.48,27.32,false
2024-12-11,Line D,Supplier 3,day,612,Operator 3,Machine 3,9.45,standard,52.65,23.56,false
2025-09-21,Line A,Supplier 3,day,981,Operator 2,Machine 3,24.21,premium,51.52,25.16,false
2025-06-03,Line A,Supplier 3,night,1284,Operator 3,Machine 4,29.09,premium,35.34,14.77,false
2024-03-22,Line C,Supplier 1,night,270,Operator 2,Machine 3,50.34,premium,72.05,11.84,false
2024-05-16,Line B,Supplier 1,night,50,Operator 4,Machine 5,33.74,premium,52.49,30.0,true
2025-08-20,Line B,Supplier 2,day,1365,Operator 2,Machine 3,37.2,premium,37.07,27.19,false
2025-05-07,Line B,Supplier 3,night,574,Operator 4,Machine 5,36.5,premium,44.93,21.21,true
2025-04-26,Line C,Supplier 1,evening,885,Operator 8,Machine 3,21.13,premium,36.5,14.86,false
2025-04-18,Line A,Supplier 5,day,851,Operator 3,Machine 4,48.35,premium,31.31,19.09,false
2024-10-20,Line D,Supplier 4,day,416,Operator 6,Machine 3,70.48,standard,52.31,33.98,false
2024-11-12,Line D,Supplier 2,day,659,Operator 2,Machine 2,30.62,premium,60.33,25.77,false
2025-12-24,Line C,Supplier 3,evening,457,Operator 2,Machine 5,37.93,standard,83.47,16.47,true
2024-04-12,Line A,Supplier 5,evening,389,Operator 4,Machine 3,34.21,standard,75.78,22.66,false
2025-02-21,Line D,Supplier 3,night,1074,Operator 2,Machine 5,17.21,standard,69.89,26.78,true
2025-02-22,Line D,Supplier 2,day,915,Operator 2,Machine 6,37.34,premium,20.0,20.62,false
2025-09-17,Line B,Supplier 4,day,50,Operator 2,Machine 3,32.1,standard,56.57,19.25,false
2024-01-30,Line B,Supplier 5,day,179,Operator 5,Machine 4,32.33,premium,80.38,16.98,true
2025-01-21,Line C,Supplier 1,night,353,Operator 5,Machine 6,45.6,premium,80.16,20.16,true
2024-05-15,Line A,Supplier 2,evening,1294,Operator 2,Machine 4,31.62,premium,29.98,26.77,false
2025-02-05,Line D,Supplier 3,day,200,Operator 6,Machine 5,13.98,standard,53.12,24.44,false
2024-04-17,Line B,Supplier 3,day,1523,Operator 3,Machine 4,40.94,premium,39.14,14.94,false
2024-08-08,Line D,Supplier 5,night,736,Operator 8,Machine 4,38.55,standard,51.43,17.13,false
2025-05-08,Line A,Supplier 1,evening,260,Operator 8,Machine 3,23.67,standard,50.72,11.59,false
2025-10-28,Line C,Supplier 5,day,498,Operator 3,Machine 5,38.11,premium,20.17,12.31,false
2024-09-20,Line D,Supplier 4,day,225,Operator 8,Machine 2,24.55,premium,38.78,19.23,false
2024-06-20,Line C,Supplier 4,night,982,Operator 7,Machine 1,28.35,premium,42.48,33.61,true
2025-12-27,Line D,Supplier 1,day,935,Operator 7,Machine 4,35.5,standard,77.06,17.16,false
2024-08-09,Line C,Supplier 2,evening,1013,Operator 3,Machine 2,30.42,standard,55.65,14.6,false
2024-12-25,Line A,Supplier 1,day,558,Operator 2,Machine 5,5.91,premium,35.22,22.49,false
2025-07-24,Line B,Supplier 4,day,536,Operator 6,Machine 2,39.55,premium,20.67,14.77,false
2024-10-22,Line B,Supplier 2,evening,582,Operator 1,Machine 6,19.01,premium,52.43,20.03,false
2024-05-30,Line D,Supplier 1,day,542,Operator 8,Machine 4,20.58,premium,32.6,24.69,false
2025-07-02,Line A,Supplier 2,night,1466,Operator 5,Machine 2,33.71,premium,48.59,23.24,true
2024-05-13,Line C,Supplier 1,night,599,Operator 8,Machine 6,37.17,standard,86.55,18.17,false
2025-07-22,Line D,Supplier 1,day,1297,Operator 2,Machine 3,12.84,premium,50.68,31.12,false
2024-05-21,Line B,Supplier 3,night,945,Operator 2,Machine 1,15.55,premium,48.67,15.92,false
2025-01-02,Line B,Supplier 5,evening,747,Operator 4,Machine 6,35.31,premium,51.93,23.62,true
2024-05-12,Line C,Supplier 4,night,474,Operator 8,Machine 6,14.78,premium,42.98,17.94,true
2025-02-04,Line A,Supplier 3,day,1388,Operator 2,Machine 4,41.39,premium,46.6,19.97,false
2024-04-14,Line A,Supplier 4,evening,492,Operator 2,Machine 4,17.46,premium,57.27,12.1,false
2024-03-04,Line B,Supplier 3,day,583,Operator 8,Machine 6,18.35,premium,22.73,22.07,false
2024-12-05,Line C,Supplier 2,day,986,Operator 2,Machine 6,45.85,premium,59.65,18.05,false
2025-03-03,Line D,Supplier 3,evening,569,Operator 7,Machine 6,32.97,premium,39.19,20.12,false
2024-10-27,Line A,Supplier 2,night,50,Operator 8,Machine 1,23.95,premium,66.98,23.08,false
2024-02-04,Line B,Supplier 2,day,698,Operator 7,Machine 4,32.63,premium,33.71,20.5,false
2024-06-19,Line A,Supplier 2,night,591,Operator 3,Machine 5,35.54,premium,68.54,14.66,false
2025-02-24,Line C,Supplier 2,day,50,Operator 6,Machine 4,62.04,standard,72.65,15.95,false
2024-06-18,Line C,Supplier 3,day,480,Operator 2,Machine 1,19.21,premium,48.71,21.8,false
2024-09-20,Line B,Supplier 2,evening,530,Operator 1,Machine 1,35.77,premium,35.05,24.54,false
2024-01-12,Line A,Supplier 1,day,236,Operator 7,Machine 5,29.73,premium,29.52,37.95,false
2025-06-16,Line A,Supplier 3,night,1008,Operator 7,Machine 6,15.7,premium,36.61,22.96,true
2025-09-10,Line D,Supplier 2,evening,584,Operator 3,Machine 4,46.98,standard,51.26,23.19,false
2025-01-04,Line C,Supplier 4,day,776,Operator 4,Machine 5,38.66,premium,49.57,21.79,false
2025-06-15,Line A,Supplier 2,night,50,Operator 6,Machine 5,50.71,premium,31.92,18.92,true
2025-05-14,Line A,Supplier 3,day,877,Operator 3,Machine 2,32.14,premium,38.69,23.21,false
2025-03-31,Line C,Supplier 4,evening,463,Operator 2,Machine 4,28.92,premium,62.93,6.52,false
2025-10-23,Line D,Supplier 4,evening,568,Operator 5,Machine 5,26.45,standard,53.24,30.17,true
2024-06-02,Line D,Supplier 4,day,1184,Operator 2,Machine 2,42.19,standard,67.1,34.57,false
2024-09-04,Line B,Supplier 5,evening,829,Operator 3,Machine 3,15.85,standard,42.2,14.64,false
2024-09-24,Line D,Supplier 3,day,86,Operator 6,Machine 5,24.45,premium,56.47,31.89,false
2025-07-05,Line D,Supplier 2,day,522,Operator 7,Machine 2,50.75,premium,60.99,28.0,false
2024-01-12,Line C,Supplier 3,day,345,Operator 8,Machine 4,13.33,premium,42.88,17.09,false
2025-08-28,Line A,Supplier 4,evening,651,Operator 8,Machine 3,43.31,standard,61.45,20.69,false
2024-03-09,Line D,Supplier 1,day,1054,Operator 2,Machine 1,34.3,standard,61.28,20.7,false
2024-08-06,Line A,Supplier 4,day,1155,Operator 2,Machine 4,58.94,premium,20.0,38.96,false
2025-12-25,Line A,Supplier 3,evening,340,Operator 4,Machine 1,32.55,standard,76.09,21.83,false
2025-08-22,Line B,Supplier 3,day,710,Operator 6,Machine 4,9.79,standard,67.42,23.0,false
2024-04-07,Line B,Supplier 3,night,707,Operator 1,Machine 1,16.3,premium,27.37,4.78,true
2024-12-16,Line A,Supplier 3,evening,348,Operator 7,Machine 4,14.57,premium,50.68,20.9,true
2024-03-28,Line B,Supplier 2,evening,317,Operator 2,Machine 3,17.78,premium,39.7,29.44,false
2025-11-23,Line C,Supplier 3,evening,975,Operator 5,Machine 5,31.5,premium,40.87,18.13,true
2025-08-08,Line C,Supplier 1,day,776,Operator 4,Machine 5,37.83,premium,22.12,10.23,false
2025-02-21,Line B,Supplier 1,evening,680,Operator 6,Machine 6,22.46,premium,32.41,27.46,false
2024-10-26,Line B,Supplier 1,day,904,Operator 2,Machine 5,21.71,premium,41.35,22.61,true
2024-05-13,Line B,Supplier 1,day,172,Operator 7,Machine 5,27.2,premium,38.43,18.07,false
2024-08-04,Line C,Supplier 5,evening,1036,Operator 2,Machine 4,35.49,standard,59.48,24.28,false
2025-09-05,Line B,Supplier 5,night,197,Operator 6,Machine 5,30.59,standard,54.66,20.83,false
2024-05-18,Line A,Supplier 2,day,691,Operator 1,Machine 5,38.83,premium,70.79,16.42,true
2024-12-20,Line C,Supplier 1,evening,471,Operator 3,Machine 5,42.39,premium,33.05,8.88,true
2024-10-11,Line B,Supplier 3,night,700,Operator 1,Machine 5,40.06,premium,48.75,17.52,true
2025-03-20,Line C,Supplier 1,night,546,Operator 8,Machine 3,29.95,standard,53.06,21.0,false
2025-03-10,Line C,Supplier 1,night,576,Operator 4,Machine 4,24.21,premium,72.51,22.09,true
2025-01-09,Line C,Supplier 4,evening,893,Operator 6,Machine 4,37.26,premium,44.61,13.95,false
2025-11-30,Line B,Supplier 1,evening,266,Operator 4,Machine 3,36.45,standard,51.6,30.86,false
2025-06-06,Line A,Supplier 1,evening,729,Operator 5,Machine 3,30.45,premium,65.82,20.5,false
2025-03-30,Line C,Supplier 5,day,900,Operator 2,Machine 4,37.02,premium,61.13,26.33,false
2024-05-04,Line B,Supplier 5,day,244,Operator 4,Machine 5,30.43,standard,53.29,28.86,false
2025-10-25,Line C,Supplier 5,night,218,Operator 7,Machine 4,36.9,premium,21.15,15.66,false
2025-11-16,Line B,Supplier 3,night,611,Operator 7,Machine 3,10.53,premium,36.07,28.21,true
2024-02-23,Line A,Supplier 3,evening,289,Operator 2,Machine 5,32.91,premium,47.45,15.77,false
2024-06-25,Line A,Supplier 3,day,1137,Operator 2,Machine 5,30.93,standard,55.02,34.63,false
2024-03-23,Line A,Supplier 4,night,1148,Operator 2,Machine 2,37.16,premium,46.12,23.37,false
2024-01-10,Line B,Supplier 3,night,372,Operator 4,Machine 3,44.19,premium,35.44,33.86,true
2024-11-20,Line D,Supplier 4,night,552,Operator 4,Machine 2,43.01,premium,43.7,29.89,true
2025-02-02,Line B,Supplier 4,night,405,Operator 2,Machine 2,28.38,standard,65.3,15.58,false
2025-07-14,Line A,Supplier 2,day,1025,Operator 2,Machine 4,36.62,premium,30.63,28.82,false
2024-01-12,Line C,Supplier 4,evening,391,Operator 2,Machine 4,27.5,standard,62.98,27.31,false
2025-04-04,Line C,Supplier 2,day,1355,Operator 2,Machine 2,33.79,premium,62.33,29.89,false
2025-04-21,Line B,Supplier 1,day,1376,Operator 8,Machine 2,39.08,premium,58.42,16.45,false
2024-12-22,Line B,Supplier 3,day,436,Operator 1,Machine 3,28.37,standard,57.04,35.56,false
2024-07-16,Line A,Supplier 4,day,1003,Operator 2,Machine 1,36.48,premium,46.19,28.55,false
2024-08-14,Line A,Supplier 2,night,853,Operator 8,Machine 6,30.24,premium,51.26,29.72,false
2024-03-13,Line C,Supplier 3,day,399,Operator 1,Machine 5,37.56,premium,48.01,28.41,false
2025-12-12,Line B,Supplier 1,night,545,Operator 8,Machine 6,38.02,premium,20.0,20.02,false
2024-08-02,Line C,Supplier 1,night,694,Operator 7,Machine 4,42.45,standard,27.03,24.19,false
2025-10-23,Line B,Supplier 3,night,1061,Operator 2,Machine 5,15.18,standard,65.78,26.58,true
2024-01-23,Line C,Supplier 3,day,343,Operator 1,Machine 2,16.7,premium,48.55,26.05,false
2024-08-10,Line C,Supplier 3,evening,792,Operator 5,Machine 5,40.06,premium,71.6,18.05,false
2024-12-29,Line C,Supplier 3,day,381,Operator 8,Machine 1,17.54,premium,34.34,18.44,false
2024-07-14,Line C,Supplier 3,night,702,Operator 8,Machine 2,26.02,premium,66.02,8.71,true
2025-02-24,Line A,Supplier 1,day,208,Operator 8,Machine 1,39.12,premium,46.73,19.85,false
2024-08-16,Line A,Supplier 5,evening,377,Operator 5,Machine 3,40.43,premium,49.97,27.77,true
2024-03-17,Line D,Supplier 3,evening,362,Operator 2,Machine 5,25.92,premium,32.15,21.0,false
2025-07-18,Line B,Supplier 3,night,392,Operator 4,Machine 5,17.46,premium,41.64,26.73,false
2025-09-08,Line B,Supplier 5,night,811,Operator 1,Machine 3,24.38,premium,45.32,12.32,false
2025-03-08,Line B,Supplier 5,night,50,Operator 6,Machine 3,21.35,standard,55.75,22.03,false
2024-11-24,Line D,Supplier 2,day,370,Operator 6,Machine 5,51.83,premium,48.46,20.97,false
2024-05-23,Line C,Supplier 5,evening,560,Operator 5,Machine 5,28.12,premium,41.69,13.59,false
2025-06-09,Line C,Supplier 5,night,480,Operator 8,Machine 3,28.81,standard,74.58,28.7,false
2025-07-01,Line D,Supplier 1,night,450,Operator 2,Machine 1,52.32,premium,51.34,20.43,false
2025-09-17,Line B,Supplier 2,evening,848,Operator 1,Machine 4,42.91,premium,41.56,22.88,false
2025-08-31,Line D,Supplier 1,night,111,Operator 6,Machine 5,58.38,standard,70.95,16.05,false
2025-10-25,Line A,Supplier 5,day,461,Operator 8,Machine 1,45.78,premium,32.75,17.65,false
2025-06-11,Line B,Supplier 3,evening,1131,Operator 2,Machine 6,34.85,premium,32.75,21.53,false
2024-12-02,Line A,Supplier 3,day,50,Operator 4,Machine 5,40.7,premium,56.0,29.29,false
2024-07-27,Line A,Supplier 5,night,863,Operator 6,Machine 1,40.75,standard,50.22,21.71,false
2024-12-24,Line C,Supplier 5,day,1035,Operator 2,Machine 5,22.53,premium,54.6,10.32,true
2024-08-20,Line C,Supplier 1,night,490,Operator 2,Machine 5,23.69,premium,42.93,26.07,true
2024-07-08,Line A,Supplier 5,day,639,Operator 8,Machine 2,36.12,premium,34.01,27.53,false
2024-10-09,Line A,Supplier 4,evening,993,Operator 3,Machine 1,43.69,premium,72.03,18.67,false
2024-11-16,Line A,Supplier 5,day,468,Operator 7,Machine 3,33.24,premium,55.31,38.06,true
2024-06-06,Line C,Supplier 2,night,781,Operator 1,Machine 6,37.24,premium,37.27,25.45,true
2025-06-27,Line D,Supplier 2,day,388,Operator 6,Machine 1,31.77,standard,56.26,19.23,false
2024-04-16,Line A,Supplier 4,night,395,Operator 5,Machine 1,44.34,standard,67.21,18.5,true
2025-09-28,Line A,Supplier 1,day,1195,Operator 8,Machine 1,31.01,standard,85.85,9.99,false
2025-04-07,Line A,Supplier 1,evening,1197,Operator 2,Machine 2,24.42,standard,80.96,31.95,false
2024-02-19,Line C,Supplier 3,evening,134,Operator 7,Machine 5,39.81,premium,58.26,16.11,false
2025-07-02,Line B,Supplier 5,night,694,Operator 8,Machine 2,50.65,premium,49.74,25.57,true
2025-12-17,Line A,Supplier 4,night,673,Operator 4,Machine 6,28.38,standard,57.82,14.58,false
2025-08-30,Line D,Supplier 2,evening,850,Operator 4,Machine 6,26.05,premium,74.11,20.63,false
2025-11-03,Line D,Supplier 1,night,1066,Operator 2,Machine 6,34.87,premium,36.48,25.13,false
2024-06-22,Line A,Supplier 1,night,475,Operator 3,Machine 4,32.63,standard,54.57,17.21,true
2024-11-21,Line C,Supplier 2,night,696,Operator 5,Machine 1,46.04,premium,45.93,26.62,false
2024-09-23,Line D,Supplier 1,day,655,Operator 7,Machine 1,42.36,standard,56.73,21.61,false
2024-02-15,Line C,Supplier 3,night,371,Operator 8,Machine 3,16.39,standard,74.65,27.12,false
2025-01-17,Line B,Supplier 4,night,214,Operator 8,Machine 5,32.16,premium,35.69,19.32,false
2024-08-18,Line C,Supplier 5,day,780,Operator 4,Machine 3,31.28,standard,47.93,9.41,false
2025-06-18,Line D,Supplier 3,evening,832,Operator 4,Machine 6,38.04,premium,47.04,23.5,false
2024-09-23,Line A,Supplier 4,day,424,Operator 4,Machine 2,36.2,standard,75.57,14.21,false
2024-12-30,Line A,Supplier 1,day,1323,Operator 7,Machine 1,27.56,premium,50.8,18.03,true
2025-04-27,Line D,Supplier 2,day,869,Operator 7,Machine 6,9.13,premium,48.82,28.31,false
2025-09-12,Line D,Supplier 4,day,588,Operator 1,Machine 5,5.0,premium,67.78,29.56,false
2024-11-02,Line A,Supplier 1,day,1062,Operator 2,Machine 4,40.55,premium,34.31,19.89,false
2025-02-21,Line C,Supplier 5,night,654,Operator 4,Machine 6,28.21,premium,69.77,35.28,false
2025-11-22,Line D,Supplier 3,evening,1070,Operator 2,Machine 5,24.26,premium,56.09,21.17,false
2024-08-28,Line A,Supplier 2,evening,657,Operator 5,Machine 3,52.37,premium,35.23,19.43,false
2024-08-05,Line A,Supplier 3,day,711,Operator 6,Machine 4,13.71,premium,49.13,20.4,false
2024-06-25,Line D,Supplier 5,night,1201,Operator 6,Machine 2,35.68,standard,51.1,31.37,false
2025-10-01,Line D,Supplier 2,evening,151,Operator 7,Machine 5,23.72,premium,40.26,29.67,false
2024-04-18,Line C,Supplier 1,evening,532,Operator 1,Machine 3,20.67,standard,62.8,24.46,false
2024-12-31,Line C,Supplier 5,day,742,Operator 2,Machine 2,30.57,standard,54.48,20.98,false
2025-05-29,Line A,Supplier 3,day,729,Operator 5,Machine 4,13.53,premium,44.0,13.9,false
2024-06-30,Line B,Supplier 3,day,655,Operator 6,Machine 2,44.41,premium,48.09,20.46,false
2025-06-03,Line C,Supplier 2,day,50,Operator 8,Machine 5,24.25,premium,23.44,17.84,false
2024-06-30,Line C,Supplier 4,night,1243,Operator 2,Machine 1,10.91,standard,80.05,23.32,true
2024-05-18,Line B,Supplier 3,day,808,Operator 3,Machine 5,35.69,premium,42.49,21.66,false
2025-03-08,Line B,Supplier 3,day,704,Operator 8,Machine 4,11.12,premium,29.93,20.7,false
2025-11-23,Line D,Supplier 4,day,672,Operator 7,Machine 6,51.59,standard,92.63,20.89,false
2024-09-11,Line A,Supplier 2,night,914,Operator 1,Machine 2,31.27,premium,28.79,13.01,true
2025-11-28,Line B,Supplier 3,day,1089,Operator 2,Machine 1,23.56,premium,40.09,29.96,true
2025-12-05,Line A,Supplier 1,evening,1053,Operator 2,Machine 6,50.07,premium,46.45,29.56,false
2024-11-02,Line A,Supplier 5,evening,735,Operator 6,Machine 3,10.77,premium,54.63,14.75,false
2024-08-31,Line D,Supplier 3,evening,691,Operator 3,Machine 1,36.41,premium,29.55,11.2,false
2024-10-30,Line A,Supplier 2,day,1277,Operator 2,Machine 5,38.37,premium,56.14,18.51,false
2025-02-26,Line A,Supplier 3,night,322,Operator 7,Machine 6,33.4,premium,42.13,12.85,true
2025-11-13,Line C,Supplier 1,day,225,Operator 4,Machine 5,39.9,premium,28.12,19.61,false
2025-11-13,Line B,Supplier 1,evening,50,Operator 6,Machine 4,32.28,standard,50.44,12.52,false
2024-03-16,Line D,Supplier 4,evening,153,Operator 3,Machine 3,35.15,premium,32.99,13.45,false
2025-03-02,Line A,Supplier 4,evening,735,Operator 4,Machine 6,30.28,premium,40.14,31.59,true
2024-08-12,Line A,Supplier 3,evening,502,Operator 4,Machine 2,11.46,premium,39.28,26.04,false
2024-07-12,Line B,Supplier 5,day,610,Operator 3,Machine 5,44.62,standard,51.32,17.84,true
2025-11-21,Line C,Supplier 2,evening,889,Operator 7,Machine 5,22.05,premium,64.87,18.3,false
2024-08-05,Line D,Supplier 5,day,416,Operator 8,Machine 4,30.63,standard,42.01,27.59,false
2024-08-22,Line C,Supplier 4,night,174,Operator 1,Machine 4,32.86,standard,51.86,13.31,true
2024-11-04,Line B,Supplier 2,day,863,Operator 7,Machine 3,50.92,premium,39.37,15.81,true
2024-06-12,Line D,Supplier 5,evening,683,Operator 8,Machine 6,21.75,premium,55.69,26.11,false
2025-02-17,Line A,Supplier 4,night,1069,Operator 1,Machine 1,24.5,standard,57.72,12.53,false
2024-07-25,Line A,Supplier 3,night,1082,Operator 2,Machine 2,41.4,premium,48.58,28.19,false
2024-09-29,Line C,Supplier 3,day,1058,Operator 7,Machine 4,33.38,premium,33.24,18.15,true
2024-10-02,Line B,Supplier 1,evening,712,Operator 7,Machine 5,8.13,premium,56.27,30.07,false
2024-12-31,Line D,Supplier 5,day,495,Operator 3,Machine 6,39.74,standard,40.79,25.14,false
2025-12-25,Line B,Supplier 5,day,749,Operator 1,Machine 4,14.66,premium,53.97,18.33,false
2025-01-17,Line D,Supplier 3,day,668,Operator 4,Machine 3,44.35,premium,66.71,6.55,false
2025-02-10,Line A,Supplier 2,evening,932,Operator 2,Machine 2,22.38,premium,51.68,23.89,false
2024-04-22,Line C,Supplier 4,evening,1045,Operator 2,Machine 2,43.33,premium,20.0,24.5,false
2025-11-11,Line A,Supplier 4,evening,1413,Operator 2,Machine 3,37.97,standard,56.6,19.04,true
2024-03-17,Line C,Supplier 3,day,1017,Operator 2,Machine 4,34.03,premium,61.82,16.1,false
2024-05-28,Line A,Supplier 2,day,788,Operator 6,Machine 5,23.25,premium,45.19,29.9,false
2024-11-28,Line B,Supplier 3,night,590,Operator 5,Machine 5,5.0,premium,61.53,14.24,true
2024-06-07,Line B,Supplier 1,night,589,Operator 4,Machine 5,18.27,premium,40.03,16.83,true
2024-04-25,Line C,Supplier 1,day,636,Operator 1,Machine 5,22.43,premium,60.56,21.17,false
2024-09-23,Line B,Supplier 5,day,780,Operator 8,Machine 5,27.16,premium,44.02,13.98,false
2025-11-01,Line A,Supplier 3,night,508,Operator 8,Machine 1,23.57,premium,20.0,18.03,true
2024-08-10,Line B,Supplier 5,day,817,Operator 8,Machine 3,37.13,premium,68.92,16.55,false
2024-08-10,Line A,Supplier 2,night,924,Operator 2,Machine 4,40.92,premium,49.16,28.58,false
2024-05-13,Line D,Supplier 4,evening,228,Operator 2,Machine 5,24.87,standard,62.4,15.75,false
2024-09-27,Line A,Supplier 2,night,185,Operator 8,Machine 5,36.95,premium,42.65,20.78,false
2025-01-27,Line A,Supplier 3,day,1017,Operator 2,Machine 3,21.18,standard,39.43,14.86,false
2024-12-30,Line D,Supplier 2,night,300,Operator 2,Machine 5,22.87,premium,47.96,15.86,false
2025-11-03,Line C,Supplier 3,night,273,Operator 7,Machine 5,5.58,premium,26.99,23.36,false
2025-11-17,Line D,Supplier 1,night,618,Operator 4,Machine 3,33.44,premium,43.21,12.8,false
2024-05-24,Line A,Supplier 1,night,1316,Operator 4,Machine 4,22.28,standard,54.62,26.67,false
2025-09-16,Line C,Supplier 4,evening,534,Operator 6,Machine 4,34.41,premium,52.53,9.44,false
2024-02-02,Line A,Supplier 4,day,804,Operator 6,Machine 1,28.79,premium,43.99,11.4,false
2024-08-07,Line D,Supplier 1,evening,1047,Operator 2,Machine 5,35.77,standard,55.58,19.84,false
2025-08-15,Line A,Supplier 5,night,776,Operator 7,Machine 1,23.81,premium,34.02,9.27,false
2024-06-02,Line B,Supplier 3,day,573,Operator 2,Machine 5,20.98,premium,60.57,28.98,false
2024-05-10,Line D,Supplier 3,day,1121,Operator 4,Machine 6,7.52,standard,58.95,20.34,false
2025-11-23,Line B,Supplier 5,evening,519,Operator 6,Machine 4,29.84,standard,51.45,9.55,false
2025-05-26,Line B,Supplier 2,day,50,Operator 5,Machine 5,25.4,premium,63.3,18.95,false
2025-12-24,Line C,Supplier 4,day,798,Operator 4,Machine 5,38.67,premium,64.8,16.06,false
2024-05-31,Line B,Supplier 2,evening,818,Operator 6,Machine 1,20.79,standard,55.0,24.91,true
2025-07-16,Line D,Supplier 2,night,369,Operator 2,Machine 6,20.78,premium,42.43,13.68,true
2024-01-25,Line A,Supplier 3,day,563,Operator 6,Machine 6,39.05,standard,52.29,16.95,false
2024-12-11,Line A,Supplier 2,evening,934,Operator 4,Machine 2,10.92,standard,53.25,24.96,true
2025-10-09,Line B,Supplier 2,night,822,Operator 4,Machine 1,35.64,standard,63.3,18.38,false
2025-04-11,Line D,Supplier 3,day,734,Operator 5,Machine 3,19.54,premium,30.71,11.72,false
2024-04-13,Line B,Supplier 2,day,1209,Operator 4,Machine 6,35.18,standard,63.36,19.55,true
2025-12-29,Line C,Supplier 3,night,778,Operator 2,Machine 4,18.33,standard,50.77,31.87,false
2025-06-19,Line D,Supplier 2,night,245,Operator 8,Machine 4,23.61,premium,83.8,14.6,true
2025-01-11,Line B,Supplier 2,day,583,Operator 4,Machine 2,16.08,premium,20.0,29.33,false
2024-11-14,Line A,Supplier 5,evening,840,Operator 7,Machine 6,28.61,premium,53.49,22.14,false
2025-03-29,Line C,Supplier 1,evening,345,Operator 1,Machine 4,27.06,premium,65.45,15.98,false
2025-11-17,Line A,Supplier 2,night,490,Operator 5,Machine 3,6.8,standard,58.97,13.25,false
2024-11-07,Line A,Supplier 2,day,576,Operator 4,Machine 2,25.01,premium,34.53,13.92,false
2025-12-14,Line C,Supplier 4,evening,1278,Operator 6,Machine 4,23.38,premium,53.76,14.94,false
2025-06-13,Line A,Supplier 3,night,1014,Operator 2,Machine 5,20.48,standard,68.89,8.84,true
2024-03-24,Line A,Supplier 1,evening,230,Operator 2,Machine 5,37.94,premium,46.2,24.0,false
2025-08-15,Line B,Supplier 2,day,159,Operator 6,Machine 5,29.38,premium,43.31,31.18,false
2024-07-11,Line D,Supplier 1,night,802,Operator 8,Machine 6,24.7,premium,40.54,12.59,true
2025-07-13,Line B,Supplier 2,evening,656,Operator 6,Machine 4,42.26,standard,74.96,17.62,false
2025-10-07,Line A,Supplier 5,night,1001,Operator 2,Machine 1,19.65,premium,43.78,30.34,true
2024-04-07,Line B,Supplier 2,evening,270,Operator 5,Machine 3,42.0,premium,46.03,28.12,false
2025-11-23,Line C,Supplier 2,night,965,Operator 8,Machine 4,34.36,standard,62.95,30.49,true
2024-02-21,Line A,Supplier 4,night,657,Operator 2,Machine 1,40.89,standard,57.0,14.52,false
2025-09-22,Line C,Supplier 2,night,1123,Operator 3,Machine 1,44.67,premium,53.41,14.75,false
2024-03-02,Line D,Supplier 1,night,926,Operator 2,Machine 4,55.17,premium,20.0,21.3,false
2024-12-31,Line C,Supplier 4,night,556,Operator 4,Machine 4,42.63,standard,58.64,19.04,false
2024-12-24,Line A,Supplier 4,day,193,Operator 5,Machine 5,40.99,standard,60.01,26.98,true
2024-08-25,Line A,Supplier 5,night,964,Operator 2,Machine 3,55.38,premium,46.09,37.25,false
2025-12-09,Line C,Supplier 5,evening,1117,Operator 2,Machine 4,37.94,standard,54.34,18.33,false
2024-10-15,Line B,Supplier 3,evening,422,Operator 3,Machine 4,39.08,premium,31.74,20.33,true
2024-05-26,Line B,Supplier 2,day,1179,Operator 2,Machine 1,52.0,standard,65.72,21.14,true
2024-07-16,Line D,Supplier 5,night,480,Operator 8,Machine 4,39.65,premium,61.85,25.21,true
2025-05-27,Line D,Supplier 2,day,458,Operator 1,Machine 5,26.59,standard,56.46,11.68,false
2024-03-27,Line A,Supplier 3,night,1374,Operator 2,Machine 2,37.75,standard,61.32,16.77,false
2025-07-02,Line B,Supplier 5,day,758,Operator 3,Machine 3,23.87,standard,68.28,21.02,false
2024-03-05,Line C,Supplier 3,day,50,Operator 6,Machine 1,16.45,premium,37.62,18.16,false
2024-12-20,Line A,Supplier 3,evening,242,Operator 3,Machine 5,12.34,premium,20.0,19.29,false
2024-07-18,Line C,Supplier 3,night,530,Operator 7,Machine 4,31.31,standard,52.96,15.0,false
2024-02-26,Line B,Supplier 3,day,787,Operator 6,Machine 6,5.01,premium,52.45,21.5,false
2024-07-12,Line B,Supplier 1,evening,459,Operator 3,Machine 2,28.25,premium,48.7,29.42,false
2025-08-20,Line D,Supplier 3,day,883,Operator 8,Machine 3,26.78,premium,49.5,25.72,false
2024-02-10,Line D,Supplier 5,night,955,Operator 2,Machine 2,23.2,premium,46.54,11.34,true
2025-04-01,Line D,Supplier 4,evening,643,Operator 2,Machine 1,55.53,standard,95.0,11.07,false
2025-08-01,Line C,Supplier 1,evening,330,Operator 2,Machine 2,40.28,standard,60.27,15.87,false
2024-12-01,Line A,Supplier 3,day,735,Operator 6,Machine 5,18.82,premium,29.5,13.73,false
2025-11-27,Line D,Supplier 1,evening,429,Operator 5,Machine 2,31.38,standard,53.51,16.42,false
2024-04-08,Line A,Supplier 1,night,729,Operator 5,Machine 3,37.32,premium,36.57,17.2,true
2025-01-25,Line D,Supplier 5,day,519,Operator 8,Machine 5,23.45,premium,41.65,20.47,false
2025-06-17,Line A,Supplier 4,day,740,Operator 3,Machine 4,31.47,premium,25.89,12.34,false
2025-05-06,Line C,Supplier 3,evening,689,Operator 5,Machine 4,46.05,premium,46.56,14.91,false
2024-06-29,Line D,Supplier 4,evening,904,Operator 6,Machine 5,31.11,premium,46.0,11.44,false
2024-07-17,Line A,Supplier 1,day,589,Operator 1,Machine 4,25.9,premium,43.28,9.15,false
2025-07-26,Line C,Supplier 2,night,831,Operator 7,Machine 4,19.3,premium,73.82,18.09,false
2024-03-30,Line A,Supplier 4,day,595,Operator 5,Machine 6,38.23,standard,58.15,18.78,false
2025-02-24,Line C,Supplier 2,evening,424,Operator 7,Machine 6,25.05,premium,44.8,34.78,true
2024-05-13,Line A,Supplier 3,day,614,Operator 1,Machine 1,44.26,premium,48.11,18.18,false
2025-02-05,Line B,Supplier 1,day,458,Operator 5,Machine 3,36.58,premium,40.95,26.35,true
2024-09-16,Line B,Supplier 5,day,892,Operator 4,Machine 5,23.32,premium,34.45,15.94,false
2025-06-14,Line B,Supplier 3,night,999,Operator 2,Machine 5,29.25,premium,32.64,18.05,true
2024-04-06,Line C,Supplier 1,evening,822,Operator 8,Machine 6,21.88,premium,42.16,6.91,false
2025-09-30,Line D,Supplier 4,night,727,Operator 8,Machine 2,48.5,premium,46.68,14.84,true
2025-12-22,Line D,Supplier 5,evening,623,Operator 3,Machine 6,32.59,premium,21.21,28.53,false
2024-08-31,Line B,Supplier 1,night,226,Operator 6,Machine 5,36.51,standard,60.69,22.34,true
2024-12-24,Line B,Supplier 5,night,286,Operator 8,Machine 5,41.33,standard,60.08,11.09,false
2024-04-01,Line B,Supplier 3,night,1243,Operator 2,Machine 5,19.27,premium,71.17,21.0,true
2024-12-24,Line C,Supplier 4,night,536,Operator 2,Machine 5,40.87,standard,53.38,21.13,false
2024-09-20,Line A,Supplier 2,day,618,Operator 8,Machine 6,37.57,standard,56.63,9.92,false
2024-03-05,Line D,Supplier 4,night,993,Operator 2,Machine 1,31.26,premium,38.4,19.41,true
2024-05-26,Line B,Supplier 1,night,627,Operator 7,Machine 3,47.62,premium,65.81,23.24,false
2025-04-13,Line B,Supplier 3,night,1094,Operator 3,Machine 3,40.86,standard,72.35,25.26,false
2024-05-26,Line A,Supplier 5,night,1059,Operator 2,Machine 5,30.0,premium,43.19,23.49,true
2024-12-24,Line A,Supplier 5,evening,778,Operator 7,Machine 1,32.61,standard,71.41,16.58,false
2024-07-04,Line B,Supplier 5,evening,1048,Operator 2,Machine 1,73.27,premium,35.67,26.38,false
2025-04-16,Line B,Supplier 4,evening,466,Operator 3,Machine 6,29.88,premium,34.1,19.24,false
2025-06-06,Line A,Supplier 3,evening,426,Operator 1,Machine 1,36.03,premium,64.19,18.81,false
2025-10-31,Line B,Supplier 5,night,782,Operator 8,Machine 5,28.08,premium,48.79,12.17,true
2024-08-20,Line C,Supplier 1,night,550,Operator 1,Machine 4,40.01,premium,36.88,21.89,false
2025-06-25,Line B,Supplier 3,day,651,Operator 4,Machine 6,43.12,standard,71.55,27.56,false
2024-11-08,Line D,Supplier 4,day,945,Operator 2,Machine 6,25.49,premium,20.0,19.94,false
2024-08-20,Line B,Supplier 5,night,898,Operator 5,Machine 4,26.71,standard,60.76,21.7,false
2024-07-28,Line A,Supplier 5,night,303,Operator 1,Machine 6,26.86,premium,47.57,23.39,false
2025-02-09,Line B,Supplier 3,evening,50,Operator 1,Machine 5,17.26,premium,45.61,34.77,false
2025-09-11,Line D,Supplier 3,evening,955,Operator 2,Machine 2,50.47,premium,43.94,25.92,false
2024-12-12,Line A,Supplier 3,day,530,Operator 3,Machine 2,8.82,premium,27.61,24.95,true
2025-03-03,Line A,Supplier 5,night,906,Operator 2,Machine 6,27.48,premium,36.99,22.61,false
2025-09-08,Line A,Supplier 2,day,1347,Operator 5,Machine 5,32.58,standard,59.39,14.37,false
2025-08-06,Line D,Supplier 1,day,445,Operator 2,Machine 5,45.35,premium,59.35,20.38,false
2024-08-06,Line C,Supplier 1,day,1211,Operator 2,Machine 2,35.9,standard,51.07,30.31,false
2024-04-27,Line C,Supplier 4,night,1309,Operator 2,Machine 1,29.58,standard,52.96,21.96,false
2025-10-04,Line A,Supplier 5,day,302,Operator 7,Machine 5,17.04,standard,63.72,31.18,false
2025-05-21,Line C,Supplier 1,night,674,Operator 4,Machine 5,28.47,standard,53.11,7.56,false
2025-10-04,Line C,Supplier 1,night,1051,Operator 1,Machine 3,46.58,standard,57.98,25.27,false
2025-05-30,Line A,Supplier 4,day,903,Operator 4,Machine 5,37.86,premium,34.54,24.19,true
2024-06-10,Line A,Supplier 3,day,807,Operator 4,Machine 4,5.44,premium,45.23,17.97,false
2025-09-04,Line C,Supplier 3,night,958,Operator 6,Machine 2,19.62,premium,75.58,24.96,true
2025-12-06,Line D,Supplier 3,night,577,Operator 3,Machine 2,22.64,premium,60.66,11.8,false
2024-11-13,Line A,Supplier 2,night,691,Operator 4,Machine 4,31.24,standard,79.47,26.42,true
2024-08-23,Line D,Supplier 4,night,725,Operator 4,Machine 2,28.69,premium,46.43,15.94,true
2025-08-30,Line D,Supplier 2,evening,648,Operator 5,Machine 3,55.59,standard,67.24,16.52,false
2025-11-03,Line B,Supplier 1,night,1239,Operator 2,Machine 3,33.55,standard,54.42,27.01,false
2024-02-20,Line A,Supplier 1,evening,1073,Operator 3,Machine 3,33.67,premium,42.26,24.42,false
2025-08-31,Line C,Supplier 2,day,494,Operator 2,Machine 6,29.83,standard,54.95,25.03,false
2025-03-14,Line A,Supplier 5,night,699,Operator 3,Machine 5,32.76,premium,42.38,28.36,false
2025-01-30,Line D,Supplier 1,night,802,Operator 2,Machine 6,34.42,standard,69.92,18.31,true
2025-01-17,Line D,Supplier 1,day,1283,Operator 8,Machine 6,34.81,premium,48.11,7.64,false
2025-03-30,Line A,Supplier 3,evening,1053,Operator 5,Machine 4,19.89,premium,49.21,17.49,false
2025-03-11,Line A,Supplier 5,night,751,Operator 4,Machine 3,22.07,standard,54.43,27.61,true
2025-07-02,Line C,Supplier 3,night,497,Operator 3,Machine 2,33.51,premium,36.92,31.82,true
2024-04-11,Line B,Supplier 2,night,901,Operator 2,Machine 4,38.09,premium,51.61,21.79,true
2024-11-29,Line C,Supplier 2,night,417,Operator 6,Machine 5,44.64,premium,44.64,26.37,false
2024-10-22,Line D,Supplier 4,night,1308,Operator 2,Machine 6,28.51,standard,59.98,8.56,false
2025-05-23,Line A,Supplier 2,night,705,Operator 5,Machine 3,22.18,premium,30.74,28.05,false
2025-02-09,Line D,Supplier 2,night,651,Operator 8,Machine 2,23.85,standard,39.42,26.46,false
2025-06-24,Line B,Supplier 3,day,417,Operator 8,Machine 6,45.51,premium,76.33,17.55,false
2025-10-29,Line C,Supplier 3,day,812,Operator 7,Machine 2,9.13,premium,29.28,20.82,false
2025-09-07,Line C,Supplier 3,night,86,Operator 1,Machine 4,30.28,premium,80.91,17.79,true
2025-01-16,Line D,Supplier 4,day,880,Operator 2,Machine 2,20.97,premium,42.1,21.71,false
2025-10-10,Line D,Supplier 3,evening,73,Operator 6,Machine 4,24.07,standard,52.75,14.7,false
2025-04-28,Line B,Supplier 3,day,863,Operator 6,Machine 4,17.29,standard,63.51,17.89,false
2025-12-23,Line D,Supplier 3,evening,463,Operator 3,Machine 1,30.13,standard,75.87,21.27,true
2024-07-17,Line B,Supplier 5,day,289,Operator 6,Machine 5,45.04,standard,69.32,32.4,false
2025-10-24,Line C,Supplier 5,evening,50,Operator 7,Machine 5,32.41,premium,38.0,15.91,false
2025-12-05,Line A,Supplier 3,night,1013,Operator 3,Machine 3,33.51,standard,74.81,13.74,true
2024-03-05,Line B,Supplier 3,day,344,Operator 7,Machine 3,9.49,standard,72.39,18.35,false
2025-03-21,Line C,Supplier 3,day,518,Operator 4,Machine 2,9.06,premium,38.61,28.41,false
2024-10-09,Line B,Supplier 2,evening,1097,Operator 2,Machine 2,26.25,premium,53.85,27.82,true
2025-09-17,Line D,Supplier 4,day,647,Operator 2,Machine 4,28.51,premium,63.65,28.58,false
2024-11-02,Line B,Supplier 3,evening,784,Operator 6,Machine 6,15.14,premium,36.08,26.36,false
2024-03-14,Line A,Supplier 3,evening,273,Operator 4,Machine 5,34.1,standard,52.27,20.49,false
2025-03-28,Line C,Supplier 1,evening,909,Operator 7,Machine 3,31.59,standard,60.78,13.31,false
2025-10-09,Line C,Supplier 1,evening,145,Operator 4,Machine 4,35.7,standard,60.15,22.03,false
2025-03-24,Line A,Supplier 1,day,397,Operator 2,Machine 2,27.64,premium,32.06,5.93,false
2025-09-05,Line D,Supplier 4,evening,580,Operator 4,Machine 6,40.16,premium,65.1,26.76,false
2025-06-27,Line A,Supplier 3,evening,932,Operator 2,Machine 2,40.68,standard,67.11,6.3,false
2025-03-25,Line A,Supplier 2,evening,126,Operator 1,Machine 4,33.45,premium,87.8,24.03,false
2024-05-19,Line D,Supplier 5,day,1009,Operator 2,Machine 5,42.07,premium,43.02,14.77,false
2024-05-08,Line D,Supplier 2,night,1030,Operator 2,Machine 1,37.92,standard,54.2,7.92,true
2025-03-20,Line A,Supplier 2,evening,945,Operator 2,Machine 5,53.64,premium,69.89,10.66,false
2024-03-28,Line A,Supplier 3,evening,1102,Operator 7,Machine 2,26.55,premium,50.23,8.91,true
2024-08-22,Line B,Supplier 3,day,244,Operator 4,Machine 5,12.51,standard,60.04,27.24,false
2024-03-28,Line D,Supplier 4,day,478,Operator 6,Machine 6,42.97,standard,68.64,14.15,false
2025-11-20,Line A,Supplier 3,evening,517,Operator 2,Machine 2,9.6,premium,45.41,18.72,false
2025-10-30,Line A,Supplier 3,night,749,Operator 6,Machine 4,39.59,premium,47.84,20.26,false
2025-09-20,Line C,Supplier 3,evening,557,Operator 7,Machine 5,17.51,standard,54.97,26.37,false
2024-07-25,Line B,Supplier 4,day,901,Operator 2,Machine 5,36.11,standard,57.61,26.89,false
2025-01-12,Line C,Supplier 1,day,314,Operator 2,Machine 4,14.97,premium,23.14,14.69,false
2024-01-25,Line B,Supplier 2,evening,619,Operator 2,Machine 5,10.93,premium,44.65,11.12,false
2024-02-06,Line A,Supplier 1,day,185,Operator 1,Machine 5,23.65,standard,68.04,26.27,false
2025-01-08,Line D,Supplier 4,day,1136,Operator 2,Machine 1,42.13,standard,51.23,18.79,false
2025-07-07,Line A,Supplier 4,evening,880,Operator 8,Machine 1,46.55,premium,68.62,16.47,false
2024-08-23,Line B,Supplier 2,day,1282,Operator 8,Machine 2,19.81,premium,40.25,18.44,false
2024-12-09,Line B,Supplier 1,day,879,Operator 1,Machine 2,23.83,standard,57.61,19.21,false
2024-07-15,Line C,Supplier 2,evening,1364,Operator 6,Machine 1,38.31,standard,50.63,16.22,false
2025-01-19,Line B,Supplier 3,night,436,Operator 8,Machine 2,22.35,standard,59.53,17.71,true
2024-11-21,Line C,Supplier 2,night,753,Operator 2,Machine 5,52.64,premium,45.9,26.73,true
2025-02-06,Line C,Supplier 5,evening,369,Operator 7,Machine 1,7.99,premium,52.1,20.0,false
2025-03-14,Line A,Supplier 3,night,852,Operator 3,Machine 6,9.43,standard,41.04,29.59,false
2025-09-04,Line D,Supplier 5,day,1230,Operator 7,Machine 4,36.88,premium,26.04,16.3,true
2025-11-01,Line A,Supplier 1,day,1103,Operator 2,Machine 6,37.14,premium,42.55,20.91,false
2024-09-23,Line C,Supplier 3,evening,322,Operator 2,Machine 5,8.72,premium,39.27,23.18,false
2025-08-12,Line C,Supplier 4,night,680,Operator 5,Machine 2,50.44,standard,72.46,10.94,false
2025-06-13,Line C,Supplier 3,night,50,Operator 6,Machine 5,16.85,premium,54.46,35.34,true
2024-02-27,Line A,Supplier 2,evening,703,Operator 6,Machine 1,50.61,premium,72.32,20.46,false
2025-07-15,Line A,Supplier 1,evening,238,Operator 6,Machine 1,33.77,premium,68.54,20.55,false
2024-06-18,Line D,Supplier 5,day,581,Operator 6,Machine 4,40.45,premium,33.75,20.45,false
2024-11-05,Line C,Supplier 3,evening,96,Operator 8,Machine 5,30.07,standard,51.99,19.2,false
2025-05-04,Line B,Supplier 1,night,727,Operator 2,Machine 4,43.69,standard,55.67,21.35,true
2025-05-07,Line C,Supplier 3,day,1015,Operator 1,Machine 5,36.75,premium,45.28,21.82,false
2024-10-31,Line C,Supplier 1,day,111,Operator 8,Machine 5,55.66,standard,79.26,12.53,false
2025-04-06,Line A,Supplier 1,night,455,Operator 8,Machine 2,38.41,premium,27.93,22.89,false
2025-06-19,Line A,Supplier 4,evening,899,Operator 3,Machine 3,41.17,premium,49.06,23.93,false
2024-01-20,Line A,Supplier 4,evening,1137,Operator 2,Machine 6,35.62,premium,47.19,9.24,false
2024-10-20,Line A,Supplier 4,evening,678,Operator 6,Machine 6,34.44,standard,65.19,14.4,false
2024-01-19,Line D,Supplier 5,night,1196,Operator 5,Machine 2,28.22,standard,95.0,16.34,false
2025-11-19,Line C,Supplier 2,day,1331,Operator 8,Machine 4,54.18,standard,50.77,20.14,false
2024-06-16,Line A,Supplier 4,day,254,Operator 5,Machine 4,41.34,premium,30.29,13.82,false
2025-05-19,Line C,Supplier 2,evening,887,Operator 5,Machine 5,31.79,premium,40.76,19.26,false
2024-04-23,Line C,Supplier 3,day,650,Operator 2,Machine 5,10.91,standard,51.27,20.91,false
2025-08-20,Line D,Supplier 3,evening,531,Operator 6,Machine 1,19.01,premium,62.23,32.05,false
2025-08-05,Line D,Supplier 5,day,1158,Operator 7,Machine 5,35.83,standard,54.86,22.02,true
2025-02-02,Line A,Supplier 3,day,50,Operator 5,Machine 4,24.21,premium,32.47,10.4,false
2025-04-06,Line A,Supplier 3,day,674,Operator 3,Machine 3,39.15,standard,75.18,18.44,false
2024-07-07,Line A,Supplier 4,evening,50,Operator 7,Machine 5,34.38,premium,38.58,30.01,false
2024-05-05,Line A,Supplier 1,night,212,Operator 6,Machine 5,25.76,premium,71.8,17.78,false
2025-05-04,Line D,Supplier 5,evening,1211,Operator 3,Machine 5,49.32,standard,58.96,30.15,false
2024-12-23,Line A,Supplier 4,day,1108,Operator 2,Machine 2,21.18,standard,76.62,29.28,false
2025-11-27,Line B,Supplier 1,night,1393,Operator 2,Machine 1,26.74,premium,68.96,13.86,true
2024-12-08,Line B,Supplier 3,evening,435,Operator 5,Machine 1,58.26,premium,40.28,37.14,false
2024-04-25,Line A,Supplier 4,day,333,Operator 5,Machine 3,26.18,premium,66.97,25.41,false
2025-01-29,Line D,Supplier 1,night,436,Operator 4,Machine 2,14.32,premium,47.29,23.17,false
2025-10-11,Line B,Supplier 3,day,421,Operator 1,Machine 3,15.62,premium,32.37,9.38,false
2025-03-10,Line A,Supplier 5,night,514,Operator 2,Machine 6,45.01,premium,44.83,18.57,false
2025-07-27,Line B,Supplier 1,day,264,Operator 5,Machine 1,39.38,premium,59.22,17.33,false
2025-07-21,Line B,Supplier 2,evening,582,Operator 6,Machine 5,42.24,premium,63.83,28.77,false
2025-02-05,Line D,Supplier 5,night,1240,Operator 2,Machine 3,34.33,premium,59.79,23.05,false
2025-10-25,Line B,Supplier 3,night,1157,Operator 5,Machine 4,11.15,premium,65.03,24.43,false
2025-12-17,Line A,Supplier 3,evening,924,Operator 2,Machine 5,43.8,premium,49.01,15.22,false
2025-06-10,Line B,Supplier 3,day,1142,Operator 2,Machine 6,14.73,standard,27.53,26.72,false
2024-12-27,Line D,Supplier 2,evening,339,Operator 5,Machine 3,25.1,premium,53.13,22.59,false
2025-10-25,Line D,Supplier 5,night,224,Operator 1,Machine 5,51.53,premium,42.0,36.33,true
2024-09-27,Line A,Supplier 2,night,50,Operator 5,Machine 5,41.99,standard,64.11,29.37,false
2024-06-16,Line D,Supplier 3,night,936,Operator 3,Machine 4,39.89,premium,43.06,32.23,false
2024-09-14,Line A,Supplier 2,night,771,Operator 7,Machine 5,26.32,premium,83.8,15.11,false
2024-04-29,Line C,Supplier 1,day,434,Operator 8,Machine 4,31.07,standard,66.88,30.43,false
2025-11-28,Line C,Supplier 3,day,749,Operator 5,Machine 1,28.51,premium,30.77,9.14,false
2024-05-19,Line D,Supplier 5,day,567,Operator 6,Machine 4,33.98,premium,50.5,16.32,false
2024-11-05,Line B,Supplier 1,day,633,Operator 7,Machine 4,51.2,standard,55.35,16.44,false
2025-12-23,Line D,Supplier 1,evening,433,Operator 1,Machine 3,36.78,premium,32.55,20.88,false
2025-09-27,Line A,Supplier 4,evening,463,Operator 3,Machine 4,22.92,premium,20.34,21.64,false
2024-04-18,Line A,Supplier 2,evening,1193,Operator 2,Machine 6,30.04,premium,48.21,24.03,false
2025-02-25,Line A,Supplier 3,day,1050,Operator 8,Machine 6,12.05,premium,70.42,15.41,false
2025-06-05,Line A,Supplier 3,day,137,Operator 5,Machine 5,22.79,standard,41.33,27.67,false
2024-04-12,Line A,Supplier 2,night,1277,Operator 4,Machine 5,52.61,premium,30.68,22.22,false
2024-05-09,Line A,Supplier 3,night,358,Operator 4,Machine 3,22.7,standard,68.5,12.44,false
2024-10-25,Line C,Supplier 3,day,274,Operator 5,Machine 2,18.72,standard,63.23,15.26,false
2025-12-31,Line D,Supplier 1,evening,750,Operator 1,Machine 3,23.51,premium,48.81,21.68,false
2025-09-23,Line D,Supplier 3,evening,411,Operator 1,Machine 2,24.69,premium,64.65,30.11,false
2025-06-23,Line C,Supplier 2,night,753,Operator 2,Machine 1,56.35,premium,71.17,12.93,false
2024-12-28,Line A,Supplier 2,evening,403,Operator 6,Machine 4,34.91,premium,43.24,25.24,false
2024-11-29,Line B,Supplier 4,night,391,Operator 3,Machine 1,38.3,premium,41.38,10.21,true
2025-03-24,Line A,Supplier 3,day,468,Operator 5,Machine 4,31.63,premium,43.86,9.13,false
2024-08-21,Line A,Supplier 5,day,313,Operator 5,Machine 2,32.79,standard,44.43,20.01,false
2024-07-14,Line B,Supplier 5,night,784,Operator 2,Machine 1,22.46,premium,37.51,21.44,false
2025-02-12,Line A,Supplier 2,day,570,Operator 6,Machine 3,37.25,standard,51.29,30.93,false
2025-04-18,Line C,Supplier 1,evening,720,Operator 3,Machine 4,21.36,premium,43.93,13.28,false
2024-04-11,Line A,Supplier 4,day,450,Operator 6,Machine 1,26.4,premium,36.82,15.83,false
2025-09-17,Line D,Supplier 2,evening,816,Operator 8,Machine 4,35.69,standard,76.24,19.25,true
2025-09-25,Line D,Supplier 3,night,50,Operator 1,Machine 5,21.23,premium,34.33,19.74,true
2024-10-13,Line D,Supplier 1,night,50,Operator 3,Machine 4,22.17,premium,20.0,16.98,true
2024-03-10,Line D,Supplier 5,evening,1043,Operator 8,Machine 6,24.59,premium,44.77,28.69,true
2024-03-29,Line C,Supplier 3,night,660,Operator 6,Machine 4,5.0,premium,46.04,18.83,false
2025-03-05,Line D,Supplier 3,night,522,Operator 3,Machine 3,26.3,premium,36.05,28.11,false
2025-08-10,Line C,Supplier 3,day,594,Operator 1,Machine 6,36.12,premium,60.96,24.07,false
2025-12-01,Line D,Supplier 3,day,714,Operator 7,Machine 3,29.63,premium,45.75,27.35,false
2025-06-17,Line A,Supplier 4,evening,386,Operator 1,Machine 2,36.15,premium,26.13,20.52,false
2024-09-18,Line A,Supplier 5,day,710,Operator 1,Machine 6,53.68,premium,33.58,29.6,false
2025-08-02,Line C,Supplier 3,night,859,Operator 7,Machine 3,19.25,premium,33.14,30.52,false
2024-08-31,Line B,Supplier 1,evening,290,Operator 1,Machine 1,30.97,premium,41.26,24.72,false
2024-02-21,Line B,Supplier 4,day,859,Operator 5,Machine 4,41.01,premium,33.16,15.26,false
2025-10-21,Line C,Supplier 3,evening,953,Operator 7,Machine 3,28.5,premium,41.84,20.31,false
2024-02-04,Line A,Supplier 4,evening,395,Operator 6,Machine 3,38.33,standard,63.1,27.89,false
2025-04-07,Line D,Supplier 4,evening,275,Operator 8,Machine 5,22.41,premium,33.76,18.83,false
2024-06-23,Line D,Supplier 5,evening,341,Operator 1,Machine 5,33.68,premium,20.0,33.64,true
2024-08-07,Line A,Supplier 4,day,760,Operator 1,Machine 4,29.7,premium,25.41,15.63,false
2025-03-12,Line D,Supplier 1,evening,1135,Operator 2,Machine 4,33.55,standard,60.35,27.68,false
2024-08-19,Line B,Supplier 1,day,555,Operator 1,Machine 3,17.48,premium,30.85,33.72,false
2025-10-28,Line D,Supplier 3,night,408,Operator 5,Machine 1,19.92,standard,64.81,25.38,false
2024-10-09,Line C,Supplier 1,day,864,Operator 5,Machine 4,30.41,premium,43.04,14.05,false
2024-09-21,Line C,Supplier 3,day,475,Operator 2,Machine 4,25.77,premium,26.97,24.92,false
2025-12-28,Line B,Supplier 1,day,699,Operator 4,Machine 1,21.22,premium,58.11,20.29,false
2024-07-22,Line B,Supplier 3,day,1049,Operator 7,Machine 4,34.33,premium,60.44,18.38,false
2025-01-23,Line D,Supplier 2,night,1085,Operator 2,Machine 5,34.79,premium,60.41,22.54,true
2025-10-13,Line A,Supplier 2,day,1103,Operator 7,Machine 3,41.37,standard,60.11,12.74,true
2025-07-04,Line C,Supplier 3,night,1060,Operator 2,Machine 5,53.14,premium,32.53,16.66,false
2024-05-31,Line C,Supplier 5,night,891,Operator 4,Machine 4,34.14,premium,34.47,24.51,true
2024-11-21,Line B,Supplier 4,evening,862,Operator 7,Machine 2,28.72,premium,47.38,20.49,false
2024-09-12,Line C,Supplier 2,night,398,Operator 7,Machine 2,42.31,premium,32.57,25.01,false
2025-12-16,Line B,Supplier 5,evening,966,Operator 2,Machine 6,36.44,premium,34.89,40.0,false
2024-12-04,Line D,Supplier 2,evening,973,Operator 2,Machine 5,27.91,premium,41.17,29.03,false
2025-01-25,Line D,Supplier 3,night,1028,Operator 1,Machine 2,5.0,standard,61.5,24.27,true
2024-07-13,Line A,Supplier 3,night,475,Operator 4,Machine 4,15.87,standard,68.2,29.81,false
2024-08-08,Line B,Supplier 5,day,435,Operator 8,Machine 2,40.66,standard,53.7,31.09,false
2024-08-29,Line A,Supplier 2,evening,612,Operator 5,Machine 1,26.21,premium,44.31,11.5,false
2025-02-21,Line A,Supplier 1,day,989,Operator 5,Machine 2,31.87,premium,20.0,12.98,false
2024-12-11,Line B,Supplier 5,day,670,Operator 7,Machine 2,39.44,premium,20.0,24.5,false
2025-04-06,Line C,Supplier 5,evening,724,Operator 4,Machine 3,38.15,premium,83.48,26.72,false
2025-05-27,Line D,Supplier 3,day,559,Operator 5,Machine 3,43.67,premium,82.81,24.27,false
2025-11-13,Line B,Supplier 5,day,1185,Operator 2,Machine 1,45.08,premium,46.05,19.35,false
2025-11-16,Line D,Supplier 1,day,398,Operator 7,Machine 5,29.11,standard,54.33,9.75,false
2025-06-07,Line C,Supplier 5,night,635,Operator 8,Machine 4,40.84,premium,49.92,27.1,false
2025-08-06,Line B,Supplier 2,day,1456,Operator 2,Machine 2,42.38,premium,45.25,32.44,true
2024-07-22,Line D,Supplier 3,evening,351,Operator 7,Machine 6,23.61,premium,34.41,22.58,false
2024-01-21,Line A,Supplier 3,day,351,Operator 6,Machine 5,39.93,standard,76.39,30.45,false
2025-09-08,Line B,Supplier 3,day,1077,Operator 4,Machine 6,18.93,premium,63.31,23.4,false
2024-02-14,Line C,Supplier 3,night,896,Operator 6,Machine 3,6.47,standard,51.33,9.52,false
2024-02-04,Line A,Supplier 2,day,397,Operator 6,Machine 6,32.41,standard,71.02,21.14,false
2025-12-18,Line B,Supplier 4,night,506,Operator 3,Machine 4,51.92,premium,76.55,-5.0,true
2024-02-06,Line D,Supplier 3,night,688,Operator 7,Machine 4,29.78,standard,66.96,15.19,false
2024-02-24,Line A,Supplier 2,night,618,Operator 8,Machine 5,51.94,premium,33.94,22.68,true
2025-07-03,Line A,Supplier 2,evening,625,Operator 5,Machine 5,10.5,premium,34.69,27.66,false
2024-06-22,Line B,Supplier 3,night,533,Operator 3,Machine 6,35.15,premium,52.51,12.97,true
2024-05-22,Line D,Supplier 3,day,551,Operator 5,Machine 6,11.48,standard,52.42,21.15,false
2025-03-13,Line A,Supplier 3,evening,208,Operator 2,Machine 5,15.99,premium,20.01,18.2,false
2025-04-19,Line B,Supplier 1,night,1508,Operator 2,Machine 5,33.71,standard,60.59,25.04,false
2025-09-10,Line A,Supplier 3,night,535,Operator 6,Machine 4,5.6,premium,66.64,16.36,true
2025-01-20,Line B,Supplier 2,evening,425,Operator 7,Machine 6,27.98,standard,33.62,22.22,false
2025-12-17,Line A,Supplier 1,day,634,Operator 8,Machine 5,23.24,premium,31.74,6.56,false
2025-01-02,Line D,Supplier 3,evening,1180,Operator 2,Machine 4,44.21,premium,45.69,21.4,true
2025-08-15,Line B,Supplier 4,day,319,Operator 8,Machine 4,40.97,premium,65.39,25.17,false
2025-10-23,Line C,Supplier 1,night,766,Operator 3,Machine 1,37.29,standard,67.5,10.54,false
2025-04-09,Line A,Supplier 3,day,792,Operator 4,Machine 4,42.34,standard,72.77,22.31,false
2024-07-16,Line A,Supplier 2,day,439,Operator 8,Machine 1,34.86,standard,62.29,36.58,true
2025-05-21,Line A,Supplier 2,day,205,Operator 8,Machine 3,23.96,premium,34.75,30.6,false
2024-10-19,Line D,Supplier 1,evening,187,Operator 8,Machine 3,42.86,standard,67.86,24.25,true
2025-11-23,Line D,Supplier 1,night,394,Operator 1,Machine 6,49.3,premium,29.44,23.18,true
2024-07-04,Line A,Supplier 5,day,748,Operator 6,Machine 5,25.38,premium,43.46,30.42,true
2025-09-19,Line D,Supplier 2,night,996,Operator 1,Machine 2,38.67,premium,74.79,19.57,false
2025-06-26,Line A,Supplier 3,evening,980,Operator 6,Machine 4,47.84,premium,49.47,28.62,false
2024-07-07,Line B,Supplier 1,evening,326,Operator 3,Machine 3,29.48,premium,58.77,28.16,false
2024-02-06,Line C,Supplier 5,evening,287,Operator 6,Machine 5,30.1,premium,46.19,26.7,false
2025-06-17,Line A,Supplier 3,night,682,Operator 6,Machine 4,38.44,premium,27.47,23.13,false
2024-07-25,Line B,Supplier 3,day,584,Operator 5,Machine 6,11.0,standard,51.23,27.81,true
2025-02-28,Line C,Supplier 2,night,733,Operator 8,Machine 6,42.18,standard,69.53,23.09,false
2025-07-07,Line B,Supplier 2,evening,199,Operator 5,Machine 1,22.52,premium,69.66,22.92,false
2024-03-10,Line A,Supplier 2,evening,811,Operator 5,Machine 2,28.1,premium,38.87,14.19,false
2024-06-02,Line C,Supplier 1,day,461,Operator 7,Machine 5,26.4,standard,69.63,36.79,false
2024-09-10,Line C,Supplier 2,day,489,Operator 7,Machine 1,41.85,standard,74.34,16.6,false
2025-06-06,Line B,Supplier 4,night,626,Operator 1,Machine 5,41.36,standard,60.68,29.67,false
2025-11-03,Line B,Supplier 4,night,497,Operator 3,Machine 6,29.78,premium,26.64,15.89,false
2025-03-30,Line B,Supplier 2,evening,393,Operator 5,Machine 5,38.61,premium,59.73,21.3,false
2025-08-24,Line A,Supplier 5,day,778,Operator 6,Machine 5,29.35,premium,66.83,25.58,false
2024-09-08,Line D,Supplier 3,evening,889,Operator 5,Machine 6,29.36,premium,44.89,12.67,false
2025-06-10,Line A,Supplier 5,day,263,Operator 4,Machine 3,40.81,standard,71.19,14.16,false
2024-10-04,Line B,Supplier 5,night,652,Operator 6,Machine 6,19.27,premium,45.9,25.51,false
2024-03-11,Line C,Supplier 3,day,500,Operator 1,Machine 5,8.32,standard,66.45,22.88,true
2024-05-24,Line A,Supplier 1,day,524,Operator 3,Machine 2,26.04,standard,63.72,18.19,false
2025-11-18,Line C,Supplier 3,evening,1074,Operator 2,Machine 1,45.74,premium,49.01,18.13,false
2024-11-15,Line C,Supplier 3,night,213,Operator 2,Machine 5,26.78,premium,44.26,27.5,true
2025-12-04,Line A,Supplier 2,evening,427,Operator 3,Machine 6,37.81,premium,50.79,30.99,true
2025-04-08,Line B,Supplier 5,day,530,Operator 2,Machine 3,35.93,premium,20.0,27.69,false
2025-06-05,Line C,Supplier 1,day,277,Operator 1,Machine 3,34.92,premium,81.79,20.49,false
2025-11-13,Line C,Supplier 4,night,783,Operator 7,Machine 3,43.35,premium,81.17,30.08,true
2024-04-16,Line D,Supplier 5,night,235,Operator 6,Machine 5,29.65,standard,59.84,17.63,false
2025-09-18,Line D,Supplier 3,evening,257,Operator 2,Machine 5,34.35,standard,54.06,20.45,true
2024-06-11,Line D,Supplier 4,day,832,Operator 5,Machine 6,38.35,standard,69.03,23.72,false
2025-08-13,Line A,Supplier 1,night,325,Operator 7,Machine 4,25.6,premium,68.02,20.8,false
2025-05-17,Line B,Supplier 1,night,369,Operator 2,Machine 5,24.4,standard,57.62,10.26,false
2024-12-15,Line C,Supplier 2,evening,987,Operator 2,Machine 1,28.72,standard,68.55,20.59,false
2024-01-14,Line A,Supplier 4,evening,274,Operator 7,Machine 1,13.79,premium,49.52,19.42,false
2025-02-06,Line C,Supplier 3,evening,368,Operator 3,Machine 6,29.11,premium,59.83,12.97,false
2025-07-07,Line A,Supplier 2,day,478,Operator 8,Machine 6,36.01,premium,23.55,24.79,false
2024-11-14,Line A,Supplier 3,night,947,Operator 2,Machine 2,39.3,premium,62.29,26.86,true
2025-09-04,Line C,Supplier 1,evening,524,Operator 8,Machine 4,36.1,premium,28.53,20.27,false
2025-11-14,Line C,Supplier 5,day,1155,Operator 4,Machine 2,22.5,premium,69.87,17.84,false
2025-05-29,Line C,Supplier 2,evening,573,Operator 5,Machine 1,36.98,premium,38.12,25.16,true
2025-01-08,Line D,Supplier 1,day,531,Operator 1,Machine 3,36.12,premium,49.73,20.2,false
2025-09-29,Line D,Supplier 2,evening,475,Operator 3,Machine 1,21.31,standard,67.71,13.25,false
2025-10-06,Line A,Supplier 1,night,827,Operator 3,Machine 5,42.95,standard,62.13,26.59,false
2024-05-11,Line C,Supplier 3,night,50,Operator 7,Machine 5,29.33,standard,56.19,17.0,false
2025-12-22,Line A,Supplier 2,night,467,Operator 3,Machine 6,8.29,premium,66.74,19.64,false
2025-08-31,Line B,Supplier 2,day,880,Operator 5,Machine 4,45.99,premium,36.83,29.4,false
2024-02-18,Line B,Supplier 3,evening,929,Operator 8,Machine 4,19.92,standard,63.55,24.72,false
2025-12-02,Line A,Supplier 4,day,800,Operator 6,Machine 2,52.19,standard,51.83,11.34,false
2025-09-11,Line C,Supplier 2,night,1102,Operator 2,Machine 3,49.61,premium,35.27,16.49,true
2024-04-15,Line B,Supplier 5,night,879,Operator 3,Machine 4,22.62,premium,47.26,25.27,true
2025-05-17,Line C,Supplier 1,day,1082,Operator 2,Machine 5,38.64,standard,52.02,20.89,false
2025-11-07,Line D,Supplier 4,day,751,Operator 6,Machine 4,27.58,premium,66.21,18.26,false
2024-11-14,Line D,Supplier 5,night,400,Operator 2,Machine 2,43.33,premium,53.44,15.56,true
2025-06-10,Line B,Supplier 2,day,164,Operator 2,Machine 3,26.05,premium,32.71,28.35,false
2024-06-02,Line B,Supplier 1,day,903,Operator 2,Machine 1,27.5,standard,56.42,19.41,false
2024-02-20,Line D,Supplier 4,night,1240,Operator 3,Machine 6,32.98,standard,60.72,11.55,false
2025-08-05,Line A,Supplier 2,evening,301,Operator 1,Machine 5,21.78,standard,65.72,14.85,false
2025-10-10,Line B,Supplier 3,evening,623,Operator 3,Machine 3,32.74,premium,36.36,15.14,false
2024-02-28,Line B,Supplier 3,night,650,Operator 3,Machine 4,26.91,premium,20.0,25.03,false
2025-10-29,Line C,Supplier 2,night,685,Operator 5,Machine 4,33.96,premium,85.85,11.34,false
2025-06-12,Line D,Supplier 3,day,118,Operator 4,Machine 4,24.83,standard,62.29,15.78,false
2024-10-17,Line A,Supplier 4,night,271,Operator 7,Machine 5,29.45,premium,57.4,17.02,true
2024-06-21,Line C,Supplier 2,evening,396,Operator 1,Machine 6,44.49,standard,37.81,17.64,false
2024-10-24,Line B,Supplier 3,evening,550,Operator 2,Machine 6,31.16,standard,68.06,18.22,false
2025-09-27,Line C,Supplier 4,night,777,Operator 3,Machine 5,28.82,standard,58.09,11.46,false
2025-11-21,Line D,Supplier 1,evening,903,Operator 8,Machine 3,50.53,standard,64.68,10.03,false
2024-04-06,Line A,Supplier 4,evening,230,Operator 1,Machine 5,38.35,premium,23.19,13.29,false
2024-04-17,Line C,Supplier 5,night,194,Operator 4,Machine 5,21.92,premium,33.83,21.24,false
2025-08-10,Line D,Supplier 4,night,1205,Operator 2,Machine 4,23.84,standard,80.45,23.07,false
2024-11-11,Line B,Supplier 3,evening,745,Operator 2,Machine 4,26.8,standard,63.06,22.25,false
2024-07-29,Line C,Supplier 5,night,582,Operator 8,Machine 3,39.45,premium,32.48,17.23,true
2024-02-10,Line D,Supplier 2,evening,1040,Operator 1,Machine 6,30.04,premium,66.2,23.71,false
2024-07-20,Line B,Supplier 3,night,469,Operator 6,Machine 1,17.63,premium,59.79,30.74,false
2025-11-12,Line A,Supplier 3,evening,484,Operator 8,Machine 5,15.47,premium,23.37,22.27,true
2025-05-08,Line B,Supplier 4,night,884,Operator 2,Machine 1,59.79,premium,40.12,28.2,false
2025-06-15,Line D,Supplier 1,evening,848,Operator 6,Machine 3,17.36,premium,60.53,35.08,true
2024-09-15,Line C,Supplier 2,evening,863,Operator 8,Machine 1,49.09,standard,51.32,25.4,false
2024-03-04,Line A,Supplier 5,night,222,Operator 5,Machine 5,30.5,premium,24.01,30.26,false
2024-06-16,Line A,Supplier 5,night,675,Operator 3,Machine 2,41.37,standard,63.06,24.64,false
2024-07-10,Line A,Supplier 1,night,839,Operator 1,Machine 1,44.27,standard,60.68,14.99,false
2024-05-09,Line D,Supplier 4,day,795,Operator 4,Machine 4,32.05,standard,69.47,16.71,false
2024-07-16,Line A,Supplier 5,evening,744,Operator 1,Machine 4,34.03,standard,66.34,33.9,false
2025-12-12,Line B,Supplier 4,day,888,Operator 8,Machine 4,24.09,premium,49.15,31.21,false
2025-01-23,Line B,Supplier 3,night,642,Operator 8,Machine 3,33.77,standard,52.07,22.86,false
2024-08-28,Line D,Supplier 3,night,1127,Operator 2,Machine 1,14.16,premium,34.73,29.29,true
2025-12-30,Line B,Supplier 4,evening,1272,Operator 1,Machine 5,24.13,premium,43.41,18.44,false
2024-03-15,Line B,Supplier 2,day,279,Operator 7,Machine 5,29.88,premium,46.78,22.68,false
2024-10-12,Line D,Supplier 2,night,535,Operator 1,Machine 5,49.15,standard,57.88,20.45,false
2024-09-16,Line C,Supplier 3,day,1197,Operator 2,Machine 4,16.64,standard,62.17,28.31,false
2025-10-24,Line D,Supplier 3,evening,605,Operator 7,Machine 4,25.19,premium,48.05,24.04,false
2025-11-21,Line A,Supplier 4,evening,499,Operator 1,Machine 5,44.91,premium,43.43,33.5,false
2024-03-20,Line D,Supplier 2,day,707,Operator 8,Machine 2,20.94,standard,55.64,17.85,false
2024-12-06,Line C,Supplier 4,evening,373,Operator 8,Machine 2,36.77,standard,72.12,13.35,false
2024-11-11,Line D,Supplier 1,evening,614,Operator 5,Machine 5,29.92,standard,61.32,29.56,false
2025-02-11,Line A,Supplier 1,evening,286,Operator 2,Machine 5,35.2,standard,76.21,23.1,false
2025-10-15,Line D,Supplier 2,evening,968,Operator 4,Machine 2,41.47,premium,31.66,22.6,false
2025-04-09,Line D,Supplier 3,evening,615,Operator 2,Machine 1,12.43,standard,65.44,17.02,false
2025-11-26,Line D,Supplier 2,day,576,Operator 2,Machine 2,35.45,premium,30.96,23.96,true
2024-12-27,Line B,Supplier 2,day,547,Operator 6,Machine 4,69.4,premium,48.77,26.73,false
2025-09-01,Line A,Supplier 4,day,743,Operator 4,Machine 2,28.24,standard,61.29,22.75,false
2025-10-13,Line C,Supplier 5,night,703,Operator 6,Machine 2,27.07,standard,87.36,14.13,false
2025-02-03,Line B,Supplier 4,night,946,Operator 2,Machine 3,45.78,standard,60.81,25.31,true
2025-12-17,Line A,Supplier 3,day,697,Operator 5,Machine 5,59.93,standard,79.99,28.46,false
2025-09-25,Line C,Supplier 3,night,1124,Operator 6,Machine 2,14.78,premium,41.27,12.24,false
2024-05-07,Line A,Supplier 3,day,591,Operator 8,Machine 4,21.47,premium,40.83,29.2,false
2024-03-04,Line C,Supplier 3,day,1096,Operator 2,Machine 6,23.64,premium,27.55,23.81,true
2024-12-23,Line C,Supplier 3,night,1421,Operator 2,Machine 5,41.77,premium,46.98,32.62,false
2024-01-19,Line C,Supplier 3,evening,404,Operator 6,Machine 5,25.56,standard,81.18,18.5,false
2025-05-28,Line A,Supplier 5,night,1482,Operator 3,Machine 3,24.94,standard,59.08,24.35,false
2024-03-29,Line A,Supplier 2,evening,491,Operator 8,Machine 4,42.44,premium,46.93,25.56,false
2025-06-09,Line D,Supplier 5,night,457,Operator 7,Machine 1,38.49,premium,46.74,29.23,true
2025-09-18,Line C,Supplier 1,day,784,Operator 6,Machine 4,34.71,premium,30.23,18.36,false
2024-04-14,Line C,Supplier 4,evening,667,Operator 2,Machine 2,20.52,standard,56.55,25.69,false
2025-08-22,Line C,Supplier 4,day,312,Operator 4,Machine 4,39.54,standard,54.18,33.52,false
2024-09-13,Line C,Supplier 3,night,50,Operator 8,Machine 5,38.4,standard,70.22,26.71,true
2025-11-24,Line C,Supplier 1,night,77,Operator 7,Machine 5,34.39,premium,61.37,26.31,true
2024-01-12,Line A,Supplier 3,day,702,Operator 3,Machine 5,16.39,standard,46.59,23.4,false
2024-08-07,Line B,Supplier 4,evening,672,Operator 8,Machine 4,26.32,premium,51.92,12.4,false
2024-11-12,Line D,Supplier 1,night,1066,Operator 2,Machine 1,23.7,premium,45.73,23.51,true
2025-07-21,Line A,Supplier 1,night,581,Operator 4,Machine 4,26.72,premium,48.56,25.6,true
2025-09-05,Line A,Supplier 1,day,50,Operator 6,Machine 5,48.0,premium,39.13,26.11,false
2024-01-08,Line B,Supplier 3,day,947,Operator 5,Machine 2,40.04,premium,33.24,28.18,true
2025-03-10,Line C,Supplier 5,day,130,Operator 5,Machine 1,39.61,premium,68.48,24.57,false
2025-02-13,Line C,Supplier 1,night,831,Operator 5,Machine 6,38.55,premium,34.2,19.36,false
2025-03-04,Line B,Supplier 1,day,824,Operator 7,Machine 2,62.43,premium,31.14,23.15,false
2025-08-10,Line A,Supplier 4,evening,645,Operator 6,Machine 3,14.62,standard,62.46,19.93,false
2025-01-29,Line D,Supplier 3,day,509,Operator 2,Machine 3,29.71,premium,31.6,12.54,false
2025-08-09,Line D,Supplier 5,day,1410,Operator 7,Machine 1,31.61,premium,44.08,31.41,true
2025-01-25,Line C,Supplier 3,night,688,Operator 3,Machine 4,5.0,standard,33.25,18.16,true
2025-05-13,Line B,Supplier 2,day,500,Operator 8,Machine 3,27.19,premium,31.82,13.86,false
2025-04-14,Line B,Supplier 3,night,835,Operator 3,Machine 4,9.9,standard,52.29,21.66,true
2024-02-26,Line D,Supplier 4,evening,681,Operator 6,Machine 2,31.45,premium,59.19,12.53,false
2024-08-10,Line B,Supplier 1,evening,646,Operator 5,Machine 6,40.9,premium,20.0,8.15,false
2024-05-02,Line B,Supplier 1,day,476,Operator 7,Machine 4,37.2,standard,64.46,17.14,false
2024-08-30,Line D,Supplier 3,evening,50,Operator 3,Machine 3,18.49,premium,32.06,28.58,false
2025-09-10,Line B,Supplier 4,night,799,Operator 2,Machine 3,55.75,premium,27.21,19.2,false
2025-07-05,Line A,Supplier 4,day,259,Operator 4,Machine 5,28.04,premium,28.16,18.36,false
2025-05-04,Line D,Supplier 3,day,917,Operator 2,Machine 3,11.21,premium,31.44,22.75,false
2024-02-19,Line C,Supplier 2,night,183,Operator 4,Machine 5,19.67,premium,57.57,7.88,false
2025-05-15,Line C,Supplier 5,day,514,Operator 2,Machine 3,29.37,premium,28.77,13.44,false
2024-03-07,Line B,Supplier 2,night,831,Operator 1,Machine 2,38.51,standard,65.24,4.8,true
2025-03-26,Line A,Supplier 5,day,347,Operator 4,Machine 6,31.92,standard,60.76,17.77,true
2024-03-09,Line B,Supplier 5,day,939,Operator 2,Machine 4,16.09,premium,44.88,22.54,true
2024-11-30,Line A,Supplier 1,evening,50,Operator 7,Machine 5,20.27,premium,35.48,23.61,false
2024-07-05,Line A,Supplier 2,evening,628,Operator 1,Machine 6,48.87,standard,70.14,14.69,false
2025-08-16,Line A,Supplier 2,night,50,Operator 7,Machine 3,24.11,premium,37.43,19.8,false
2024-11-05,Line C,Supplier 1,night,659,Operator 3,Machine 6,35.44,standard,62.88,25.17,false
2025-03-23,Line B,Supplier 3,day,762,Operator 4,Machine 2,39.13,premium,50.51,18.83,true
2025-01-22,Line C,Supplier 4,day,321,Operator 3,Machine 5,48.46,standard,69.19,8.73,false
2024-09-04,Line C,Supplier 3,night,1177,Operator 2,Machine 1,30.58,premium,44.49,31.35,false
2025-09-15,Line B,Supplier 3,night,232,Operator 2,Machine 5,28.22,premium,75.63,17.88,false
2024-12-03,Line A,Supplier 5,evening,1182,Operator 2,Machine 4,12.63,premium,26.69,15.51,false
2024-04-14,Line B,Supplier 1,day,1127,Operator 2,Machine 4,28.11,premium,60.58,20.78,true
2025-06-10,Line B,Supplier 1,day,747,Operator 7,Machine 1,24.14,premium,61.77,20.68,false
2025-06-30,Line C,Supplier 3,evening,580,Operator 8,Machine 4,28.35,premium,29.97,12.16,false
2024-10-04,Line B,Supplier 1,night,539,Operator 3,Machine 5,40.41,premium,25.55,29.97,false
2025-07-22,Line B,Supplier 5,night,109,Operator 6,Machine 5,45.25,premium,54.49,24.54,false
2025-09-27,Line A,Supplier 1,day,1006,Operator 2,Machine 3,45.44,premium,39.9,14.19,false
2025-04-30,Line A,Supplier 1,evening,511,Operator 2,Machine 2,50.02,premium,55.98,22.96,false
2025-06-05,Line B,Supplier 4,night,904,Operator 2,Machine 3,20.42,premium,60.61,22.55,true
2024-03-30,Line C,Supplier 2,evening,189,Operator 5,Machine 5,46.5,standard,85.38,10.14,false
2025-03-03,Line B,Supplier 4,day,411,Operator 1,Machine 6,29.75,standard,53.38,26.28,false
2025-01-31,Line A,Supplier 5,evening,546,Operator 8,Machine 2,35.82,premium,37.96,16.98,false
2025-11-29,Line B,Supplier 5,night,1065,Operator 2,Machine 2,66.87,premium,49.73,23.28,false
2025-06-25,Line A,Supplier 1,night,316,Operator 7,Machine 6,24.09,premium,34.68,24.8,false
2025-09-17,Line A,Supplier 5,night,987,Operator 1,Machine 6,46.28,premium,63.76,36.32,true
2024-12-30,Line A,Supplier 3,night,741,Operator 6,Machine 3,42.63,premium,42.53,13.49,false
2024-01-06,Line A,Supplier 3,day,734,Operator 1,Machine 3,17.59,premium,35.1,9.59,false
2024-10-23,Line C,Supplier 1,day,857,Operator 3,Machine 1,28.12,premium,33.99,31.12,false
2025-09-30,Line A,Supplier 4,day,782,Operator 7,Machine 3,41.5,premium,46.65,30.88,false
2025-03-30,Line C,Supplier 4,evening,751,Operator 2,Machine 5,31.48,premium,35.12,26.82,false
2024-07-02,Line C,Supplier 5,day,839,Operator 4,Machine 2,22.63,standard,62.12,27.44,false
2024-09-02,Line D,Supplier 4,evening,741,Operator 1,Machine 5,22.43,premium,36.69,16.85,false
2024-06-20,Line A,Supplier 1,evening,864,Operator 3,Machine 5,29.41,premium,48.85,13.28,false
2024-01-15,Line C,Supplier 3,night,736,Operator 5,Machine 1,11.68,premium,41.15,14.67,false
2025-03-28,Line A,Supplier 3,night,548,Operator 4,Machine 2,14.59,premium,44.91,27.44,false
2024-08-12,Line B,Supplier 3,day,874,Operator 7,Machine 2,26.08,premium,43.33,11.94,false
2025-03-23,Line B,Supplier 1,day,195,Operator 2,Machine 4,39.95,premium,41.18,13.77,false
2024-07-17,Line A,Supplier 4,day,50,Operator 2,Machine 4,38.95,premium,28.21,27.76,false
2025-02-26,Line A,Supplier 2,evening,374,Operator 1,Machine 1,34.0,premium,42.3,19.1,false
2024-06-22,Line B,Supplier 3,evening,896,Operator 3,Machine 4,37.23,premium,42.78,31.14,false
2024-05-08,Line A,Supplier 1,night,851,Operator 3,Machine 5,39.59,premium,39.1,27.39,true
2025-12-19,Line D,Supplier 3,evening,804,Operator 5,Machine 2,24.88,premium,54.21,13.35,false
2024-06-23,Line B,Supplier 5,night,1160,Operator 2,Machine 4,30.07,premium,23.27,19.76,false
2024-09-13,Line A,Supplier 1,day,523,Operator 2,Machine 2,49.29,premium,77.87,19.19,false
2024-12-19,Line B,Supplier 5,evening,50,Operator 6,Machine 2,31.8,standard,32.87,31.99,false
2025-11-22,Line A,Supplier 3,day,851,Operator 4,Machine 5,25.99,premium,66.37,22.06,false
2024-10-19,Line D,Supplier 3,night,371,Operator 6,Machine 2,14.01,standard,56.22,12.59,true
2024-06-09,Line B,Supplier 4,evening,126,Operator 4,Machine 5,45.91,premium,35.97,25.85,false
2024-08-18,Line A,Supplier 1,night,717,Operator 3,Machine 2,34.78,premium,39.8,18.11,true
2024-09-30,Line A,Supplier 5,day,50,Operator 8,Machine 5,25.75,premium,57.22,16.79,false
2025-10-31,Line A,Supplier 2,night,752,Operator 3,Machine 5,21.82,standard,50.12,13.71,false
2025-12-25,Line B,Supplier 1,evening,1010,Operator 2,Machine 1,47.1,standard,51.02,18.06,false
2025-08-02,Line C,Supplier 2,evening,584,Operator 2,Machine 4,45.26,standard,63.96,26.71,false
2024-02-11,Line D,Supplier 3,night,686,Operator 4,Machine 4,48.46,premium,60.63,22.78,false
2025-12-21,Line D,Supplier 2,day,459,Operator 7,Machine 6,9.57,standard,60.1,24.03,false
2025-09-21,Line B,Supplier 1,day,922,Operator 2,Machine 6,46.68,premium,34.2,22.62,false
2025-11-18,Line B,Supplier 4,day,772,Operator 6,Machine 1,66.56,premium,61.72,24.27,false
2024-02-14,Line B,Supplier 1,day,670,Operator 5,Machine 2,47.12,standard,75.63,22.87,false
2024-07-12,Line C,Supplier 4,night,50,Operator 1,Machine 5,32.89,premium,46.56,33.61,true
2025-07-12,Line D,Supplier 2,evening,533,Operator 6,Machine 2,21.52,premium,43.26,24.35,false
2024-11-24,Line A,Supplier 3,evening,356,Operator 1,Machine 2,33.05,standard,32.43,27.03,false
2024-10-07,Line C,Supplier 5,day,438,Operator 1,Machine 3,9.83,premium,34.48,21.6,false
2025-04-28,Line C,Supplier 2,day,829,Operator 3,Machine 1,52.12,premium,53.79,14.47,false
2025-10-13,Line B,Supplier 2,evening,615,Operator 7,Machine 4,33.24,premium,52.81,13.19,false
2025-04-27,Line D,Supplier 3,night,686,Operator 3,Machine 2,41.19,premium,47.25,24.21,true
2025-11-22,Line C,Supplier 3,day,365,Operator 4,Machine 6,20.61,premium,55.01,9.44,false
2024-02-07,Line B,Supplier 5,night,440,Operator 7,Machine 3,33.33,standard,68.13,19.8,false
2024-10-05,Line B,Supplier 3,evening,748,Operator 3,Machine 5,23.72,premium,20.0,40.0,false
2024-01-23,Line B,Supplier 3,evening,1546,Operator 4,Machine 6,58.21,standard,50.19,15.49,false
2024-09-06,Line A,Supplier 2,day,518,Operator 5,Machine 3,24.86,standard,50.1,14.54,false
2024-06-28,Line C,Supplier 4,day,637,Operator 2,Machine 3,58.4,premium,70.11,27.64,false
2024-07-19,Line B,Supplier 1,evening,960,Operator 2,Machine 3,28.79,premium,46.91,21.04,true
2025-09-11,Line B,Supplier 3,night,1010,Operator 2,Machine 6,25.47,standard,84.04,7.41,true
2025-07-16,Line C,Supplier 3,day,1065,Operator 4,Machine 1,18.3,premium,44.61,24.1,true
2024-07-03,Line C,Supplier 3,day,617,Operator 5,Machine 5,33.6,standard,58.71,21.56,false
2025-06-15,Line A,Supplier 2,evening,50,Operator 5,Machine 5,30.12,premium,90.34,35.91,false
2024-04-21,Line C,Supplier 1,day,1039,Operator 6,Machine 3,35.45,standard,59.33,19.86,false
2024-05-09,Line A,Supplier 2,day,558,Operator 1,Machine 1,42.31,premium,70.27,26.97,false
2024-04-03,Line D,Supplier 1,day,857,Operator 2,Machine 6,16.51,standard,51.34,14.76,false
2024-12-19,Line A,Supplier 2,evening,240,Operator 2,Machine 5,26.48,standard,56.45,19.1,false
2024-11-18,Line B,Supplier 2,day,720,Operator 4,Machine 6,36.62,standard,69.87,17.52,false
2025-11-05,Line D,Supplier 1,day,84,Operator 4,Machine 5,35.7,premium,47.13,16.8,false
2025-04-09,Line A,Supplier 2,day,521,Operator 7,Machine 2,30.61,premium,40.34,26.82,false
2025-03-21,Line B,Supplier 1,evening,688,Operator 4,Machine 1,29.61,standard,75.29,20.32,false
2025-07-13,Line D,Supplier 4,evening,1485,Operator 2,Machine 6,35.0,standard,60.03,26.05,false
2024-03-23,Line A,Supplier 5,evening,684,Operator 6,Machine 6,36.14,premium,42.5,21.24,true
2025-01-12,Line C,Supplier 1,evening,1042,Operator 2,Machine 6,26.61,premium,30.61,27.7,true
2025-12-12,Line C,Supplier 4,day,933,Operator 2,Machine 3,39.68,premium,20.0,30.34,false
2025-11-25,Line C,Supplier 2,day,857,Operator 3,Machine 3,54.35,premium,76.56,23.12,false
2024-04-21,Line D,Supplier 3,day,874,Operator 1,Machine 4,33.8,premium,68.36,31.51,false
2024-10-17,Line A,Supplier 1,day,501,Operator 8,Machine 4,48.97,premium,35.78,16.38,true
2025-11-21,Line C,Supplier 3,night,489,Operator 5,Machine 3,39.23,premium,52.79,10.57,false
2024-11-30,Line B,Supplier 2,day,693,Operator 6,Machine 3,54.39,standard,58.48,15.66,false
2024-09-26,Line A,Supplier 1,evening,1479,Operator 8,Machine 4,24.38,premium,49.16,18.64,false
2025-01-22,Line C,Supplier 5,day,519,Operator 5,Machine 6,27.18,premium,39.16,19.06,false
2024-06-03,Line B,Supplier 5,evening,625,Operator 5,Machine 4,36.86,premium,20.0,15.89,false
2024-08-18,Line D,Supplier 1,night,662,Operator 1,Machine 1,22.98,premium,45.22,21.04,true
2025-01-11,Line D,Supplier 5,day,330,Operator 5,Machine 3,24.09,standard,63.18,25.87,false
2025-11-29,Line D,Supplier 2,night,280,Operator 1,Machine 5,20.39,standard,64.71,26.41,true
2024-01-04,Line C,Supplier 1,evening,910,Operator 2,Machine 6,34.11,premium,53.54,18.42,false
2025-10-17,Line B,Supplier 4,night,1124,Operator 2,Machine 3,23.23,standard,90.52,14.41,false
2025-10-20,Line B,Supplier 3,night,248,Operator 2,Machine 3,32.91,premium,54.34,22.99,false
2024-03-28,Line C,Supplier 2,day,652,Operator 4,Machine 4,32.19,premium,27.44,25.22,false
2025-04-23,Line A,Supplier 4,day,960,Operator 2,Machine 1,25.54,premium,49.42,26.65,false
2025-05-23,Line C,Supplier 3,day,760,Operator 8,Machine 1,38.36,premium,32.95,14.56,false
2025-02-09,Line D,Supplier 3,day,730,Operator 7,Machine 6,30.99,premium,38.04,13.83,false
2025-01-25,Line D,Supplier 4,day,597,Operator 7,Machine 1,33.69,standard,59.64,25.05,false
2025-10-05,Line B,Supplier 4,night,551,Operator 5,Machine 4,39.66,standard,69.43,17.4,true
2024-06-22,Line C,Supplier 5,evening,390,Operator 4,Machine 3,28.39,premium,55.8,13.54,false
2024-12-11,Line D,Supplier 2,day,591,Operator 6,Machine 2,42.92,premium,46.52,16.47,true
2024-12-08,Line B,Supplier 3,night,852,Operator 5,Machine 2,24.28,premium,39.68,29.13,false
2025-07-26,Line A,Supplier 5,night,471,Operator 2,Machine 6,41.67,premium,70.29,20.9,false
2024-03-28,Line A,Supplier 3,night,1316,Operator 2,Machine 2,19.89,premium,36.34,6.01,false
2025-05-17,Line D,Supplier 5,night,952,Operator 2,Machine 4,39.22,premium,49.83,19.7,false
2024-05-15,Line B,Supplier 2,night,670,Operator 3,Machine 3,33.54,standard,72.24,16.58,false
2025-03-04,Line B,Supplier 3,day,387,Operator 1,Machine 1,12.65,premium,39.84,26.54,false
2024-05-19,Line B,Supplier 3,night,1378,Operator 2,Machine 2,19.06,premium,34.18,15.68,true
2025-03-13,Line B,Supplier 3,night,478,Operator 7,Machine 2,16.08,premium,61.63,17.59,false
2024-09-10,Line D,Supplier 2,night,1477,Operator 2,Machine 6,51.39,premium,51.49,26.23,false
2025-09-28,Line A,Supplier 4,night,333,Operator 4,Machine 1,24.11,standard,51.64,32.77,false
2024-09-03,Line C,Supplier 5,evening,873,Operator 1,Machine 2,41.83,premium,33.01,15.13,false
2024-02-03,Line B,Supplier 1,day,672,Operator 4,Machine 6,49.28,premium,47.67,15.26,false
2025-02-22,Line A,Supplier 5,evening,400,Operator 3,Machine 1,26.71,standard,26.48,29.6,false
2025-11-17,Line C,Supplier 3,day,50,Operator 2,Machine 3,32.63,standard,50.54,16.92,false
2024-03-06,Line D,Supplier 2,evening,496,Operator 4,Machine 5,23.09,premium,41.91,37.15,false
2025-12-13,Line D,Supplier 4,evening,957,Operator 2,Machine 2,35.9,premium,34.55,15.91,false
2025-06-07,Line A,Supplier 3,day,611,Operator 5,Machine 6,49.33,premium,60.58,23.31,false
2024-06-07,Line D,Supplier 1,night,164,Operator 4,Machine 5,37.61,premium,46.09,18.83,false
2024-05-29,Line A,Supplier 2,night,415,Operator 2,Machine 2,35.02,premium,44.89,34.23,true
2024-03-13,Line D,Supplier 2,evening,50,Operator 1,Machine 4,50.14,premium,36.89,17.32,false
2024-11-22,Line B,Supplier 3,day,168,Operator 3,Machine 5,15.88,standard,60.0,9.41,false
2025-06-12,Line C,Supplier 4,day,1229,Operator 2,Machine 4,28.77,premium,25.67,25.52,false
2025-03-26,Line B,Supplier 2,evening,583,Operator 3,Machine 6,49.27,premium,49.17,15.54,false
2025-08-16,Line D,Supplier 3,evening,957,Operator 4,Machine 2,16.66,premium,72.38,12.46,false
2025-01-29,Line B,Supplier 1,evening,433,Operator 5,Machine 3,38.32,standard,52.6,25.59,false
2025-07-08,Line A,Supplier 5,day,272,Operator 3,Machine 5,48.09,premium,59.64,17.2,false
2024-12-27,Line C,Supplier 1,day,653,Operator 3,Machine 3,24.08,standard,85.73,16.13,false
2025-02-01,Line A,Supplier 3,evening,390,Operator 6,Machine 1,31.29,standard,72.65,23.95,false
2025-09-26,Line B,Supplier 4,evening,379,Operator 2,Machine 3,26.49,premium,49.05,18.17,false
2024-09-19,Line A,Supplier 3,night,600,Operator 5,Machine 4,17.76,premium,42.78,26.36,false
2024-02-24,Line A,Supplier 4,day,252,Operator 1,Machine 1,28.17,standard,75.67,33.01,false
2025-08-30,Line D,Supplier 5,evening,672,Operator 6,Machine 1,45.91,standard,58.99,22.93,false
2024-03-21,Line C,Supplier 1,evening,268,Operator 5,Machine 3,30.7,premium,23.12,20.09,false
2025-08-21,Line B,Supplier 1,night,545,Operator 2,Machine 6,45.5,premium,37.85,15.94,true
2024-12-16,Line D,Supplier 3,night,635,Operator 6,Machine 4,24.05,premium,28.06,23.24,true
2024-05-19,Line A,Supplier 5,night,386,Operator 6,Machine 1,35.76,premium,43.31,19.69,true
2024-04-16,Line D,Supplier 3,day,1202,Operator 2,Machine 4,18.54,premium,67.3,23.09,false
2024-08-20,Line C,Supplier 3,evening,511,Operator 3,Machine 2,12.67,standard,76.8,12.55,false
2025-03-29,Line D,Supplier 2,evening,1107,Operator 2,Machine 6,40.22,standard,64.7,17.89,false
2024-06-27,Line A,Supplier 3,day,1128,Operator 2,Machine 5,21.28,premium,50.6,21.08,false
2025-02-01,Line A,Supplier 5,night,685,Operator 2,Machine 6,36.19,premium,26.38,27.49,true
2024-05-28,Line D,Supplier 5,night,660,Operator 3,Machine 5,50.25,premium,47.96,8.95,true
2024-02-14,Line D,Supplier 1,night,683,Operator 2,Machine 3,34.9,premium,48.61,13.38,true
2025-11-30,Line A,Supplier 2,evening,155,Operator 7,Machine 5,27.5,standard,59.24,22.21,false
2025-02-06,Line A,Supplier 5,night,541,Operator 2,Machine 4,22.55,standard,50.13,20.33,true
2024-09-17,Line B,Supplier 5,evening,293,Operator 8,Machine 5,27.33,standard,70.42,27.69,false
2025-02-20,Line D,Supplier 3,night,381,Operator 7,Machine 3,36.87,premium,64.8,24.11,false
2025-11-12,Line C,Supplier 5,evening,676,Operator 6,Machine 3,40.49,premium,46.82,31.01,false
2025-10-03,Line B,Supplier 2,day,50,Operator 7,Machine 5,41.05,standard,71.13,8.76,false
2025-07-21,Line A,Supplier 2,night,987,Operator 2,Machine 1,41.02,standard,62.6,13.16,false
2024-11-08,Line A,Supplier 5,night,511,Operator 7,Machine 1,23.13,premium,47.52,28.84,false
2024-11-06,Line D,Supplier 2,day,715,Operator 3,Machine 6,31.19,premium,53.63,2.52,false
2025-07-31,Line B,Supplier 2,night,891,Operator 5,Machine 4,55.43,premium,20.0,28.37,true
2025-08-22,Line D,Supplier 2,night,1232,Operator 2,Machine 5,29.59,premium,62.56,23.39,false
2025-12-24,Line A,Supplier 4,night,960,Operator 4,Machine 3,52.36,premium,33.74,16.86,true
2025-06-10,Line C,Supplier 5,evening,621,Operator 7,Machine 2,45.45,premium,42.98,26.94,false
2024-02-23,Line C,Supplier 3,day,559,Operator 4,Machine 5,58.11,standard,71.36,10.39,false
2025-05-01,Line D,Supplier 1,evening,1253,Operator 2,Machine 1,26.04,standard,63.7,24.72,true
2025-02-27,Line A,Supplier 5,day,596,Operator 6,Machine 3,31.51,premium,41.59,27.65,false
2024-01-21,Line C,Supplier 3,evening,576,Operator 8,Machine 6,44.84,premium,78.83,26.76,false
2024-02-15,Line B,Supplier 2,night,702,Operator 4,Machine 5,17.41,premium,54.77,18.73,false
2024-12-03,Line D,Supplier 3,night,867,Operator 7,Machine 5,30.39,premium,38.72,24.28,true
2025-10-31,Line D,Supplier 1,day,630,Operator 5,Machine 6,29.89,premium,30.13,27.37,false
2024-01-28,Line A,Supplier 2,day,915,Operator 2,Machine 2,30.25,standard,70.8,19.61,false
2025-07-04,Line C,Supplier 3,night,792,Operator 5,Machine 5,9.16,premium,28.48,25.7,false
2025-09-01,Line B,Supplier 1,day,884,Operator 2,Machine 5,27.9,premium,49.58,13.94,false
2024-01-24,Line C,Supplier 1,evening,510,Operator 4,Machine 1,6.66,premium,45.0,19.87,false
2025-11-14,Line A,Supplier 1,evening,363,Operator 7,Machine 1,47.25,premium,30.26,24.83,true
2024-03-09,Line C,Supplier 5,day,277,Operator 1,Machine 5,37.6,standard,61.82,13.81,false
2024-09-08,Line B,Supplier 4,evening,355,Operator 6,Machine 2,25.36,premium,59.31,28.17,false
2025-03-26,Line C,Supplier 3,night,297,Operator 8,Machine 5,31.42,standard,51.1,24.21,true
2024-05-08,Line A,Supplier 3,day,947,Operator 3,Machine 6,15.25,premium,48.63,32.44,false
2025-12-11,Line D,Supplier 3,day,149,Operator 8,Machine 5,17.42,premium,65.9,12.8,false
2025-07-31,Line D,Supplier 4,day,759,Operator 5,Machine 4,23.71,standard,50.78,24.34,false
2025-04-20,Line C,Supplier 3,night,1282,Operator 2,Machine 5,23.67,premium,45.55,20.68,true
2024-08-24,Line B,Supplier 2,night,852,Operator 2,Machine 2,27.45,premium,38.39,3.81,false
2024-01-11,Line B,Supplier 3,day,996,Operator 6,Machine 6,55.09,standard,69.85,16.08,false
2025-09-14,Line B,Supplier 1,night,461,Operator 2,Machine 6,33.56,standard,54.77,26.26,true
2025-01-25,Line D,Supplier 2,day,1042,Operator 2,Machine 1,24.16,standard,31.81,39.53,true
2024-10-04,Line B,Supplier 2,evening,596,Operator 1,Machine 3,34.33,premium,32.57,18.98,false
2024-11-20,Line B,Supplier 4,day,823,Operator 5,Machine 4,27.67,premium,45.88,10.15,false
2025-02-22,Line A,Supplier 1,evening,789,Operator 8,Machine 3,40.74,premium,53.33,20.09,false
2024-01-28,Line A,Supplier 2,evening,347,Operator 5,Machine 4,27.74,premium,41.92,27.93,false
2025-06-02,Line D,Supplier 2,day,400,Operator 8,Machine 3,23.29,premium,36.34,10.94,false
2024-06-28,Line B,Supplier 5,day,745,Operator 6,Machine 3,5.0,standard,66.96,20.09,false
2024-10-24,Line A,Supplier 3,evening,843,Operator 2,Machine 1,23.74,standard,51.72,17.75,false
2025-02-27,Line A,Supplier 2,evening,128,Operator 1,Machine 5,29.23,premium,20.0,18.06,false
2024-06-25,Line B,Supplier 2,night,1141,Operator 6,Machine 1,23.5,premium,45.88,6.09,false
2025-11-23,Line C,Supplier 5,night,882,Operator 4,Machine 6,29.03,premium,36.42,25.46,false
2024-08-05,Line D,Supplier 2,day,613,Operator 3,Machine 6,44.46,premium,43.91,24.55,false
2025-04-24,Line C,Supplier 5,evening,955,Operator 2,Machine 2,31.01,premium,63.58,20.28,true
2025-03-31,Line D,Supplier 1,evening,795,Operator 2,Machine 1,45.07,standard,62.75,18.31,true
2024-01-18,Line C,Supplier 5,evening,120,Operator 7,Machine 5,12.95,standard,81.46,16.25,false
2024-01-03,Line A,Supplier 5,evening,798,Operator 3,Machine 5,24.8,standard,50.31,22.59,false
2025-11-25,Line A,Supplier 3,night,353,Operator 4,Machine 2,37.27,premium,44.19,30.68,false
2024-09-05,Line A,Supplier 3,evening,459,Operator 3,Machine 6,38.54,premium,34.78,14.8,false
2025-08-05,Line B,Supplier 1,evening,255,Operator 3,Machine 6,18.94,standard,50.96,28.11,false
2025-07-05,Line C,Supplier 3,night,670,Operator 7,Machine 5,20.15,premium,40.68,19.53,false
2024-05-24,Line A,Supplier 5,day,389,Operator 6,Machine 6,12.67,premium,31.19,32.93,false
2024-10-15,Line D,Supplier 5,night,78,Operator 1,Machine 5,17.31,standard,25.38,35.43,true
2024-08-29,Line D,Supplier 5,day,990,Operator 3,Machine 1,28.82,premium,74.4,14.23,false
2025-09-26,Line A,Supplier 5,day,811,Operator 3,Machine 3,32.81,standard,52.3,18.69,false
2024-01-14,Line B,Supplier 1,day,725,Operator 2,Machine 4,40.5,premium,47.58,35.62,false
2025-10-13,Line A,Supplier 2,evening,852,Operator 8,Machine 4,36.97,premium,54.07,15.19,false
2025-03-25,Line B,Supplier 4,day,697,Operator 5,Machine 2,51.51,premium,67.74,26.15,false
2025-12-20,Line A,Supplier 4,evening,1050,Operator 2,Machine 6,19.84,premium,50.7,22.43,false
2024-11-05,Line B,Supplier 2,night,629,Operator 7,Machine 2,48.45,premium,53.84,13.85,false
2025-04-15,Line B,Supplier 3,day,941,Operator 8,Machine 2,36.83,standard,75.3,22.87,false
2024-11-19,Line A,Supplier 2,day,322,Operator 2,Machine 1,30.41,premium,49.94,19.55,false
2025-03-12,Line A,Supplier 4,night,310,Operator 1,Machine 1,35.3,premium,49.49,21.74,false
2025-06-08,Line D,Supplier 4,evening,477,Operator 6,Machine 2,25.0,premium,50.98,16.95,false
2024-06-22,Line A,Supplier 2,night,674,Operator 8,Machine 4,22.59,premium,67.0,8.43,true
2025-10-14,Line C,Supplier 5,night,234,Operator 3,Machine 5,38.2,standard,64.44,15.69,false
2024-10-21,Line B,Supplier 4,day,361,Operator 3,Machine 1,30.6,premium,20.0,15.64,false
2024-09-11,Line C,Supplier 1,day,774,Operator 7,Machine 2,29.33,premium,54.56,13.05,false
2024-09-12,Line A,Supplier 5,night,726,Operator 3,Machine 5,36.49,standard,66.53,20.03,true
2025-06-25,Line B,Supplier 4,evening,552,Operator 5,Machine 2,49.76,premium,43.43,24.08,false
2025-10-20,Line A,Supplier 1,night,822,Operator 4,Machine 3,43.11,premium,71.94,15.91,true
2025-06-15,Line A,Supplier 3,evening,50,Operator 3,Machine 5,18.97,premium,59.54,23.22,false
2025-03-27,Line D,Supplier 4,night,206,Operator 1,Machine 5,29.08,standard,55.77,36.0,false
2025-04-19,Line C,Supplier 4,night,754,Operator 1,Machine 2,35.25,premium,20.0,30.8,true
2024-05-17,Line C,Supplier 3,day,50,Operator 4,Machine 5,25.39,premium,37.46,13.06,false
2025-09-02,Line B,Supplier 2,night,657,Operator 6,Machine 5,23.28,premium,44.69,29.78,false
2024-09-13,Line B,Supplier 1,day,1076,Operator 5,Machine 1,48.38,premium,74.85,12.25,false
2025-10-25,Line C,Supplier 4,evening,1145,Operator 3,Machine 3,33.72,premium,20.0,17.19,true
2025-07-30,Line D,Supplier 1,night,531,Operator 4,Machine 1,47.86,premium,51.76,18.37,true
2025-07-24,Line B,Supplier 2,day,345,Operator 7,Machine 5,50.34,premium,37.63,14.93,false
2024-06-04,Line D,Supplier 2,night,1183,Operator 2,Machine 5,21.85,premium,49.67,16.92,false
2025-09-24,Line A,Supplier 3,evening,635,Operator 2,Machine 6,54.29,premium,20.0,7.53,false
2024-05-28,Line C,Supplier 2,day,649,Operator 2,Machine 4,37.46,premium,69.85,15.68,false
2025-10-12,Line A,Supplier 3,day,1047,Operator 2,Machine 2,27.74,standard,67.08,25.47,false
2024-06-19,Line C,Supplier 5,night,339,Operator 6,Machine 5,42.58,premium,37.46,19.61,false
2024-04-17,Line D,Supplier 1,evening,719,Operator 1,Machine 2,26.25,standard,57.38,36.31,false
2025-04-16,Line C,Supplier 3,evening,1476,Operator 3,Machine 1,35.72,standard,53.89,12.9,false
2024-10-27,Line B,Supplier 4,evening,301,Operator 2,Machine 1,31.46,premium,65.51,18.47,false
2025-06-16,Line C,Supplier 5,evening,697,Operator 1,Machine 2,22.79,premium,29.42,32.06,false
2024-02-25,Line C,Supplier 2,evening,941,Operator 2,Machine 6,40.92,standard,57.41,12.5,true
2025-04-12,Line C,Supplier 1,night,733,Operator 3,Machine 2,43.59,standard,74.12,27.72,true
2024-10-17,Line B,Supplier 2,day,894,Operator 7,Machine 3,43.06,premium,42.11,26.24,false
2024-09-29,Line D,Supplier 3,night,1018,Operator 2,Machine 2,39.98,premium,22.52,27.96,false
2024-09-20,Line D,Supplier 5,evening,899,Operator 5,Machine 6,34.68,standard,56.69,20.59,false
2024-08-28,Line B,Supplier 5,night,518,Operator 6,Machine 3,32.86,standard,75.16,12.12,false
2025-07-11,Line B,Supplier 4,night,154,Operator 4,Machine 5,33.55,premium,43.76,26.28,false
2024-03-22,Line C,Supplier 3,evening,1276,Operator 3,Machine 1,23.38,premium,60.86,21.33,false
2025-05-24,Line B,Supplier 5,evening,544,Operator 8,Machine 6,34.61,standard,55.19,22.57,false
2024-05-16,Line B,Supplier 1,night,1032,Operator 7,Machine 3,14.56,premium,30.92,24.47,false
2024-07-16,Line D,Supplier 3,night,657,Operator 1,Machine 3,14.83,premium,20.0,25.72,true
2024-11-05,Line B,Supplier 3,night,771,Operator 3,Machine 2,5.57,premium,58.92,20.51,false
2024-06-22,Line B,Supplier 4,night,655,Operator 7,Machine 6,5.0,premium,63.68,37.73,true
2025-05-03,Line A,Supplier 3,day,422,Operator 1,Machine 4,18.54,premium,21.51,16.81,false
2025-01-26,Line C,Supplier 1,evening,270,Operator 4,Machine 1,40.7,premium,29.67,18.83,true
2024-04-30,Line C,Supplier 5,day,837,Operator 5,Machine 5,32.16,premium,37.22,20.42,false
2025-03-03,Line C,Supplier 4,day,1053,Operator 2,Machine 2,36.81,standard,55.8,9.23,false
2024-10-25,Line B,Supplier 1,evening,1411,Operator 2,Machine 6,13.33,standard,53.19,30.46,false
2024-06-18,Line D,Supplier 2,evening,699,Operator 8,Machine 1,31.39,premium,48.08,26.75,true
2025-10-11,Line C,Supplier 5,evening,696,Operator 4,Machine 4,24.52,premium,39.74,16.93,false
2024-11-06,Line B,Supplier 4,day,699,Operator 5,Machine 5,21.07,premium,36.92,30.25,false
2024-06-18,Line D,Supplier 4,night,616,Operator 2,Machine 5,28.76,premium,72.07,14.24,false
2025-03-24,Line B,Supplier 3,evening,544,Operator 7,Machine 1,25.91,standard,64.16,14.54,false
2025-10-17,Line A,Supplier 1,night,50,Operator 3,Machine 5,53.56,premium,29.01,25.43,true
2024-10-16,Line B,Supplier 1,evening,50,Operator 6,Machine 5,41.43,premium,32.33,23.57,false
2024-04-06,Line B,Supplier 2,day,1190,Operator 2,Machine 1,46.12,premium,46.33,18.06,false
2025-10-03,Line A,Supplier 2,day,650,Operator 2,Machine 1,22.49,premium,32.88,23.14,false
2024-12-15,Line D,Supplier 4,night,748,Operator 1,Machine 5,29.55,premium,73.71,31.62,false
2024-11-05,Line A,Supplier 2,day,541,Operator 7,Machine 1,31.28,premium,36.67,14.0,false
2024-04-19,Line B,Supplier 1,day,205,Operator 4,Machine 4,38.3,premium,47.2,13.07,false
2025-01-08,Line C,Supplier 5,evening,956,Operator 2,Machine 6,20.47,standard,55.21,22.31,true
2025-05-29,Line D,Supplier 5,night,427,Operator 8,Machine 6,24.51,premium,27.51,24.71,true
2024-07-05,Line A,Supplier 1,evening,931,Operator 4,Machine 6,33.55,premium,46.08,18.5,false
2024-06-28,Line A,Supplier 5,night,788,Operator 4,Machine 2,26.76,premium,45.24,27.78,false
2025-01-01,Line D,Supplier 1,night,882,Operator 7,Machine 1,30.11,premium,48.76,18.51,true
2024-06-27,Line A,Supplier 2,evening,513,Operator 5,Machine 4,20.06,premium,45.24,13.56,false
2025-04-22,Line C,Supplier 4,evening,797,Operator 8,Machine 1,16.97,premium,75.79,21.45,false
2024-09-22,Line A,Supplier 1,night,750,Operator 8,Machine 1,37.36,standard,55.08,26.1,false
2024-02-15,Line C,Supplier 3,night,817,Operator 1,Machine 1,19.48,premium,42.87,13.44,false
2024-04-30,Line D,Supplier 3,day,634,Operator 2,Machine 6,28.43,standard,79.91,25.43,false
2025-01-15,Line A,Supplier 2,day,813,Operator 7,Machine 3,21.59,standard,53.29,25.34,false
2025-09-10,Line A,Supplier 2,evening,50,Operator 3,Machine 5,29.05,standard,61.74,20.51,false
2024-03-20,Line A,Supplier 2,day,217,Operator 5,Machine 2,29.46,premium,48.31,10.32,false
2025-09-26,Line D,Supplier 2,night,501,Operator 4,Machine 6,11.66,premium,32.37,20.68,true
2024-10-17,Line D,Supplier 1,evening,239,Operator 4,Machine 5,33.02,premium,45.46,26.54,false
2025-01-21,Line B,Supplier 3,day,713,Operator 1,Machine 5,39.27,premium,39.61,14.75,false
2024-09-08,Line D,Supplier 3,day,874,Operator 6,Machine 5,49.49,premium,57.69,28.37,false
2025-07-15,Line A,Supplier 1,night,644,Operator 3,Machine 1,43.72,premium,49.98,10.47,true
2025-05-02,Line B,Supplier 2,day,255,Operator 7,Machine 5,34.11,premium,55.09,27.28,false
2025-11-04,Line B,Supplier 2,day,419,Operator 2,Machine 6,29.73,standard,68.8,19.1,false
2024-08-05,Line C,Supplier 4,night,511,Operator 8,Machine 3,44.52,premium,33.92,19.98,true
2024-07-18,Line C,Supplier 2,night,708,Operator 3,Machine 6,41.82,standard,86.06,20.13,true
2025-02-03,Line B,Supplier 4,day,802,Operator 2,Machine 2,35.98,premium,36.8,26.14,false
2024-11-21,Line B,Supplier 5,evening,657,Operator 5,Machine 4,35.72,premium,49.97,24.98,false
2025-02-28,Line B,Supplier 2,day,529,Operator 5,Machine 2,45.75,standard,55.25,22.94,false
2025-09-06,Line B,Supplier 3,night,469,Operator 2,Machine 5,5.0,premium,33.78,21.4,false
2025-06-14,Line C,Supplier 4,day,333,Operator 1,Machine 5,31.64,premium,52.88,23.0,false
2024-01-11,Line D,Supplier 5,night,1065,Operator 2,Machine 4,34.89,premium,29.21,17.09,false
2024-07-08,Line A,Supplier 4,evening,345,Operator 5,Machine 5,46.95,premium,39.6,13.31,true
2025-06-13,Line B,Supplier 2,evening,833,Operator 3,Machine 6,28.35,standard,38.21,20.86,false
2024-02-03,Line B,Supplier 4,day,287,Operator 8,Machine 5,36.73,premium,39.72,20.52,false
2024-10-29,Line B,Supplier 5,day,323,Operator 3,Machine 1,31.91,premium,72.56,27.94,false
2024-05-05,Line C,Supplier 5,day,736,Operator 1,Machine 2,31.41,standard,57.25,28.14,false
2025-11-14,Line C,Supplier 1,night,544,Operator 5,Machine 6,30.39,premium,33.88,17.91,false
2024-12-11,Line A,Supplier 3,night,735,Operator 4,Machine 3,40.45,standard,70.25,20.65,true
2024-05-19,Line B,Supplier 1,evening,68,Operator 7,Machine 3,31.75,premium,62.31,25.92,false
2025-12-10,Line A,Supplier 3,day,621,Operator 7,Machine 5,31.9,premium,44.82,29.46,false
2025-08-22,Line D,Supplier 3,night,847,Operator 6,Machine 1,23.55,standard,70.19,26.45,false
2025-12-07,Line A,Supplier 3,day,441,Operator 2,Machine 1,29.1,premium,40.9,38.45,false
2024-01-21,Line A,Supplier 1,evening,159,Operator 3,Machine 5,22.4,premium,54.87,10.02,false
2024-08-24,Line D,Supplier 1,evening,735,Operator 2,Machine 3,8.2,premium,32.56,17.51,false
2024-01-17,Line B,Supplier 2,day,621,Operator 1,Machine 5,35.6,standard,60.85,15.31,false
2024-01-29,Line C,Supplier 3,evening,510,Operator 2,Machine 2,42.04,standard,67.96,13.33,false
2024-03-21,Line B,Supplier 1,day,431,Operator 8,Machine 6,50.18,premium,52.08,13.47,false
2024-05-12,Line D,Supplier 1,day,410,Operator 6,Machine 2,35.2,standard,56.66,9.01,false
2024-06-19,Line D,Supplier 4,night,218,Operator 2,Machine 5,59.09,standard,42.88,28.3,false
2024-12-11,Line A,Supplier 5,night,50,Operator 5,Machine 3,23.24,standard,61.5,24.01,false
2025-01-05,Line C,Supplier 2,day,817,Operator 8,Machine 4,39.18,premium,57.84,21.18,false
2025-08-09,Line A,Supplier 3,evening,1283,Operator 2,Machine 3,17.87,premium,37.3,25.73,false
2024-06-20,Line D,Supplier 3,day,940,Operator 2,Machine 5,25.28,premium,39.38,19.86,false
2025-09-11,Line B,Supplier 3,night,327,Operator 5,Machine 1,25.62,premium,46.46,13.94,false
2025-10-31,Line B,Supplier 3,day,168,Operator 7,Machine 5,16.27,premium,61.11,14.91,false
2024-02-08,Line A,Supplier 5,night,855,Operator 8,Machine 2,42.47,premium,29.99,9.49,false
2025-09-21,Line A,Supplier 1,day,620,Operator 5,Machine 4,40.8,premium,35.56,22.83,false
2024-11-21,Line B,Supplier 3,day,916,Operator 8,Machine 1,45.05,premium,31.96,18.02,false
2024-01-25,Line B,Supplier 1,evening,50,Operator 4,Machine 5,19.25,premium,42.9,12.18,false
2025-02-04,Line B,Supplier 3,night,657,Operator 8,Machine 2,23.08,standard,66.01,34.33,false
2025-11-10,Line C,Supplier 1,day,576,Operator 6,Machine 2,46.96,premium,60.51,17.62,false
2024-07-20,Line D,Supplier 3,night,290,Operator 6,Machine 3,10.38,standard,62.06,16.74,false
2025-05-05,Line B,Supplier 2,evening,681,Operator 4,Machine 3,33.89,premium,33.11,22.47,false
2024-04-05,Line B,Supplier 2,day,127,Operator 1,Machine 5,39.49,standard,62.87,32.01,false
2025-05-13,Line B,Supplier 4,evening,579,Operator 8,Machine 4,40.36,premium,42.83,11.23,false
2025-08-10,Line A,Supplier 2,night,273,Operator 1,Machine 5,42.13,premium,45.75,16.83,true
2025-05-18,Line B,Supplier 5,day,638,Operator 1,Machine 2,46.96,premium,32.91,24.69,true
2025-04-19,Line D,Supplier 5,evening,668,Operator 4,Machine 4,31.53,premium,43.75,29.22,true
2024-04-11,Line B,Supplier 1,evening,387,Operator 5,Machine 1,40.55,premium,48.83,18.07,false
2024-11-22,Line C,Supplier 2,day,50,Operator 8,Machine 4,29.69,premium,30.5,23.6,false
2025-10-11,Line C,Supplier 2,evening,1151,Operator 2,Machine 2,29.35,premium,56.36,16.18,false
2025-12-05,Line A,Supplier 4,night,1130,Operator 2,Machine 3,30.82,premium,39.25,14.65,true
2025-01-18,Line C,Supplier 3,evening,808,Operator 6,Machine 5,37.5,premium,41.54,27.59,false
2024-10-06,Line B,Supplier 3,night,461,Operator 8,Machine 4,11.65,standard,61.46,26.14,false
2025-08-22,Line C,Supplier 4,day,569,Operator 3,Machine 6,50.32,standard,58.8,20.07,true
2024-01-01,Line A,Supplier 3,night,597,Operator 2,Machine 3,26.24,premium,23.81,17.62,false
2024-07-09,Line A,Supplier 3,evening,569,Operator 4,Machine 5,5.54,premium,55.16,18.8,false
2025-12-25,Line A,Supplier 2,night,797,Operator 2,Machine 3,51.26,premium,38.25,12.85,false
2025-12-03,Line C,Supplier 3,night,434,Operator 1,Machine 4,36.03,premium,65.3,27.59,false
2024-09-12,Line B,Supplier 5,day,427,Operator 6,Machine 4,45.74,premium,47.77,18.33,false
2025-08-19,Line A,Supplier 1,evening,459,Operator 8,Machine 6,32.7,standard,65.38,26.94,false
2024-03-22,Line A,Supplier 3,night,214,Operator 8,Machine 2,29.08,premium,42.87,14.44,true
2025-12-01,Line A,Supplier 3,day,476,Operator 2,Machine 6,36.57,premium,42.47,17.02,false
2025-12-04,Line C,Supplier 3,evening,1034,Operator 8,Machine 1,18.25,standard,69.48,19.17,false
2025-06-08,Line C,Supplier 2,day,562,Operator 8,Machine 6,42.89,premium,41.93,11.02,false
2025-03-26,Line B,Supplier 5,day,761,Operator 5,Machine 6,32.86,premium,73.81,11.48,false
2024-05-25,Line B,Supplier 2,night,546,Operator 4,Machine 6,29.65,premium,48.76,28.43,false
2025-01-27,Line B,Supplier 2,evening,1087,Operator 2,Machine 5,20.09,premium,44.5,16.89,true
2024-12-03,Line B,Supplier 4,day,567,Operator 3,Machine 3,41.68,premium,38.93,27.02,false
2025-10-30,Line A,Supplier 5,day,616,Operator 4,Machine 4,49.13,premium,68.94,15.71,false
2025-11-11,Line D,Supplier 1,evening,914,Operator 3,Machine 4,44.77,premium,28.87,24.06,false
2025-10-31,Line B,Supplier 4,day,698,Operator 6,Machine 4,39.22,premium,43.35,28.78,false
2024-05-20,Line A,Supplier 3,evening,1157,Operator 3,Machine 1,46.05,premium,63.23,33.27,false
2024-09-27,Line D,Supplier 1,evening,469,Operator 2,Machine 4,27.94,premium,34.92,17.08,true
2024-12-16,Line C,Supplier 3,day,650,Operator 1,Machine 6,41.13,premium,37.74,26.28,false
2024-02-13,Line D,Supplier 3,night,636,Operator 3,Machine 3,34.4,standard,72.39,27.45,false
2024-05-30,Line D,Supplier 1,day,860,Operator 8,Machine 4,42.52,standard,62.32,13.6,false
2024-02-20,Line A,Supplier 3,night,1131,Operator 2,Machine 3,33.57,premium,68.34,19.92,true
2025-08-15,Line B,Supplier 3,night,50,Operator 6,Machine 5,25.54,premium,73.53,27.1,false
2024-09-20,Line D,Supplier 2,evening,721,Operator 1,Machine 6,34.15,premium,82.48,25.49,false
2025-01-17,Line B,Supplier 3,night,1061,Operator 4,Machine 4,16.98,premium,31.96,14.25,true
2024-04-10,Line A,Supplier 5,night,256,Operator 2,Machine 5,33.87,standard,32.97,29.83,true
2025-03-06,Line B,Supplier 3,day,1339,Operator 2,Machine 5,30.13,standard,66.04,27.14,false
2025-09-13,Line D,Supplier 5,day,342,Operator 6,Machine 3,31.4,standard,54.9,23.61,false
2024-05-11,Line D,Supplier 1,evening,568,Operator 8,Machine 4,50.32,premium,36.29,28.0,false
2025-09-01,Line C,Supplier 2,day,775,Operator 1,Machine 6,23.27,premium,48.11,19.65,false
2024-10-23,Line B,Supplier 5,night,716,Operator 2,Machine 4,40.68,premium,27.68,25.08,true
2024-02-22,Line B,Supplier 2,day,1215,Operator 1,Machine 1,5.0,premium,46.41,11.3,false
2025-01-22,Line D,Supplier 4,night,437,Operator 5,Machine 3,32.29,premium,50.92,19.76,false
2024-06-20,Line B,Supplier 3,day,664,Operator 4,Machine 3,20.08,premium,42.16,30.22,false
2025-12-22,Line B,Supplier 3,day,309,Operator 2,Machine 3,40.39,standard,64.44,22.46,false
2025-04-22,Line A,Supplier 3,day,983,Operator 2,Machine 6,33.64,premium,37.15,13.79,false
2024-10-29,Line A,Supplier 4,evening,422,Operator 1,Machine 2,58.16,standard,52.7,10.46,false
2025-04-22,Line B,Supplier 3,evening,320,Operator 8,Machine 5,15.11,premium,44.22,15.08,false
2025-06-21,Line C,Supplier 2,evening,455,Operator 3,Machine 1,27.09,premium,41.48,11.03,true
2025-07-23,Line A,Supplier 4,day,83,Operator 5,Machine 5,41.72,premium,36.39,25.93,false
2024-07-09,Line D,Supplier 4,night,663,Operator 7,Machine 1,34.12,standard,81.77,3.78,false
2024-11-25,Line D,Supplier 3,night,559,Operator 3,Machine 1,32.35,standard,50.3,18.15,true
2025-01-12,Line B,Supplier 1,evening,615,Operator 1,Machine 3,30.25,standard,78.96,19.77,false
2025-11-18,Line D,Supplier 5,evening,499,Operator 8,Machine 3,40.86,standard,57.26,31.74,false
2024-08-15,Line C,Supplier 4,night,496,Operator 8,Machine 6,5.49,standard,55.49,19.72,false
2024-06-04,Line D,Supplier 4,evening,290,Operator 4,Machine 2,26.09,standard,61.0,28.53,false
2025-08-26,Line B,Supplier 3,day,50,Operator 4,Machine 5,31.02,premium,44.18,22.06,false
2024-10-02,Line D,Supplier 1,evening,527,Operator 8,Machine 1,20.42,standard,70.53,24.5,false
2024-12-09,Line A,Supplier 1,evening,841,Operator 3,Machine 5,38.72,premium,55.98,11.78,false
2024-05-25,Line D,Supplier 1,day,871,Operator 4,Machine 5,27.0,premium,28.73,22.67,false
2024-06-29,Line C,Supplier 1,day,828,Operator 8,Machine 3,23.62,standard,50.9,19.9,false
2024-12-15,Line A,Supplier 3,evening,409,Operator 7,Machine 4,35.71,premium,61.15,23.44,false
2025-03-22,Line C,Supplier 2,day,600,Operator 6,Machine 5,32.62,standard,45.44,26.35,false
2024-10-20,Line B,Supplier 4,day,774,Operator 1,Machine 4,46.72,premium,21.1,23.2,false
2025-04-05,Line B,Supplier 4,evening,403,Operator 6,Machine 4,37.8,premium,20.0,21.52,false
2024-04-25,Line C,Supplier 3,night,711,Operator 1,Machine 1,9.63,standard,62.42,12.24,false
2024-09-24,Line B,Supplier 3,evening,330,Operator 4,Machine 2,47.15,premium,48.32,22.21,false
2025-08-23,Line A,Supplier 3,night,65,Operator 6,Machine 3,20.35,premium,62.93,6.02,true
2025-04-13,Line C,Supplier 4,evening,998,Operator 2,Machine 6,29.1,premium,35.39,15.89,true
2025-10-20,Line A,Supplier 2,night,503,Operator 3,Machine 4,35.36,standard,72.86,11.89,false
2025-06-10,Line C,Supplier 4,night,812,Operator 4,Machine 1,29.65,premium,41.05,28.36,true
2025-02-20,Line B,Supplier 3,day,50,Operator 7,Machine 2,16.28,standard,63.18,18.05,false
2025-12-13,Line D,Supplier 1,day,946,Operator 2,Machine 1,29.82,standard,64.42,25.79,false
2024-07-11,Line A,Supplier 1,evening,453,Operator 3,Machine 4,21.13,standard,61.09,21.06,false
2024-02-27,Line C,Supplier 5,night,1072,Operator 2,Machine 2,34.42,standard,58.01,21.05,false
2025-04-20,Line C,Supplier 2,day,1357,Operator 2,Machine 3,27.68,standard,50.57,24.46,false
2024-10-02,Line C,Supplier 5,evening,1346,Operator 2,Machine 1,47.47,premium,40.44,4.39,false
2024-04-24,Line D,Supplier 3,day,562,Operator 2,Machine 4,37.98,premium,84.63,26.39,false
2024-03-23,Line B,Supplier 2,day,579,Operator 6,Machine 6,39.35,premium,45.25,23.48,false
2024-07-14,Line D,Supplier 1,night,1215,Operator 2,Machine 1,43.8,premium,61.29,13.58,true
2025-01-11,Line A,Supplier 5,day,598,Operator 5,Machine 5,55.96,standard,72.87,26.09,false
2025-01-24,Line A,Supplier 5,night,397,Operator 5,Machine 5,44.2,premium,37.08,9.9,false
2024-02-02,Line A,Supplier 3,night,930,Operator 2,Machine 4,17.68,premium,47.01,27.07,true
2024-05-01,Line A,Supplier 3,day,687,Operator 1,Machine 1,12.72,premium,34.05,26.71,false
2025-01-20,Line D,Supplier 3,evening,113,Operator 8,Machine 5,38.01,premium,59.74,23.89,true
2024-11-29,Line D,Supplier 3,evening,214,Operator 8,Machine 5,16.01,premium,37.04,25.66,false
2025-04-26,Line A,Supplier 1,night,238,Operator 7,Machine 5,40.17,premium,43.3,27.38,true
2024-10-05,Line C,Supplier 4,day,842,Operator 1,Machine 3,28.32,premium,40.52,27.46,false
2025-07-28,Line B,Supplier 2,day,652,Operator 3,Machine 2,42.08,premium,38.94,15.02,false
2025-04-27,Line A,Supplier 2,night,617,Operator 1,Machine 5,40.79,standard,45.02,29.97,false
2025-12-02,Line C,Supplier 1,day,671,Operator 4,Machine 4,29.52,premium,28.85,27.49,false
2024-09-04,Line A,Supplier 2,day,228,Operator 7,Machine 2,48.87,premium,46.3,29.0,false
2024-10-07,Line B,Supplier 1,day,836,Operator 1,Machine 6,43.36,premium,73.52,26.32,false
2025-05-14,Line A,Supplier 1,night,267,Operator 6,Machine 3,30.6,standard,65.61,22.16,false
2024-01-20,Line C,Supplier 1,night,675,Operator 6,Machine 2,21.42,standard,58.64,16.79,false
2024-09-24,Line B,Supplier 3,day,416,Operator 7,Machine 3,18.55,premium,43.98,25.07,false
2025-04-07,Line C,Supplier 3,night,421,Operator 6,Machine 5,9.94,standard,77.39,18.8,false
2024-08-04,Line B,Supplier 1,evening,736,Operator 4,Machine 5,20.87,premium,30.64,30.24,false
2024-06-30,Line B,Supplier 1,day,931,Operator 2,Machine 4,21.51,standard,50.71,29.02,false
2025-11-11,Line A,Supplier 5,night,560,Operator 6,Machine 3,40.26,standard,59.83,19.32,true
2025-06-15,Line A,Supplier 2,evening,1097,Operator 2,Machine 1,43.69,premium,62.8,27.18,false
2025-12-12,Line A,Supplier 1,evening,338,Operator 1,Machine 4,45.85,standard,54.59,23.37,false
2025-10-04,Line C,Supplier 1,day,749,Operator 4,Machine 6,40.68,premium,41.59,27.27,false
2024-05-06,Line B,Supplier 2,evening,886,Operator 8,Machine 2,27.87,premium,37.15,21.57,false
2024-08-11,Line A,Supplier 2,night,1197,Operator 6,Machine 3,31.39,standard,52.42,22.61,true
2024-04-09,Line C,Supplier 3,night,300,Operator 2,Machine 3,14.89,premium,48.0,22.96,false
2025-07-06,Line C,Supplier 1,night,782,Operator 5,Machine 3,48.81,standard,70.14,34.34,false
2024-10-11,Line B,Supplier 3,day,254,Operator 2,Machine 5,25.8,premium,41.11,22.91,false
2025-01-17,Line C,Supplier 1,night,699,Operator 4,Machine 3,21.62,standard,55.55,11.31,true
2025-11-05,Line B,Supplier 5,day,556,Operator 2,Machine 4,5.0,premium,80.95,22.5,false
2024-01-09,Line A,Supplier 4,night,811,Operator 7,Machine 5,51.1,standard,62.69,20.98,false
2025-01-16,Line A,Supplier 3,day,186,Operator 4,Machine 5,46.38,standard,53.68,24.38,false
2024-10-17,Line A,Supplier 5,night,895,Operator 1,Machine 1,41.4,standard,67.22,36.79,false
2025-05-17,Line A,Supplier 3,day,60,Operator 1,Machine 5,13.02,premium,43.64,25.7,true
2024-03-20,Line B,Supplier 2,night,604,Operator 3,Machine 2,44.28,premium,39.64,22.07,false
2024-02-10,Line A,Supplier 3,evening,571,Operator 3,Machine 4,58.87,standard,60.29,7.91,false
2024-01-16,Line B,Supplier 3,day,861,Operator 4,Machine 6,25.79,premium,38.42,33.69,false
2024-05-24,Line A,Supplier 5,day,740,Operator 3,Machine 1,14.39,premium,26.89,15.82,false
2025-05-15,Line B,Supplier 1,night,364,Operator 4,Machine 4,32.71,premium,37.17,8.09,false
2025-07-06,Line A,Supplier 1,evening,918,Operator 2,Machine 6,43.52,standard,50.47,11.61,false
2025-10-30,Line B,Supplier 2,evening,853,Operator 7,Machine 5,29.27,standard,58.12,18.28,false
2025-01-26,Line C,Supplier 1,day,800,Operator 2,Machine 3,37.75,premium,29.84,21.19,false
2024-08-04,Line A,Supplier 5,evening,1298,Operator 2,Machine 3,52.15,premium,27.13,22.44,false
2025-07-28,Line A,Supplier 5,day,355,Operator 7,Machine 2,59.48,premium,42.03,17.17,false
2024-08-14,Line D,Supplier 5,evening,859,Operator 8,Machine 1,24.63,standard,74.94,20.09,true
2025-04-14,Line B,Supplier 5,evening,866,Operator 6,Machine 5,30.66,standard,55.49,16.87,false
2025-06-20,Line A,Supplier 3,night,773,Operator 5,Machine 6,43.72,premium,40.32,13.09,false
2025-12-07,Line A,Supplier 3,night,222,Operator 6,Machine 5,30.76,premium,39.74,19.11,true
2025-08-05,Line A,Supplier 3,night,861,Operator 4,Machine 2,5.89,premium,77.19,27.56,true
2025-11-24,Line C,Supplier 3,evening,1053,Operator 7,Machine 6,12.68,premium,45.98,29.06,false
2024-09-17,Line C,Supplier 4,day,939,Operator 5,Machine 3,32.27,premium,33.11,31.79,false
2024-10-19,Line A,Supplier 5,evening,873,Operator 2,Machine 6,36.4,standard,29.47,23.22,true
2025-12-02,Line A,Supplier 3,day,689,Operator 3,Machine 1,41.04,standard,78.4,23.24,false
2025-10-18,Line D,Supplier 3,evening,64,Operator 7,Machine 5,32.85,standard,48.0,15.44,true
2025-12-07,Line A,Supplier 2,day,900,Operator 2,Machine 6,25.06,premium,40.98,17.42,false
2025-03-31,Line D,Supplier 3,night,716,Operator 8,Machine 6,23.38,standard,68.75,30.07,true
2024-05-03,Line B,Supplier 3,evening,594,Operator 2,Machine 6,18.8,premium,61.69,27.6,false
2025-04-26,Line B,Supplier 4,night,504,Operator 3,Machine 1,41.56,premium,20.0,18.92,false
2024-03-21,Line C,Supplier 5,day,1337,Operator 2,Machine 3,42.88,premium,54.41,18.86,false
2024-09-10,Line A,Supplier 1,evening,1301,Operator 2,Machine 4,31.94,premium,52.3,7.65,false
2024-09-28,Line D,Supplier 5,day,415,Operator 1,Machine 5,18.27,premium,66.22,22.6,false
2024-06-15,Line C,Supplier 5,evening,1283,Operator 2,Machine 6,5.0,premium,41.84,33.85,true
2025-07-11,Line C,Supplier 3,night,340,Operator 1,Machine 6,5.91,premium,39.2,4.69,false
2025-05-08,Line C,Supplier 1,night,1054,Operator 8,Machine 3,41.73,standard,50.87,29.44,false
2025-04-17,Line D,Supplier 3,night,611,Operator 8,Machine 4,26.13,premium,50.5,8.97,false
2025-10-17,Line C,Supplier 4,night,411,Operator 6,Machine 4,36.13,standard,55.68,16.36,false
2024-08-06,Line D,Supplier 3,evening,242,Operator 5,Machine 5,44.29,standard,65.06,29.99,true
2025-07-20,Line C,Supplier 4,night,954,Operator 7,Machine 3,38.48,standard,70.08,29.52,false
2025-08-29,Line C,Supplier 3,night,672,Operator 1,Machine 5,44.29,standard,63.54,19.53,true
2025-06-16,Line C,Supplier 3,night,967,Operator 6,Machine 5,35.19,premium,52.62,17.29,false
2025-05-13,Line A,Supplier 3,day,246,Operator 2,Machine 5,10.37,premium,46.06,17.31,false
2024-08-18,Line D,Supplier 1,night,443,Operator 3,Machine 1,41.8,premium,40.92,17.15,true
2024-12-07,Line A,Supplier 4,day,631,Operator 4,Machine 6,37.72,standard,50.16,14.33,false
2025-04-03,Line A,Supplier 2,day,1528,Operator 2,Machine 4,46.05,premium,49.78,20.75,false
2024-08-21,Line B,Supplier 4,evening,1045,Operator 2,Machine 6,30.26,premium,34.76,31.01,false
2025-02-04,Line B,Supplier 1,day,884,Operator 3,Machine 2,49.45,premium,23.03,27.29,false
2025-03-02,Line C,Supplier 3,day,870,Operator 1,Machine 2,33.13,premium,57.3,17.98,false
2025-05-22,Line C,Supplier 5,evening,788,Operator 7,Machine 2,34.51,premium,34.27,24.67,true
2024-12-17,Line C,Supplier 4,evening,436,Operator 4,Machine 4,32.77,premium,37.52,17.37,false
2024-01-23,Line A,Supplier 2,day,713,Operator 5,Machine 3,34.7,premium,43.88,22.22,false
2025-06-10,Line A,Supplier 1,day,849,Operator 1,Machine 1,38.96,premium,31.99,16.35,true
2025-12-20,Line A,Supplier 5,evening,351,Operator 2,Machine 3,38.37,standard,54.08,13.0,true
2024-09-22,Line C,Supplier 3,day,914,Operator 2,Machine 3,48.29,premium,34.85,10.15,false
2025-02-19,Line B,Supplier 2,evening,1244,Operator 2,Machine 2,24.14,premium,38.3,23.39,false
2024-08-24,Line B,Supplier 1,night,1186,Operator 2,Machine 2,44.5,standard,59.22,21.05,false
2024-05-17,Line D,Supplier 4,day,725,Operator 8,Machine 4,19.84,standard,63.93,27.74,false
2024-10-25,Line C,Supplier 4,day,968,Operator 2,Machine 5,33.33,premium,62.67,27.75,false
2025-03-06,Line B,Supplier 4,night,936,Operator 2,Machine 5,20.63,standard,51.49,18.81,true
2025-07-18,Line D,Supplier 1,evening,433,Operator 1,Machine 2,35.43,premium,41.98,37.11,false
2024-06-14,Line A,Supplier 3,evening,318,Operator 8,Machine 6,15.65,premium,37.36,26.48,false
2025-09-06,Line D,Supplier 3,evening,342,Operator 4,Machine 5,18.74,premium,40.6,5.05,false
2024-07-12,Line B,Supplier 5,day,359,Operator 5,Machine 6,26.09,standard,53.69,23.77,false
2025-07-16,Line A,Supplier 5,night,641,Operator 7,Machine 4,20.29,premium,54.64,18.84,false
2024-06-14,Line B,Supplier 3,evening,199,Operator 2,Machine 5,26.81,premium,46.15,24.86,false
2024-01-25,Line C,Supplier 3,evening,281,Operator 4,Machine 5,16.88,premium,46.29,17.74,false
2025-08-01,Line B,Supplier 5,day,932,Operator 2,Machine 2,39.18,premium,38.14,33.61,false
2025-01-13,Line B,Supplier 5,day,1214,Operator 2,Machine 6,41.34,premium,44.93,17.61,false
2024-09-22,Line A,Supplier 4,evening,350,Operator 5,Machine 1,8.28,premium,30.37,25.25,true
2025-03-05,Line B,Supplier 1,evening,793,Operator 8,Machine 4,38.81,premium,40.56,25.39,false
2025-06-01,Line A,Supplier 1,night,485,Operator 8,Machine 4,34.65,premium,54.19,22.65,false
2025-01-23,Line C,Supplier 5,evening,1111,Operator 2,Machine 1,32.53,premium,57.19,16.43,false
2025-07-07,Line C,Supplier 2,day,665,Operator 8,Machine 3,21.01,premium,30.99,24.54,true
2024-11-06,Line A,Supplier 4,evening,709,Operator 2,Machine 5,23.8,premium,44.13,24.96,false
2025-03-18,Line A,Supplier 2,day,912,Operator 2,Machine 2,20.32,standard,32.83,34.76,false
2024-11-02,Line A,Supplier 3,night,475,Operator 5,Machine 1,30.82,premium,38.96,27.67,true
2025-07-08,Line D,Supplier 2,evening,865,Operator 3,Machine 6,39.11,premium,37.66,17.0,false
2024-02-22,Line C,Supplier 5,evening,950,Operator 2,Machine 6,24.66,premium,20.6,26.34,false
2024-08-21,Line D,Supplier 3,evening,828,Operator 8,Machine 2,12.26,standard,53.6,38.42,false
2024-08-26,Line B,Supplier 2,night,385,Operator 8,Machine 3,54.35,premium,20.0,16.99,true
2025-04-06,Line B,Supplier 4,day,56,Operator 7,Machine 5,28.61,premium,31.22,23.98,false
2024-09-27,Line B,Supplier 4,night,710,Operator 1,Machine 5,12.86,standard,51.2,23.0,false
2024-11-16,Line D,Supplier 2,evening,636,Operator 1,Machine 3,32.33,premium,49.95,27.87,true
2025-11-17,Line B,Supplier 5,night,670,Operator 7,Machine 3,54.72,premium,62.96,20.24,true
2024-04-07,Line A,Supplier 4,evening,1390,Operator 2,Machine 4,58.96,standard,51.94,25.28,false
2024-10-19,Line B,Supplier 3,evening,963,Operator 2,Machine 4,30.49,standard,56.65,24.26,false
2025-01-15,Line A,Supplier 1,day,1319,Operator 2,Machine 4,31.76,premium,64.52,26.06,false
2025-10-24,Line A,Supplier 3,night,1066,Operator 8,Machine 2,30.99,premium,48.28,15.86,true
2025-05-22,Line D,Supplier 4,evening,366,Operator 1,Machine 3,25.84,standard,57.02,19.49,false
2025-03-03,Line D,Supplier 5,evening,885,Operator 3,Machine 1,31.71,standard,77.31,32.29,false
2024-10-15,Line A,Supplier 4,day,1226,Operator 2,Machine 1,59.29,premium,33.45,18.82,false
2025-03-18,Line C,Supplier 3,day,206,Operator 4,Machine 5,30.86,standard,65.17,12.34,false
2025-11-30,Line D,Supplier 5,night,633,Operator 1,Machine 6,51.91,premium,59.59,10.5,false
2025-11-08,Line D,Supplier 3,night,711,Operator 1,Machine 5,17.54,standard,58.69,29.2,false
2025-09-24,Line A,Supplier 3,day,432,Operator 2,Machine 1,35.76,standard,61.92,29.68,true
2025-09-23,Line A,Supplier 3,day,119,Operator 4,Machine 5,29.27,premium,48.15,37.52,false
2025-02-06,Line A,Supplier 4,day,610,Operator 4,Machine 4,26.76,premium,41.86,21.89,true
2024-09-17,Line A,Supplier 5,evening,653,Operator 4,Machine 5,35.84,premium,43.21,26.33,false
2024-04-21,Line C,Supplier 3,day,381,Operator 4,Machine 1,26.46,standard,68.42,20.84,true
2025-10-29,Line C,Supplier 2,evening,69,Operator 1,Machine 5,22.83,premium,83.72,28.43,false
2024-12-24,Line A,Supplier 2,day,365,Operator 8,Machine 1,46.27,premium,71.33,14.44,true
2024-10-10,Line B,Supplier 4,evening,654,Operator 2,Machine 2,30.77,premium,49.75,18.95,false
2025-10-18,Line A,Supplier 2,night,1387,Operator 2,Machine 1,50.83,premium,40.57,6.23,false
2025-01-19,Line A,Supplier 5,night,333,Operator 8,Machine 2,33.94,standard,86.39,21.08,true
2025-01-27,Line B,Supplier 3,night,570,Operator 5,Machine 2,17.82,premium,35.39,20.8,false
2024-04-25,Line B,Supplier 1,day,1147,Operator 2,Machine 3,44.28,standard,53.37,20.46,false
2024-03-28,Line D,Supplier 1,day,993,Operator 1,Machine 6,31.46,premium,52.22,22.53,false
2025-05-03,Line A,Supplier 2,day,410,Operator 7,Machine 4,39.05,standard,59.72,18.1,false
2024-02-29,Line B,Supplier 2,night,458,Operator 1,Machine 4,35.63,premium,31.54,16.72,true
2025-04-09,Line D,Supplier 3,day,973,Operator 2,Machine 2,15.85,premium,51.53,24.07,false
2025-11-07,Line A,Supplier 1,evening,887,Operator 3,Machine 4,43.15,premium,50.49,33.17,false
2024-03-26,Line C,Supplier 2,day,1165,Operator 2,Machine 6,25.31,premium,62.77,20.22,false
2024-01-22,Line B,Supplier 2,day,234,Operator 7,Machine 5,24.32,standard,56.14,18.42,true
2024-06-03,Line A,Supplier 1,day,338,Operator 2,Machine 6,37.15,standard,67.88,24.05,false
2025-12-14,Line D,Supplier 2,evening,783,Operator 6,Machine 1,42.88,premium,44.42,21.98,false
2024-07-01,Line A,Supplier 1,night,753,Operator 3,Machine 1,46.93,standard,56.31,27.16,false
2025-02-25,Line A,Supplier 3,day,1001,Operator 2,Machine 4,5.0,standard,70.79,40.0,false
2025-07-13,Line A,Supplier 3,night,850,Operator 7,Machine 4,31.21,premium,40.83,22.1,false
2024-08-19,Line D,Supplier 1,day,770,Operator 7,Machine 1,43.65,premium,43.46,29.66,false
2024-04-28,Line B,Supplier 2,day,882,Operator 4,Machine 1,27.74,premium,41.22,18.32,false
2024-02-19,Line C,Supplier 5,night,534,Operator 2,Machine 6,26.42,premium,33.63,12.14,false
2024-04-15,Line A,Supplier 5,day,404,Operator 4,Machine 5,25.3,premium,52.44,15.71,false
2024-08-12,Line B,Supplier 4,evening,445,Operator 4,Machine 2,23.56,standard,63.98,9.72,true
2025-02-09,Line A,Supplier 2,night,370,Operator 8,Machine 6,40.22,premium,40.88,22.68,true
2024-06-20,Line B,Supplier 5,night,708,Operator 8,Machine 5,42.72,premium,42.62,13.54,false
2024-05-26,Line B,Supplier 4,day,473,Operator 3,Machine 1,29.65,premium,46.31,28.18,false
2024-10-15,Line A,Supplier 1,night,846,Operator 4,Machine 4,36.98,standard,59.63,20.95,false
2025-11-13,Line B,Supplier 1,night,684,Operator 7,Machine 3,60.63,premium,38.74,20.4,false
2024-02-06,Line B,Supplier 2,day,598,Operator 8,Machine 6,18.43,standard,50.2,17.71,true
2024-10-29,Line D,Supplier 3,night,663,Operator 1,Machine 1,51.26,premium,53.75,40.0,false
2025-09-13,Line A,Supplier 3,day,893,Operator 7,Machine 3,29.88,premium,49.41,6.19,false
2024-10-05,Line B,Supplier 4,day,50,Operator 7,Machine 3,38.61,premium,52.67,24.58,false
2025-11-16,Line C,Supplier 1,day,1000,Operator 4,Machine 6,22.46,standard,59.48,26.66,false
2024-09-07,Line D,Supplier 3,day,597,Operator 6,Machine 2,12.19,standard,60.52,17.42,false
2025-11-25,Line C,Supplier 2,night,1076,Operator 1,Machine 4,22.61,standard,78.02,14.73,false
2025-05-15,Line A,Supplier 4,day,1019,Operator 2,Machine 3,22.06,premium,20.0,27.61,false
2024-05-27,Line A,Supplier 3,night,1350,Operator 7,Machine 4,15.05,premium,42.91,28.1,true
2025-05-14,Line D,Supplier 1,day,306,Operator 6,Machine 2,28.5,premium,52.78,23.27,false
2024-12-03,Line C,Supplier 3,day,672,Operator 6,Machine 4,48.15,premium,22.19,23.5,false
2024-05-31,Line C,Supplier 5,night,547,Operator 8,Machine 3,45.57,premium,28.84,9.91,false
2024-02-17,Line B,Supplier 3,night,58,Operator 6,Machine 5,5.0,premium,76.25,8.97,false
2025-03-10,Line C,Supplier 3,evening,1372,Operator 2,Machine 3,42.58,premium,32.17,23.8,false
2025-09-05,Line D,Supplier 5,evening,345,Operator 5,Machine 1,40.0,standard,53.65,19.18,false
2024-04-26,Line C,Supplier 3,night,595,Operator 3,Machine 2,19.12,premium,33.98,26.7,false
2025-07-27,Line A,Supplier 3,night,881,Operator 7,Machine 6,14.84,standard,71.15,21.01,true
2025-07-16,Line A,Supplier 1,evening,868,Operator 2,Machine 2,33.78,premium,41.31,34.36,false
2024-08-21,Line B,Supplier 3,day,299,Operator 5,Machine 5,10.47,standard,82.13,18.0,false
2024-11-07,Line A,Supplier 3,day,900,Operator 2,Machine 1,14.53,premium,35.82,23.58,false
2024-12-31,Line A,Supplier 2,night,680,Operator 6,Machine 4,35.82,premium,58.3,21.4,true
2024-05-06,Line C,Supplier 3,evening,198,Operator 7,Machine 5,30.89,standard,54.34,28.48,false
2025-05-11,Line C,Supplier 3,evening,773,Operator 2,Machine 5,9.33,premium,20.0,29.85,false
2024-10-17,Line B,Supplier 5,day,1024,Operator 8,Machine 3,30.37,premium,65.5,6.27,false
2024-07-19,Line A,Supplier 1,night,357,Operator 3,Machine 5,40.4,premium,85.15,30.47,false
2024-07-13,Line A,Supplier 3,night,639,Operator 2,Machine 6,20.58,premium,20.0,14.47,false
2024-11-17,Line A,Supplier 4,night,787,Operator 2,Machine 2,18.48,premium,55.12,23.91,false
2025-01-09,Line D,Supplier 1,day,796,Operator 3,Machine 5,21.55,premium,44.65,19.43,false
2024-08-28,Line B,Supplier 2,day,967,Operator 4,Machine 5,38.98,premium,58.48,18.14,false
2025-05-03,Line D,Supplier 2,night,285,Operator 5,Machine 5,36.98,standard,73.9,27.04,false
2024-03-15,Line A,Supplier 5,evening,575,Operator 7,Machine 5,25.71,premium,37.03,19.06,false
2024-07-09,Line D,Supplier 5,night,113,Operator 4,Machine 4,8.61,premium,20.0,16.84,false
2025-03-30,Line D,Supplier 1,day,727,Operator 7,Machine 2,29.13,premium,41.3,16.1,false
2024-12-05,Line C,Supplier 5,evening,869,Operator 3,Machine 5,20.27,standard,66.84,10.2,true
2025-11-12,Line C,Supplier 5,day,163,Operator 6,Machine 5,31.39,standard,62.39,19.06,false
2024-12-09,Line D,Supplier 2,night,50,Operator 8,Machine 5,37.8,premium,28.66,14.39,false
2025-06-06,Line D,Supplier 5,night,1087,Operator 1,Machine 6,38.85,standard,52.02,15.66,false
2024-08-12,Line B,Supplier 4,night,50,Operator 8,Machine 5,41.48,premium,65.43,13.61,true
2025-04-13,Line B,Supplier 3,night,50,Operator 2,Machine 5,16.76,premium,63.38,27.35,false
2025-08-05,Line D,Supplier 1,night,269,Operator 8,Machine 5,20.61,premium,84.03,24.72,true
2024-07-02,Line A,Supplier 4,day,582,Operator 6,Machine 6,46.32,premium,53.45,14.63,false
2025-10-26,Line A,Supplier 3,night,831,Operator 7,Machine 4,43.61,premium,49.45,19.64,false
2024-02-28,Line B,Supplier 4,evening,1114,Operator 2,Machine 1,29.85,premium,20.0,7.95,false
2025-01-06,Line D,Supplier 2,night,694,Operator 7,Machine 3,55.72,premium,48.26,17.28,false
2024-02-27,Line C,Supplier 4,day,553,Operator 3,Machine 5,40.09,premium,35.74,18.21,false
2024-12-23,Line B,Supplier 2,evening,764,Operator 3,Machine 1,37.38,premium,49.04,24.61,false
2024-06-29,Line B,Supplier 5,evening,194,Operator 5,Machine 5,28.28,premium,34.96,18.05,false
2024-11-13,Line A,Supplier 4,night,191,Operator 5,Machine 6,34.43,standard,59.1,22.25,false
2024-07-16,Line A,Supplier 3,day,367,Operator 4,Machine 1,16.4,premium,43.32,18.48,false
2025-04-12,Line D,Supplier 1,day,1013,Operator 8,Machine 4,36.57,standard,52.56,15.81,false
2025-05-13,Line C,Supplier 4,evening,631,Operator 2,Machine 3,17.93,premium,69.92,25.04,false
2024-05-14,Line C,Supplier 3,day,89,Operator 5,Machine 5,39.95,standard,61.65,14.05,true
2025-01-15,Line B,Supplier 1,night,881,Operator 8,Machine 4,34.41,standard,56.91,30.51,true
2024-12-11,Line B,Supplier 3,evening,859,Operator 6,Machine 3,21.58,premium,42.46,20.54,false
2025-05-28,Line A,Supplier 3,day,555,Operator 3,Machine 2,7.32,premium,61.39,20.03,false
2024-02-19,Line A,Supplier 3,night,627,Operator 3,Machine 4,35.69,premium,20.0,24.16,false
2025-07-12,Line C,Supplier 3,night,963,Operator 2,Machine 4,5.0,standard,57.32,24.7,true
2025-04-22,Line B,Supplier 1,day,50,Operator 5,Machine 5,36.26,standard,53.15,16.76,false
2024-08-03,Line B,Supplier 4,day,828,Operator 6,Machine 6,22.3,standard,64.16,18.79,true
2024-11-02,Line B,Supplier 3,evening,849,Operator 7,Machine 1,34.84,standard,50.35,7.77,false
2024-07-21,Line B,Supplier 5,evening,285,Operator 1,Machine 5,31.51,premium,46.24,21.72,false
2025-01-09,Line A,Supplier 1,night,914,Operator 2,Machine 4,28.87,premium,39.86,25.1,false
2025-01-06,Line C,Supplier 3,evening,400,Operator 6,Machine 5,33.35,premium,41.87,25.99,false
2024-10-02,Line B,Supplier 2,night,593,Operator 4,Machine 2,20.8,standard,61.29,26.86,true
2024-07-31,Line B,Supplier 1,day,698,Operator 5,Machine 4,34.06,premium,39.04,23.29,false
2024-09-07,Line C,Supplier 2,night,1087,Operator 2,Machine 1,22.82,premium,23.96,23.01,false
2024-10-06,Line C,Supplier 4,night,766,Operator 1,Machine 2,40.05,premium,33.64,11.68,false
2024-05-05,Line B,Supplier 4,day,261,Operator 6,Machine 4,46.38,premium,44.07,11.11,false
2024-02-10,Line D,Supplier 1,evening,773,Operator 3,Machine 6,36.02,premium,46.76,21.12,false
2025-07-20,Line C,Supplier 3,evening,1141,Operator 2,Machine 1,31.93,premium,39.61,25.16,false
2025-04-29,Line D,Supplier 2,evening,684,Operator 5,Machine 1,22.27,premium,35.92,21.6,false
2024-11-10,Line B,Supplier 2,night,358,Operator 1,Machine 3,22.3,premium,42.6,11.02,false
2025-09-14,Line A,Supplier 5,day,117,Operator 6,Machine 3,36.2,premium,57.48,19.63,false
2025-04-13,Line D,Supplier 2,night,95,Operator 7,Machine 5,43.52,premium,54.38,20.83,false
2025-10-17,Line A,Supplier 5,evening,421,Operator 6,Machine 4,33.12,premium,46.19,28.48,false
2025-04-06,Line D,Supplier 5,night,298,Operator 8,Machine 5,53.52,standard,77.55,19.16,true
2025-12-23,Line D,Supplier 1,evening,222,Operator 8,Machine 4,30.69,standard,54.65,18.95,false
2024-08-25,Line A,Supplier 5,evening,1074,Operator 2,Machine 3,37.7,premium,40.11,27.95,false
2025-08-19,Line C,Supplier 2,night,50,Operator 4,Machine 5,29.11,premium,38.56,8.31,false
2025-09-28,Line B,Supplier 2,evening,257,Operator 6,Machine 5,26.29,premium,43.37,16.51,false
2024-05-04,Line B,Supplier 2,night,774,Operator 8,Machine 4,36.53,premium,34.23,25.98,false
2025-11-23,Line C,Supplier 3,evening,783,Operator 8,Machine 5,17.36,premium,73.7,29.74,false
2024-12-26,Line C,Supplier 4,night,812,Operator 2,Machine 5,32.2,standard,54.38,22.88,false
2025-09-03,Line A,Supplier 3,night,390,Operator 3,Machine 3,42.23,premium,50.16,13.8,false
2024-10-28,Line B,Supplier 5,night,568,Operator 7,Machine 5,35.0,premium,37.07,30.35,true
2025-10-26,Line D,Supplier 5,day,533,Operator 2,Machine 3,16.51,premium,36.82,15.63,false
2024-06-07,Line A,Supplier 1,day,170,Operator 7,Machine 1,20.64,premium,55.0,14.4,false
2025-11-24,Line D,Supplier 1,night,660,Operator 5,Machine 4,15.19,premium,49.32,21.36,false
2025-05-16,Line B,Supplier 2,day,535,Operator 3,Machine 3,35.87,premium,60.36,10.88,false
2025-12-15,Line D,Supplier 2,night,390,Operator 8,Machine 6,22.71,premium,34.18,23.24,false
2025-10-17,Line A,Supplier 3,day,1074,Operator 5,Machine 5,52.46,premium,40.2,12.6,false
2025-10-14,Line D,Supplier 4,evening,745,Operator 3,Machine 4,16.79,premium,28.26,14.67,true
2025-11-17,Line C,Supplier 1,day,797,Operator 3,Machine 6,48.83,standard,58.79,19.44,false
2024-11-01,Line B,Supplier 1,night,947,Operator 2,Machine 6,33.58,standard,81.45,13.71,false
2024-07-11,Line D,Supplier 2,night,835,Operator 8,Machine 4,23.42,premium,57.21,21.61,false
2024-08-10,Line A,Supplier 1,evening,668,Operator 5,Machine 4,29.47,premium,44.24,9.54,false
2025-09-22,Line B,Supplier 3,day,684,Operator 5,Machine 6,13.81,premium,65.0,14.66,false
2025-08-25,Line B,Supplier 5,night,607,Operator 3,Machine 6,25.37,premium,53.05,22.24,false
2025-03-19,Line A,Supplier 1,day,759,Operator 4,Machine 1,32.09,premium,47.79,14.01,false
2024-06-04,Line B,Supplier 3,night,506,Operator 5,Machine 3,7.5,standard,57.67,25.08,true
2025-03-11,Line D,Supplier 4,night,676,Operator 2,Machine 2,20.55,standard,58.82,26.24,false
2025-10-18,Line A,Supplier 1,day,948,Operator 2,Machine 1,35.77,standard,65.9,18.77,false
2025-03-18,Line D,Supplier 1,day,253,Operator 2,Machine 5,31.71,premium,33.21,31.32,false
2024-11-19,Line A,Supplier 3,day,120,Operator 8,Machine 5,12.18,premium,23.49,23.69,true
2024-02-05,Line B,Supplier 2,day,495,Operator 4,Machine 3,37.63,premium,41.92,23.35,false
2024-01-23,Line A,Supplier 2,evening,1063,Operator 2,Machine 1,64.72,standard,56.01,31.05,false
2024-08-21,Line B,Supplier 3,day,900,Operator 2,Machine 4,16.77,premium,46.68,24.03,false
2025-01-30,Line A,Supplier 4,evening,634,Operator 6,Machine 3,55.84,premium,41.32,14.25,false
2025-06-15,Line B,Supplier 2,day,772,Operator 2,Machine 6,48.07,premium,34.84,20.23,false
2024-07-15,Line C,Supplier 3,evening,818,Operator 6,Machine 4,30.67,standard,53.29,27.29,true
2025-01-27,Line B,Supplier 4,day,1272,Operator 2,Machine 2,14.59,premium,60.0,27.36,false
2025-12-10,Line C,Supplier 3,day,475,Operator 2,Machine 6,36.31,premium,41.1,25.45,false
2025-12-09,Line A,Supplier 5,day,630,Operator 7,Machine 5,30.87,premium,20.0,26.92,false
2025-02-02,Line A,Supplier 5,day,50,Operator 6,Machine 5,30.87,premium,68.04,22.15,false
2024-03-26,Line B,Supplier 5,day,1148,Operator 2,Machine 6,31.93,premium,41.35,16.88,true
2025-11-08,Line A,Supplier 3,night,443,Operator 2,Machine 4,19.87,premium,39.75,20.3,false
2025-07-30,Line A,Supplier 5,night,862,Operator 1,Machine 1,39.91,premium,69.04,22.23,false
2025-12-25,Line C,Supplier 3,day,781,Operator 3,Machine 4,62.9,standard,75.41,13.29,false
2024-01-15,Line C,Supplier 2,day,897,Operator 4,Machine 2,37.0,premium,36.78,31.25,false
2024-07-27,Line C,Supplier 5,day,520,Operator 7,Machine 2,23.68,standard,63.25,26.9,false
2024-05-02,Line C,Supplier 3,evening,811,Operator 4,Machine 2,28.01,premium,35.63,18.74,false
2024-12-22,Line C,Supplier 2,evening,480,Operator 7,Machine 2,33.6,premium,45.04,19.3,false
2024-11-02,Line B,Supplier 1,day,571,Operator 6,Machine 1,39.55,premium,46.6,25.73,false
2025-08-22,Line B,Supplier 3,evening,1112,Operator 2,Machine 1,31.62,standard,46.07,28.6,false
2025-07-17,Line B,Supplier 5,night,714,Operator 6,Machine 6,30.74,standard,57.38,24.83,true
2024-10-31,Line A,Supplier 2,night,1140,Operator 8,Machine 6,41.88,standard,51.29,12.03,false
2025-09-08,Line A,Supplier 5,day,138,Operator 5,Machine 5,23.12,standard,78.51,22.15,false
2024-10-01,Line C,Supplier 1,night,564,Operator 7,Machine 1,55.73,premium,45.05,19.54,false
2025-03-16,Line B,Supplier 1,day,632,Operator 8,Machine 1,35.84,standard,59.51,17.0,false
2024-12-19,Line B,Supplier 5,night,365,Operator 2,Machine 3,37.19,standard,55.68,24.58,true
2025-12-29,Line A,Supplier 5,night,393,Operator 6,Machine 5,44.65,standard,53.17,21.31,false
2024-02-20,Line C,Supplier 4,day,451,Operator 3,Machine 6,40.48,standard,61.89,20.27,false
2025-05-14,Line C,Supplier 1,night,330,Operator 5,Machine 3,39.99,standard,56.69,22.43,true
2025-11-18,Line A,Supplier 3,evening,827,Operator 7,Machine 3,14.57,premium,33.92,19.23,true
2025-12-10,Line A,Supplier 5,day,676,Operator 1,Machine 2,37.66,standard,62.83,25.56,false
2024-12-02,Line A,Supplier 4,evening,810,Operator 7,Machine 5,16.6,premium,61.64,20.08,false
2025-11-04,Line B,Supplier 2,day,608,Operator 5,Machine 6,37.37,premium,45.77,19.02,false
2024-08-22,Line A,Supplier 3,day,201,Operator 6,Machine 5,54.46,premium,50.39,14.77,false
2025-11-26,Line C,Supplier 3,evening,598,Operator 8,Machine 3,36.54,premium,51.8,13.0,false
2024-02-12,Line B,Supplier 3,night,345,Operator 1,Machine 1,17.64,standard,69.07,30.35,true
2024-10-25,Line A,Supplier 2,day,1040,Operator 5,Machine 4,38.98,premium,20.0,11.65,false
2025-12-22,Line A,Supplier 2,night,1343,Operator 2,Machine 3,22.86,standard,42.95,24.6,false
2025-05-18,Line B,Supplier 2,night,476,Operator 3,Machine 3,40.49,premium,32.82,28.15,false
2025-04-19,Line C,Supplier 3,night,972,Operator 2,Machine 1,20.38,premium,25.2,18.37,false
2024-06-12,Line A,Supplier 3,night,597,Operator 3,Machine 4,10.85,premium,45.76,17.43,false
2024-03-28,Line C,Supplier 4,day,779,Operator 5,Machine 1,73.47,standard,77.74,17.59,false
2024-10-12,Line A,Supplier 2,evening,431,Operator 7,Machine 6,23.45,premium,33.23,23.51,false
2024-08-04,Line A,Supplier 3,night,780,Operator 6,Machine 6,38.98,premium,46.33,25.54,false
2025-01-03,Line C,Supplier 3,evening,1103,Operator 2,Machine 4,40.07,premium,35.48,19.84,false
2025-06-12,Line C,Supplier 2,day,1233,Operator 8,Machine 4,30.66,standard,65.68,17.45,false
2024-07-18,Line A,Supplier 3,day,177,Operator 7,Machine 5,30.01,standard,63.61,25.99,false
2024-03-31,Line C,Supplier 3,night,258,Operator 4,Machine 2,19.54,premium,26.73,22.29,false
2024-06-28,Line A,Supplier 3,night,983,Operator 4,Machine 1,55.78,standard,37.43,29.59,true
2024-04-21,Line A,Supplier 1,night,643,Operator 3,Machine 3,28.19,standard,62.22,8.07,false
2024-10-28,Line C,Supplier 3,evening,279,Operator 6,Machine 4,27.29,premium,46.55,8.91,false
2025-11-10,Line B,Supplier 4,evening,932,Operator 2,Machine 4,40.93,premium,31.58,14.39,false
2024-03-22,Line B,Supplier 1,night,1106,Operator 8,Machine 1,25.73,premium,20.0,16.7,true
2025-01-04,Line A,Supplier 3,evening,913,Operator 2,Machine 4,36.59,standard,62.48,-2.11,false
2024-09-10,Line C,Supplier 1,evening,931,Operator 8,Machine 4,5.0,premium,81.44,21.79,false
2024-08-27,Line C,Supplier 4,evening,259,Operator 5,Machine 5,33.07,premium,60.35,26.23,false
2025-02-01,Line B,Supplier 3,day,1226,Operator 2,Machine 5,32.03,standard,53.75,14.64,false
2024-10-29,Line B,Supplier 3,day,1256,Operator 5,Machine 6,34.42,premium,34.99,10.29,false
2024-08-05,Line D,Supplier 2,evening,674,Operator 6,Machine 6,31.38,standard,58.98,28.56,false
2025-05-14,Line C,Supplier 1,day,540,Operator 2,Machine 2,42.19,premium,38.65,36.89,false
2024-06-25,Line B,Supplier 2,evening,964,Operator 2,Machine 1,30.06,standard,41.39,26.71,false
2024-06-25,Line C,Supplier 5,evening,720,Operator 5,Machine 3,46.99,premium,36.0,30.63,true
2025-05-27,Line C,Supplier 1,day,631,Operator 8,Machine 3,34.12,premium,40.37,29.79,false
2025-03-12,Line B,Supplier 3,evening,792,Operator 2,Machine 4,7.79,premium,48.75,35.37,true
2024-01-05,Line A,Supplier 3,night,50,Operator 6,Machine 5,15.26,standard,65.96,22.0,false
2024-03-05,Line A,Supplier 4,day,267,Operator 1,Machine 1,33.6,premium,35.92,20.69,false
2025-10-31,Line C,Supplier 2,day,758,Operator 7,Machine 2,38.67,premium,55.25,14.83,false
2025-05-25,Line C,Supplier 4,night,446,Operator 5,Machine 1,13.96,premium,41.28,26.9,false
2025-07-17,Line C,Supplier 4,night,607,Operator 3,Machine 6,29.57,premium,76.98,15.65,false
2024-05-29,Line C,Supplier 3,evening,122,Operator 6,Machine 3,27.27,premium,47.84,11.43,false
2025-11-26,Line C,Supplier 5,evening,774,Operator 1,Machine 6,20.75,premium,49.52,27.39,true
2025-06-06,Line B,Supplier 3,day,171,Operator 6,Machine 4,20.17,premium,36.06,37.79,false
2024-11-13,Line A,Supplier 5,night,184,Operator 2,Machine 5,51.72,premium,31.9,23.24,true
2024-06-05,Line B,Supplier 3,day,441,Operator 8,Machine 2,40.79,standard,76.72,10.16,false
2025-04-28,Line D,Supplier 2,night,867,Operator 7,Machine 2,44.04,premium,54.99,13.61,true
2025-06-02,Line D,Supplier 4,night,822,Operator 2,Machine 6,48.03,standard,59.63,18.3,false
2024-08-07,Line D,Supplier 2,evening,1057,Operator 2,Machine 6,40.62,premium,48.08,16.7,false
2024-06-07,Line C,Supplier 2,evening,559,Operator 8,Machine 5,9.86,premium,42.81,24.84,true
2024-08-22,Line A,Supplier 3,night,421,Operator 4,Machine 1,25.36,premium,28.19,17.09,false
2024-05-02,Line C,Supplier 5,night,598,Operator 8,Machine 1,29.69,premium,58.86,27.99,false
2024-03-22,Line B,Supplier 2,night,216,Operator 8,Machine 6,37.81,standard,63.93,30.23,true
2025-12-24,Line B,Supplier 2,night,845,Operator 2,Machine 5,37.57,standard,71.24,11.55,true
2025-11-18,Line B,Supplier 2,evening,1019,Operator 1,Machine 5,31.89,premium,46.63,12.57,false
2024-12-16,Line A,Supplier 3,night,1229,Operator 2,Machine 6,17.98,standard,55.36,25.31,false
2025-11-30,Line B,Supplier 1,evening,911,Operator 1,Machine 3,29.98,standard,58.32,29.48,false
2024-01-23,Line C,Supplier 3,night,843,Operator 1,Machine 4,37.94,premium,67.8,20.97,false
2024-07-09,Line C,Supplier 4,evening,654,Operator 1,Machine 4,30.42,premium,77.89,11.79,false
2024-03-06,Line B,Supplier 5,evening,825,Operator 3,Machine 3,32.08,standard,71.73,12.67,false
2025-06-28,Line B,Supplier 2,day,738,Operator 6,Machine 3,46.08,premium,47.17,27.41,false
2024-03-02,Line D,Supplier 5,night,953,Operator 4,Machine 5,33.8,premium,68.05,33.44,false
2025-09-19,Line B,Supplier 4,evening,1433,Operator 2,Machine 1,40.03,premium,37.03,28.47,false
2024-10-28,Line D,Supplier 5,night,657,Operator 8,Machine 5,28.52,standard,57.54,22.84,false
2024-03-16,Line D,Supplier 3,night,1005,Operator 6,Machine 5,13.08,premium,22.9,20.96,false
2025-01-05,Line C,Supplier 3,evening,292,Operator 3,Machine 1,32.79,premium,36.18,29.32,true
2024-08-25,Line A,Supplier 5,evening,943,Operator 2,Machine 5,29.21,premium,62.9,19.53,false
2025-07-03,Line C,Supplier 3,day,1040,Operator 2,Machine 1,31.03,premium,39.38,15.22,false
2025-10-15,Line D,Supplier 2,night,1279,Operator 2,Machine 2,38.51,standard,54.17,24.25,true
2025-07-23,Line B,Supplier 5,day,444,Operator 3,Machine 4,33.91,premium,48.62,24.02,false
2025-12-20,Line D,Supplier 4,night,212,Operator 2,Machine 5,28.46,premium,56.69,22.62,true
2024-01-17,Line C,Supplier 3,night,771,Operator 8,Machine 6,13.0,standard,59.24,9.5,true
2025-04-09,Line A,Supplier 1,day,50,Operator 3,Machine 5,46.82,premium,54.91,29.02,false
2024-02-01,Line A,Supplier 2,evening,289,Operator 1,Machine 4,33.3,premium,37.93,18.02,false
2024-04-30,Line D,Supplier 4,day,767,Operator 8,Machine 6,51.93,premium,22.32,28.21,false
2025-02-13,Line C,Supplier 2,day,922,Operator 2,Machine 2,37.36,premium,41.12,21.09,false
2024-08-12,Line C,Supplier 3,night,1188,Operator 1,Machine 6,19.18,premium,35.12,21.13,true
2024-10-03,Line A,Supplier 1,night,619,Operator 4,Machine 6,11.47,premium,45.55,17.67,true
2025-09-13,Line D,Supplier 5,day,1077,Operator 2,Machine 5,23.75,premium,27.33,21.34,false
2024-06-13,Line B,Supplier 5,day,1127,Operator 2,Machine 6,35.74,premium,32.9,5.66,true
2024-08-24,Line A,Supplier 2,day,1189,Operator 2,Machine 6,28.99,premium,46.34,34.37,false
2024-01-16,Line D,Supplier 5,day,469,Operator 2,Machine 3,39.5,premium,51.17,30.02,false
2025-03-21,Line D,Supplier 2,evening,643,Operator 7,Machine 5,38.21,premium,61.27,17.74,false
2024-02-21,Line A,Supplier 2,day,953,Operator 2,Machine 1,29.68,premium,37.41,15.9,true
2024-12-30,Line A,Supplier 3,night,77,Operator 7,Machine 1,12.27,premium,52.7,21.04,false
2024-07-18,Line A,Supplier 1,night,730,Operator 5,Machine 4,9.28,standard,65.96,13.74,true
2025-01-22,Line D,Supplier 3,day,540,Operator 7,Machine 6,34.42,standard,52.49,23.73,false
2025-08-24,Line B,Supplier 4,evening,747,Operator 5,Machine 5,45.96,standard,47.26,16.35,false
2025-10-27,Line B,Supplier 5,evening,624,Operator 3,Machine 6,43.52,premium,41.39,25.45,false
2025-08-03,Line C,Supplier 5,evening,226,Operator 8,Machine 5,39.92,standard,51.09,13.28,false
2025-12-24,Line C,Supplier 3,day,1114,Operator 2,Machine 4,17.96,premium,38.01,14.72,false
2025-03-09,Line A,Supplier 2,night,1269,Operator 2,Machine 5,39.84,premium,49.35,25.34,false
2025-06-07,Line C,Supplier 5,night,670,Operator 4,Machine 3,31.54,premium,29.47,19.58,false
2024-06-30,Line B,Supplier 3,evening,314,Operator 7,Machine 2,38.7,standard,53.68,31.1,false
2025-03-10,Line C,Supplier 5,evening,1185,Operator 1,Machine 4,32.46,standard,55.33,31.85,false
2025-08-25,Line B,Supplier 4,night,458,Operator 2,Machine 3,33.22,premium,29.23,19.2,true
2025-05-02,Line C,Supplier 2,night,858,Operator 8,Machine 6,47.32,premium,23.21,23.11,true
2025-12-31,Line B,Supplier 1,night,609,Operator 7,Machine 3,50.09,premium,46.82,26.56,false
2024-12-31,Line A,Supplier 1,day,380,Operator 1,Machine 3,25.49,premium,60.9,10.72,false
2025-07-13,Line C,Supplier 4,night,629,Operator 7,Machine 3,7.98,standard,58.75,33.96,false
2025-11-06,Line A,Supplier 3,night,1065,Operator 7,Machine 4,7.85,premium,63.51,24.16,false
2024-06-20,Line D,Supplier 1,night,327,Operator 7,Machine 1,21.47,premium,52.14,28.63,true
2024-02-07,Line D,Supplier 3,day,854,Operator 8,Machine 3,32.66,premium,62.56,23.72,false
2025-02-01,Line B,Supplier 2,day,992,Operator 2,Machine 5,31.76,premium,68.12,12.39,false
2025-12-22,Line C,Supplier 5,day,87,Operator 1,Machine 5,33.0,standard,77.28,10.73,true
2024-06-03,Line B,Supplier 3,night,1372,Operator 7,Machine 6,44.6,premium,29.47,16.23,false
2024-07-03,Line C,Supplier 3,day,387,Operator 1,Machine 1,15.62,standard,64.65,38.93,true
2024-07-12,Line B,Supplier 4,evening,1319,Operator 2,Machine 5,35.42,premium,25.63,11.59,false
2024-09-03,Line B,Supplier 5,evening,882,Operator 4,Machine 4,33.93,premium,37.28,20.9,false
2024-07-13,Line A,Supplier 4,evening,603,Operator 5,Machine 2,53.43,premium,53.04,30.41,false
2025-08-12,Line B,Supplier 4,night,990,Operator 2,Machine 2,31.57,premium,52.62,27.77,true
2025-07-19,Line A,Supplier 1,day,185,Operator 1,Machine 5,29.89,premium,48.37,27.19,false
2025-03-07,Line A,Supplier 1,day,551,Operator 8,Machine 6,28.5,premium,37.26,12.87,false
2024-02-25,Line A,Supplier 4,day,293,Operator 4,Machine 1,37.25,premium,34.51,22.45,false
2025-02-16,Line A,Supplier 1,evening,1201,Operator 2,Machine 4,28.88,standard,61.98,18.3,false
2024-09-18,Line C,Supplier 4,day,1054,Operator 3,Machine 1,23.76,standard,52.8,6.17,false
2025-08-18,Line C,Supplier 3,day,697,Operator 6,Machine 2,39.46,standard,38.01,24.1,true
2024-03-30,Line D,Supplier 1,evening,672,Operator 4,Machine 2,48.11,premium,37.7,16.09,true
2025-05-16,Line A,Supplier 4,day,826,Operator 1,Machine 2,26.15,standard,69.35,26.47,false
2025-05-02,Line C,Supplier 5,day,338,Operator 5,Machine 5,63.06,premium,45.36,20.82,false
2025-08-29,Line C,Supplier 3,night,576,Operator 6,Machine 4,49.42,standard,64.19,28.13,false
2025-01-27,Line C,Supplier 5,day,927,Operator 2,Machine 3,28.79,premium,27.33,22.25,false
2025-07-25,Line D,Supplier 4,evening,1282,Operator 2,Machine 4,46.83,premium,59.03,24.23,false
2024-01-18,Line A,Supplier 3,night,942,Operator 2,Machine 5,14.91,premium,22.66,10.36,true
2024-11-12,Line A,Supplier 3,night,452,Operator 6,Machine 6,5.0,premium,27.78,20.01,false
2025-12-15,Line A,Supplier 3,day,747,Operator 6,Machine 5,13.01,premium,23.89,22.74,false
2024-07-12,Line C,Supplier 3,day,791,Operator 7,Machine 6,28.89,premium,59.42,22.97,false
2024-10-24,Line A,Supplier 4,day,164,Operator 7,Machine 4,50.53,standard,39.07,27.23,false
2024-03-24,Line A,Supplier 5,day,496,Operator 5,Machine 1,25.04,standard,66.67,22.45,false
2024-04-15,Line B,Supplier 5,day,1307,Operator 2,Machine 2,37.2,premium,33.66,24.6,false
2025-11-03,Line C,Supplier 3,night,420,Operator 7,Machine 2,23.17,standard,57.18,17.55,false
2024-04-12,Line B,Supplier 3,day,530,Operator 6,Machine 6,16.28,premium,35.45,28.77,false
2025-05-07,Line C,Supplier 4,day,391,Operator 1,Machine 3,31.23,premium,48.08,19.43,false
2025-01-19,Line C,Supplier 1,evening,394,Operator 3,Machine 3,40.11,premium,40.94,17.23,false
2024-01-30,Line B,Supplier 2,night,867,Operator 7,Machine 1,28.09,premium,54.64,21.02,true
2024-01-21,Line B,Supplier 5,evening,744,Operator 1,Machine 5,23.79,premium,72.46,10.17,false
2025-11-18,Line D,Supplier 4,day,1073,Operator 3,Machine 5,34.31,premium,48.46,19.16,false
2025-05-17,Line C,Supplier 2,evening,620,Operator 4,Machine 1,22.35,standard,55.26,20.92,true
2025-02-10,Line B,Supplier 3,night,145,Operator 8,Machine 3,18.44,premium,55.91,15.64,false
2025-06-04,Line D,Supplier 1,night,828,Operator 3,Machine 5,40.13,premium,57.03,28.61,false
2025-03-01,Line A,Supplier 5,evening,883,Operator 7,Machine 5,29.11,premium,36.24,23.93,false
2024-03-28,Line B,Supplier 2,evening,531,Operator 8,Machine 6,64.93,standard,79.41,25.25,false
2024-12-14,Line B,Supplier 3,day,165,Operator 1,Machine 3,42.59,standard,52.31,23.54,false
2024-04-23,Line B,Supplier 3,day,435,Operator 8,Machine 1,35.98,premium,43.05,20.44,false
2024-05-22,Line A,Supplier 4,day,676,Operator 5,Machine 6,31.73,premium,33.9,20.52,false
2024-09-21,Line D,Supplier 2,day,393,Operator 7,Machine 5,43.17,premium,66.32,21.24,false
2025-02-20,Line A,Supplier 4,evening,137,Operator 3,Machine 5,30.41,premium,42.51,23.91,false
2025-02-19,Line D,Supplier 3,evening,273,Operator 3,Machine 5,26.08,premium,53.04,18.5,false
2025-09-18,Line D,Supplier 3,day,521,Operator 4,Machine 6,10.55,premium,42.99,18.85,false
2024-12-03,Line A,Supplier 5,day,676,Operator 6,Machine 4,43.99,standard,72.91,4.45,false
2024-11-04,Line C,Supplier 4,evening,324,Operator 8,Machine 4,11.52,premium,50.32,25.84,false
2025-11-07,Line D,Supplier 3,evening,95,Operator 4,Machine 5,19.67,standard,59.5,24.92,false
2024-02-09,Line A,Supplier 4,night,801,Operator 5,Machine 6,17.22,premium,43.14,27.94,false
2024-05-31,Line B,Supplier 2,night,882,Operator 3,Machine 6,49.22,premium,65.72,25.84,false
2024-10-10,Line A,Supplier 3,day,624,Operator 5,Machine 4,43.82,standard,51.94,21.28,false
2024-05-24,Line B,Supplier 3,day,464,Operator 5,Machine 4,15.94,premium,49.61,15.07,false
2024-06-21,Line B,Supplier 4,day,184,Operator 7,Machine 5,32.15,premium,40.08,15.93,false
2025-01-24,Line A,Supplier 3,day,893,Operator 8,Machine 6,34.31,premium,72.35,26.58,false
2025-05-02,Line C,Supplier 3,evening,882,Operator 6,Machine 2,17.03,premium,29.04,37.94,false
2024-11-11,Line A,Supplier 2,evening,260,Operator 7,Machine 5,19.66,premium,52.58,16.65,false
2024-03-22,Line C,Supplier 5,night,769,Operator 1,Machine 4,35.38,standard,56.11,21.77,false
2025-03-19,Line A,Supplier 1,day,742,Operator 8,Machine 2,23.36,standard,63.43,20.94,false
2024-12-08,Line A,Supplier 4,day,1143,Operator 2,Machine 1,24.94,standard,60.77,27.75,false
2025-01-24,Line B,Supplier 1,night,1045,Operator 2,Machine 6,27.72,premium,44.44,22.39,false
2025-01-26,Line A,Supplier 5,day,476,Operator 6,Machine 6,30.3,premium,44.88,23.18,true
2025-01-08,Line A,Supplier 5,day,473,Operator 4,Machine 4,32.8,standard,50.07,22.55,false
2025-10-08,Line C,Supplier 2,night,835,Operator 8,Machine 3,38.52,premium,45.28,37.92,false
2024-11-01,Line B,Supplier 2,night,225,Operator 2,Machine 5,52.15,premium,35.77,14.61,false
2024-10-06,Line D,Supplier 5,evening,104,Operator 3,Machine 5,28.95,premium,48.94,23.96,false
2024-07-30,Line D,Supplier 5,night,494,Operator 2,Machine 3,23.82,premium,66.39,8.45,false
2024-11-13,Line B,Supplier 1,day,682,Operator 4,Machine 6,22.62,premium,33.42,31.6,false
2024-05-14,Line B,Supplier 3,night,592,Operator 5,Machine 5,48.32,premium,55.36,28.92,false
2024-07-26,Line C,Supplier 3,day,390,Operator 7,Machine 5,29.37,standard,55.79,33.19,false
2025-09-09,Line A,Supplier 1,day,576,Operator 8,Machine 4,25.87,premium,30.99,27.02,false
2024-01-29,Line A,Supplier 3,day,773,Operator 5,Machine 3,42.29,standard,57.33,22.54,false
2024-08-13,Line A,Supplier 1,evening,528,Operator 2,Machine 1,30.97,standard,52.23,17.06,false
2025-01-11,Line C,Supplier 3,day,844,Operator 5,Machine 5,9.43,premium,23.55,19.89,false
2025-06-20,Line A,Supplier 5,day,1083,Operator 1,Machine 3,38.86,standard,59.29,33.64,true
2024-04-10,Line B,Supplier 1,day,585,Operator 7,Machine 4,25.96,standard,51.22,12.62,false
2025-05-03,Line B,Supplier 1,day,303,Operator 3,Machine 1,34.55,premium,22.04,29.51,false
2025-01-29,Line C,Supplier 3,day,567,Operator 7,Machine 6,5.0,premium,43.02,13.34,false
2024-05-20,Line D,Supplier 2,night,894,Operator 6,Machine 5,28.32,premium,47.52,35.19,true
2025-09-24,Line A,Supplier 3,day,328,Operator 1,Machine 3,11.05,premium,31.02,18.98,false
2025-04-20,Line C,Supplier 1,day,81,Operator 1,Machine 5,38.98,premium,53.75,23.46,false
2025-11-25,Line C,Supplier 3,evening,97,Operator 4,Machine 3,36.66,premium,39.29,15.81,false
2024-03-18,Line D,Supplier 4,day,52,Operator 1,Machine 5,50.9,premium,66.86,24.59,false
2024-12-31,Line C,Supplier 3,day,737,Operator 1,Machine 6,33.83,premium,31.85,33.16,false
2025-12-03,Line D,Supplier 2,day,422,Operator 5,Machine 3,23.91,premium,20.0,22.81,true
2025-12-16,Line D,Supplier 2,night,503,Operator 2,Machine 6,26.39,standard,65.83,20.13,false
2025-11-07,Line D,Supplier 4,evening,841,Operator 8,Machine 2,33.92,premium,39.08,16.85,false
2025-05-10,Line D,Supplier 5,evening,404,Operator 4,Machine 4,35.54,premium,37.09,8.14,false
2024-04-22,Line D,Supplier 4,day,426,Operator 6,Machine 2,35.85,premium,39.76,28.19,false
2025-01-23,Line D,Supplier 4,day,826,Operator 5,Machine 4,39.15,standard,74.15,23.56,false
2025-04-03,Line B,Supplier 3,day,68,Operator 8,Machine 5,7.28,standard,74.04,8.23,false
2025-05-16,Line A,Supplier 3,day,440,Operator 3,Machine 2,36.4,premium,44.88,34.05,false
2024-04-03,Line B,Supplier 3,evening,1000,Operator 2,Machine 2,27.2,premium,59.0,11.48,false
2024-11-16,Line D,Supplier 2,day,731,Operator 6,Machine 1,33.97,standard,59.7,21.0,false
2025-07-18,Line A,Supplier 3,day,50,Operator 7,Machine 5,19.91,standard,62.49,26.69,false
2024-08-24,Line A,Supplier 1,night,208,Operator 6,Machine 5,24.01,premium,20.0,27.61,true
2025-05-30,Line B,Supplier 4,evening,532,Operator 5,Machine 2,17.9,standard,40.34,28.58,false
2024-09-27,Line A,Supplier 2,day,939,Operator 2,Machine 3,9.48,premium,61.37,28.33,false
2025-04-18,Line A,Supplier 3,day,790,Operator 4,Machine 4,26.95,premium,52.67,21.79,false
2025-10-31,Line B,Supplier 5,night,743,Operator 2,Machine 3,24.24,premium,50.08,25.96,true
2025-12-12,Line D,Supplier 4,evening,714,Operator 4,Machine 5,28.86,premium,76.42,15.27,false
2024-08-30,Line C,Supplier 5,night,825,Operator 5,Machine 1,23.27,premium,47.75,20.56,false
2024-07-08,Line B,Supplier 2,night,614,Operator 5,Machine 2,27.07,premium,40.55,13.07,true
2024-06-12,Line A,Supplier 2,night,782,Operator 6,Machine 6,41.42,premium,44.89,18.27,true
2025-03-24,Line A,Supplier 4,night,850,Operator 5,Machine 1,55.67,premium,56.65,18.02,false
2024-12-26,Line C,Supplier 4,day,1339,Operator 5,Machine 2,37.25,premium,66.96,17.35,false
2024-07-20,Line D,Supplier 2,day,386,Operator 3,Machine 3,51.54,premium,45.37,21.03,false
2025-03-09,Line B,Supplier 1,night,350,Operator 6,Machine 3,30.04,premium,63.82,14.27,false
2025-03-30,Line B,Supplier 3,evening,1109,Operator 5,Machine 3,21.71,standard,65.31,23.43,true
2024-11-30,Line B,Supplier 3,day,50,Operator 2,Machine 5,31.56,premium,48.13,19.04,false
2025-09-15,Line A,Supplier 4,evening,346,Operator 6,Machine 3,16.9,premium,29.08,15.07,false
2025-09-04,Line A,Supplier 1,day,1065,Operator 2,Machine 2,29.08,standard,85.31,16.93,false
2025-12-21,Line D,Supplier 1,day,497,Operator 1,Machine 3,28.4,standard,65.81,25.78,false
2025-03-23,Line A,Supplier 5,evening,927,Operator 2,Machine 3,53.12,premium,79.86,14.15,false
2025-08-06,Line C,Supplier 4,evening,509,Operator 5,Machine 5,13.25,premium,64.12,22.29,false
2024-12-05,Line A,Supplier 4,night,1075,Operator 2,Machine 2,31.01,premium,66.87,16.37,false
2024-09-08,Line C,Supplier 3,night,1016,Operator 1,Machine 2,54.73,premium,42.53,22.23,true
2025-01-14,Line D,Supplier 5,night,1007,Operator 7,Machine 4,37.32,premium,47.44,18.61,false
2025-12-31,Line D,Supplier 3,day,938,Operator 1,Machine 4,16.98,standard,60.08,14.93,true
2025-02-25,Line C,Supplier 5,night,1275,Operator 1,Machine 3,54.64,standard,50.01,17.99,false
2024-08-16,Line D,Supplier 3,night,350,Operator 6,Machine 6,35.94,premium,45.19,27.34,true
2025-06-02,Line B,Supplier 3,day,553,Operator 5,Machine 6,16.81,premium,51.61,22.42,false
2025-03-14,Line B,Supplier 3,evening,899,Operator 8,Machine 6,46.54,premium,45.43,19.48,false
2024-05-04,Line C,Supplier 3,night,1347,Operator 3,Machine 2,20.7,standard,53.46,26.16,false
2024-08-20,Line D,Supplier 2,evening,536,Operator 3,Machine 4,38.34,premium,37.54,19.89,false
2024-10-25,Line C,Supplier 2,evening,1023,Operator 2,Machine 4,27.62,premium,47.2,19.49,false
2024-05-29,Line C,Supplier 4,night,295,Operator 7,Machine 5,28.69,standard,61.71,36.34,true
2024-09-07,Line A,Supplier 5,night,455,Operator 2,Machine 6,30.16,standard,50.08,14.79,true
2024-12-10,Line A,Supplier 2,day,1583,Operator 2,Machine 6,30.13,standard,80.35,26.73,false
2024-02-03,Line B,Supplier 3,day,101,Operator 8,Machine 5,37.2,premium,42.99,14.05,true
2025-08-20,Line C,Supplier 3,night,1047,Operator 2,Machine 1,15.29,premium,30.36,24.02,false
2024-02-25,Line A,Supplier 3,evening,876,Operator 8,Machine 4,48.38,premium,58.5,30.5,false
2024-01-09,Line D,Supplier 1,night,636,Operator 8,Machine 2,55.75,standard,52.01,22.58,true
2024-05-01,Line D,Supplier 2,evening,977,Operator 2,Machine 5,42.27,standard,51.52,18.86,false
2025-03-31,Line A,Supplier 5,night,470,Operator 7,Machine 2,17.34,standard,57.6,14.79,false
2024-05-10,Line A,Supplier 5,night,498,Operator 8,Machine 4,47.52,premium,49.96,29.99,true
2025-11-12,Line D,Supplier 2,evening,724,Operator 8,Machine 4,44.7,premium,47.62,21.52,false
2024-05-15,Line B,Supplier 3,night,633,Operator 8,Machine 4,18.08,premium,29.09,17.71,false
2025-11-12,Line C,Supplier 4,night,239,Operator 2,Machine 5,41.16,standard,57.83,35.92,false
2024-01-23,Line B,Supplier 2,evening,518,Operator 7,Machine 5,46.0,premium,37.65,9.64,false
2025-03-29,Line D,Supplier 1,day,394,Operator 3,Machine 5,53.39,premium,27.55,21.11,false
2025-05-21,Line B,Supplier 3,day,117,Operator 8,Machine 5,17.98,premium,48.14,21.39,false
2025-02-17,Line C,Supplier 3,evening,361,Operator 7,Machine 2,5.99,premium,58.87,30.48,false
2024-07-24,Line A,Supplier 5,night,800,Operator 7,Machine 1,24.11,standard,65.09,25.34,false
2024-03-27,Line C,Supplier 5,night,1044,Operator 7,Machine 4,36.05,premium,33.51,17.83,true
2025-06-09,Line B,Supplier 1,evening,1301,Operator 2,Machine 1,45.85,premium,44.29,8.23,true
2025-10-20,Line A,Supplier 4,evening,440,Operator 1,Machine 6,34.56,standard,54.14,20.59,false
2024-08-02,Line B,Supplier 5,night,685,Operator 5,Machine 4,60.51,standard,70.65,22.65,false
2025-05-24,Line A,Supplier 1,evening,359,Operator 1,Machine 6,27.08,premium,33.36,24.6,false
2024-06-28,Line C,Supplier 5,evening,1064,Operator 2,Machine 5,32.31,premium,42.52,23.93,false
2025-11-27,Line B,Supplier 4,night,149,Operator 4,Machine 5,47.98,premium,34.51,15.74,false
2024-12-18,Line B,Supplier 3,day,594,Operator 1,Machine 4,39.63,premium,42.47,24.69,true
2024-12-06,Line D,Supplier 2,day,907,Operator 2,Machine 6,33.0,premium,69.02,13.59,false
2025-11-01,Line B,Supplier 5,night,402,Operator 1,Machine 4,26.87,premium,22.76,16.63,false
2024-09-27,Line D,Supplier 4,night,903,Operator 2,Machine 3,52.47,premium,44.63,18.28,false
2025-07-27,Line C,Supplier 3,night,604,Operator 7,Machine 1,46.74,premium,62.67,32.08,false
2025-04-20,Line A,Supplier 3,day,629,Operator 4,Machine 4,14.19,premium,49.23,17.61,false
2025-11-25,Line A,Supplier 3,night,505,Operator 5,Machine 3,18.27,standard,60.16,23.7,false
2025-05-23,Line D,Supplier 3,night,782,Operator 4,Machine 1,38.34,premium,32.19,31.19,false
2024-09-30,Line A,Supplier 3,evening,780,Operator 3,Machine 4,41.47,standard,54.05,17.06,true
2024-05-28,Line B,Supplier 4,night,922,Operator 1,Machine 6,36.07,standard,64.83,33.29,true
2025-01-04,Line A,Supplier 1,day,303,Operator 8,Machine 5,28.79,standard,55.88,11.32,false
2024-10-24,Line D,Supplier 5,day,1043,Operator 2,Machine 4,55.42,premium,64.25,21.37,false
2025-07-05,Line D,Supplier 3,night,684,Operator 7,Machine 5,24.97,premium,44.95,20.62,true
2025-05-13,Line A,Supplier 3,day,342,Operator 8,Machine 1,33.41,premium,86.05,24.03,false
2024-12-10,Line C,Supplier 2,night,408,Operator 3,Machine 3,22.2,standard,74.44,22.59,false
2024-10-01,Line B,Supplier 4,evening,242,Operator 2,Machine 5,39.86,standard,88.42,22.08,false
2024-02-28,Line C,Supplier 3,night,392,Operator 3,Machine 4,15.58,premium,46.09,19.75,false
2025-08-18,Line A,Supplier 2,night,764,Operator 3,Machine 1,43.03,premium,61.91,17.56,false
2025-09-07,Line C,Supplier 3,day,839,Operator 4,Machine 3,13.34,standard,81.77,28.5,false
2024-10-20,Line D,Supplier 4,night,943,Operator 2,Machine 3,36.93,premium,43.1,22.88,true
2025-06-13,Line B,Supplier 4,day,295,Operator 6,Machine 2,38.44,premium,29.41,24.19,false
2025-07-21,Line B,Supplier 5,night,636,Operator 3,Machine 1,34.53,premium,54.34,27.23,false
2025-04-03,Line D,Supplier 3,day,733,Operator 7,Machine 1,22.81,premium,50.23,23.73,false
2025-09-18,Line A,Supplier 3,night,50,Operator 2,Machine 5,17.74,premium,50.95,12.97,false
2025-08-13,Line D,Supplier 5,day,648,Operator 2,Machine 3,26.86,standard,70.46,15.95,false
2024-11-19,Line A,Supplier 2,day,297,Operator 1,Machine 5,31.37,standard,63.31,26.89,false
2025-02-01,Line A,Supplier 5,day,676,Operator 5,Machine 2,35.91,premium,43.83,16.54,false
2024-11-22,Line A,Supplier 5,night,429,Operator 5,Machine 1,26.9,premium,64.2,19.25,false
2024-02-16,Line B,Supplier 3,day,272,Operator 3,Machine 3,17.2,standard,52.93,17.34,false
2024-09-27,Line D,Supplier 1,day,823,Operator 4,Machine 2,18.43,premium,20.0,29.55,false
2025-10-03,Line A,Supplier 1,night,358,Operator 4,Machine 4,31.78,premium,45.44,28.68,false
2025-10-03,Line C,Supplier 5,evening,747,Operator 4,Machine 2,37.83,premium,51.86,21.82,false
2024-05-24,Line B,Supplier 4,night,1037,Operator 5,Machine 3,39.48,premium,47.25,29.99,true
2024-07-24,Line C,Supplier 3,day,1062,Operator 2,Machine 3,44.3,premium,74.37,18.2,false
2024-12-14,Line C,Supplier 5,night,531,Operator 5,Machine 2,58.11,premium,24.07,20.64,true
2025-08-08,Line C,Supplier 3,night,772,Operator 3,Machine 2,42.68,standard,61.95,14.39,false
2025-04-11,Line B,Supplier 5,day,524,Operator 4,Machine 1,61.63,premium,71.53,22.05,false
2025-02-13,Line D,Supplier 5,evening,514,Operator 6,Machine 1,19.73,premium,49.91,24.19,false
2025-07-18,Line C,Supplier 4,night,372,Operator 2,Machine 6,35.5,standard,61.96,14.24,false
2024-08-17,Line A,Supplier 3,day,888,Operator 3,Machine 4,25.07,premium,24.29,13.31,true
2025-11-27,Line D,Supplier 3,night,683,Operator 4,Machine 4,33.51,premium,57.31,29.57,false
2025-09-01,Line D,Supplier 3,day,333,Operator 7,Machine 2,28.77,premium,26.31,31.31,false
2025-02-03,Line B,Supplier 1,night,1209,Operator 2,Machine 1,25.89,standard,61.04,29.56,false
2025-12-20,Line D,Supplier 4,evening,1026,Operator 2,Machine 4,24.83,premium,30.41,27.55,false
2024-07-21,Line C,Supplier 3,day,295,Operator 6,Machine 5,31.56,standard,69.3,22.94,false
2025-04-10,Line A,Supplier 2,night,1327,Operator 2,Machine 5,37.68,premium,36.3,31.58,false
2024-09-28,Line A,Supplier 1,night,750,Operator 1,Machine 5,16.13,premium,42.63,32.44,true
2025-04-10,Line D,Supplier 2,evening,50,Operator 8,Machine 5,38.25,premium,42.38,17.68,false
2024-03-27,Line A,Supplier 2,day,818,Operator 8,Machine 3,42.75,standard,65.94,17.4,false
2024-03-06,Line C,Supplier 5,day,946,Operator 5,Machine 4,41.34,standard,69.04,16.6,false
2025-03-27,Line C,Supplier 5,day,235,Operator 4,Machine 2,22.16,standard,54.68,34.99,false
2024-05-24,Line A,Supplier 1,day,369,Operator 1,Machine 6,30.19,premium,40.11,11.99,false
2024-04-23,Line D,Supplier 3,night,279,Operator 1,Machine 5,17.56,standard,53.56,26.55,false
2025-09-26,Line A,Supplier 2,evening,472,Operator 7,Machine 4,47.91,premium,42.77,15.92,false
2024-02-24,Line D,Supplier 3,day,751,Operator 2,Machine 6,22.63,standard,65.14,7.87,false
2024-06-07,Line A,Supplier 1,evening,676,Operator 1,Machine 2,29.83,premium,60.93,29.98,false
2024-12-16,Line C,Supplier 4,night,1358,Operator 2,Machine 5,29.26,premium,47.11,16.97,false
2025-03-24,Line D,Supplier 4,evening,1080,Operator 2,Machine 2,31.76,premium,44.51,20.95,false
2024-03-04,Line A,Supplier 1,day,474,Operator 3,Machine 3,48.54,standard,50.96,8.73,false
2025-09-27,Line B,Supplier 2,night,401,Operator 4,Machine 2,29.55,premium,49.54,26.04,false
2024-11-28,Line B,Supplier 3,day,620,Operator 5,Machine 1,30.39,premium,38.21,11.04,false
2025-10-10,Line A,Supplier 4,day,447,Operator 4,Machine 4,45.15,standard,54.22,28.23,false
2025-04-27,Line B,Supplier 4,day,229,Operator 8,Machine 2,27.1,premium,20.0,31.27,false
2025-03-05,Line B,Supplier 4,day,716,Operator 5,Machine 4,26.14,premium,47.37,14.98,false
2024-07-21,Line A,Supplier 3,day,731,Operator 8,Machine 5,41.13,premium,68.17,22.37,false
2025-05-03,Line A,Supplier 2,evening,50,Operator 8,Machine 6,16.1,premium,36.41,22.57,true
2024-05-22,Line A,Supplier 1,day,716,Operator 8,Machine 1,48.33,standard,65.77,10.14,false
2024-01-24,Line B,Supplier 3,evening,1082,Operator 5,Machine 6,33.15,standard,50.3,11.99,false
2024-04-15,Line A,Supplier 3,day,242,Operator 8,Machine 5,12.25,premium,41.19,19.14,false
2024-08-02,Line B,Supplier 3,day,725,Operator 5,Machine 5,18.87,standard,67.47,22.28,false
2025-12-06,Line B,Supplier 4,evening,923,Operator 2,Machine 2,29.64,premium,45.39,8.79,false
2025-05-05,Line A,Supplier 3,night,541,Operator 6,Machine 6,36.28,premium,37.51,29.35,true
2025-10-21,Line C,Supplier 3,day,581,Operator 1,Machine 3,6.61,premium,44.91,24.23,false
2025-01-09,Line B,Supplier 4,day,966,Operator 2,Machine 4,5.0,premium,27.83,27.38,false
2024-04-11,Line C,Supplier 4,day,777,Operator 3,Machine 5,35.69,premium,49.5,22.99,false
2025-08-17,Line C,Supplier 4,night,754,Operator 3,Machine 3,35.39,premium,32.72,32.4,false
2024-10-10,Line D,Supplier 1,evening,125,Operator 3,Machine 5,33.8,premium,44.88,18.95,false
2024-02-27,Line D,Supplier 2,evening,883,Operator 2,Machine 1,17.34,premium,51.94,9.9,false
2025-04-03,Line A,Supplier 4,evening,855,Operator 6,Machine 4,20.07,premium,49.69,24.99,false
2025-08-10,Line C,Supplier 3,night,981,Operator 1,Machine 2,17.59,standard,51.02,24.37,true
2025-01-26,Line D,Supplier 5,night,731,Operator 4,Machine 4,27.7,premium,26.49,15.65,false
2024-10-10,Line D,Supplier 4,day,1456,Operator 2,Machine 6,61.3,standard,52.61,19.29,false
2024-09-15,Line B,Supplier 1,night,656,Operator 5,Machine 3,38.65,standard,64.43,29.78,true
2025-03-15,Line B,Supplier 2,night,280,Operator 1,Machine 5,34.26,premium,40.66,15.39,false
2024-10-01,Line D,Supplier 2,night,91,Operator 8,Machine 3,34.4,premium,24.75,19.68,false
2025-02-02,Line A,Supplier 3,night,463,Operator 7,Machine 1,5.0,premium,35.01,23.47,true
2025-02-25,Line A,Supplier 3,night,338,Operator 8,Machine 4,27.24,premium,43.4,27.58,false
2025-12-29,Line B,Supplier 1,day,1326,Operator 6,Machine 4,26.99,premium,46.02,22.35,false
2025-12-31,Line B,Supplier 3,day,191,Operator 7,Machine 2,27.83,premium,51.49,32.14,false
2024-09-26,Line B,Supplier 1,evening,1180,Operator 2,Machine 5,32.07,premium,62.77,31.01,false
2025-09-10,Line B,Supplier 3,night,310,Operator 3,Machine 3,30.72,premium,48.15,12.95,false
2025-07-01,Line A,Supplier 5,night,50,Operator 3,Machine 5,27.96,premium,50.31,30.37,false
2025-11-16,Line C,Supplier 1,day,1056,Operator 7,Machine 2,48.59,premium,25.93,25.22,false
2024-09-18,Line A,Supplier 5,evening,276,Operator 2,Machine 3,27.98,standard,30.96,22.74,true
2024-08-01,Line C,Supplier 1,night,316,Operator 6,Machine 6,15.1,standard,82.34,15.68,true
2025-01-15,Line D,Supplier 2,night,1275,Operator 2,Machine 2,42.06,premium,43.86,23.1,true
2024-12-22,Line B,Supplier 1,day,1014,Operator 1,Machine 5,12.23,standard,62.11,14.07,true
2024-09-30,Line B,Supplier 1,day,266,Operator 1,Machine 6,38.84,standard,61.62,24.82,false
2025-05-11,Line B,Supplier 3,day,171,Operator 4,Machine 6,30.99,premium,30.4,29.99,false
2024-05-22,Line C,Supplier 3,evening,903,Operator 2,Machine 2,31.05,premium,38.98,32.14,false
2024-06-24,Line C,Supplier 1,night,50,Operator 8,Machine 5,47.78,premium,44.04,12.68,false
2025-02-15,Line A,Supplier 1,evening,708,Operator 6,Machine 6,40.59,premium,38.04,19.26,false
2025-06-13,Line C,Supplier 5,day,703,Operator 1,Machine 6,30.77,premium,48.33,22.17,true
2025-01-21,Line C,Supplier 3,evening,571,Operator 3,Machine 4,35.97,standard,68.86,6.83,false
2025-03-09,Line A,Supplier 1,day,312,Operator 3,Machine 5,33.72,standard,57.48,27.92,false
2025-08-27,Line A,Supplier 5,night,467,Operator 8,Machine 1,32.03,premium,43.49,25.91,false
2025-05-04,Line C,Supplier 5,day,731,Operator 7,Machine 3,23.85,standard,82.91,22.57,false
2025-07-02,Line C,Supplier 2,night,699,Operator 4,Machine 3,25.39,premium,37.28,30.4,true
2024-05-24,Line B,Supplier 2,day,244,Operator 5,Machine 5,37.22,premium,41.81,28.12,false
2024-09-10,Line C,Supplier 3,day,1417,Operator 6,Machine 6,41.08,premium,63.69,27.1,false
2024-11-29,Line B,Supplier 1,day,477,Operator 7,Machine 2,26.76,premium,26.26,23.35,true
2025-01-15,Line A,Supplier 2,evening,50,Operator 6,Machine 5,25.95,standard,74.94,25.24,false
2024-11-03,Line A,Supplier 2,evening,886,Operator 3,Machine 3,27.01,premium,20.0,19.88,false
2025-04-23,Line A,Supplier 2,night,729,Operator 7,Machine 1,56.55,premium,43.57,21.81,false
2025-03-22,Line A,Supplier 1,evening,703,Operator 3,Machine 2,40.17,standard,57.4,20.74,false
2024-10-01,Line A,Supplier 3,day,640,Operator 8,Machine 1,41.08,standard,69.6,19.02,false
2024-12-21,Line D,Supplier 3,evening,513,Operator 8,Machine 6,38.08,standard,54.55,25.45,false
2024-03-10,Line B,Supplier 4,day,300,Operator 5,Machine 5,35.21,premium,34.25,14.07,false
2024-03-18,Line B,Supplier 3,evening,663,Operator 8,Machine 2,23.44,premium,42.33,25.95,false
2025-09-04,Line C,Supplier 4,night,527,Operator 8,Machine 6,33.02,standard,61.69,3.59,true
2024-02-24,Line D,Supplier 2,day,927,Operator 2,Machine 3,37.58,standard,65.19,21.05,false
2024-05-18,Line B,Supplier 3,evening,620,Operator 4,Machine 4,39.76,standard,57.48,33.34,false
2025-01-14,Line C,Supplier 3,evening,580,Operator 4,Machine 4,24.74,premium,39.15,29.03,false
2025-03-31,Line B,Supplier 5,night,636,Operator 2,Machine 6,28.26,standard,66.12,23.75,false
2024-11-13,Line A,Supplier 5,night,1209,Operator 2,Machine 2,42.08,premium,36.83,26.98,false
2025-02-10,Line A,Supplier 3,night,254,Operator 1,Machine 5,41.41,premium,39.69,14.4,true
2024-04-26,Line C,Supplier 3,night,232,Operator 7,Machine 5,32.45,standard,52.27,32.64,false
2024-03-25,Line A,Supplier 2,night,459,Operator 7,Machine 2,29.69,standard,54.2,34.98,false
2024-09-16,Line A,Supplier 2,night,162,Operator 4,Machine 5,12.87,premium,47.01,7.63,true
2024-07-11,Line A,Supplier 1,evening,1241,Operator 4,Machine 5,31.78,standard,65.74,19.46,false
2024-09-28,Line D,Supplier 1,night,510,Operator 5,Machine 3,33.76,premium,47.85,14.18,false
2025-02-21,Line B,Supplier 5,day,956,Operator 7,Machine 3,25.78,premium,36.07,27.7,false
2025-08-16,Line D,Supplier 3,evening,345,Operator 3,Machine 4,29.68,standard,60.59,28.63,false
2025-01-24,Line B,Supplier 4,evening,1164,Operator 2,Machine 5,44.93,standard,57.66,29.31,false
2024-04-19,Line D,Supplier 5,night,757,Operator 8,Machine 5,22.54,premium,38.74,20.7,false
2024-05-21,Line C,Supplier 3,day,798,Operator 5,Machine 4,53.05,premium,84.86,21.34,false
2024-02-05,Line B,Supplier 3,night,1050,Operator 2,Machine 6,31.65,premium,45.13,17.1,false
2025-02-17,Line C,Supplier 1,evening,1340,Operator 5,Machine 6,33.15,standard,64.12,13.19,false
2024-04-22,Line C,Supplier 3,night,50,Operator 2,Machine 5,14.51,premium,43.97,14.25,false
2025-03-22,Line B,Supplier 5,day,357,Operator 7,Machine 2,34.93,premium,36.47,22.53,false
2024-05-18,Line C,Supplier 5,evening,568,Operator 5,Machine 3,25.65,standard,61.62,13.62,false
2025-07-19,Line A,Supplier 3,night,582,Operator 3,Machine 4,17.99,premium,45.2,11.07,false
2025-05-22,Line C,Supplier 2,night,1017,Operator 1,Machine 6,38.48,standard,73.43,22.83,false
2025-10-28,Line C,Supplier 4,night,928,Operator 2,Machine 5,37.08,premium,47.56,23.4,false
2025-03-16,Line A,Supplier 3,evening,542,Operator 2,Machine 2,29.05,premium,48.86,20.64,true
2025-12-24,Line A,Supplier 5,night,1062,Operator 4,Machine 5,31.23,premium,64.3,18.8,false
2025-09-26,Line D,Supplier 4,evening,934,Operator 2,Machine 3,34.13,premium,35.68,25.67,false
2024-06-24,Line B,Supplier 3,evening,934,Operator 2,Machine 1,16.64,premium,44.9,28.77,false
2025-02-01,Line B,Supplier 4,evening,652,Operator 6,Machine 2,24.74,premium,51.09,22.03,false
2024-10-03,Line C,Supplier 5,day,739,Operator 1,Machine 3,19.95,premium,34.46,28.99,false
2024-05-03,Line A,Supplier 5,evening,1328,Operator 6,Machine 5,24.24,premium,35.28,24.31,false
2024-02-12,Line A,Supplier 5,evening,1223,Operator 2,Machine 2,28.6,premium,29.11,11.67,false
2024-08-24,Line D,Supplier 2,night,946,Operator 7,Machine 3,31.47,standard,56.75,36.83,false
2025-11-14,Line D,Supplier 5,day,173,Operator 7,Machine 5,38.97,premium,37.09,15.62,false
2024-07-23,Line D,Supplier 3,day,819,Operator 7,Machine 5,55.54,premium,42.77,33.11,false
2024-08-27,Line C,Supplier 4,night,518,Operator 5,Machine 6,35.59,premium,39.81,19.04,false
2025-06-16,Line A,Supplier 4,evening,591,Operator 2,Machine 2,23.9,premium,46.02,29.47,false
2025-02-06,Line C,Supplier 5,evening,755,Operator 7,Machine 1,42.41,premium,38.54,20.35,false
2025-12-19,Line B,Supplier 3,day,286,Operator 4,Machine 5,51.65,standard,78.89,26.09,false
2024-06-29,Line D,Supplier 3,evening,1082,Operator 2,Machine 1,45.89,standard,67.87,8.9,false
2025-07-11,Line C,Supplier 3,day,945,Operator 2,Machine 5,29.24,premium,53.95,17.78,false
2025-03-13,Line C,Supplier 5,night,821,Operator 6,Machine 4,32.59,premium,24.04,7.87,false
2024-11-10,Line C,Supplier 5,night,807,Operator 6,Machine 4,34.46,premium,38.59,12.87,false
2025-11-02,Line B,Supplier 3,day,585,Operator 5,Machine 6,27.24,premium,63.97,19.27,false
2024-02-03,Line D,Supplier 3,night,379,Operator 7,Machine 2,17.16,premium,44.72,18.19,true
2025-11-19,Line A,Supplier 4,evening,761,Operator 1,Machine 2,32.94,premium,48.33,26.22,false
2025-08-11,Line B,Supplier 5,evening,707,Operator 4,Machine 3,44.27,standard,55.02,23.29,false
2025-06-29,Line C,Supplier 3,day,839,Operator 6,Machine 1,5.01,premium,40.5,21.68,false
2024-03-24,Line C,Supplier 2,evening,961,Operator 7,Machine 3,15.55,premium,41.87,28.78,false
2024-02-21,Line C,Supplier 2,day,50,Operator 5,Machine 5,35.88,standard,73.59,23.74,false
2025-08-13,Line D,Supplier 5,night,1054,Operator 2,Machine 6,58.31,standard,70.98,30.89,false
2025-12-08,Line C,Supplier 2,night,816,Operator 2,Machine 5,67.58,standard,55.04,17.43,true
2024-10-15,Line A,Supplier 3,night,854,Operator 2,Machine 5,34.95,standard,58.22,22.91,false
2024-10-07,Line C,Supplier 2,day,670,Operator 4,Machine 6,5.0,premium,35.69,18.34,false
2024-07-21,Line A,Supplier 1,day,465,Operator 8,Machine 2,33.27,premium,46.6,24.92,false
2025-03-03,Line A,Supplier 5,night,522,Operator 1,Machine 4,29.72,standard,72.54,21.55,false
2025-09-09,Line C,Supplier 3,night,972,Operator 2,Machine 1,19.09,standard,64.9,12.04,true
2024-04-11,Line B,Supplier 5,day,764,Operator 1,Machine 2,34.63,standard,67.75,19.59,false
2025-11-12,Line A,Supplier 1,evening,335,Operator 7,Machine 6,34.02,premium,42.49,25.88,false
2024-12-25,Line C,Supplier 1,day,1054,Operator 2,Machine 5,43.81,premium,25.8,16.21,false
2024-03-28,Line C,Supplier 3,evening,657,Operator 3,Machine 3,15.92,premium,47.68,21.71,false
2025-12-11,Line A,Supplier 4,night,788,Operator 3,Machine 2,9.95,standard,59.61,24.68,false
2024-02-12,Line C,Supplier 3,day,223,Operator 8,Machine 5,10.25,premium,65.55,23.51,false
2025-09-01,Line A,Supplier 1,night,50,Operator 7,Machine 5,28.87,premium,21.83,18.6,true
2025-11-26,Line B,Supplier 4,night,779,Operator 4,Machine 1,44.72,premium,50.9,24.85,true
2025-06-11,Line C,Supplier 3,night,843,Operator 1,Machine 2,42.13,premium,48.04,18.5,false
2024-10-24,Line C,Supplier 5,day,50,Operator 1,Machine 5,34.15,premium,30.96,17.13,true
2025-07-31,Line D,Supplier 4,day,599,Operator 8,Machine 2,24.99,standard,52.56,15.51,false
2025-11-05,Line D,Supplier 5,day,906,Operator 2,Machine 4,45.63,premium,37.28,14.89,false
2024-06-04,Line D,Supplier 3,night,633,Operator 5,Machine 4,27.99,premium,36.18,33.94,false
2024-02-04,Line A,Supplier 4,night,727,Operator 7,Machine 2,27.13,premium,20.0,27.43,false
2024-01-25,Line A,Supplier 4,night,1044,Operator 2,Machine 3,45.78,premium,64.44,29.66,false
2025-03-31,Line B,Supplier 1,evening,661,Operator 5,Machine 3,56.37,standard,76.88,22.18,false
2025-09-21,Line A,Supplier 3,night,363,Operator 5,Machine 6,17.3,standard,65.69,28.4,true
2025-08-30,Line C,Supplier 4,evening,671,Operator 7,Machine 4,34.33,premium,48.82,25.24,false
2024-06-17,Line B,Supplier 5,night,302,Operator 4,Machine 3,48.65,premium,35.86,17.26,false
2024-06-21,Line B,Supplier 4,day,653,Operator 3,Machine 3,31.97,premium,35.65,30.11,false
2024-03-10,Line B,Supplier 1,day,823,Operator 1,Machine 3,18.75,premium,41.32,29.84,false
2024-04-03,Line C,Supplier 2,day,1079,Operator 2,Machine 3,33.38,standard,63.45,20.39,false
2024-11-08,Line A,Supplier 4,day,266,Operator 2,Machine 5,29.05,premium,34.14,25.66,false
2025-04-29,Line B,Supplier 1,day,160,Operator 5,Machine 5,40.79,premium,52.7,11.65,false
2025-08-06,Line D,Supplier 3,day,959,Operator 7,Machine 5,40.71,premium,41.34,25.89,false
2025-10-10,Line D,Supplier 5,night,863,Operator 8,Machine 2,18.15,standard,63.27,17.71,true
2025-05-25,Line A,Supplier 5,day,409,Operator 8,Machine 3,40.22,standard,61.46,23.03,false
2025-02-11,Line A,Supplier 3,evening,388,Operator 6,Machine 6,36.37,standard,45.64,27.85,false
2024-04-23,Line B,Supplier 4,evening,795,Operator 4,Machine 5,41.39,premium,44.78,20.77,false
2025-04-30,Line C,Supplier 2,night,528,Operator 2,Machine 5,21.96,premium,33.38,20.95,false
2025-08-07,Line D,Supplier 3,day,852,Operator 2,Machine 4,39.77,standard,54.13,21.08,true
2024-12-28,Line C,Supplier 1,day,897,Operator 7,Machine 6,39.57,premium,32.42,28.43,false
2024-11-07,Line C,Supplier 4,day,278,Operator 2,Machine 1,28.18,premium,49.11,17.3,false
2024-03-24,Line D,Supplier 5,day,966,Operator 2,Machine 5,24.05,premium,37.35,20.59,false
2024-02-09,Line D,Supplier 3,night,812,Operator 5,Machine 2,17.26,standard,60.76,19.62,false
2025-10-17,Line A,Supplier 4,day,50,Operator 3,Machine 1,11.01,premium,54.02,14.82,false
2024-04-11,Line D,Supplier 2,evening,373,Operator 2,Machine 2,37.97,standard,50.22,13.45,false
2025-08-22,Line B,Supplier 5,night,320,Operator 5,Machine 5,41.33,premium,29.65,9.62,true
2024-04-12,Line B,Supplier 4,night,715,Operator 8,Machine 5,32.18,premium,61.33,25.58,true
2025-05-17,Line B,Supplier 4,night,493,Operator 4,Machine 4,46.92,standard,56.25,11.89,false
2024-03-09,Line C,Supplier 3,day,771,Operator 2,Machine 2,8.63,premium,48.22,9.67,false
2024-07-13,Line A,Supplier 3,evening,577,Operator 3,Machine 2,14.98,standard,60.35,27.65,false
2024-10-15,Line C,Supplier 3,day,886,Operator 5,Machine 2,27.78,premium,34.11,20.55,false
2024-08-31,Line C,Supplier 3,day,622,Operator 3,Machine 6,12.36,premium,33.84,20.4,false
2024-01-29,Line C,Supplier 3,evening,773,Operator 2,Machine 2,40.6,premium,49.21,22.01,false
2025-04-23,Line D,Supplier 1,evening,803,Operator 3,Machine 3,11.49,standard,68.7,13.87,false
2024-09-10,Line A,Supplier 2,night,921,Operator 2,Machine 4,41.39,premium,21.65,15.26,false
2024-12-13,Line A,Supplier 1,night,676,Operator 6,Machine 5,45.53,standard,50.33,19.06,false
2025-04-30,Line C,Supplier 3,day,821,Operator 4,Machine 5,36.16,premium,43.59,25.22,false
2024-07-11,Line C,Supplier 3,evening,710,Operator 6,Machine 4,14.24,premium,27.88,24.01,true
2024-02-20,Line D,Supplier 3,night,468,Operator 8,Machine 3,36.73,premium,39.61,19.28,true
2024-03-03,Line D,Supplier 2,evening,724,Operator 1,Machine 3,33.96,standard,35.19,28.2,false
2024-05-10,Line B,Supplier 5,night,739,Operator 8,Machine 5,45.26,premium,42.66,18.96,false
2025-05-07,Line A,Supplier 5,night,885,Operator 6,Machine 1,22.03,premium,24.43,17.79,false
2025-08-06,Line D,Supplier 4,night,496,Operator 5,Machine 6,24.72,premium,77.92,12.96,true
2025-05-05,Line C,Supplier 2,day,78,Operator 5,Machine 6,22.42,standard,60.69,29.08,false
2025-05-12,Line B,Supplier 3,night,696,Operator 6,Machine 1,22.53,standard,53.13,16.62,false
2024-11-01,Line C,Supplier 4,night,1076,Operator 2,Machine 2,31.97,premium,49.06,26.88,false
2024-09-11,Line A,Supplier 4,evening,210,Operator 6,Machine 2,27.61,premium,72.23,36.45,false
2025-03-13,Line C,Supplier 3,evening,918,Operator 2,Machine 4,32.19,premium,49.69,25.7,false
2024-01-26,Line B,Supplier 3,night,256,Operator 4,Machine 3,16.01,premium,48.73,13.37,true
2024-06-22,Line A,Supplier 5,day,708,Operator 5,Machine 3,5.0,premium,60.36,15.32,false
2024-08-19,Line D,Supplier 1,day,860,Operator 2,Machine 2,46.13,premium,37.87,29.07,false
2025-06-23,Line C,Supplier 3,evening,50,Operator 1,Machine 5,46.24,premium,66.74,23.42,false
2025-11-03,Line D,Supplier 1,night,50,Operator 1,Machine 5,45.1,standard,62.91,24.16,true
2024-02-17,Line C,Supplier 3,day,1223,Operator 2,Machine 1,7.57,premium,48.73,15.72,false
2025-08-22,Line C,Supplier 2,evening,129,Operator 3,Machine 5,38.44,premium,31.3,18.31,false
2024-09-06,Line D,Supplier 5,night,50,Operator 2,Machine 5,22.95,premium,41.2,16.72,false
2025-03-30,Line B,Supplier 4,day,939,Operator 2,Machine 1,17.74,standard,57.79,14.74,false
2024-04-16,Line A,Supplier 3,night,807,Operator 2,Machine 1,15.64,premium,46.08,20.93,false
2025-08-05,Line D,Supplier 3,day,853,Operator 4,Machine 1,17.91,standard,55.7,15.1,false
2025-04-22,Line A,Supplier 3,evening,103,Operator 8,Machine 6,27.39,premium,50.19,20.74,false
2024-11-02,Line A,Supplier 4,night,933,Operator 4,Machine 1,24.4,premium,54.01,19.05,false
2024-09-05,Line B,Supplier 2,day,740,Operator 6,Machine 5,37.21,premium,67.98,25.93,false
2025-06-21,Line B,Supplier 4,day,268,Operator 2,Machine 1,23.4,premium,47.11,23.29,true
2024-04-01,Line A,Supplier 5,evening,572,Operator 8,Machine 5,37.2,standard,74.5,15.08,false
2024-09-13,Line C,Supplier 1,day,416,Operator 5,Machine 4,48.11,premium,25.66,26.93,true
2025-04-20,Line C,Supplier 2,evening,959,Operator 8,Machine 5,21.42,standard,55.86,10.74,false
2024-01-03,Line C,Supplier 2,day,845,Operator 1,Machine 1,38.14,premium,43.08,24.28,false
2025-07-03,Line D,Supplier 2,day,1092,Operator 1,Machine 4,46.76,standard,65.25,23.87,false
2024-09-24,Line A,Supplier 1,night,514,Operator 5,Machine 5,39.06,premium,37.53,6.84,false
2025-06-18,Line D,Supplier 5,day,293,Operator 4,Machine 6,40.69,premium,44.56,11.08,false
2025-10-07,Line A,Supplier 5,evening,822,Operator 3,Machine 2,28.78,premium,67.22,31.14,false
2024-08-30,Line B,Supplier 3,night,797,Operator 8,Machine 2,23.38,standard,75.46,13.1,true
2025-12-28,Line D,Supplier 5,night,864,Operator 6,Machine 4,42.37,premium,77.09,22.03,false
2025-04-04,Line A,Supplier 1,day,880,Operator 1,Machine 4,23.45,premium,35.2,26.43,false
2025-09-17,Line A,Supplier 4,night,50,Operator 2,Machine 5,53.56,premium,47.78,17.89,false
2025-03-01,Line C,Supplier 1,day,413,Operator 8,Machine 2,12.18,premium,57.12,22.63,false
2024-10-17,Line B,Supplier 1,evening,1124,Operator 2,Machine 3,31.56,premium,46.76,19.25,false
2025-08-22,Line A,Supplier 4,night,492,Operator 6,Machine 5,28.57,premium,38.65,25.59,false
2025-06-14,Line A,Supplier 4,evening,803,Operator 7,Machine 3,22.02,standard,60.29,26.66,false
2025-02-04,Line A,Supplier 1,night,655,Operator 8,Machine 1,31.9,premium,25.98,22.54,true
2025-03-20,Line D,Supplier 4,day,736,Operator 2,Machine 4,24.61,premium,31.87,19.67,false
2024-01-01,Line A,Supplier 3,day,295,Operator 5,Machine 5,16.59,premium,21.85,29.7,false
2025-11-20,Line A,Supplier 3,day,996,Operator 2,Machine 4,28.63,premium,40.42,33.47,false
2024-07-15,Line C,Supplier 3,day,1014,Operator 2,Machine 3,35.29,standard,57.77,27.75,false
2025-09-14,Line C,Supplier 5,night,430,Operator 1,Machine 6,32.56,standard,65.39,17.65,false
2025-12-08,Line C,Supplier 2,night,972,Operator 3,Machine 2,30.84,premium,41.37,16.17,true
2024-08-22,Line D,Supplier 3,night,1376,Operator 6,Machine 6,35.95,standard,57.5,19.11,true
2025-11-24,Line B,Supplier 5,day,996,Operator 6,Machine 4,21.36,premium,38.01,13.79,true
2024-09-01,Line B,Supplier 3,night,540,Operator 4,Machine 2,31.73,standard,52.67,17.62,false
2024-12-26,Line B,Supplier 2,day,459,Operator 8,Machine 1,33.65,premium,42.6,23.89,false
2024-01-07,Line D,Supplier 2,night,930,Operator 2,Machine 1,28.2,premium,24.33,30.28,false
2024-11-20,Line C,Supplier 1,day,593,Operator 8,Machine 6,40.92,standard,59.74,24.19,false
2025-10-31,Line B,Supplier 1,evening,667,Operator 2,Machine 5,59.08,premium,46.72,22.0,false
2024-03-22,Line A,Supplier 1,day,609,Operator 1,Machine 5,22.77,premium,51.97,19.61,false
2025-08-31,Line C,Supplier 2,evening,1301,Operator 2,Machine 2,19.23,premium,29.81,25.53,false
2024-08-22,Line A,Supplier 2,night,965,Operator 2,Machine 6,58.09,premium,51.47,14.41,true
2025-09-22,Line C,Supplier 3,evening,1023,Operator 2,Machine 1,19.96,premium,38.67,29.77,true
2024-05-31,Line A,Supplier 4,night,908,Operator 2,Machine 4,36.54,standard,66.27,23.01,true
2024-04-11,Line B,Supplier 5,day,448,Operator 8,Machine 3,43.84,standard,56.79,35.22,false
2025-08-26,Line B,Supplier 5,day,378,Operator 5,Machine 6,64.49,premium,45.76,19.54,false
2024-02-11,Line C,Supplier 1,day,911,Operator 8,Machine 6,51.12,premium,31.09,20.47,false
2024-11-08,Line C,Supplier 3,night,581,Operator 7,Machine 4,41.31,premium,39.21,13.29,false
2024-02-08,Line B,Supplier 1,night,876,Operator 2,Machine 6,44.99,premium,44.5,19.61,true
2024-08-11,Line D,Supplier 4,evening,878,Operator 7,Machine 6,40.29,premium,60.71,17.81,false
2024-02-22,Line B,Supplier 4,day,283,Operator 3,Machine 5,65.91,premium,73.9,16.14,false
2025-10-24,Line C,Supplier 5,evening,501,Operator 2,Machine 3,21.5,standard,51.94,27.65,false
2025-01-24,Line D,Supplier 4,evening,745,Operator 2,Machine 2,35.66,premium,25.17,13.8,false
2025-12-13,Line D,Supplier 3,day,707,Operator 3,Machine 5,30.94,premium,39.85,30.06,false
2024-07-05,Line A,Supplier 3,day,563,Operator 1,Machine 3,25.06,premium,57.24,21.96,false
2024-07-14,Line B,Supplier 4,evening,247,Operator 3,Machine 5,29.58,premium,73.14,5.35,false
2025-07-11,Line C,Supplier 3,day,376,Operator 2,Machine 2,43.5,premium,48.75,23.91,true
2024-06-01,Line D,Supplier 5,evening,754,Operator 2,Machine 3,42.14,standard,61.03,20.74,false
2025-05-10,Line B,Supplier 3,evening,933,Operator 2,Machine 5,49.37,standard,64.64,18.94,false
2025-10-25,Line B,Supplier 2,day,974,Operator 2,Machine 4,48.01,premium,44.9,27.52,false
2025-07-01,Line C,Supplier 2,day,70,Operator 5,Machine 1,33.28,standard,52.16,27.33,false
2025-10-01,Line B,Supplier 3,day,224,Operator 7,Machine 5,29.04,premium,40.04,12.7,false
2025-09-21,Line C,Supplier 1,day,521,Operator 2,Machine 6,40.51,standard,64.26,17.05,false
2024-08-14,Line D,Supplier 4,day,896,Operator 7,Machine 6,21.28,premium,70.56,28.74,false
2024-02-08,Line A,Supplier 1,evening,1270,Operator 2,Machine 1,18.01,premium,42.82,12.4,true
2024-10-31,Line C,Supplier 1,day,152,Operator 1,Machine 3,27.85,premium,47.45,18.78,false
2025-03-22,Line C,Supplier 2,night,50,Operator 2,Machine 5,52.35,standard,53.1,17.8,false
2024-02-15,Line A,Supplier 3,day,1093,Operator 2,Machine 5,16.39,standard,61.94,20.58,false
2024-12-10,Line C,Supplier 2,evening,160,Operator 4,Machine 5,26.74,standard,54.59,21.64,false
2025-10-22,Line C,Supplier 1,day,703,Operator 3,Machine 4,35.98,premium,33.74,30.52,false
2025-06-02,Line A,Supplier 1,day,290,Operator 2,Machine 5,45.29,premium,48.79,29.92,false
2025-06-19,Line C,Supplier 5,evening,811,Operator 6,Machine 2,35.52,standard,58.14,19.42,false
2025-12-25,Line C,Supplier 4,evening,510,Operator 3,Machine 1,59.9,standard,54.52,33.23,false
2024-07-09,Line C,Supplier 5,evening,1205,Operator 2,Machine 6,23.72,premium,56.0,22.97,false
2025-07-08,Line C,Supplier 2,evening,1424,Operator 7,Machine 6,43.17,premium,38.78,18.02,false
2025-10-05,Line A,Supplier 1,day,1039,Operator 2,Machine 4,51.03,standard,55.07,26.0,false
2024-08-19,Line D,Supplier 5,day,1231,Operator 2,Machine 3,43.02,premium,71.56,13.86,false
2025-02-19,Line C,Supplier 1,evening,979,Operator 2,Machine 1,48.66,premium,53.4,17.74,false
2025-07-19,Line A,Supplier 4,night,961,Operator 2,Machine 5,30.71,standard,57.42,23.25,true
2024-06-01,Line C,Supplier 5,night,50,Operator 7,Machine 5,24.91,premium,62.22,28.89,true
2025-10-12,Line B,Supplier 4,evening,722,Operator 7,Machine 1,39.5,standard,58.83,21.15,false
2024-07-15,Line D,Supplier 5,evening,129,Operator 8,Machine 5,32.52,standard,60.5,23.73,false
2025-08-01,Line B,Supplier 4,night,393,Operator 6,Machine 6,33.81,standard,56.95,26.27,false
2025-03-01,Line A,Supplier 4,day,197,Operator 1,Machine 6,44.31,premium,48.59,30.36,true
2025-03-12,Line A,Supplier 4,evening,705,Operator 8,Machine 4,53.6,premium,25.85,25.36,true
2024-10-31,Line B,Supplier 3,night,1172,Operator 2,Machine 6,14.55,premium,54.03,23.06,false
2025-08-10,Line B,Supplier 1,night,801,Operator 2,Machine 2,32.66,premium,29.13,12.61,true
2025-03-16,Line C,Supplier 1,evening,588,Operator 3,Machine 1,23.58,premium,45.88,21.2,true
2025-04-29,Line B,Supplier 2,night,874,Operator 1,Machine 3,35.39,premium,42.07,19.86,true
2025-06-10,Line A,Supplier 3,day,50,Operator 3,Machine 3,30.92,standard,56.62,27.91,false
2025-09-27,Line C,Supplier 3,evening,514,Operator 7,Machine 4,5.0,standard,62.49,28.88,true
2024-06-30,Line A,Supplier 5,night,1072,Operator 2,Machine 2,32.53,premium,39.03,14.32,false
2024-04-05,Line A,Supplier 5,night,710,Operator 1,Machine 3,26.14,premium,70.77,8.86,true
2025-05-09,Line A,Supplier 3,night,1023,Operator 2,Machine 4,38.48,premium,23.65,23.09,true
2025-10-19,Line A,Supplier 3,day,1194,Operator 2,Machine 6,10.12,standard,54.35,30.31,false
2025-11-06,Line C,Supplier 3,evening,544,Operator 6,Machine 2,36.12,premium,48.84,23.4,false
2025-01-22,Line B,Supplier 3,night,608,Operator 5,Machine 6,5.72,premium,22.41,20.62,true
2025-11-01,Line B,Supplier 3,evening,395,Operator 7,Machine 6,37.74,standard,62.0,23.33,true
2024-02-10,Line A,Supplier 5,evening,576,Operator 6,Machine 6,31.16,premium,36.71,11.2,false
2024-04-19,Line C,Supplier 3,day,443,Operator 7,Machine 5,7.2,premium,62.15,18.03,true
2024-05-28,Line C,Supplier 3,night,374,Operator 5,Machine 2,39.83,premium,27.44,12.5,false
2024-05-09,Line B,Supplier 3,day,140,Operator 5,Machine 5,28.09,premium,24.91,29.87,true
2024-04-21,Line A,Supplier 2,day,502,Operator 3,Machine 5,14.95,premium,31.39,19.09,false
2024-12-09,Line B,Supplier 2,day,441,Operator 2,Machine 6,37.95,standard,67.05,27.62,true
2024-12-11,Line D,Supplier 4,night,768,Operator 3,Machine 5,38.72,premium,34.55,34.35,true
2025-11-28,Line A,Supplier 1,night,50,Operator 1,Machine 5,25.7,premium,34.65,40.0,false
2024-05-05,Line B,Supplier 5,evening,368,Operator 2,Machine 5,31.19,premium,42.37,23.76,false
2024-03-25,Line B,Supplier 2,evening,563,Operator 2,Machine 6,18.7,premium,46.03,22.16,false
2025-10-17,Line B,Supplier 1,night,1097,Operator 8,Machine 5,20.54,standard,67.41,28.3,false
2025-05-13,Line C,Supplier 3,evening,967,Operator 2,Machine 6,39.36,premium,35.92,21.73,true
2025-10-07,Line A,Supplier 3,evening,504,Operator 3,Machine 6,14.46,standard,69.5,28.01,false
2025-05-15,Line A,Supplier 3,night,856,Operator 3,Machine 5,34.46,premium,27.56,20.35,false
2025-01-04,Line D,Supplier 2,evening,978,Operator 5,Machine 2,27.16,standard,61.32,24.58,false
2025-02-06,Line D,Supplier 3,evening,389,Operator 5,Machine 3,53.79,standard,64.41,14.42,false
2024-06-22,Line C,Supplier 1,day,422,Operator 7,Machine 3,47.84,standard,57.22,33.16,false
2024-07-11,Line A,Supplier 3,evening,983,Operator 8,Machine 6,26.67,standard,53.64,12.52,false
2024-05-22,Line D,Supplier 2,evening,784,Operator 4,Machine 1,44.49,premium,36.26,18.26,true
2024-03-21,Line A,Supplier 5,day,487,Operator 7,Machine 2,5.0,standard,59.79,13.91,false
2025-07-20,Line B,Supplier 5,evening,565,Operator 6,Machine 1,21.64,premium,41.79,30.53,false
2024-05-11,Line A,Supplier 3,day,750,Operator 7,Machine 2,40.12,premium,43.46,24.85,false
2025-03-25,Line C,Supplier 4,night,1202,Operator 6,Machine 4,28.04,premium,28.29,11.67,false
2025-09-06,Line D,Supplier 1,night,414,Operator 1,Machine 2,40.12,premium,46.28,23.67,true
2025-04-25,Line A,Supplier 1,day,771,Operator 2,Machine 2,54.84,premium,48.12,6.61,false
2025-05-02,Line D,Supplier 3,day,603,Operator 2,Machine 6,23.29,premium,36.75,24.72,false
2025-05-22,Line B,Supplier 2,day,761,Operator 4,Machine 1,46.83,premium,50.3,17.66,false
2024-06-01,Line A,Supplier 1,evening,1429,Operator 1,Machine 1,31.43,premium,35.98,13.11,false
2024-04-24,Line A,Supplier 4,day,50,Operator 1,Machine 5,34.45,premium,36.71,14.85,false
2025-04-27,Line D,Supplier 2,day,599,Operator 1,Machine 3,39.06,premium,33.57,18.53,false
2024-03-11,Line D,Supplier 4,evening,881,Operator 7,Machine 3,24.15,premium,42.28,22.69,false
2024-05-04,Line A,Supplier 4,day,355,Operator 2,Machine 1,26.9,premium,38.63,31.94,false
2024-10-01,Line A,Supplier 4,evening,1457,Operator 8,Machine 4,30.13,premium,25.49,13.53,false
2024-11-26,Line A,Supplier 2,day,589,Operator 3,Machine 2,28.33,standard,57.8,16.1,false
2025-01-09,Line D,Supplier 5,night,792,Operator 1,Machine 6,32.25,premium,38.66,11.09,true
2024-08-08,Line D,Supplier 5,day,50,Operator 3,Machine 6,38.49,premium,34.16,15.0,false
2025-12-18,Line B,Supplier 3,evening,896,Operator 8,Machine 6,49.36,premium,62.37,9.96,false
2024-11-16,Line C,Supplier 5,night,352,Operator 6,Machine 6,35.95,premium,59.32,20.0,false
2025-01-20,Line A,Supplier 5,evening,437,Operator 4,Machine 1,47.02,standard,76.1,22.7,false
2024-11-30,Line B,Supplier 5,day,829,Operator 8,Machine 4,34.65,premium,48.75,17.08,false
2025-07-21,Line A,Supplier 4,day,746,Operator 6,Machine 6,37.06,premium,44.58,15.78,false
2024-09-19,Line A,Supplier 2,evening,137,Operator 6,Machine 5,32.26,premium,66.15,18.09,false
2024-07-18,Line C,Supplier 4,evening,690,Operator 3,Machine 1,43.81,premium,45.65,24.94,false
2024-11-21,Line D,Supplier 3,evening,249,Operator 1,Machine 6,24.21,premium,52.75,16.51,false
2025-06-05,Line A,Supplier 3,day,1220,Operator 2,Machine 4,19.95,premium,60.64,27.75,false
2025-04-13,Line A,Supplier 5,day,1396,Operator 2,Machine 3,42.78,premium,70.75,28.35,false
2025-07-08,Line B,Supplier 1,night,338,Operator 4,Machine 6,32.12,standard,50.61,26.68,false
2024-02-16,Line B,Supplier 4,day,512,Operator 2,Machine 4,27.0,premium,22.9,15.12,false
2024-11-25,Line C,Supplier 4,evening,803,Operator 2,Machine 5,31.74,standard,48.11,34.3,false
2024-11-18,Line C,Supplier 4,day,264,Operator 1,Machine 5,20.25,premium,52.91,16.27,false
2025-09-12,Line C,Supplier 1,night,811,Operator 4,Machine 2,14.3,premium,40.67,24.57,true
2025-10-05,Line A,Supplier 3,day,50,Operator 3,Machine 5,14.15,premium,84.01,14.2,false
2024-01-18,Line A,Supplier 1,day,374,Operator 5,Machine 6,55.67,premium,47.08,15.28,false
2025-03-25,Line A,Supplier 3,day,1219,Operator 2,Machine 6,50.68,standard,56.97,29.94,false
2025-04-29,Line A,Supplier 3,night,734,Operator 3,Machine 4,22.08,premium,34.69,18.71,true
2025-04-06,Line B,Supplier 2,evening,360,Operator 1,Machine 2,32.6,premium,53.36,8.83,true
2025-03-26,Line D,Supplier 1,evening,50,Operator 3,Machine 1,36.62,premium,49.45,15.39,false
2025-12-18,Line C,Supplier 1,day,736,Operator 1,Machine 2,28.95,standard,55.36,28.5,false
2024-01-06,Line A,Supplier 2,day,359,Operator 4,Machine 5,35.17,standard,75.3,33.93,true
2025-10-12,Line C,Supplier 5,night,692,Operator 1,Machine 2,42.39,premium,25.19,26.02,false
2024-01-25,Line A,Supplier 4,day,1150,Operator 2,Machine 1,35.04,premium,28.89,22.82,false
2024-09-26,Line B,Supplier 1,evening,520,Operator 1,Machine 3,44.82,premium,34.96,11.23,false
2024-01-21,Line A,Supplier 5,day,778,Operator 1,Machine 1,47.85,premium,79.14,5.77,false
2025-01-18,Line B,Supplier 2,night,503,Operator 2,Machine 5,41.12,premium,40.16,30.43,false
2024-12-23,Line B,Supplier 5,day,496,Operator 4,Machine 1,34.99,standard,53.6,31.47,false
2024-06-05,Line B,Supplier 3,night,886,Operator 5,Machine 3,11.88,premium,41.04,17.53,true
2025-11-02,Line C,Supplier 2,day,850,Operator 2,Machine 4,46.12,standard,53.43,18.23,false
2024-01-28,Line D,Supplier 5,evening,543,Operator 7,Machine 2,32.13,premium,27.94,25.55,false
2024-03-20,Line C,Supplier 4,night,859,Operator 3,Machine 5,43.35,standard,81.0,24.05,true
2025-02-20,Line B,Supplier 4,day,560,Operator 5,Machine 5,11.62,premium,77.6,27.64,false
2025-06-19,Line D,Supplier 4,evening,1125,Operator 4,Machine 3,27.77,standard,65.14,9.13,false
2025-03-08,Line A,Supplier 1,night,1163,Operator 2,Machine 4,31.0,premium,56.06,27.11,true
2025-08-05,Line C,Supplier 2,day,956,Operator 8,Machine 5,42.4,premium,79.2,24.21,false
2024-09-10,Line A,Supplier 5,day,780,Operator 8,Machine 4,23.93,premium,62.21,22.24,false
2024-04-25,Line C,Supplier 5,day,377,Operator 2,Machine 2,56.54,standard,66.52,28.55,false
2024-04-22,Line A,Supplier 3,day,255,Operator 5,Machine 4,28.49,premium,48.88,25.87,false
2024-11-24,Line D,Supplier 2,day,791,Operator 6,Machine 6,37.0,standard,71.49,23.4,false
2025-01-06,Line A,Supplier 2,day,1136,Operator 2,Machine 3,33.23,premium,33.36,23.49,false
2024-07-21,Line B,Supplier 3,night,274,Operator 1,Machine 3,34.84,standard,62.36,24.97,true
2024-12-22,Line D,Supplier 4,night,532,Operator 7,Machine 2,26.81,premium,40.83,18.72,true
2025-09-28,Line B,Supplier 1,evening,544,Operator 7,Machine 3,35.2,premium,78.01,16.79,false
2024-12-29,Line A,Supplier 4,evening,50,Operator 8,Machine 1,23.15,premium,46.97,24.44,false
2024-01-28,Line D,Supplier 1,evening,1375,Operator 2,Machine 6,38.86,standard,71.3,21.4,true
2024-07-29,Line B,Supplier 5,day,754,Operator 3,Machine 2,39.37,premium,41.64,7.58,false
2024-07-10,Line B,Supplier 4,evening,349,Operator 4,Machine 4,44.57,standard,51.8,29.07,false
2024-09-18,Line C,Supplier 1,night,545,Operator 5,Machine 1,40.08,premium,31.44,28.74,true
2024-05-23,Line C,Supplier 5,night,338,Operator 1,Machine 6,28.8,premium,47.07,36.92,false
2024-11-04,Line C,Supplier 2,night,266,Operator 2,Machine 5,26.05,premium,26.64,30.04,false
2025-07-31,Line B,Supplier 5,day,50,Operator 2,Machine 5,43.23,standard,64.35,18.77,false
2025-03-27,Line C,Supplier 4,night,1181,Operator 5,Machine 4,38.1,standard,69.0,20.15,false
2025-03-09,Line C,Supplier 2,day,829,Operator 4,Machine 5,26.9,standard,50.94,31.38,false
2025-02-15,Line B,Supplier 2,evening,665,Operator 1,Machine 6,35.26,premium,41.11,15.09,false
2024-01-10,Line C,Supplier 3,day,1204,Operator 2,Machine 3,42.9,standard,50.13,26.64,false
2024-05-26,Line B,Supplier 3,night,695,Operator 4,Machine 5,31.48,standard,66.11,25.98,false
2024-02-15,Line D,Supplier 3,evening,1224,Operator 2,Machine 6,31.41,standard,54.66,12.18,false
2025-10-09,Line C,Supplier 3,evening,835,Operator 1,Machine 6,5.0,standard,84.79,24.65,false
2024-12-05,Line C,Supplier 2,day,727,Operator 4,Machine 2,46.73,standard,65.1,23.85,false
2025-06-16,Line D,Supplier 5,evening,547,Operator 5,Machine 6,24.04,premium,68.39,13.05,false
2025-10-30,Line A,Supplier 5,day,814,Operator 5,Machine 1,24.93,premium,38.55,24.53,true
2024-10-28,Line C,Supplier 3,day,674,Operator 4,Machine 4,29.79,premium,43.93,14.06,false
2025-01-18,Line A,Supplier 2,day,985,Operator 2,Machine 5,35.38,premium,30.51,31.88,false
2025-11-10,Line C,Supplier 5,day,267,Operator 7,Machine 5,29.69,premium,53.44,22.04,true
2025-09-03,Line C,Supplier 3,evening,83,Operator 8,Machine 5,38.08,premium,34.14,15.36,false
2025-03-12,Line A,Supplier 5,evening,929,Operator 2,Machine 1,51.14,premium,30.67,16.61,true
2025-05-14,Line B,Supplier 3,day,757,Operator 2,Machine 2,7.18,premium,43.76,22.07,true
2024-12-31,Line A,Supplier 3,evening,915,Operator 6,Machine 6,19.79,premium,38.54,28.17,false
2025-07-05,Line A,Supplier 1,day,338,Operator 7,Machine 4,35.62,standard,55.26,24.65,false
2024-05-05,Line B,Supplier 1,day,714,Operator 3,Machine 2,30.49,premium,54.54,20.54,false
2025-08-29,Line B,Supplier 1,evening,487,Operator 6,Machine 1,31.19,premium,46.36,22.61,false
2024-12-04,Line A,Supplier 5,evening,986,Operator 2,Machine 2,35.7,premium,53.45,26.19,false
2024-12-16,Line B,Supplier 4,day,629,Operator 2,Machine 4,22.22,premium,73.53,18.69,false
2025-11-19,Line A,Supplier 4,night,78,Operator 3,Machine 1,50.51,premium,37.37,29.83,false
2024-04-03,Line B,Supplier 3,evening,880,Operator 3,Machine 2,35.34,premium,45.85,15.37,false
2024-03-05,Line C,Supplier 5,day,625,Operator 8,Machine 3,33.14,standard,59.55,15.84,false
2025-10-08,Line A,Supplier 3,evening,1233,Operator 3,Machine 6,56.15,premium,42.27,8.13,false
2025-11-25,Line D,Supplier 3,day,856,Operator 7,Machine 2,37.57,standard,68.61,24.16,false
2025-08-07,Line C,Supplier 1,evening,905,Operator 2,Machine 2,23.81,premium,43.3,22.95,false
2024-07-17,Line D,Supplier 1,evening,1359,Operator 5,Machine 4,46.37,standard,53.22,25.11,true
2024-03-03,Line A,Supplier 4,day,1342,Operator 5,Machine 6,15.68,standard,66.92,13.49,false
2024-01-01,Line A,Supplier 4,day,662,Operator 2,Machine 4,31.59,premium,47.55,17.85,false
2025-12-20,Line B,Supplier 4,day,342,Operator 5,Machine 5,31.38,premium,20.95,26.51,false
2025-04-10,Line A,Supplier 3,day,715,Operator 4,Machine 3,73.69,standard,50.91,26.19,false
2025-07-08,Line D,Supplier 1,night,436,Operator 8,Machine 1,45.29,premium,59.6,13.03,true
2024-02-04,Line A,Supplier 1,day,1151,Operator 3,Machine 5,33.55,standard,81.91,12.2,true
2024-03-16,Line B,Supplier 1,day,371,Operator 3,Machine 4,37.89,standard,72.96,30.23,false
2024-10-28,Line D,Supplier 3,day,792,Operator 4,Machine 4,25.01,premium,25.74,20.37,false
2025-03-18,Line D,Supplier 1,night,1023,Operator 2,Machine 4,23.01,premium,76.81,12.42,false
2025-03-11,Line D,Supplier 3,night,241,Operator 2,Machine 5,37.13,standard,67.87,20.13,false
2024-04-13,Line B,Supplier 2,evening,729,Operator 6,Machine 1,37.73,standard,50.07,16.54,false
2025-03-30,Line A,Supplier 1,evening,889,Operator 1,Machine 1,28.11,standard,65.36,15.34,false
2025-06-14,Line C,Supplier 5,day,268,Operator 8,Machine 5,27.06,standard,51.8,27.07,true
2024-09-30,Line B,Supplier 5,day,694,Operator 4,Machine 4,42.99,standard,34.25,23.19,false
2025-10-21,Line A,Supplier 3,day,469,Operator 7,Machine 1,18.82,standard,52.71,15.52,false
2025-07-21,Line B,Supplier 1,day,668,Operator 8,Machine 4,44.57,premium,46.47,14.3,false
2025-08-21,Line B,Supplier 4,night,998,Operator 2,Machine 4,33.82,premium,63.97,6.13,false
2024-04-02,Line A,Supplier 4,night,606,Operator 2,Machine 6,37.97,premium,46.92,22.53,false
2024-06-05,Line A,Supplier 3,day,637,Operator 4,Machine 4,34.55,standard,82.59,26.95,false
2025-11-19,Line D,Supplier 1,day,112,Operator 7,Machine 5,5.0,premium,44.07,20.31,false
2024-07-16,Line D,Supplier 1,day,748,Operator 2,Machine 5,45.19,premium,42.8,33.31,false
2025-03-02,Line A,Supplier 1,day,580,Operator 1,Machine 1,50.84,standard,72.14,19.48,false
2024-05-22,Line B,Supplier 2,evening,365,Operator 7,Machine 6,28.56,premium,38.94,12.94,false
2025-09-27,Line C,Supplier 4,evening,397,Operator 7,Machine 6,46.02,premium,56.27,18.57,false
2024-08-06,Line C,Supplier 3,day,1038,Operator 4,Machine 1,23.35,standard,71.77,24.43,false
2025-05-31,Line C,Supplier 4,day,846,Operator 4,Machine 1,41.07,premium,49.44,4.71,true
2024-12-16,Line A,Supplier 4,evening,133,Operator 4,Machine 5,25.92,standard,71.18,18.72,false
2025-01-04,Line B,Supplier 5,night,418,Operator 5,Machine 6,23.28,premium,52.78,19.79,false
2024-04-30,Line A,Supplier 4,night,499,Operator 8,Machine 5,45.03,premium,61.89,22.83,true
2024-05-16,Line C,Supplier 4,day,273,Operator 4,Machine 5,35.46,premium,54.0,28.27,false
2025-08-21,Line A,Supplier 4,evening,923,Operator 2,Machine 2,31.51,premium,32.92,23.27,false
2025-06-01,Line D,Supplier 1,evening,475,Operator 5,Machine 6,42.21,premium,52.48,16.3,false
2025-08-15,Line C,Supplier 4,night,723,Operator 8,Machine 4,25.89,premium,71.62,15.79,true
2025-12-23,Line A,Supplier 4,night,999,Operator 2,Machine 6,36.61,premium,38.35,22.5,false
2024-03-14,Line A,Supplier 5,night,591,Operator 4,Machine 6,54.56,premium,45.85,24.79,false
2024-07-04,Line C,Supplier 4,night,478,Operator 2,Machine 4,32.93,premium,49.07,29.85,false
2024-04-17,Line A,Supplier 5,evening,663,Operator 8,Machine 2,35.56,premium,55.96,30.91,false
2024-05-03,Line B,Supplier 5,day,1306,Operator 6,Machine 1,32.76,premium,46.97,16.68,false
2025-11-04,Line A,Supplier 1,day,115,Operator 4,Machine 5,47.91,premium,45.88,15.41,false
2024-03-22,Line B,Supplier 3,night,650,Operator 7,Machine 5,38.31,premium,43.56,14.15,true
2024-12-18,Line B,Supplier 2,night,489,Operator 2,Machine 3,24.42,standard,60.19,17.87,true
2025-01-31,Line B,Supplier 4,evening,465,Operator 7,Machine 2,24.73,premium,74.96,32.69,false
2024-06-12,Line B,Supplier 3,night,578,Operator 2,Machine 6,41.69,premium,58.76,25.47,true
2024-12-13,Line C,Supplier 1,evening,50,Operator 3,Machine 5,54.59,premium,59.68,22.87,false
2025-09-16,Line B,Supplier 4,day,1147,Operator 8,Machine 5,46.49,standard,72.34,15.53,false
2024-01-07,Line C,Supplier 4,day,904,Operator 2,Machine 6,27.0,standard,51.55,20.09,false
2025-04-03,Line A,Supplier 3,day,335,Operator 8,Machine 1,39.83,premium,48.26,22.67,true
2024-04-15,Line C,Supplier 2,night,505,Operator 7,Machine 4,31.17,premium,40.6,12.78,true
2024-12-20,Line A,Supplier 2,evening,526,Operator 6,Machine 1,28.59,premium,54.46,28.03,false
2024-02-18,Line C,Supplier 5,evening,688,Operator 1,Machine 1,22.03,premium,45.56,16.54,false
2024-10-16,Line A,Supplier 1,night,621,Operator 4,Machine 4,38.69,premium,39.01,20.09,false
2025-07-27,Line A,Supplier 5,day,367,Operator 1,Machine 2,57.13,premium,52.28,17.64,true
2025-10-21,Line C,Supplier 2,evening,663,Operator 3,Machine 4,28.47,standard,63.17,9.31,true
2025-10-31,Line A,Supplier 4,day,521,Operator 2,Machine 5,39.2,standard,59.16,30.7,false
2025-05-14,Line C,Supplier 5,day,101,Operator 8,Machine 4,32.71,premium,44.2,12.67,false
2024-10-21,Line A,Supplier 2,evening,384,Operator 3,Machine 5,43.11,premium,20.0,13.69,true
2024-03-12,Line A,Supplier 4,night,744,Operator 7,Machine 3,50.57,premium,61.51,6.54,true
2024-05-09,Line B,Supplier 3,night,453,Operator 2,Machine 2,39.06,standard,66.64,22.65,true
2025-06-06,Line B,Supplier 5,day,742,Operator 8,Machine 4,25.02,standard,50.25,23.96,false
2024-04-01,Line C,Supplier 3,evening,695,Operator 5,Machine 5,5.0,premium,45.38,24.46,false
2025-01-18,Line C,Supplier 3,day,328,Operator 3,Machine 2,28.16,standard,75.07,29.74,false
2024-05-07,Line C,Supplier 5,night,980,Operator 2,Machine 5,22.99,premium,34.4,28.95,false
2024-10-12,Line A,Supplier 1,day,733,Operator 4,Machine 4,30.14,standard,64.96,26.77,false
2025-11-28,Line D,Supplier 3,day,697,Operator 5,Machine 1,14.55,standard,76.0,30.92,false
2024-08-01,Line C,Supplier 5,day,864,Operator 3,Machine 4,22.49,premium,33.53,7.46,false
2024-10-03,Line A,Supplier 5,night,545,Operator 5,Machine 1,27.83,standard,73.37,21.42,true
2024-11-16,Line C,Supplier 4,day,294,Operator 5,Machine 5,47.37,premium,45.88,22.51,false
2024-03-13,Line C,Supplier 4,evening,345,Operator 5,Machine 5,36.1,premium,20.0,17.65,false
2024-07-12,Line C,Supplier 4,night,703,Operator 4,Machine 6,29.28,premium,47.89,17.58,false
2025-02-23,Line C,Supplier 2,night,608,Operator 4,Machine 1,24.82,premium,35.56,19.6,false
2025-07-23,Line A,Supplier 5,night,865,Operator 8,Machine 4,20.51,standard,50.78,27.03,false
2024-03-19,Line B,Supplier 2,day,553,Operator 7,Machine 4,44.11,premium,54.99,23.88,false
2025-06-14,Line A,Supplier 4,evening,646,Operator 4,Machine 3,37.84,premium,43.58,21.53,true
2024-03-23,Line B,Supplier 1,evening,171,Operator 2,Machine 5,27.14,premium,68.97,14.43,false
2025-07-05,Line D,Supplier 3,night,337,Operator 6,Machine 2,19.39,premium,29.81,29.64,true
2025-04-28,Line C,Supplier 1,night,474,Operator 6,Machine 5,33.5,premium,39.0,11.69,false
2024-02-29,Line A,Supplier 5,day,356,Operator 8,Machine 1,29.97,premium,75.37,21.05,false
2025-07-25,Line D,Supplier 4,night,647,Operator 2,Machine 3,15.16,standard,55.02,16.32,true
2024-06-27,Line B,Supplier 5,day,50,Operator 2,Machine 5,60.61,premium,79.81,19.21,false
2025-03-15,Line B,Supplier 4,day,2000,Operator 2,Machine 1,23.22,premium,47.93,26.95,false
2024-04-26,Line C,Supplier 5,day,784,Operator 7,Machine 4,39.24,premium,49.58,20.47,true
2025-02-14,Line D,Supplier 5,day,725,Operator 4,Machine 4,52.24,premium,44.46,15.69,false
2024-02-26,Line B,Supplier 2,night,650,Operator 5,Machine 2,14.47,premium,41.7,15.08,true
2024-10-01,Line A,Supplier 2,night,989,Operator 1,Machine 1,39.77,standard,50.77,15.06,false
2025-05-24,Line A,Supplier 2,night,50,Operator 8,Machine 5,32.88,standard,58.29,24.8,false
2025-06-02,Line D,Supplier 1,night,1159,Operator 2,Machine 5,23.47,premium,35.38,8.14,false
2025-05-22,Line C,Supplier 4,night,457,Operator 3,Machine 3,32.41,standard,54.28,21.2,true
2024-07-16,Line B,Supplier 3,day,485,Operator 1,Machine 2,20.41,premium,33.89,26.94,false
2024-06-26,Line A,Supplier 1,day,525,Operator 4,Machine 1,25.5,premium,27.36,28.93,false
2024-03-31,Line A,Supplier 1,night,883,Operator 3,Machine 1,24.43,standard,53.52,22.87,true
2025-01-13,Line A,Supplier 1,evening,134,Operator 4,Machine 5,33.76,standard,51.98,25.62,false
2024-05-31,Line C,Supplier 5,day,573,Operator 8,Machine 2,30.83,standard,59.09,28.89,false
2024-03-28,Line D,Supplier 5,day,1488,Operator 4,Machine 1,24.1,premium,32.29,13.0,false
2024-02-02,Line B,Supplier 4,night,1101,Operator 7,Machine 3,33.58,standard,58.04,8.85,false
2025-01-13,Line A,Supplier 5,day,995,Operator 2,Machine 2,55.09,premium,21.84,24.64,false
2025-10-07,Line B,Supplier 4,night,1122,Operator 2,Machine 2,21.99,premium,20.0,35.21,false
2025-10-11,Line A,Supplier 3,night,851,Operator 1,Machine 6,27.28,premium,40.77,25.59,false
2024-05-15,Line A,Supplier 5,night,826,Operator 8,Machine 6,41.25,premium,69.26,24.41,false
2025-06-20,Line A,Supplier 4,evening,477,Operator 8,Machine 2,48.44,standard,70.34,19.64,false
2024-06-21,Line C,Supplier 1,night,101,Operator 4,Machine 5,32.78,premium,39.85,22.94,true
2025-07-22,Line B,Supplier 3,evening,1354,Operator 2,Machine 3,43.42,premium,45.12,14.0,false
2024-06-17,Line A,Supplier 2,night,626,Operator 1,Machine 6,37.45,standard,77.34,18.12,false
2024-03-23,Line B,Supplier 5,night,480,Operator 5,Machine 3,35.98,standard,61.46,17.61,false
2025-02-24,Line C,Supplier 3,evening,864,Operator 5,Machine 5,16.72,standard,62.03,24.38,true
2024-04-14,Line A,Supplier 1,evening,655,Operator 2,Machine 6,35.01,standard,54.29,26.13,false
2024-02-22,Line C,Supplier 1,day,657,Operator 1,Machine 3,29.52,standard,57.49,12.72,false
2024-02-14,Line B,Supplier 2,day,545,Operator 6,Machine 2,29.9,premium,46.95,28.1,false
2024-04-26,Line B,Supplier 2,night,998,Operator 2,Machine 5,41.24,premium,56.6,22.13,false
2025-06-28,Line A,Supplier 4,evening,123,Operator 7,Machine 5,48.51,standard,63.22,26.61,false
2024-01-26,Line C,Supplier 1,evening,440,Operator 8,Machine 3,40.46,premium,44.28,14.81,false
2024-03-01,Line C,Supplier 1,night,1139,Operator 2,Machine 2,33.83,premium,59.47,27.3,false
2024-06-12,Line A,Supplier 3,night,888,Operator 6,Machine 5,14.43,premium,26.62,13.85,false
2024-06-30,Line C,Supplier 1,day,949,Operator 2,Machine 2,41.1,premium,30.95,25.58,false
2025-02-22,Line D,Supplier 3,night,804,Operator 2,Machine 1,54.2,standard,59.5,6.78,true
2025-01-06,Line D,Supplier 5,night,50,Operator 4,Machine 5,22.92,standard,60.45,19.04,false
2025-03-30,Line A,Supplier 2,day,1109,Operator 2,Machine 5,24.02,standard,70.71,22.01,false
2025-02-16,Line D,Supplier 3,night,1187,Operator 2,Machine 3,42.27,premium,48.16,24.02,false
2024-09-05,Line A,Supplier 3,night,410,Operator 7,Machine 5,18.44,premium,49.17,33.75,false
2024-10-29,Line C,Supplier 4,evening,975,Operator 2,Machine 4,46.5,premium,58.73,20.58,false
2024-01-21,Line D,Supplier 2,night,668,Operator 4,Machine 1,51.81,standard,50.36,13.72,true
2024-10-23,Line C,Supplier 5,evening,412,Operator 3,Machine 4,27.02,premium,39.21,31.72,false
2024-03-14,Line B,Supplier 1,evening,629,Operator 4,Machine 3,26.31,premium,49.56,20.16,false
2025-04-01,Line A,Supplier 4,day,76,Operator 2,Machine 5,26.32,premium,49.07,14.66,false
2025-02-05,Line D,Supplier 3,night,627,Operator 2,Machine 3,25.1,premium,32.49,13.3,true
2025-04-11,Line D,Supplier 5,day,1966,Operator 2,Machine 2,34.14,standard,54.45,32.51,false
2025-01-09,Line B,Supplier 3,night,1104,Operator 2,Machine 3,53.12,premium,72.24,20.94,false
2024-04-11,Line B,Supplier 5,night,620,Operator 1,Machine 4,29.92,premium,52.64,18.61,false
2024-03-25,Line B,Supplier 5,night,939,Operator 2,Machine 1,33.9,premium,26.39,15.77,true
2025-03-09,Line B,Supplier 5,night,1228,Operator 2,Machine 3,31.53,premium,22.54,28.38,true
2024-11-28,Line A,Supplier 4,day,468,Operator 7,Machine 2,33.31,premium,50.98,28.36,false
2025-09-15,Line B,Supplier 4,night,830,Operator 6,Machine 4,13.07,premium,43.36,17.01,true
2024-12-01,Line C,Supplier 3,night,144,Operator 1,Machine 5,19.46,premium,71.48,14.21,true
2025-10-16,Line D,Supplier 4,day,50,Operator 1,Machine 3,32.13,standard,74.38,17.39,false
2025-04-14,Line D,Supplier 1,day,858,Operator 2,Machine 3,39.09,standard,56.79,17.84,false
2025-01-05,Line B,Supplier 4,day,1596,Operator 7,Machine 6,50.74,premium,47.54,20.14,false
2024-08-20,Line B,Supplier 2,night,677,Operator 3,Machine 5,45.15,premium,59.64,21.0,true
2025-02-16,Line D,Supplier 5,evening,1400,Operator 1,Machine 6,20.64,premium,42.2,17.42,true
2024-03-18,Line C,Supplier 3,day,114,Operator 7,Machine 5,21.04,premium,75.64,18.41,false
2024-02-28,Line C,Supplier 5,evening,779,Operator 3,Machine 1,21.58,standard,71.43,30.99,false
2025-01-11,Line B,Supplier 5,day,560,Operator 2,Machine 5,30.44,premium,35.18,30.95,false
2025-08-03,Line A,Supplier 5,day,649,Operator 1,Machine 1,39.56,premium,27.75,12.91,true
2025-01-25,Line B,Supplier 2,day,738,Operator 8,Machine 3,34.11,premium,42.39,13.28,false
2024-11-01,Line A,Supplier 4,evening,1160,Operator 6,Machine 6,49.91,premium,52.71,18.25,false
2024-07-12,Line D,Supplier 2,night,622,Operator 3,Machine 5,40.92,standard,74.8,4.72,false
2025-11-25,Line B,Supplier 2,evening,176,Operator 6,Machine 5,34.49,premium,71.48,14.33,false
2024-05-28,Line A,Supplier 2,night,904,Operator 4,Machine 6,42.13,premium,37.01,18.57,false
2025-03-04,Line B,Supplier 3,night,443,Operator 5,Machine 1,32.8,premium,47.04,20.87,false
2025-06-27,Line A,Supplier 4,day,50,Operator 6,Machine 5,41.01,premium,51.31,22.59,false
2025-10-03,Line C,Supplier 3,day,538,Operator 6,Machine 2,56.08,premium,50.3,16.22,true
2025-04-02,Line D,Supplier 1,night,979,Operator 2,Machine 1,41.36,premium,56.62,23.92,false
2024-05-02,Line C,Supplier 5,day,520,Operator 1,Machine 5,42.42,standard,66.32,29.51,false
2024-07-05,Line C,Supplier 2,night,644,Operator 6,Machine 6,20.05,premium,34.84,25.08,false
2024-04-28,Line B,Supplier 5,night,684,Operator 5,Machine 2,37.12,premium,52.03,0.85,false
2025-11-26,Line D,Supplier 3,day,826,Operator 2,Machine 6,12.21,standard,51.17,7.37,false
2025-05-22,Line B,Supplier 1,night,1064,Operator 3,Machine 4,40.11,premium,46.33,16.54,false
2025-10-04,Line A,Supplier 2,night,181,Operator 7,Machine 4,33.28,premium,50.22,12.69,true
2024-11-15,Line B,Supplier 3,evening,212,Operator 7,Machine 3,35.89,standard,54.23,21.9,false
2024-01-27,Line B,Supplier 1,evening,630,Operator 5,Machine 5,14.06,premium,53.46,22.98,false
2025-11-15,Line B,Supplier 3,day,1088,Operator 2,Machine 4,5.0,standard,69.59,22.96,false
2025-09-01,Line C,Supplier 3,night,1541,Operator 2,Machine 5,35.69,premium,31.05,26.2,false
2024-08-12,Line C,Supplier 5,day,577,Operator 1,Machine 6,45.98,standard,67.33,15.9,false
2024-09-24,Line B,Supplier 1,evening,284,Operator 2,Machine 5,27.66,standard,60.58,30.53,false
2024-01-09,Line D,Supplier 5,evening,631,Operator 1,Machine 5,55.43,premium,68.01,11.42,false
2025-12-30,Line C,Supplier 3,day,929,Operator 8,Machine 1,10.42,standard,50.83,19.04,false
2024-01-14,Line B,Supplier 4,evening,464,Operator 8,Machine 4,25.52,premium,43.34,22.2,false
2024-03-23,Line C,Supplier 5,night,781,Operator 4,Machine 5,44.84,premium,39.71,14.01,true
2025-04-03,Line C,Supplier 1,night,1057,Operator 2,Machine 4,41.74,premium,44.94,14.8,true
2024-08-10,Line A,Supplier 5,evening,52,Operator 2,Machine 1,47.76,standard,61.09,20.34,false
2025-11-05,Line D,Supplier 3,evening,682,Operator 4,Machine 2,17.4,premium,48.1,21.84,false
2024-10-14,Line D,Supplier 3,night,303,Operator 2,Machine 4,25.02,premium,47.17,17.42,true
2025-04-02,Line D,Supplier 5,night,686,Operator 3,Machine 4,31.3,premium,56.84,18.9,false
2025-06-11,Line D,Supplier 5,day,176,Operator 2,Machine 5,24.44,premium,30.81,15.86,false
2024-09-25,Line A,Supplier 5,day,574,Operator 1,Machine 4,53.24,standard,60.68,22.38,false
2024-12-13,Line A,Supplier 4,evening,777,Operator 7,Machine 4,37.56,premium,58.99,12.67,false
2025-11-22,Line B,Supplier 3,night,1216,Operator 3,Machine 6,23.21,premium,24.36,24.79,true
2025-09-29,Line C,Supplier 5,evening,268,Operator 3,Machine 5,28.85,premium,31.94,27.18,false
2024-07-19,Line B,Supplier 5,day,815,Operator 4,Machine 5,24.1,premium,72.5,28.59,false
2025-06-07,Line B,Supplier 2,evening,455,Operator 2,Machine 6,30.56,premium,43.82,23.46,false
2024-10-05,Line B,Supplier 3,day,796,Operator 3,Machine 4,5.0,standard,63.36,23.24,false
2025-03-22,Line B,Supplier 4,day,614,Operator 5,Machine 3,45.72,premium,24.75,20.86,false
2024-02-23,Line A,Supplier 1,night,349,Operator 1,Machine 6,54.52,premium,38.26,11.19,true
2025-09-28,Line B,Supplier 3,evening,371,Operator 6,Machine 3,35.02,premium,47.7,16.18,false
2024-12-10,Line B,Supplier 3,night,1123,Operator 8,Machine 4,28.14,premium,29.95,26.54,false
2024-09-01,Line A,Supplier 3,night,658,Operator 4,Machine 4,30.96,premium,49.62,13.23,true
2025-11-15,Line D,Supplier 5,day,226,Operator 7,Machine 6,33.14,premium,53.27,20.04,false
2025-05-26,Line D,Supplier 4,day,828,Operator 5,Machine 2,41.25,standard,55.53,16.23,false
2024-06-03,Line A,Supplier 3,day,741,Operator 2,Machine 2,18.03,premium,61.2,8.45,true
2024-10-31,Line B,Supplier 2,night,729,Operator 1,Machine 5,11.77,premium,31.65,32.16,false
2025-10-20,Line B,Supplier 2,night,364,Operator 4,Machine 5,35.92,premium,46.34,35.53,true
2024-09-11,Line A,Supplier 1,evening,915,Operator 2,Machine 4,26.22,premium,49.26,19.32,false
2024-04-18,Line C,Supplier 2,night,859,Operator 7,Machine 4,20.75,standard,73.3,13.95,false
2024-03-15,Line A,Supplier 3,day,841,Operator 1,Machine 1,29.62,premium,55.36,28.46,true
2024-09-11,Line B,Supplier 5,day,824,Operator 1,Machine 4,22.17,premium,43.21,17.76,false
2025-10-23,Line B,Supplier 4,evening,396,Operator 4,Machine 3,13.59,standard,65.92,21.82,true
2024-10-21,Line B,Supplier 1,night,763,Operator 7,Machine 2,27.0,premium,32.63,29.17,true
2024-07-28,Line A,Supplier 3,day,620,Operator 6,Machine 2,44.56,premium,46.05,29.01,false
2025-04-22,Line C,Supplier 2,day,759,Operator 4,Machine 2,32.65,premium,52.08,20.07,false
2025-08-18,Line A,Supplier 2,night,489,Operator 8,Machine 2,28.79,standard,65.06,5.11,false
2025-12-03,Line C,Supplier 3,night,562,Operator 1,Machine 1,5.0,premium,56.49,33.34,true
2024-05-15,Line A,Supplier 3,evening,184,Operator 6,Machine 5,15.64,standard,54.7,14.97,true
2024-02-11,Line A,Supplier 2,evening,995,Operator 3,Machine 3,40.02,standard,65.78,15.05,false
2024-08-13,Line C,Supplier 4,day,415,Operator 8,Machine 4,26.63,premium,46.03,24.2,false
2025-08-03,Line B,Supplier 3,day,653,Operator 6,Machine 6,47.68,premium,53.82,22.89,false
2024-08-31,Line D,Supplier 1,day,971,Operator 6,Machine 6,27.04,premium,64.83,17.77,false
2025-03-18,Line B,Supplier 2,evening,858,Operator 2,Machine 2,32.58,premium,50.53,13.05,false
2024-05-24,Line A,Supplier 3,night,769,Operator 8,Machine 3,18.59,premium,56.16,25.96,false
2024-04-18,Line C,Supplier 1,day,1000,Operator 7,Machine 5,33.86,premium,62.15,8.02,true
2025-07-03,Line D,Supplier 4,night,625,Operator 4,Machine 3,20.25,premium,26.76,23.86,false
2025-12-08,Line B,Supplier 4,day,128,Operator 5,Machine 2,22.57,standard,73.69,21.41,false
2024-12-20,Line A,Supplier 1,day,226,Operator 6,Machine 1,24.23,premium,22.41,20.93,false
2024-01-11,Line D,Supplier 2,day,735,Operator 2,Machine 3,30.79,premium,33.48,12.26,false
2024-08-05,Line C,Supplier 4,evening,250,Operator 6,Machine 4,33.01,premium,64.75,11.28,false
2025-09-19,Line B,Supplier 3,evening,466,Operator 3,Machine 1,30.89,premium,55.98,25.89,false
2025-01-03,Line B,Supplier 3,night,118,Operator 5,Machine 5,15.19,premium,27.4,19.73,false
2024-03-13,Line D,Supplier 4,day,1113,Operator 8,Machine 2,35.57,premium,20.4,16.01,false
2024-08-19,Line C,Supplier 5,day,736,Operator 8,Machine 2,41.56,premium,47.94,25.86,false
2025-05-04,Line B,Supplier 1,evening,1047,Operator 2,Machine 5,20.56,standard,59.1,24.24,false
2024-07-06,Line C,Supplier 3,night,540,Operator 5,Machine 5,63.45,standard,56.28,21.93,true
2025-04-12,Line B,Supplier 4,day,642,Operator 8,Machine 6,47.7,standard,84.35,8.9,false
2025-01-17,Line A,Supplier 3,night,663,Operator 7,Machine 2,27.79,premium,49.42,20.54,true
2024-06-19,Line C,Supplier 1,day,875,Operator 4,Machine 6,25.35,premium,36.8,15.89,false
2024-05-09,Line C,Supplier 3,evening,1112,Operator 2,Machine 3,20.3,premium,72.34,28.45,false
2025-05-30,Line D,Supplier 5,evening,670,Operator 4,Machine 2,40.96,premium,63.65,19.05,false
2024-09-23,Line C,Supplier 3,evening,1035,Operator 2,Machine 4,31.07,standard,52.65,17.99,true
2024-02-25,Line A,Supplier 2,night,551,Operator 7,Machine 3,53.66,premium,36.69,21.82,true
2025-03-24,Line B,Supplier 5,day,1280,Operator 6,Machine 1,60.13,standard,62.47,36.28,true
2025-10-06,Line A,Supplier 3,evening,249,Operator 4,Machine 4,40.76,standard,50.57,18.11,false
2025-06-22,Line C,Supplier 1,day,734,Operator 3,Machine 4,27.17,premium,48.93,26.22,false
2025-11-25,Line B,Supplier 3,night,747,Operator 5,Machine 3,15.52,premium,76.89,17.17,true
2025-01-02,Line D,Supplier 4,day,437,Operator 7,Machine 6,37.05,premium,45.33,23.95,false
2024-11-20,Line C,Supplier 2,day,873,Operator 2,Machine 1,34.86,premium,66.72,35.44,false
2025-06-24,Line C,Supplier 3,day,834,Operator 3,Machine 2,27.45,standard,54.76,20.43,false
2025-03-19,Line A,Supplier 4,night,649,Operator 5,Machine 1,36.38,standard,52.45,19.28,false
2025-01-31,Line A,Supplier 4,day,417,Operator 3,Machine 4,22.67,premium,58.02,19.51,false
2024-09-05,Line A,Supplier 2,day,750,Operator 4,Machine 5,25.76,premium,60.12,25.44,false
2024-06-30,Line B,Supplier 3,day,1080,Operator 8,Machine 3,5.0,premium,29.5,17.09,false
2025-03-14,Line B,Supplier 4,evening,1141,Operator 2,Machine 4,37.1,premium,20.0,21.55,false
2025-09-05,Line A,Supplier 3,day,204,Operator 2,Machine 5,26.71,premium,29.68,22.0,false
2025-09-11,Line A,Supplier 4,night,312,Operator 3,Machine 5,17.84,standard,54.34,25.83,false
2024-12-15,Line B,Supplier 2,evening,940,Operator 2,Machine 1,21.7,premium,66.91,18.43,false
2024-10-19,Line D,Supplier 4,night,676,Operator 7,Machine 4,33.4,premium,23.45,25.1,false
2024-06-12,Line B,Supplier 4,day,761,Operator 3,Machine 4,34.97,premium,25.62,25.33,false
2025-07-22,Line C,Supplier 3,night,269,Operator 5,Machine 5,36.64,premium,37.81,15.9,false
2025-04-19,Line C,Supplier 1,evening,421,Operator 7,Machine 3,32.36,standard,59.63,24.57,false
2025-03-30,Line D,Supplier 4,day,384,Operator 2,Machine 3,29.25,premium,63.55,10.68,false
2024-08-25,Line A,Supplier 3,day,707,Operator 2,Machine 2,6.0,premium,44.78,25.03,true
2025-10-14,Line A,Supplier 1,day,313,Operator 5,Machine 3,32.49,premium,35.55,14.16,false
2024-06-30,Line A,Supplier 5,night,355,Operator 1,Machine 2,53.05,premium,58.0,12.83,false
2024-01-30,Line A,Supplier 1,day,645,Operator 7,Machine 2,32.71,standard,52.86,27.24,false
2024-07-20,Line C,Supplier 2,evening,582,Operator 7,Machine 2,34.38,premium,45.11,16.26,false
2025-06-19,Line A,Supplier 2,evening,159,Operator 6,Machine 5,25.48,premium,46.03,27.12,false
2025-09-29,Line A,Supplier 3,evening,670,Operator 7,Machine 6,36.39,premium,35.77,28.2,true
2024-02-01,Line C,Supplier 3,night,959,Operator 4,Machine 3,17.71,premium,28.11,17.77,true
2025-07-31,Line B,Supplier 5,night,962,Operator 6,Machine 4,35.16,premium,45.2,27.69,true
2024-10-13,Line D,Supplier 5,evening,809,Operator 4,Machine 1,31.72,premium,45.09,28.49,false
2024-12-10,Line C,Supplier 5,evening,207,Operator 7,Machine 5,45.1,premium,26.08,19.95,false
2024-04-30,Line A,Supplier 1,night,834,Operator 6,Machine 1,31.36,standard,25.89,19.25,false
2025-05-16,Line B,Supplier 5,day,609,Operator 1,Machine 2,44.66,standard,67.17,25.15,false
2025-11-20,Line D,Supplier 5,evening,529,Operator 4,Machine 4,25.34,premium,53.03,26.56,false
2025-02-19,Line D,Supplier 3,day,785,Operator 4,Machine 1,49.76,premium,35.58,17.06,false
2025-10-20,Line B,Supplier 2,day,1250,Operator 8,Machine 1,34.53,premium,40.31,19.63,false
2025-08-23,Line B,Supplier 5,day,774,Operator 1,Machine 2,41.36,standard,55.68,32.26,true
2025-04-26,Line C,Supplier 4,night,220,Operator 5,Machine 5,37.89,standard,52.33,31.8,true
2024-01-11,Line D,Supplier 1,evening,50,Operator 4,Machine 5,35.87,premium,55.82,6.7,false
2025-08-28,Line C,Supplier 3,day,266,Operator 5,Machine 5,38.48,premium,54.72,20.15,false
2024-08-15,Line C,Supplier 5,day,890,Operator 1,Machine 4,41.84,premium,40.55,21.31,false
2025-08-08,Line D,Supplier 2,night,482,Operator 8,Machine 5,46.15,premium,26.29,19.71,true
2024-04-19,Line C,Supplier 1,night,364,Operator 1,Machine 4,19.75,standard,52.89,16.72,true
2024-03-08,Line A,Supplier 5,evening,638,Operator 5,Machine 3,23.74,premium,70.65,18.44,false
2025-03-12,Line A,Supplier 1,evening,1159,Operator 6,Machine 2,50.07,premium,31.36,18.24,false
2024-03-04,Line C,Supplier 5,night,1422,Operator 8,Machine 6,39.06,premium,36.11,20.35,false
2024-06-28,Line D,Supplier 3,day,607,Operator 8,Machine 6,10.3,premium,33.06,20.73,false
2025-06-08,Line B,Supplier 3,day,186,Operator 2,Machine 5,32.06,premium,72.31,24.29,false
2025-11-26,Line D,Supplier 1,day,1017,Operator 3,Machine 6,28.11,premium,42.11,24.44,true
2024-02-20,Line C,Supplier 2,day,882,Operator 6,Machine 4,29.12,premium,52.33,19.07,false
2024-05-12,Line A,Supplier 3,evening,607,Operator 8,Machine 1,27.35,standard,54.09,5.55,false
2025-10-14,Line D,Supplier 5,evening,1582,Operator 4,Machine 4,23.7,premium,41.31,23.81,false
2025-07-08,Line A,Supplier 4,evening,113,Operator 2,Machine 3,36.9,premium,34.54,31.51,false
2025-03-11,Line A,Supplier 1,night,840,Operator 1,Machine 6,46.61,premium,31.95,20.94,true
2025-05-02,Line A,Supplier 5,evening,497,Operator 5,Machine 3,38.37,standard,51.71,14.3,false
2025-03-28,Line C,Supplier 5,day,50,Operator 3,Machine 5,63.28,premium,30.21,24.11,false
2025-07-03,Line B,Supplier 1,evening,435,Operator 8,Machine 2,30.69,premium,47.48,11.83,true
2024-09-19,Line C,Supplier 4,day,1166,Operator 2,Machine 1,43.34,premium,61.08,22.73,false
2025-06-15,Line C,Supplier 3,night,703,Operator 2,Machine 1,55.26,premium,37.3,21.33,true
2024-10-23,Line C,Supplier 5,day,1118,Operator 1,Machine 3,49.59,premium,44.21,13.63,false
2025-04-07,Line A,Supplier 1,night,451,Operator 7,Machine 5,45.18,premium,51.29,31.8,true
2025-02-03,Line B,Supplier 5,night,742,Operator 1,Machine 2,17.63,premium,52.86,24.7,true
2024-04-04,Line C,Supplier 4,night,604,Operator 7,Machine 3,22.05,premium,46.24,15.01,false
2025-07-14,Line C,Supplier 3,day,619,Operator 5,Machine 6,17.64,premium,42.29,24.3,false
2024-04-14,Line C,Supplier 1,day,495,Operator 7,Machine 5,32.64,standard,58.05,19.16,true
2024-03-09,Line A,Supplier 3,evening,149,Operator 3,Machine 5,27.12,premium,48.29,21.01,false
2025-10-30,Line B,Supplier 3,day,239,Operator 3,Machine 5,35.02,premium,25.52,21.11,false
2024-09-06,Line A,Supplier 5,day,1094,Operator 2,Machine 4,34.28,premium,75.59,30.32,false
2024-03-13,Line A,Supplier 2,day,843,Operator 8,Machine 5,29.53,premium,87.96,26.69,false
2025-07-22,Line B,Supplier 5,night,426,Operator 8,Machine 2,16.58,premium,44.21,19.09,false
2025-12-18,Line C,Supplier 1,evening,910,Operator 2,Machine 6,38.7,premium,37.29,10.97,false
2025-01-13,Line B,Supplier 4,evening,627,Operator 3,Machine 5,31.67,premium,60.68,17.61,false
2025-05-22,Line B,Supplier 3,day,786,Operator 5,Machine 5,32.5,premium,36.13,18.86,false
2024-05-02,Line A,Supplier 1,night,532,Operator 2,Machine 5,19.21,premium,67.88,21.27,true
2024-05-22,Line B,Supplier 1,evening,50,Operator 3,Machine 2,31.96,standard,59.8,13.99,false
2025-12-13,Line D,Supplier 3,night,697,Operator 5,Machine 4,21.02,standard,53.7,25.73,false
2025-06-11,Line C,Supplier 5,evening,1140,Operator 2,Machine 2,26.24,premium,33.05,22.97,true
2024-08-06,Line A,Supplier 1,day,1181,Operator 2,Machine 5,41.21,premium,50.56,7.22,false
2025-03-08,Line C,Supplier 4,night,555,Operator 5,Machine 2,43.64,standard,72.47,22.01,false
2024-01-23,Line B,Supplier 2,day,328,Operator 6,Machine 3,48.02,premium,39.09,21.77,false
2024-09-20,Line D,Supplier 1,night,74,Operator 4,Machine 5,33.73,premium,32.97,10.17,true
2025-08-07,Line D,Supplier 3,evening,259,Operator 8,Machine 5,35.18,premium,42.34,15.62,true
2024-02-22,Line D,Supplier 3,day,1334,Operator 4,Machine 6,6.91,premium,30.11,18.74,false
2024-06-02,Line A,Supplier 5,evening,530,Operator 1,Machine 2,33.24,standard,61.45,30.44,true
2025-11-18,Line A,Supplier 5,day,899,Operator 1,Machine 2,41.88,premium,20.0,7.73,false
2024-09-30,Line D,Supplier 1,day,557,Operator 8,Machine 6,26.05,premium,34.91,13.82,false
2024-12-01,Line B,Supplier 3,evening,200,Operator 1,Machine 5,26.12,standard,56.54,37.15,false
2024-09-25,Line B,Supplier 1,evening,948,Operator 7,Machine 5,33.77,standard,26.21,15.86,false
2025-06-11,Line C,Supplier 3,night,219,Operator 2,Machine 5,17.42,premium,44.84,16.35,false
2024-07-03,Line C,Supplier 1,night,902,Operator 2,Machine 6,51.78,standard,58.33,18.38,true
2024-09-14,Line C,Supplier 3,night,50,Operator 4,Machine 4,22.59,premium,53.3,23.72,false
2025-02-10,Line D,Supplier 3,day,826,Operator 8,Machine 1,17.76,premium,49.66,26.97,false
2025-06-26,Line B,Supplier 4,night,382,Operator 1,Machine 5,35.54,premium,39.05,30.32,true
2024-02-23,Line B,Supplier 4,night,641,Operator 7,Machine 6,43.25,premium,66.82,30.14,false
2024-12-14,Line C,Supplier 4,evening,557,Operator 4,Machine 2,55.4,premium,42.18,18.83,false
2024-01-30,Line A,Supplier 3,night,358,Operator 3,Machine 6,21.95,premium,27.06,19.12,true
2025-11-17,Line C,Supplier 1,day,898,Operator 4,Machine 2,26.79,premium,39.83,33.83,false
2024-06-11,Line A,Supplier 5,night,355,Operator 5,Machine 6,29.45,premium,48.25,10.01,true
2024-03-21,Line A,Supplier 4,evening,525,Operator 1,Machine 2,41.36,standard,63.96,18.01,true
2025-02-23,Line C,Supplier 5,night,713,Operator 7,Machine 6,41.11,premium,74.99,32.86,false
2025-04-20,Line A,Supplier 1,evening,479,Operator 7,Machine 6,16.17,premium,39.51,24.1,false
2025-07-18,Line B,Supplier 3,evening,623,Operator 7,Machine 3,15.55,standard,73.65,18.29,false
2025-08-12,Line A,Supplier 2,day,292,Operator 6,Machine 5,43.77,premium,51.94,11.13,false
2025-08-19,Line A,Supplier 3,night,761,Operator 6,Machine 3,6.32,premium,46.58,12.41,true
2024-05-17,Line B,Supplier 3,day,205,Operator 6,Machine 5,25.19,premium,64.3,17.81,false
2025-06-07,Line C,Supplier 4,day,1098,Operator 2,Machine 2,40.26,premium,34.27,22.9,false
2024-02-27,Line C,Supplier 1,evening,762,Operator 1,Machine 6,17.81,premium,66.07,22.91,false
2025-08-31,Line B,Supplier 5,night,770,Operator 7,Machine 4,43.94,premium,59.68,23.6,false
2024-02-24,Line D,Supplier 4,night,235,Operator 8,Machine 3,28.93,premium,39.82,21.75,true
2024-12-11,Line C,Supplier 3,day,872,Operator 2,Machine 5,45.42,premium,38.86,29.28,false
2025-10-02,Line B,Supplier 3,evening,525,Operator 3,Machine 4,27.32,premium,20.0,21.51,false
2025-03-03,Line B,Supplier 3,day,111,Operator 1,Machine 6,12.96,premium,34.32,22.51,false
2025-12-17,Line D,Supplier 5,evening,873,Operator 6,Machine 2,50.8,premium,40.36,19.97,false
2025-09-11,Line C,Supplier 5,night,604,Operator 2,Machine 6,33.82,premium,46.4,11.74,false
2024-02-17,Line A,Supplier 3,night,754,Operator 5,Machine 5,50.33,premium,36.04,17.01,false
2025-09-13,Line B,Supplier 5,day,354,Operator 4,Machine 4,46.61,premium,36.81,14.39,false
2025-05-06,Line A,Supplier 5,evening,1083,Operator 2,Machine 6,25.85,standard,80.99,22.97,true
2025-06-28,Line D,Supplier 5,night,402,Operator 7,Machine 2,35.75,premium,43.46,21.81,true
2024-05-26,Line B,Supplier 4,evening,50,Operator 3,Machine 5,25.22,premium,38.25,17.16,false
2024-11-28,Line D,Supplier 1,night,214,Operator 5,Machine 2,40.72,premium,51.49,26.05,false
2025-12-05,Line D,Supplier 1,evening,1250,Operator 2,Machine 2,21.84,standard,66.99,16.78,true
2024-07-18,Line A,Supplier 5,day,357,Operator 2,Machine 4,24.91,standard,68.58,25.38,false
2025-11-15,Line D,Supplier 4,day,553,Operator 7,Machine 2,31.89,premium,57.1,14.64,false
2024-07-03,Line B,Supplier 2,night,50,Operator 6,Machine 5,33.9,premium,61.27,11.24,true
2025-09-05,Line B,Supplier 3,evening,352,Operator 4,Machine 3,35.0,standard,68.33,20.59,false
2025-10-22,Line B,Supplier 5,night,947,Operator 2,Machine 3,24.16,premium,47.7,14.27,true
2025-10-21,Line A,Supplier 1,day,912,Operator 4,Machine 6,24.11,premium,70.09,28.93,false
2025-11-13,Line A,Supplier 4,night,888,Operator 7,Machine 4,31.99,premium,43.14,16.03,false
2025-10-23,Line B,Supplier 3,evening,335,Operator 2,Machine 1,27.22,premium,26.25,27.42,true
2024-05-09,Line B,Supplier 3,night,525,Operator 4,Machine 5,40.27,premium,43.47,18.89,false
2025-07-02,Line C,Supplier 2,day,929,Operator 5,Machine 2,41.63,premium,39.12,23.8,false
2025-05-15,Line A,Supplier 5,evening,147,Operator 1,Machine 5,46.47,standard,55.38,15.37,false
2025-09-07,Line C,Supplier 3,day,839,Operator 1,Machine 5,9.67,premium,54.4,13.81,true
2025-10-28,Line B,Supplier 4,evening,664,Operator 5,Machine 3,39.72,standard,58.69,14.84,false
2024-12-31,Line D,Supplier 1,night,477,Operator 7,Machine 3,43.26,premium,49.54,26.91,false
2024-11-18,Line A,Supplier 3,day,459,Operator 4,Machine 2,12.04,premium,56.95,9.28,false
2025-10-10,Line D,Supplier 5,day,421,Operator 1,Machine 1,33.6,premium,78.13,31.51,false
2024-08-02,Line A,Supplier 5,day,50,Operator 5,Machine 6,23.0,standard,73.76,28.5,false
2025-02-21,Line A,Supplier 2,night,646,Operator 6,Machine 5,44.98,premium,47.44,23.26,false
2024-12-15,Line D,Supplier 5,day,1220,Operator 2,Machine 5,31.92,premium,66.7,9.14,true
2024-07-31,Line C,Supplier 1,day,529,Operator 4,Machine 3,45.62,standard,56.68,26.62,false
2024-03-06,Line C,Supplier 2,night,697,Operator 6,Machine 3,33.0,premium,39.03,22.52,false
2025-11-19,Line C,Supplier 3,evening,934,Operator 2,Machine 3,36.16,premium,43.63,34.29,false
2024-08-28,Line B,Supplier 2,day,311,Operator 5,Machine 1,40.54,premium,35.12,24.76,false
2024-11-12,Line A,Supplier 2,night,805,Operator 6,Machine 4,49.05,premium,42.15,15.54,true
2024-01-13,Line A,Supplier 3,day,1128,Operator 2,Machine 5,17.13,premium,38.84,35.4,false
2025-08-16,Line A,Supplier 1,evening,639,Operator 3,Machine 1,37.96,standard,57.52,16.15,true
2024-03-31,Line A,Supplier 5,evening,137,Operator 3,Machine 1,42.15,premium,57.34,28.29,true
2025-10-07,Line C,Supplier 4,day,1109,Operator 2,Machine 3,43.92,premium,58.42,30.08,false
2024-08-13,Line B,Supplier 4,evening,857,Operator 1,Machine 3,29.55,premium,38.85,32.17,false
2025-03-16,Line A,Supplier 3,night,675,Operator 3,Machine 2,14.93,standard,53.52,18.32,false
2024-02-05,Line A,Supplier 5,day,665,Operator 6,Machine 5,36.99,standard,78.5,19.83,true
2025-06-25,Line D,Supplier 5,evening,958,Operator 2,Machine 2,42.67,premium,44.07,21.59,true
2025-10-01,Line D,Supplier 3,day,50,Operator 2,Machine 1,21.15,premium,57.22,18.84,false
2024-06-08,Line D,Supplier 2,day,335,Operator 4,Machine 3,47.94,premium,44.27,21.94,false
2025-10-17,Line B,Supplier 4,day,663,Operator 4,Machine 4,32.75,premium,47.76,20.96,false
2025-10-23,Line A,Supplier 1,day,294,Operator 5,Machine 5,41.32,premium,40.64,22.97,false
2024-03-25,Line D,Supplier 5,night,715,Operator 3,Machine 6,49.34,standard,52.53,18.75,false
2024-01-22,Line B,Supplier 2,day,1504,Operator 2,Machine 1,30.69,premium,35.83,17.27,false
2024-12-31,Line A,Supplier 1,night,329,Operator 3,Machine 3,53.58,premium,23.8,17.59,false
2025-04-28,Line A,Supplier 3,day,751,Operator 2,Machine 1,32.76,premium,45.95,22.9,false
2024-06-11,Line C,Supplier 2,day,834,Operator 3,Machine 4,26.25,standard,59.14,17.94,false
2025-10-08,Line A,Supplier 4,night,783,Operator 4,Machine 2,28.83,premium,44.09,38.82,false
2024-01-14,Line B,Supplier 5,day,1334,Operator 2,Machine 6,15.78,premium,44.66,15.43,false
2025-06-15,Line D,Supplier 5,night,659,Operator 5,Machine 1,44.66,standard,71.11,14.46,true
2024-07-09,Line B,Supplier 5,day,323,Operator 2,Machine 4,28.06,standard,51.6,12.05,false
2024-06-21,Line B,Supplier 1,evening,419,Operator 2,Machine 2,29.51,premium,42.6,17.6,false
2024-07-12,Line A,Supplier 3,day,826,Operator 6,Machine 2,46.19,premium,24.72,20.7,false
2024-08-06,Line C,Supplier 3,night,1272,Operator 2,Machine 6,36.58,standard,67.99,17.61,true
2024-09-17,Line D,Supplier 3,day,593,Operator 8,Machine 6,11.26,premium,29.99,22.1,false
2025-01-02,Line B,Supplier 1,evening,570,Operator 7,Machine 2,27.64,standard,52.95,10.24,false
2024-08-27,Line D,Supplier 2,day,646,Operator 1,Machine 4,33.27,premium,35.08,11.35,false
2024-02-24,Line D,Supplier 4,day,445,Operator 5,Machine 6,44.86,premium,48.29,16.9,false
2025-07-27,Line A,Supplier 5,evening,291,Operator 4,Machine 4,37.78,standard,50.15,30.83,false
2024-12-17,Line C,Supplier 5,night,577,Operator 8,Machine 4,56.7,premium,33.75,27.23,false
2025-03-13,Line B,Supplier 1,evening,226,Operator 4,Machine 5,31.8,standard,56.36,36.0,false
2024-09-12,Line C,Supplier 2,evening,505,Operator 2,Machine 5,7.24,standard,66.53,11.79,false
2024-01-01,Line A,Supplier 1,evening,457,Operator 1,Machine 5,34.2,standard,50.93,29.57,true
2025-11-25,Line B,Supplier 2,evening,1141,Operator 2,Machine 4,24.78,premium,26.97,26.3,false
2025-01-26,Line A,Supplier 3,day,556,Operator 7,Machine 5,16.6,standard,67.2,14.73,true
2024-01-31,Line B,Supplier 3,evening,793,Operator 8,Machine 3,9.04,premium,64.19,18.87,false
2024-04-22,Line C,Supplier 2,day,792,Operator 5,Machine 4,48.98,premium,54.42,18.17,false
2024-08-05,Line D,Supplier 1,night,466,Operator 8,Machine 5,36.51,premium,42.87,22.56,true
2025-08-13,Line A,Supplier 5,night,772,Operator 2,Machine 5,36.08,premium,39.13,15.34,true
2024-01-22,Line B,Supplier 4,night,909,Operator 2,Machine 3,43.42,premium,37.94,19.57,false
2024-04-11,Line D,Supplier 3,evening,442,Operator 6,Machine 4,14.91,premium,48.27,7.11,false
2025-12-06,Line C,Supplier 2,day,1198,Operator 2,Machine 4,5.0,premium,31.53,23.94,false
2025-04-10,Line D,Supplier 2,night,477,Operator 7,Machine 4,41.19,premium,47.63,19.83,true
2024-10-01,Line B,Supplier 2,night,522,Operator 2,Machine 5,37.39,premium,58.75,19.84,true
2024-08-13,Line C,Supplier 3,evening,1082,Operator 6,Machine 3,18.41,premium,71.79,19.94,true
2025-03-09,Line C,Supplier 4,night,734,Operator 1,Machine 6,38.95,standard,53.18,21.99,true
2024-03-09,Line B,Supplier 1,night,314,Operator 1,Machine 3,24.99,premium,67.61,20.76,false
2025-07-22,Line A,Supplier 3,evening,748,Operator 4,Machine 6,33.12,premium,24.35,18.48,false
2025-08-09,Line A,Supplier 1,day,1070,Operator 2,Machine 5,51.13,premium,35.28,25.6,false
2025-01-09,Line A,Supplier 1,day,564,Operator 3,Machine 5,24.62,standard,52.21,14.23,false
2025-03-11,Line B,Supplier 3,night,675,Operator 8,Machine 5,16.79,standard,56.55,22.29,false
2024-08-27,Line C,Supplier 5,day,290,Operator 3,Machine 5,47.4,premium,36.46,23.7,false
2024-08-25,Line C,Supplier 5,evening,869,Operator 2,Machine 5,35.31,premium,49.69,11.64,false
2024-05-08,Line C,Supplier 3,day,1164,Operator 2,Machine 3,41.26,standard,54.53,24.52,false
2024-03-17,Line D,Supplier 5,evening,429,Operator 8,Machine 3,38.92,standard,59.49,17.34,true
2025-03-29,Line A,Supplier 4,night,599,Operator 8,Machine 6,21.81,premium,20.0,19.52,false
2025-02-22,Line D,Supplier 4,evening,869,Operator 1,Machine 4,24.53,premium,49.54,21.39,false
2024-11-12,Line B,Supplier 5,evening,366,Operator 8,Machine 2,27.93,standard,78.3,11.8,false
2025-03-13,Line C,Supplier 1,day,756,Operator 1,Machine 3,38.41,premium,61.84,23.98,false
2025-08-02,Line C,Supplier 2,night,533,Operator 7,Machine 1,13.42,standard,67.49,18.56,true
2025-01-07,Line A,Supplier 2,night,1042,Operator 2,Machine 3,26.19,standard,59.77,15.49,false
2025-05-06,Line C,Supplier 1,evening,1002,Operator 2,Machine 4,43.67,premium,50.23,18.3,true
2025-01-28,Line B,Supplier 1,night,317,Operator 8,Machine 1,29.06,standard,59.38,12.28,false
2025-09-13,Line D,Supplier 2,day,309,Operator 3,Machine 4,13.0,standard,70.66,25.39,false
2025-09-10,Line A,Supplier 1,night,417,Operator 4,Machine 1,55.73,premium,59.47,21.58,true
2024-12-06,Line B,Supplier 3,day,250,Operator 3,Machine 5,39.37,premium,29.11,25.24,false
2024-09-25,Line D,Supplier 5,day,828,Operator 1,Machine 5,45.98,premium,65.99,7.36,false
2025-06-28,Line A,Supplier 3,evening,521,Operator 3,Machine 6,38.62,premium,43.6,25.24,false
2024-02-29,Line B,Supplier 1,evening,360,Operator 2,Machine 4,54.78,premium,41.93,20.0,false
2025-09-26,Line A,Supplier 3,day,610,Operator 5,Machine 6,37.6,premium,39.24,24.32,false
2024-01-20,Line A,Supplier 5,evening,425,Operator 6,Machine 5,24.57,standard,54.22,23.51,false
2025-01-16,Line D,Supplier 1,day,257,Operator 4,Machine 5,45.6,premium,70.4,30.91,false
2024-03-28,Line B,Supplier 3,evening,564,Operator 2,Machine 1,34.43,premium,52.66,13.39,true
2025-09-22,Line C,Supplier 2,evening,952,Operator 2,Machine 4,60.84,standard,63.34,17.64,false
2024-12-31,Line D,Supplier 2,night,794,Operator 2,Machine 1,35.92,standard,59.34,16.71,false
2025-12-15,Line D,Supplier 5,night,778,Operator 4,Machine 2,26.37,standard,60.95,24.18,false
2025-08-14,Line A,Supplier 2,night,243,Operator 7,Machine 5,41.37,premium,20.0,32.71,true
2024-05-03,Line A,Supplier 2,day,259,Operator 5,Machine 5,40.27,standard,61.78,22.83,false
2025-11-27,Line C,Supplier 2,night,418,Operator 6,Machine 6,33.94,premium,57.83,27.98,false
2024-08-22,Line D,Supplier 5,day,793,Operator 3,Machine 1,50.45,premium,62.93,20.38,false
2025-02-11,Line A,Supplier 2,day,126,Operator 7,Machine 4,30.22,premium,22.87,18.48,false
2024-10-19,Line C,Supplier 3,night,1144,Operator 7,Machine 6,22.82,premium,27.24,19.4,false
2025-09-01,Line A,Supplier 3,day,590,Operator 8,Machine 5,30.72,standard,70.25,27.13,false
2024-04-08,Line A,Supplier 4,evening,934,Operator 3,Machine 3,36.04,premium,38.42,29.17,true
2025-02-05,Line D,Supplier 1,night,177,Operator 6,Machine 6,38.07,premium,48.02,26.71,true
2025-12-09,Line A,Supplier 4,day,661,Operator 8,Machine 4,50.97,premium,49.5,28.44,false
2024-03-12,Line B,Supplier 1,day,955,Operator 2,Machine 2,16.98,premium,42.89,16.38,false
2024-04-23,Line B,Supplier 4,night,544,Operator 5,Machine 1,34.23,premium,59.28,26.54,true
2025-07-02,Line A,Supplier 3,evening,769,Operator 6,Machine 6,47.66,standard,85.62,25.61,true
2024-11-12,Line A,Supplier 2,night,724,Operator 6,Machine 2,46.43,premium,25.14,15.48,true
2025-02-12,Line B,Supplier 3,evening,1414,Operator 2,Machine 1,25.21,premium,27.68,28.6,false
2025-10-01,Line B,Supplier 2,night,834,Operator 6,Machine 4,36.55,standard,63.62,23.94,false
2024-07-24,Line C,Supplier 5,night,375,Operator 8,Machine 2,44.2,standard,50.71,33.42,false
2024-12-10,Line B,Supplier 2,day,505,Operator 1,Machine 2,38.92,premium,44.32,22.86,true
2024-06-03,Line A,Supplier 4,day,1071,Operator 2,Machine 6,37.24,premium,43.61,27.4,false
2025-07-30,Line C,Supplier 5,evening,512,Operator 4,Machine 4,41.28,premium,28.47,21.39,false
2024-12-05,Line D,Supplier 5,evening,840,Operator 1,Machine 2,26.9,premium,35.31,24.61,true
2025-11-18,Line A,Supplier 1,night,698,Operator 2,Machine 4,55.11,premium,41.15,19.03,false
2024-05-09,Line B,Supplier 1,evening,1123,Operator 3,Machine 4,33.05,premium,32.18,19.36,false
2025-08-22,Line D,Supplier 1,evening,868,Operator 8,Machine 3,29.23,premium,44.87,12.85,true
2025-08-06,Line B,Supplier 1,day,50,Operator 1,Machine 1,28.79,premium,38.17,28.75,false
2025-12-12,Line A,Supplier 1,evening,749,Operator 2,Machine 2,28.78,premium,48.32,24.71,false
2024-08-07,Line C,Supplier 2,day,510,Operator 2,Machine 2,46.16,premium,20.0,20.81,false
2025-04-07,Line A,Supplier 3,evening,976,Operator 6,Machine 2,45.46,premium,22.75,22.32,false
2025-04-04,Line B,Supplier 1,day,339,Operator 2,Machine 5,30.73,standard,75.0,1.55,true
2025-08-25,Line C,Supplier 4,day,774,Operator 8,Machine 5,27.75,premium,64.75,23.19,false
2025-01-30,Line B,Supplier 5,evening,1475,Operator 2,Machine 5,43.74,standard,57.86,14.92,false
2024-10-13,Line A,Supplier 5,day,361,Operator 3,Machine 6,37.52,standard,69.25,16.44,false
2025-04-11,Line A,Supplier 5,evening,1044,Operator 2,Machine 4,42.78,premium,41.97,27.07,false
2025-12-20,Line B,Supplier 1,evening,1129,Operator 2,Machine 3,47.68,standard,52.92,15.57,false
2025-06-05,Line C,Supplier 5,day,513,Operator 5,Machine 2,31.11,premium,49.22,14.13,false
2024-02-20,Line D,Supplier 2,day,879,Operator 3,Machine 1,24.9,premium,48.16,23.73,false
2025-01-30,Line B,Supplier 1,evening,694,Operator 5,Machine 2,29.69,standard,54.23,5.41,false
2025-09-27,Line A,Supplier 3,evening,606,Operator 4,Machine 3,31.91,standard,55.82,10.81,true
2024-10-05,Line A,Supplier 4,night,531,Operator 3,Machine 6,46.02,premium,48.65,17.9,false
2025-03-12,Line C,Supplier 5,day,903,Operator 6,Machine 2,26.18,premium,46.86,18.38,false
2025-04-24,Line B,Supplier 1,night,790,Operator 6,Machine 4,37.57,standard,61.87,11.66,false
2025-03-29,Line C,Supplier 3,evening,550,Operator 4,Machine 1,19.28,standard,61.51,13.51,false
2024-03-22,Line A,Supplier 4,day,513,Operator 4,Machine 6,25.34,premium,57.24,23.12,true
2024-07-30,Line A,Supplier 3,day,509,Operator 4,Machine 6,18.81,premium,41.83,31.47,false
2024-03-09,Line B,Supplier 3,night,1440,Operator 7,Machine 4,39.61,premium,41.11,14.24,false
2024-05-27,Line B,Supplier 4,day,780,Operator 7,Machine 2,36.43,standard,64.73,26.51,false
2024-11-01,Line D,Supplier 2,evening,720,Operator 7,Machine 4,41.41,standard,59.0,13.11,false
2024-02-18,Line D,Supplier 1,evening,50,Operator 4,Machine 1,24.33,premium,45.28,15.69,false
2025-05-26,Line B,Supplier 4,day,1063,Operator 2,Machine 3,42.18,standard,36.73,25.11,false
2024-12-01,Line B,Supplier 2,day,402,Operator 3,Machine 6,46.66,standard,31.44,19.54,true
2024-11-28,Line B,Supplier 3,day,656,Operator 8,Machine 4,43.37,premium,34.58,20.74,false
2025-06-19,Line D,Supplier 3,day,711,Operator 5,Machine 3,13.34,premium,48.32,21.64,false
2024-02-02,Line C,Supplier 3,night,370,Operator 5,Machine 1,42.61,premium,20.0,22.87,true
2025-08-23,Line B,Supplier 3,day,808,Operator 3,Machine 2,44.5,premium,47.14,20.86,false
2025-04-11,Line D,Supplier 2,evening,574,Operator 8,Machine 3,23.64,premium,49.33,24.8,false
2024-06-26,Line C,Supplier 1,evening,821,Operator 2,Machine 2,40.81,premium,68.2,24.73,false
2024-11-20,Line B,Supplier 1,evening,876,Operator 5,Machine 6,45.37,premium,34.2,6.54,false
2025-08-09,Line C,Supplier 3,day,1028,Operator 2,Machine 2,14.91,premium,38.82,30.19,false
2025-10-26,Line C,Supplier 3,evening,458,Operator 3,Machine 2,21.24,standard,60.11,8.55,false
2024-08-30,Line D,Supplier 4,night,1078,Operator 2,Machine 3,40.19,standard,80.94,27.02,true
2024-02-27,Line A,Supplier 5,day,641,Operator 4,Machine 6,39.07,premium,48.02,18.43,false
2025-06-08,Line D,Supplier 5,night,389,Operator 5,Machine 3,27.1,premium,20.0,19.51,true
2024-10-28,Line B,Supplier 3,night,724,Operator 2,Machine 1,36.17,premium,36.89,21.38,false
2025-07-02,Line C,Supplier 3,day,798,Operator 7,Machine 1,36.73,premium,43.02,24.69,false
2025-08-11,Line C,Supplier 5,day,291,Operator 8,Machine 3,31.09,premium,38.59,26.38,false
2024-11-30,Line D,Supplier 2,evening,446,Operator 4,Machine 6,32.56,standard,62.48,15.36,false
2025-11-15,Line A,Supplier 3,evening,50,Operator 1,Machine 5,16.08,standard,56.85,7.72,false
2025-08-21,Line A,Supplier 4,night,801,Operator 8,Machine 3,42.88,premium,43.48,19.15,true
2025-03-10,Line A,Supplier 2,evening,832,Operator 2,Machine 4,40.32,standard,52.21,7.81,false
2024-01-13,Line A,Supplier 3,night,1004,Operator 3,Machine 5,18.1,premium,21.54,19.82,true
2025-06-01,Line D,Supplier 3,evening,144,Operator 2,Machine 4,27.23,premium,64.72,20.11,false
2024-05-03,Line C,Supplier 5,night,653,Operator 4,Machine 3,42.88,premium,44.25,12.27,false
2024-08-01,Line C,Supplier 5,night,712,Operator 8,Machine 2,15.78,premium,54.13,18.72,false
2024-08-19,Line C,Supplier 1,day,822,Operator 8,Machine 1,34.71,premium,44.28,19.03,false
2024-08-17,Line C,Supplier 3,night,554,Operator 7,Machine 1,40.43,premium,41.48,14.35,true
2025-11-12,Line C,Supplier 3,night,506,Operator 3,Machine 5,34.7,premium,41.59,15.27,false
2024-09-25,Line B,Supplier 5,day,304,Operator 5,Machine 4,45.58,premium,32.3,26.76,false
2025-01-26,Line A,Supplier 2,day,297,Operator 1,Machine 3,33.59,premium,45.39,21.01,false
2025-10-28,Line C,Supplier 4,night,582,Operator 3,Machine 2,47.96,premium,67.12,7.62,false
2024-06-25,Line C,Supplier 4,evening,258,Operator 2,Machine 5,48.37,premium,35.09,17.89,false
2025-10-31,Line D,Supplier 1,night,634,Operator 8,Machine 4,35.77,standard,56.99,27.76,false
2025-08-12,Line B,Supplier 3,day,484,Operator 6,Machine 4,22.49,premium,27.25,22.15,false
2024-05-06,Line B,Supplier 5,night,628,Operator 2,Machine 5,33.64,standard,52.71,25.7,true
2025-09-23,Line B,Supplier 2,evening,791,Operator 6,Machine 2,29.43,premium,44.35,36.09,false
2025-08-16,Line A,Supplier 5,evening,413,Operator 1,Machine 1,22.0,premium,63.02,16.06,false
2024-11-11,Line C,Supplier 1,night,692,Operator 1,Machine 2,21.26,premium,71.13,13.88,false
2024-10-18,Line C,Supplier 4,day,50,Operator 3,Machine 5,24.86,standard,56.28,29.95,false
2025-07-09,Line B,Supplier 1,day,434,Operator 7,Machine 2,46.13,premium,46.44,25.63,false
2025-03-03,Line C,Supplier 5,day,989,Operator 2,Machine 6,24.88,premium,46.0,12.73,false
2025-06-01,Line B,Supplier 4,day,150,Operator 3,Machine 3,30.88,premium,48.24,34.29,false
2024-11-08,Line C,Supplier 3,night,102,Operator 3,Machine 5,28.93,standard,67.12,19.29,true
2025-06-08,Line C,Supplier 3,day,918,Operator 2,Machine 2,30.54,premium,70.53,5.46,false
2025-07-22,Line A,Supplier 5,night,513,Operator 3,Machine 4,40.33,standard,56.35,19.48,false
2024-07-16,Line A,Supplier 5,evening,179,Operator 1,Machine 6,59.8,premium,31.93,15.02,false
2024-09-03,Line C,Supplier 1,day,1038,Operator 2,Machine 4,38.94,premium,40.63,26.51,false
2025-10-04,Line D,Supplier 1,day,136,Operator 6,Machine 5,22.28,premium,46.89,5.84,false
2025-09-26,Line B,Supplier 5,day,670,Operator 2,Machine 4,31.89,standard,58.25,25.44,true
2025-08-01,Line B,Supplier 3,day,719,Operator 2,Machine 2,28.29,premium,47.84,15.8,false
2024-09-14,Line C,Supplier 1,night,434,Operator 4,Machine 6,40.95,premium,46.82,32.92,false
2025-12-15,Line C,Supplier 5,evening,1363,Operator 2,Machine 1,44.72,standard,68.03,17.37,true
2024-11-21,Line C,Supplier 4,day,663,Operator 7,Machine 4,44.51,standard,62.46,21.07,true
2025-09-25,Line B,Supplier 2,night,937,Operator 2,Machine 1,49.91,premium,80.48,20.89,false
2025-09-17,Line A,Supplier 2,day,1334,Operator 2,Machine 5,41.69,premium,49.91,19.5,false
2025-04-08,Line D,Supplier 5,evening,792,Operator 8,Machine 2,25.6,premium,49.72,18.73,false
2024-01-14,Line C,Supplier 4,evening,486,Operator 7,Machine 4,68.81,premium,55.78,25.27,false
2025-10-26,Line A,Supplier 4,day,210,Operator 1,Machine 1,52.45,standard,61.06,11.27,false
2024-07-14,Line A,Supplier 3,evening,665,Operator 7,Machine 4,26.66,premium,33.82,18.16,false
2024-03-05,Line A,Supplier 5,night,1001,Operator 2,Machine 1,30.69,standard,54.56,23.5,true
2025-08-25,Line A,Supplier 2,night,501,Operator 5,Machine 2,23.49,standard,54.36,15.31,true
2024-03-16,Line A,Supplier 4,day,540,Operator 8,Machine 5,53.46,standard,75.59,18.17,true
2025-08-26,Line C,Supplier 1,night,792,Operator 6,Machine 3,42.4,premium,66.23,35.14,false
2024-11-21,Line B,Supplier 3,day,823,Operator 3,Machine 4,9.42,premium,39.0,24.72,false
2025-10-24,Line C,Supplier 3,night,1020,Operator 2,Machine 5,38.22,standard,61.56,24.71,false
2024-11-30,Line C,Supplier 5,evening,691,Operator 5,Machine 6,42.52,premium,53.21,27.85,false
2025-12-27,Line D,Supplier 4,day,634,Operator 6,Machine 3,25.85,premium,66.19,40.0,false
2024-10-30,Line C,Supplier 3,night,809,Operator 5,Machine 6,18.38,premium,34.57,17.06,true
2024-04-01,Line C,Supplier 4,evening,233,Operator 6,Machine 3,25.37,premium,64.18,17.8,false
2024-10-09,Line B,Supplier 4,day,772,Operator 4,Machine 2,23.89,standard,58.71,17.8,false
2024-07-18,Line A,Supplier 3,day,788,Operator 2,Machine 2,17.58,premium,43.04,39.14,false
2025-12-10,Line B,Supplier 1,day,524,Operator 4,Machine 6,35.71,standard,89.05,34.82,false
2025-08-21,Line B,Supplier 3,day,1694,Operator 2,Machine 3,31.25,premium,28.28,20.95,false
2024-06-25,Line C,Supplier 4,evening,947,Operator 2,Machine 6,26.96,premium,20.0,32.74,true
2024-05-02,Line C,Supplier 3,day,599,Operator 1,Machine 5,36.07,premium,70.41,14.93,false
2024-01-04,Line B,Supplier 5,evening,835,Operator 3,Machine 2,34.09,premium,27.71,29.87,false
2024-05-14,Line B,Supplier 4,evening,743,Operator 3,Machine 3,28.37,premium,63.38,15.2,false
2024-11-07,Line D,Supplier 3,night,1045,Operator 2,Machine 1,46.87,standard,58.09,15.74,true
2024-06-06,Line C,Supplier 2,day,679,Operator 3,Machine 4,36.76,standard,55.45,28.06,true
2025-05-12,Line D,Supplier 3,day,1200,Operator 2,Machine 1,5.0,standard,64.5,22.37,false
2024-04-29,Line A,Supplier 2,night,1056,Operator 8,Machine 1,31.69,premium,65.07,27.81,false
2024-05-23,Line B,Supplier 5,night,383,Operator 4,Machine 1,38.56,standard,78.24,25.38,false
2025-05-30,Line D,Supplier 2,day,571,Operator 1,Machine 2,34.63,standard,61.07,34.1,false
2025-02-15,Line A,Supplier 4,night,988,Operator 2,Machine 6,5.0,premium,51.7,29.39,true
2025-05-14,Line A,Supplier 4,night,432,Operator 3,Machine 5,56.36,standard,55.66,15.39,false
2024-11-07,Line C,Supplier 3,day,152,Operator 7,Machine 5,18.91,premium,28.84,22.16,false
2024-08-26,Line C,Supplier 3,evening,915,Operator 2,Machine 6,34.3,premium,45.45,33.38,false
2024-06-17,Line A,Supplier 3,evening,1011,Operator 1,Machine 5,14.3,premium,35.6,18.82,false
2025-01-13,Line B,Supplier 2,night,738,Operator 7,Machine 2,24.7,premium,59.77,4.42,true
2024-03-13,Line A,Supplier 1,day,889,Operator 8,Machine 3,30.02,standard,56.26,26.54,false
2024-02-24,Line B,Supplier 3,night,545,Operator 8,Machine 4,45.79,premium,33.55,28.43,false
2025-04-27,Line D,Supplier 3,day,1140,Operator 2,Machine 4,53.5,premium,40.48,16.43,false
2024-07-10,Line C,Supplier 3,night,600,Operator 4,Machine 4,17.33,premium,43.5,9.69,false
2025-05-21,Line D,Supplier 4,day,802,Operator 7,Machine 4,46.87,premium,23.78,22.15,true
2025-07-08,Line C,Supplier 1,night,519,Operator 1,Machine 1,53.8,premium,59.25,22.06,false
2025-03-17,Line A,Supplier 3,evening,501,Operator 4,Machine 1,47.29,premium,41.9,5.71,false
2024-04-04,Line A,Supplier 4,evening,311,Operator 5,Machine 2,51.36,premium,55.62,20.22,false
2024-03-30,Line C,Supplier 1,day,911,Operator 2,Machine 5,41.33,premium,56.57,16.98,true
2024-11-22,Line D,Supplier 1,night,580,Operator 1,Machine 1,27.97,standard,51.02,18.65,true
2024-12-31,Line B,Supplier 5,night,50,Operator 4,Machine 5,59.07,premium,35.56,11.87,true
2024-09-12,Line C,Supplier 4,day,326,Operator 7,Machine 2,27.54,premium,43.01,15.35,false
2024-02-01,Line C,Supplier 3,night,176,Operator 3,Machine 6,13.23,standard,54.16,18.84,false
2025-01-27,Line C,Supplier 1,evening,979,Operator 2,Machine 5,26.5,premium,38.23,13.85,false
2024-10-09,Line A,Supplier 4,day,760,Operator 4,Machine 4,38.84,premium,25.62,21.71,false
2025-01-20,Line B,Supplier 3,day,271,Operator 4,Machine 5,15.67,premium,35.62,21.3,false
2024-10-29,Line B,Supplier 1,day,960,Operator 2,Machine 4,44.64,premium,63.59,13.32,false
2025-11-17,Line C,Supplier 3,day,1396,Operator 3,Machine 3,8.02,premium,60.38,22.99,false
2024-01-25,Line B,Supplier 1,night,1223,Operator 2,Machine 6,29.79,premium,43.46,13.05,false
2024-12-21,Line A,Supplier 5,evening,405,Operator 3,Machine 2,21.32,standard,62.86,23.86,false
2025-06-13,Line C,Supplier 3,night,515,Operator 4,Machine 3,29.14,premium,35.63,19.65,false
2024-08-29,Line A,Supplier 3,evening,887,Operator 8,Machine 3,28.64,premium,32.99,15.91,false
2024-01-18,Line C,Supplier 4,day,1040,Operator 1,Machine 6,26.63,premium,49.33,17.98,true
2024-06-18,Line B,Supplier 4,night,594,Operator 6,Machine 3,29.24,premium,55.71,15.76,true
2025-05-11,Line C,Supplier 4,day,392,Operator 5,Machine 3,38.68,standard,35.3,26.05,false
2025-06-24,Line A,Supplier 4,day,988,Operator 2,Machine 3,37.8,premium,42.28,30.68,false
2024-07-23,Line B,Supplier 2,night,636,Operator 1,Machine 3,31.51,premium,53.93,18.95,true
2025-05-21,Line A,Supplier 3,night,824,Operator 6,Machine 2,45.96,premium,40.69,9.01,false
2024-12-27,Line B,Supplier 3,night,194,Operator 7,Machine 5,13.86,premium,51.41,24.17,true
2025-09-18,Line C,Supplier 4,day,916,Operator 2,Machine 6,43.39,premium,35.5,22.43,true
2024-09-26,Line A,Supplier 1,day,380,Operator 6,Machine 3,27.29,premium,34.05,14.01,false
2024-04-26,Line A,Supplier 3,night,460,Operator 1,Machine 4,11.28,premium,30.61,15.19,false
2025-08-15,Line B,Supplier 2,night,293,Operator 5,Machine 1,27.97,premium,61.21,15.27,false
2025-12-26,Line A,Supplier 1,night,1115,Operator 2,Machine 2,48.29,premium,74.65,23.25,true
2025-07-28,Line D,Supplier 4,night,737,Operator 1,Machine 5,27.06,standard,51.17,19.4,false
2024-11-27,Line B,Supplier 2,night,663,Operator 6,Machine 4,56.08,standard,74.65,16.57,true
2025-01-16,Line D,Supplier 3,night,361,Operator 5,Machine 2,28.99,standard,54.19,22.12,false
2024-12-02,Line B,Supplier 4,day,1413,Operator 2,Machine 6,34.83,premium,45.34,21.63,true
2024-08-05,Line D,Supplier 3,night,430,Operator 2,Machine 1,32.26,premium,45.15,12.57,true
2025-02-01,Line C,Supplier 5,evening,697,Operator 5,Machine 6,34.45,premium,32.55,21.84,false
2024-10-11,Line D,Supplier 3,evening,792,Operator 8,Machine 6,29.51,premium,44.76,19.55,false
2025-03-31,Line B,Supplier 1,night,656,Operator 1,Machine 3,45.58,premium,67.11,28.8,true
2024-03-01,Line A,Supplier 5,day,971,Operator 5,Machine 6,44.7,premium,68.36,29.62,false
2025-04-30,Line B,Supplier 4,day,588,Operator 7,Machine 5,41.42,premium,20.0,14.93,false
2025-03-14,Line C,Supplier 5,evening,411,Operator 1,Machine 2,33.94,standard,68.19,24.78,false
2024-12-20,Line D,Supplier 3,night,350,Operator 6,Machine 3,42.65,premium,48.89,16.61,true
2025-10-30,Line A,Supplier 5,day,227,Operator 4,Machine 5,24.58,standard,40.74,9.14,false
2025-04-18,Line D,Supplier 1,day,800,Operator 1,Machine 2,25.59,premium,48.24,23.19,false
2024-01-17,Line D,Supplier 1,night,58,Operator 8,Machine 5,43.02,premium,47.93,14.23,true
2025-11-20,Line D,Supplier 5,night,381,Operator 3,Machine 6,32.15,premium,24.28,16.2,false
2025-12-25,Line A,Supplier 4,day,559,Operator 5,Machine 4,32.13,standard,59.54,26.56,false
2024-10-07,Line B,Supplier 2,day,330,Operator 4,Machine 5,23.36,standard,55.87,24.43,false
2025-01-28,Line B,Supplier 5,evening,902,Operator 2,Machine 2,37.2,standard,51.94,17.7,false
2025-07-26,Line A,Supplier 3,day,661,Operator 2,Machine 2,41.31,premium,43.0,27.73,false
2025-07-14,Line D,Supplier 2,evening,50,Operator 8,Machine 5,43.96,premium,46.05,15.71,false
2025-12-06,Line B,Supplier 3,evening,867,Operator 6,Machine 6,48.76,standard,55.13,16.8,false
2025-08-06,Line A,Supplier 4,evening,417,Operator 6,Machine 1,29.85,premium,28.41,20.0,false
2025-08-08,Line C,Supplier 5,night,50,Operator 1,Machine 5,14.81,premium,47.89,25.01,true
2024-02-02,Line B,Supplier 5,evening,637,Operator 7,Machine 2,42.69,premium,37.66,20.31,false
2025-09-28,Line A,Supplier 1,evening,726,Operator 8,Machine 5,40.01,premium,56.48,21.53,false
2025-10-02,Line B,Supplier 4,night,1638,Operator 3,Machine 1,16.34,premium,55.96,16.78,true
2024-10-19,Line A,Supplier 1,evening,167,Operator 5,Machine 5,39.93,premium,22.67,9.25,false
2024-10-11,Line D,Supplier 3,day,832,Operator 7,Machine 2,31.84,standard,59.94,25.49,false
2025-12-15,Line C,Supplier 5,day,1001,Operator 2,Machine 3,21.46,premium,41.34,20.11,false
2025-10-06,Line D,Supplier 4,night,515,Operator 2,Machine 5,58.26,premium,48.33,20.99,false
2024-07-21,Line D,Supplier 1,day,139,Operator 7,Machine 5,22.4,premium,69.5,31.22,false
2025-03-11,Line A,Supplier 2,day,1020,Operator 2,Machine 5,38.35,premium,20.97,19.04,false
2025-04-22,Line A,Supplier 3,day,387,Operator 8,Machine 1,8.99,premium,35.84,20.62,true
2024-09-27,Line C,Supplier 1,evening,628,Operator 8,Machine 3,33.14,premium,28.6,20.78,false
2025-03-29,Line C,Supplier 4,day,976,Operator 2,Machine 3,26.69,premium,44.35,32.89,false
2025-05-15,Line C,Supplier 3,evening,924,Operator 6,Machine 5,25.28,premium,33.92,27.45,false
2025-10-27,Line A,Supplier 4,day,940,Operator 2,Machine 2,39.27,premium,45.35,34.41,false
2025-06-11,Line C,Supplier 2,evening,1038,Operator 2,Machine 3,37.3,premium,38.73,26.79,true
2024-04-01,Line D,Supplier 2,evening,50,Operator 3,Machine 5,38.26,premium,58.45,25.27,false
2025-10-17,Line C,Supplier 4,day,1055,Operator 2,Machine 6,18.48,premium,68.72,19.23,false
2025-05-12,Line C,Supplier 1,night,760,Operator 3,Machine 3,50.32,premium,41.37,26.35,true
2025-06-26,Line B,Supplier 1,day,646,Operator 6,Machine 2,31.3,standard,50.06,23.93,false
2025-07-13,Line B,Supplier 5,night,303,Operator 7,Machine 1,37.64,premium,49.3,27.34,false
2024-10-12,Line C,Supplier 1,night,583,Operator 7,Machine 4,33.95,premium,46.46,16.49,false
2025-09-09,Line C,Supplier 4,night,479,Operator 6,Machine 6,51.01,standard,87.75,29.69,false
2024-01-30,Line C,Supplier 5,evening,520,Operator 2,Machine 4,38.19,premium,20.0,32.68,false
2025-02-14,Line B,Supplier 5,night,475,Operator 1,Machine 4,38.28,standard,54.07,23.49,false
2025-09-25,Line B,Supplier 1,night,252,Operator 7,Machine 5,47.19,premium,44.34,19.21,false
2025-02-15,Line A,Supplier 5,day,1040,Operator 2,Machine 3,47.95,premium,31.6,19.19,false
2024-06-03,Line A,Supplier 2,night,705,Operator 8,Machine 1,23.29,standard,57.54,19.63,true
2024-06-04,Line B,Supplier 4,night,640,Operator 4,Machine 1,45.72,premium,41.87,21.01,true
2024-02-01,Line D,Supplier 5,night,1524,Operator 7,Machine 6,45.09,standard,79.68,32.48,false
2025-10-25,Line B,Supplier 2,night,239,Operator 6,Machine 1,20.25,premium,20.0,9.52,false
2024-07-16,Line C,Supplier 4,evening,165,Operator 2,Machine 5,27.83,standard,51.56,18.04,false
2025-12-11,Line A,Supplier 5,day,803,Operator 4,Machine 5,20.33,premium,58.23,28.67,false
2024-11-21,Line B,Supplier 5,night,966,Operator 2,Machine 3,32.34,premium,34.28,14.61,true
2025-08-01,Line B,Supplier 4,night,335,Operator 7,Machine 4,23.49,premium,49.41,14.66,false
2025-09-01,Line C,Supplier 2,night,50,Operator 1,Machine 5,20.67,premium,35.83,20.11,false
2025-09-05,Line D,Supplier 1,day,895,Operator 3,Machine 5,35.19,standard,55.22,21.26,false
2025-07-22,Line B,Supplier 2,night,919,Operator 4,Machine 3,44.42,premium,63.6,20.2,false
2025-07-13,Line C,Supplier 1,evening,849,Operator 4,Machine 1,33.25,premium,37.17,13.43,true
2025-12-01,Line C,Supplier 4,night,754,Operator 7,Machine 1,32.65,standard,51.01,7.69,false
2024-03-04,Line D,Supplier 3,evening,695,Operator 5,Machine 3,24.46,premium,59.26,16.17,false
2025-05-23,Line A,Supplier 3,day,478,Operator 5,Machine 6,29.13,premium,43.3,22.27,false
2024-08-24,Line A,Supplier 1,night,1040,Operator 2,Machine 2,52.86,premium,51.47,16.72,false
2024-02-21,Line D,Supplier 5,day,1552,Operator 2,Machine 2,54.72,standard,82.29,26.51,true
2024-03-14,Line D,Supplier 3,evening,617,Operator 2,Machine 1,43.87,standard,55.02,29.0,false
2024-10-16,Line B,Supplier 5,day,865,Operator 2,Machine 6,37.16,premium,40.87,15.95,false
2025-04-11,Line A,Supplier 2,day,804,Operator 7,Machine 1,26.85,premium,38.56,10.5,true
2024-05-22,Line B,Supplier 4,day,430,Operator 1,Machine 6,40.92,premium,35.08,5.37,false
2025-06-27,Line B,Supplier 3,night,462,Operator 3,Machine 5,10.01,premium,22.46,10.64,false
2025-07-13,Line B,Supplier 3,evening,748,Operator 1,Machine 6,20.1,premium,42.06,37.14,false
2025-11-11,Line B,Supplier 2,evening,780,Operator 4,Machine 1,43.82,premium,35.29,13.22,true
2024-01-16,Line C,Supplier 3,day,774,Operator 3,Machine 4,37.97,premium,33.92,40.0,true
2024-08-30,Line A,Supplier 3,night,477,Operator 5,Machine 4,57.22,standard,61.49,22.14,true
2024-04-25,Line C,Supplier 4,day,784,Operator 6,Machine 5,42.36,premium,66.97,32.37,false
2024-06-25,Line B,Supplier 3,day,755,Operator 8,Machine 6,15.73,premium,25.35,18.93,false
2025-06-02,Line D,Supplier 5,night,879,Operator 4,Machine 6,31.39,premium,44.63,22.72,true
2024-03-16,Line D,Supplier 3,evening,724,Operator 1,Machine 6,38.42,standard,59.97,19.89,false
2024-10-28,Line B,Supplier 1,day,880,Operator 8,Machine 5,32.51,standard,60.89,18.58,false
2025-05-05,Line A,Supplier 3,evening,737,Operator 3,Machine 3,5.0,premium,24.14,25.14,false
2025-12-18,Line C,Supplier 5,night,500,Operator 4,Machine 4,50.69,standard,62.24,20.01,false
2025-03-07,Line D,Supplier 2,day,1068,Operator 1,Machine 6,15.11,standard,54.99,17.86,false
2025-09-27,Line D,Supplier 5,day,396,Operator 1,Machine 3,34.75,premium,47.34,14.21,false
2024-09-20,Line B,Supplier 2,evening,289,Operator 7,Machine 5,41.46,standard,63.99,25.64,true
2024-05-03,Line B,Supplier 1,night,966,Operator 2,Machine 5,42.69,standard,60.16,28.26,false
2024-08-24,Line B,Supplier 2,night,1069,Operator 2,Machine 5,29.49,standard,60.55,20.3,false
2024-11-02,Line B,Supplier 1,day,614,Operator 7,Machine 6,31.66,standard,95.0,18.92,false
2025-06-21,Line C,Supplier 4,evening,1013,Operator 2,Machine 2,20.84,standard,55.53,17.88,false
2025-12-30,Line B,Supplier 1,day,501,Operator 1,Machine 6,44.23,premium,44.67,35.69,true
2024-09-26,Line C,Supplier 3,night,951,Operator 7,Machine 2,9.52,premium,87.68,10.29,false
2024-04-07,Line C,Supplier 3,day,912,Operator 2,Machine 4,14.41,premium,41.71,20.63,false
2024-07-06,Line A,Supplier 1,night,782,Operator 7,Machine 3,25.62,premium,43.95,19.82,false
2025-08-28,Line B,Supplier 5,evening,519,Operator 7,Machine 4,44.31,standard,35.76,21.33,true
2024-06-20,Line A,Supplier 3,evening,950,Operator 2,Machine 2,27.19,premium,38.52,10.6,false
2025-04-06,Line B,Supplier 3,evening,437,Operator 2,Machine 4,43.73,standard,55.74,16.64,false
2025-05-18,Line C,Supplier 1,day,424,Operator 5,Machine 2,39.59,standard,52.58,27.81,true
2024-07-19,Line C,Supplier 3,day,1192,Operator 2,Machine 5,28.43,standard,59.27,27.48,false
2025-12-16,Line C,Supplier 3,day,681,Operator 5,Machine 6,7.41,premium,41.77,13.49,false
2025-04-01,Line A,Supplier 5,day,511,Operator 8,Machine 3,20.86,premium,30.33,14.29,false
2024-04-24,Line C,Supplier 2,day,872,Operator 4,Machine 1,26.2,standard,81.01,9.58,false
2025-01-20,Line A,Supplier 4,evening,1275,Operator 2,Machine 2,46.23,premium,48.27,3.76,false
2025-10-18,Line A,Supplier 3,night,974,Operator 4,Machine 3,16.92,premium,71.54,29.81,false
2025-07-31,Line D,Supplier 5,night,645,Operator 5,Machine 6,17.13,premium,28.82,22.06,false
2025-02-21,Line D,Supplier 3,day,50,Operator 3,Machine 5,37.77,standard,68.28,20.67,false
2025-01-18,Line A,Supplier 2,day,232,Operator 4,Machine 5,35.75,premium,33.89,28.12,false
2024-05-23,Line D,Supplier 2,day,918,Operator 2,Machine 5,31.78,premium,58.21,19.43,false
2024-02-13,Line D,Supplier 1,day,393,Operator 2,Machine 1,42.15,premium,70.99,24.63,false
2024-04-10,Line D,Supplier 5,day,589,Operator 1,Machine 5,18.88,premium,61.14,22.61,false
2024-04-25,Line B,Supplier 3,night,199,Operator 3,Machine 5,36.14,premium,22.66,18.49,false
2025-07-11,Line A,Supplier 3,night,783,Operator 8,Machine 3,45.71,premium,20.0,22.61,false
2024-12-23,Line D,Supplier 5,evening,92,Operator 4,Machine 6,22.64,premium,37.0,26.19,false
2024-10-28,Line C,Supplier 2,night,304,Operator 7,Machine 1,50.01,premium,73.44,17.6,true
2024-11-11,Line C,Supplier 1,night,280,Operator 7,Machine 5,27.27,premium,70.26,20.51,true
2024-07-06,Line D,Supplier 2,night,771,Operator 2,Machine 3,45.77,premium,31.65,11.96,false
2024-12-09,Line C,Supplier 3,night,839,Operator 2,Machine 2,31.7,premium,45.32,32.23,true
2025-02-06,Line B,Supplier 5,evening,555,Operator 3,Machine 6,46.69,standard,62.26,14.2,false
2025-06-01,Line C,Supplier 3,night,50,Operator 4,Machine 5,16.49,premium,75.34,22.18,false
2024-04-16,Line B,Supplier 2,night,1173,Operator 2,Machine 6,25.45,standard,57.02,20.08,true
2025-04-20,Line C,Supplier 3,evening,343,Operator 5,Machine 5,29.08,premium,40.16,24.47,true
2025-03-05,Line B,Supplier 5,day,814,Operator 6,Machine 3,41.9,premium,58.47,26.99,false
2024-08-27,Line D,Supplier 4,day,386,Operator 3,Machine 2,45.79,premium,39.98,22.6,false
2025-03-18,Line C,Supplier 2,day,1076,Operator 2,Machine 3,5.71,standard,67.39,18.14,false
2024-02-07,Line C,Supplier 5,night,1003,Operator 4,Machine 3,41.73,standard,59.18,25.27,false
2025-01-26,Line B,Supplier 1,day,150,Operator 8,Machine 5,42.01,premium,31.64,34.87,false
2024-08-30,Line C,Supplier 3,evening,934,Operator 8,Machine 3,22.89,premium,51.97,20.52,false
2024-05-22,Line B,Supplier 2,night,847,Operator 5,Machine 5,32.01,standard,54.13,16.68,false
2024-11-05,Line C,Supplier 3,day,1225,Operator 2,Machine 4,11.35,premium,72.51,12.89,true
2025-07-17,Line B,Supplier 5,night,693,Operator 4,Machine 6,32.14,standard,69.37,12.44,true
2024-06-06,Line B,Supplier 1,night,415,Operator 8,Machine 2,42.95,premium,50.81,28.77,true
2024-01-11,Line B,Supplier 3,day,438,Operator 7,Machine 6,6.23,premium,38.44,17.09,false
2025-06-13,Line B,Supplier 2,evening,553,Operator 4,Machine 1,38.91,standard,58.88,28.56,false
2024-07-21,Line C,Supplier 2,day,676,Operator 3,Machine 1,31.29,premium,42.83,30.35,false
2024-12-25,Line B,Supplier 4,day,55,Operator 4,Machine 5,37.78,premium,43.69,14.07,false
2024-09-20,Line D,Supplier 4,day,501,Operator 1,Machine 6,35.82,premium,65.32,20.33,false
2025-12-08,Line B,Supplier 4,day,963,Operator 1,Machine 2,5.0,premium,25.78,18.5,false
2024-02-21,Line C,Supplier 5,day,710,Operator 8,Machine 4,39.97,premium,42.23,9.84,false
2024-07-18,Line C,Supplier 5,evening,637,Operator 4,Machine 3,29.22,premium,49.9,29.81,false
2025-07-20,Line A,Supplier 2,day,573,Operator 1,Machine 6,23.03,standard,58.83,12.91,false
2025-11-04,Line B,Supplier 1,night,619,Operator 2,Machine 6,30.79,premium,39.3,28.98,true
2025-06-08,Line A,Supplier 2,night,1064,Operator 6,Machine 2,27.12,premium,44.05,33.46,true
2025-11-28,Line B,Supplier 3,night,758,Operator 8,Machine 6,37.14,standard,57.75,20.05,false
2024-04-28,Line D,Supplier 2,evening,838,Operator 3,Machine 3,20.15,premium,45.85,23.61,false
2025-04-04,Line B,Supplier 4,evening,450,Operator 1,Machine 6,37.72,standard,67.19,12.33,false
2025-09-20,Line D,Supplier 4,day,198,Operator 3,Machine 1,44.54,standard,54.9,23.88,false
2025-10-26,Line B,Supplier 5,day,1185,Operator 2,Machine 2,24.36,premium,73.45,9.14,false
2025-10-30,Line B,Supplier 4,day,673,Operator 7,Machine 5,45.22,premium,30.64,31.43,false
2025-01-12,Line A,Supplier 4,night,392,Operator 2,Machine 1,54.89,premium,37.75,27.15,false
2024-11-18,Line A,Supplier 2,day,743,Operator 4,Machine 5,48.83,premium,56.15,27.45,false
2024-12-24,Line D,Supplier 1,evening,1002,Operator 1,Machine 1,38.93,premium,64.91,34.24,false
2025-05-17,Line C,Supplier 1,evening,437,Operator 6,Machine 3,26.03,standard,60.58,27.99,false
2024-10-12,Line A,Supplier 4,evening,452,Operator 3,Machine 3,33.03,standard,55.08,35.93,false
2024-06-09,Line A,Supplier 1,day,544,Operator 8,Machine 4,20.81,standard,65.01,26.81,false
2025-07-02,Line C,Supplier 1,evening,1113,Operator 2,Machine 2,24.91,premium,29.15,22.54,false
2024-03-18,Line A,Supplier 1,night,279,Operator 7,Machine 5,51.04,premium,58.87,12.19,true
2025-11-28,Line D,Supplier 3,evening,782,Operator 6,Machine 4,10.91,premium,43.92,25.62,false
2024-08-14,Line D,Supplier 5,day,563,Operator 8,Machine 4,19.05,premium,31.22,18.14,false
2025-09-16,Line B,Supplier 1,evening,50,Operator 7,Machine 1,27.43,standard,79.5,35.46,false
2024-12-22,Line C,Supplier 4,evening,382,Operator 3,Machine 4,44.8,premium,35.52,30.92,false
2025-03-22,Line A,Supplier 1,day,733,Operator 6,Machine 2,33.96,premium,43.84,20.24,false
2024-12-27,Line C,Supplier 5,day,232,Operator 6,Machine 5,23.66,standard,58.48,21.3,true
2024-02-05,Line A,Supplier 3,evening,459,Operator 3,Machine 3,37.12,standard,51.8,19.48,false
2024-10-05,Line A,Supplier 4,evening,155,Operator 7,Machine 6,35.6,standard,45.5,22.19,false
2025-08-09,Line D,Supplier 3,night,1521,Operator 6,Machine 1,31.23,premium,36.2,17.88,true
2025-04-22,Line C,Supplier 2,night,783,Operator 6,Machine 2,32.75,premium,20.0,13.63,false
2024-06-30,Line C,Supplier 1,night,534,Operator 7,Machine 4,21.02,premium,52.62,15.53,false
2025-10-22,Line A,Supplier 2,day,937,Operator 2,Machine 6,40.72,premium,20.0,25.76,false
2025-01-18,Line A,Supplier 3,day,1119,Operator 2,Machine 2,12.74,standard,50.11,20.07,false
2025-12-29,Line C,Supplier 4,evening,754,Operator 4,Machine 4,36.36,standard,54.42,30.24,false
2024-02-10,Line C,Supplier 1,night,59,Operator 2,Machine 5,37.11,standard,63.74,22.53,true
2024-05-03,Line A,Supplier 1,night,459,Operator 6,Machine 1,22.95,premium,45.94,25.4,true
2024-10-19,Line C,Supplier 4,evening,725,Operator 3,Machine 4,34.41,standard,65.65,17.43,true
2024-03-23,Line D,Supplier 3,evening,418,Operator 7,Machine 6,13.53,standard,66.57,24.76,false
2025-12-06,Line D,Supplier 3,day,820,Operator 2,Machine 2,25.29,premium,31.32,24.96,false
2024-03-19,Line B,Supplier 1,night,529,Operator 5,Machine 5,34.97,standard,60.41,36.21,true
2025-12-19,Line B,Supplier 3,night,327,Operator 8,Machine 3,20.48,premium,20.0,26.4,false
2024-02-18,Line D,Supplier 2,night,1080,Operator 2,Machine 6,48.17,premium,27.53,14.6,true
2024-04-14,Line C,Supplier 1,day,640,Operator 6,Machine 2,35.61,standard,50.86,11.03,false
2024-09-08,Line D,Supplier 5,night,227,Operator 4,Machine 6,44.81,premium,63.8,18.2,false
2025-04-23,Line A,Supplier 5,evening,932,Operator 2,Machine 3,5.0,premium,57.41,17.43,false
2024-01-22,Line A,Supplier 4,evening,580,Operator 6,Machine 6,23.06,premium,29.89,11.87,false
2024-01-20,Line D,Supplier 2,day,554,Operator 8,Machine 5,32.0,standard,65.83,29.75,false
2024-11-24,Line C,Supplier 4,night,855,Operator 8,Machine 5,38.95,premium,32.71,24.0,true
2025-02-26,Line D,Supplier 5,day,117,Operator 4,Machine 2,34.69,premium,35.05,21.44,false
2025-06-28,Line A,Supplier 3,evening,747,Operator 1,Machine 5,45.22,premium,36.71,15.2,false
2024-02-08,Line A,Supplier 1,day,375,Operator 4,Machine 2,25.48,premium,66.47,25.59,false
2024-10-06,Line A,Supplier 3,day,751,Operator 8,Machine 6,5.91,premium,48.34,7.8,false
2025-04-13,Line B,Supplier 3,night,759,Operator 2,Machine 4,26.89,premium,73.73,28.17,false
2024-09-24,Line B,Supplier 4,day,637,Operator 2,Machine 1,36.33,premium,33.41,26.75,false
2025-07-21,Line A,Supplier 2,night,444,Operator 4,Machine 4,27.84,premium,26.36,23.33,false
2025-10-07,Line C,Supplier 1,day,405,Operator 7,Machine 1,34.79,standard,68.44,20.43,false
2024-11-09,Line D,Supplier 1,evening,797,Operator 7,Machine 1,29.42,premium,44.62,33.79,false
2025-04-13,Line C,Supplier 2,day,884,Operator 6,Machine 6,37.79,standard,59.05,24.81,false
2024-11-29,Line A,Supplier 4,day,678,Operator 5,Machine 2,26.37,premium,34.12,16.86,false
2025-06-21,Line B,Supplier 3,night,173,Operator 4,Machine 3,33.94,standard,51.22,9.9,true
2025-04-27,Line D,Supplier 5,evening,828,Operator 7,Machine 3,22.39,standard,69.63,23.43,false
2025-09-14,Line B,Supplier 1,night,672,Operator 4,Machine 5,23.44,standard,62.07,15.79,true
2025-02-07,Line A,Supplier 2,evening,638,Operator 4,Machine 1,23.84,premium,65.85,18.3,false
2024-11-11,Line A,Supplier 3,night,1116,Operator 1,Machine 6,14.1,premium,47.62,18.07,true
2025-10-14,Line C,Supplier 1,day,704,Operator 1,Machine 1,39.32,standard,50.0,36.23,false
2024-10-25,Line A,Supplier 4,evening,468,Operator 5,Machine 6,28.99,premium,40.4,19.2,false
2025-10-21,Line C,Supplier 3,day,830,Operator 1,Machine 3,48.17,premium,65.5,27.17,false
2024-02-20,Line A,Supplier 3,day,969,Operator 2,Machine 6,14.24,premium,28.44,9.05,false
2025-11-30,Line B,Supplier 5,night,374,Operator 8,Machine 4,5.0,standard,62.21,20.34,false
2024-09-21,Line C,Supplier 3,day,809,Operator 6,Machine 3,34.66,premium,61.68,19.93,false
2025-10-05,Line C,Supplier 3,night,434,Operator 5,Machine 1,5.0,standard,51.76,11.91,false
2024-10-02,Line D,Supplier 1,day,643,Operator 4,Machine 4,49.83,premium,37.85,10.76,false
2025-03-21,Line D,Supplier 1,night,821,Operator 5,Machine 6,28.29,premium,39.32,6.29,true
2024-12-29,Line C,Supplier 2,night,628,Operator 5,Machine 5,28.58,premium,58.57,27.08,false
2025-06-26,Line B,Supplier 3,night,1225,Operator 2,Machine 5,41.76,premium,42.27,9.24,false
2024-04-23,Line A,Supplier 5,evening,1713,Operator 2,Machine 3,55.19,premium,65.53,28.36,false
2025-07-13,Line B,Supplier 2,day,874,Operator 3,Machine 2,26.78,premium,44.84,9.36,false
2025-06-19,Line A,Supplier 3,night,619,Operator 3,Machine 3,24.79,premium,28.62,19.11,false
2024-12-13,Line C,Supplier 3,day,882,Operator 8,Machine 5,22.87,premium,30.3,21.96,false
2024-01-02,Line B,Supplier 3,day,765,Operator 5,Machine 4,28.49,premium,28.74,18.89,false
2024-05-06,Line B,Supplier 1,night,1043,Operator 8,Machine 4,23.89,premium,45.95,24.65,true
2025-05-29,Line C,Supplier 3,night,339,Operator 1,Machine 5,26.13,standard,67.2,4.46,false
2024-12-07,Line A,Supplier 4,evening,380,Operator 7,Machine 4,26.39,premium,54.24,27.11,false
2025-07-20,Line D,Supplier 5,evening,489,Operator 6,Machine 1,30.02,premium,30.32,26.9,false
2025-02-17,Line C,Supplier 2,evening,480,Operator 2,Machine 3,34.87,standard,55.4,12.36,false
2025-05-15,Line C,Supplier 1,evening,189,Operator 1,Machine 5,24.31,standard,57.09,21.35,false
2025-03-14,Line C,Supplier 3,night,666,Operator 1,Machine 3,38.39,premium,28.28,40.0,false
2024-12-18,Line D,Supplier 2,day,857,Operator 5,Machine 5,26.04,premium,48.77,19.75,false
2025-10-17,Line B,Supplier 2,evening,636,Operator 2,Machine 1,37.85,premium,47.06,13.91,true
2024-03-30,Line C,Supplier 1,evening,50,Operator 8,Machine 2,49.99,premium,29.15,2.56,false
2025-04-04,Line B,Supplier 4,night,292,Operator 4,Machine 5,24.37,premium,55.05,30.64,true
2024-06-08,Line D,Supplier 3,night,1053,Operator 2,Machine 4,50.69,standard,59.8,21.34,false
2024-08-09,Line C,Supplier 2,evening,670,Operator 8,Machine 2,28.96,premium,43.37,32.0,false
2024-01-01,Line C,Supplier 2,day,396,Operator 6,Machine 3,32.67,standard,70.8,23.18,false
2024-09-05,Line A,Supplier 1,evening,141,Operator 1,Machine 5,35.14,premium,89.23,24.78,false
2024-08-13,Line D,Supplier 5,evening,744,Operator 3,Machine 6,29.97,standard,74.38,13.51,false
2024-07-01,Line B,Supplier 4,day,440,Operator 7,Machine 6,26.57,premium,45.61,24.15,false
2025-02-10,Line C,Supplier 1,night,81,Operator 7,Machine 1,5.0,premium,46.93,19.82,false
2025-11-10,Line B,Supplier 1,day,50,Operator 6,Machine 5,18.74,premium,47.5,22.87,false
2024-04-03,Line A,Supplier 5,night,435,Operator 6,Machine 5,32.28,premium,23.55,11.88,false
2024-08-19,Line A,Supplier 4,day,603,Operator 4,Machine 3,34.02,premium,44.59,14.71,false
2024-11-03,Line C,Supplier 1,night,418,Operator 7,Machine 3,38.72,standard,64.61,40.0,true
2024-08-18,Line A,Supplier 5,day,1202,Operator 2,Machine 3,21.47,standard,53.55,23.27,false
2024-10-30,Line D,Supplier 4,day,777,Operator 1,Machine 6,51.7,premium,37.08,16.65,false
2024-09-29,Line D,Supplier 1,day,1097,Operator 2,Machine 6,25.95,standard,51.0,10.66,false
2024-02-21,Line C,Supplier 2,evening,878,Operator 8,Machine 6,37.22,standard,58.37,21.43,true
2025-12-02,Line D,Supplier 1,evening,1170,Operator 2,Machine 1,35.16,premium,56.64,18.21,false
2024-10-20,Line C,Supplier 5,day,560,Operator 1,Machine 2,26.37,premium,40.97,23.46,false
2025-04-01,Line D,Supplier 1,day,130,Operator 3,Machine 5,23.98,premium,34.18,16.94,false
2024-04-13,Line B,Supplier 5,evening,369,Operator 7,Machine 3,27.47,premium,42.44,15.86,false
2025-12-23,Line D,Supplier 1,night,367,Operator 6,Machine 1,33.92,premium,44.71,24.52,false
2024-09-06,Line B,Supplier 5,night,833,Operator 1,Machine 4,34.48,premium,29.33,24.32,true
2025-07-07,Line C,Supplier 4,evening,539,Operator 5,Machine 3,32.68,premium,36.52,29.54,true
2025-01-04,Line B,Supplier 3,day,800,Operator 3,Machine 6,16.12,premium,32.55,29.31,false
2024-11-21,Line C,Supplier 5,night,866,Operator 3,Machine 5,38.04,standard,57.66,25.83,false
2024-06-02,Line A,Supplier 1,night,959,Operator 2,Machine 1,27.05,standard,60.39,14.7,true
2025-11-01,Line A,Supplier 3,evening,1203,Operator 2,Machine 4,18.49,premium,44.98,19.59,false
2025-06-23,Line D,Supplier 2,day,133,Operator 7,Machine 5,31.43,standard,62.51,21.0,false
2025-02-18,Line C,Supplier 2,night,338,Operator 6,Machine 3,52.25,standard,67.14,14.12,false
2024-12-14,Line C,Supplier 5,night,758,Operator 6,Machine 4,12.05,premium,25.73,17.44,true
2024-03-06,Line B,Supplier 1,evening,1109,Operator 8,Machine 5,33.46,premium,49.93,16.16,false
2025-01-12,Line A,Supplier 3,night,95,Operator 1,Machine 5,8.01,standard,52.14,29.47,true
2024-11-10,Line B,Supplier 3,day,591,Operator 1,Machine 4,21.55,standard,66.61,28.82,false
2025-01-28,Line A,Supplier 1,night,1060,Operator 2,Machine 2,34.92,premium,30.57,27.35,true
2025-03-02,Line B,Supplier 2,day,610,Operator 3,Machine 4,33.65,standard,50.25,26.97,false
2024-11-21,Line C,Supplier 3,night,170,Operator 1,Machine 5,49.97,premium,24.6,17.07,false
2025-08-31,Line B,Supplier 2,night,1808,Operator 3,Machine 1,35.59,premium,44.27,11.54,false
2025-09-04,Line B,Supplier 4,night,870,Operator 7,Machine 1,49.78,premium,25.84,15.46,false
2024-08-14,Line B,Supplier 1,night,468,Operator 6,Machine 3,44.58,premium,26.03,10.74,false
2025-08-24,Line A,Supplier 4,night,778,Operator 3,Machine 2,57.51,premium,32.58,26.22,true
2024-05-19,Line D,Supplier 2,night,380,Operator 6,Machine 3,57.73,premium,31.18,17.98,true
2024-09-15,Line A,Supplier 1,evening,555,Operator 6,Machine 3,34.0,premium,56.08,33.55,false
2025-09-13,Line B,Supplier 3,day,1450,Operator 6,Machine 4,33.59,premium,21.47,23.03,false
2024-11-29,Line C,Supplier 2,day,981,Operator 2,Machine 2,23.16,premium,51.43,12.77,false
2024-02-29,Line A,Supplier 5,evening,844,Operator 5,Machine 4,36.17,premium,65.65,23.86,false
2025-03-21,Line D,Supplier 2,night,762,Operator 7,Machine 6,41.22,standard,27.15,19.03,false
2024-08-28,Line B,Supplier 3,night,848,Operator 4,Machine 4,41.62,premium,44.61,28.61,false
2025-12-02,Line B,Supplier 3,night,839,Operator 8,Machine 4,37.93,premium,40.55,33.51,false
2025-04-02,Line B,Supplier 5,night,738,Operator 3,Machine 6,33.33,premium,37.21,7.04,false
2024-07-14,Line B,Supplier 3,night,783,Operator 8,Machine 3,19.56,premium,39.02,18.01,false
2025-10-08,Line D,Supplier 3,evening,994,Operator 2,Machine 5,5.0,premium,41.8,25.08,false
2025-01-29,Line A,Supplier 5,evening,833,Operator 7,Machine 1,51.16,standard,37.38,29.55,false
2024-05-22,Line A,Supplier 2,evening,50,Operator 7,Machine 5,31.93,premium,45.98,21.77,false
2025-04-13,Line B,Supplier 3,day,371,Operator 6,Machine 6,15.01,premium,20.0,23.39,false
2024-12-19,Line D,Supplier 1,night,920,Operator 2,Machine 4,24.52,premium,47.11,19.94,true
2025-02-10,Line D,Supplier 3,day,523,Operator 8,Machine 6,22.0,premium,46.19,10.48,false
2025-07-12,Line A,Supplier 1,day,708,Operator 6,Machine 2,34.7,premium,20.0,10.61,false
2025-10-29,Line A,Supplier 1,evening,497,Operator 7,Machine 6,40.94,premium,24.84,20.53,false
2024-11-14,Line A,Supplier 4,night,484,Operator 1,Machine 1,50.44,premium,48.0,18.36,false
2024-04-22,Line B,Supplier 1,night,710,Operator 2,Machine 2,25.79,standard,88.93,15.49,false
2024-10-15,Line D,Supplier 4,night,671,Operator 5,Machine 6,12.15,premium,61.27,12.02,false
2025-03-31,Line C,Supplier 3,day,623,Operator 6,Machine 6,24.12,standard,52.59,12.49,false
2024-10-03,Line A,Supplier 2,night,50,Operator 3,Machine 5,49.79,standard,55.2,36.83,false
2025-06-02,Line A,Supplier 4,evening,1035,Operator 2,Machine 2,35.37,standard,63.06,26.41,false
2025-05-12,Line B,Supplier 3,day,125,Operator 2,Machine 5,17.28,premium,33.86,23.19,false
2025-01-31,Line D,Supplier 5,day,515,Operator 5,Machine 3,32.37,premium,20.0,13.17,false
2025-01-23,Line D,Supplier 3,day,362,Operator 8,Machine 6,30.72,standard,73.04,14.43,false
2025-03-15,Line A,Supplier 4,night,562,Operator 3,Machine 4,50.51,premium,46.41,13.87,true
2024-03-20,Line A,Supplier 2,day,615,Operator 8,Machine 4,32.13,standard,50.56,21.39,false
2024-06-19,Line B,Supplier 3,evening,1259,Operator 2,Machine 1,21.33,standard,66.52,23.41,false
2024-08-09,Line A,Supplier 4,evening,576,Operator 1,Machine 3,24.4,standard,52.63,21.62,false
2025-08-28,Line B,Supplier 1,evening,1204,Operator 5,Machine 2,30.78,premium,36.01,31.86,true
2024-04-25,Line C,Supplier 2,evening,553,Operator 5,Machine 4,41.98,premium,58.96,31.83,false
2024-04-29,Line A,Supplier 2,day,264,Operator 8,Machine 5,33.62,premium,25.65,19.63,false
2025-01-13,Line A,Supplier 5,night,698,Operator 5,Machine 1,33.35,premium,42.5,19.82,false
2025-03-03,Line A,Supplier 1,evening,50,Operator 3,Machine 5,27.94,premium,45.21,40.0,false
2025-11-20,Line C,Supplier 5,night,1121,Operator 2,Machine 3,34.76,standard,61.4,22.95,true
2025-07-22,Line C,Supplier 3,day,796,Operator 3,Machine 1,21.7,premium,38.93,29.61,false
2024-02-26,Line A,Supplier 5,day,671,Operator 3,Machine 2,30.21,premium,36.76,13.76,false
2024-07-04,Line D,Supplier 2,evening,862,Operator 7,Machine 1,33.67,premium,48.32,11.93,false
2025-01-18,Line A,Supplier 1,evening,207,Operator 7,Machine 5,49.9,standard,63.34,17.89,false
2024-01-13,Line D,Supplier 3,day,1004,Operator 7,Machine 5,27.65,premium,51.88,24.97,false
2024-08-03,Line A,Supplier 1,evening,732,Operator 5,Machine 5,14.43,standard,52.42,29.08,false
2024-01-01,Line C,Supplier 4,day,1084,Operator 2,Machine 4,31.11,premium,63.04,25.2,false
2025-09-21,Line D,Supplier 3,day,577,Operator 6,Machine 5,18.07,premium,47.21,23.68,false
2025-07-31,Line A,Supplier 3,evening,622,Operator 1,Machine 5,32.92,premium,47.2,21.94,false
2024-10-25,Line A,Supplier 2,night,855,Operator 6,Machine 2,26.9,premium,39.97,16.06,false
2025-12-10,Line D,Supplier 4,night,50,Operator 2,Machine 5,33.99,premium,41.41,31.1,true
2025-08-11,Line A,Supplier 1,day,916,Operator 3,Machine 4,27.27,premium,52.16,24.17,false
2024-12-25,Line A,Supplier 4,evening,567,Operator 4,Machine 4,27.3,premium,46.82,11.95,true
2025-02-15,Line B,Supplier 2,day,292,Operator 8,Machine 5,20.14,premium,57.54,16.3,false
2024-03-16,Line B,Supplier 1,evening,905,Operator 2,Machine 4,25.49,premium,27.46,27.0,true
2025-05-10,Line A,Supplier 2,day,516,Operator 7,Machine 6,36.79,premium,56.67,32.03,false
2024-02-28,Line B,Supplier 2,night,643,Operator 4,Machine 4,24.2,standard,53.14,21.07,true
2025-10-13,Line A,Supplier 1,evening,670,Operator 8,Machine 2,25.65,premium,30.64,18.03,false
2024-08-29,Line A,Supplier 1,day,354,Operator 6,Machine 2,24.0,standard,54.69,23.8,true
2024-04-01,Line B,Supplier 2,day,691,Operator 6,Machine 1,20.77,premium,37.55,29.68,false
2024-01-26,Line A,Supplier 2,night,1030,Operator 2,Machine 5,32.82,standard,69.58,19.99,false
2025-04-22,Line D,Supplier 3,day,145,Operator 8,Machine 1,67.18,premium,55.05,23.14,false
2024-06-14,Line C,Supplier 3,evening,716,Operator 5,Machine 6,37.23,standard,63.55,20.3,false
2024-10-07,Line D,Supplier 1,night,122,Operator 8,Machine 5,25.83,premium,44.2,18.01,false
2025-02-17,Line B,Supplier 4,night,1209,Operator 2,Machine 6,44.66,premium,30.64,22.94,true
2025-11-30,Line D,Supplier 2,evening,1062,Operator 6,Machine 6,35.14,premium,43.39,29.71,false
2025-08-28,Line A,Supplier 5,evening,1096,Operator 3,Machine 6,60.85,premium,32.43,13.46,true
2024-04-17,Line B,Supplier 1,evening,496,Operator 6,Machine 3,51.79,standard,64.04,31.68,true
2025-07-29,Line A,Supplier 4,evening,454,Operator 2,Machine 2,26.64,premium,24.23,11.35,false
2025-01-12,Line B,Supplier 3,evening,694,Operator 3,Machine 4,47.36,premium,62.18,26.05,true
2025-07-14,Line A,Supplier 1,day,973,Operator 2,Machine 3,22.84,premium,26.02,10.26,false
2025-09-01,Line C,Supplier 5,day,674,Operator 2,Machine 5,25.5,premium,47.93,18.86,false
2025-03-12,Line C,Supplier 3,night,695,Operator 8,Machine 2,36.94,premium,40.96,18.21,false
2024-11-28,Line B,Supplier 4,day,469,Operator 7,Machine 3,38.81,premium,49.11,16.81,false
2025-06-20,Line A,Supplier 2,day,1027,Operator 2,Machine 2,31.65,standard,51.17,12.31,false
2024-07-04,Line A,Supplier 4,evening,804,Operator 2,Machine 3,41.14,standard,60.0,17.95,false
2024-01-01,Line D,Supplier 1,evening,344,Operator 5,Machine 4,51.67,premium,47.63,15.85,false
2024-12-22,Line B,Supplier 3,night,50,Operator 5,Machine 5,9.48,standard,55.53,27.67,true
2024-01-26,Line D,Supplier 1,day,803,Operator 3,Machine 4,41.7,premium,37.8,20.97,false
2024-08-06,Line A,Supplier 4,night,395,Operator 3,Machine 6,42.32,premium,30.4,23.47,false
2024-12-07,Line C,Supplier 5,day,1141,Operator 2,Machine 1,41.23,premium,67.36,11.76,false
2024-01-30,Line D,Supplier 1,evening,664,Operator 5,Machine 4,40.3,standard,62.65,32.51,false
2024-10-06,Line A,Supplier 5,evening,288,Operator 6,Machine 5,40.35,premium,59.72,27.11,false
2024-08-24,Line C,Supplier 5,night,582,Operator 6,Machine 5,27.04,standard,51.25,27.13,false
2024-08-15,Line A,Supplier 1,evening,50,Operator 4,Machine 5,21.07,premium,35.24,14.91,false
2024-04-09,Line B,Supplier 4,night,185,Operator 7,Machine 5,31.32,premium,32.73,31.53,false
2025-11-10,Line D,Supplier 4,day,732,Operator 3,Machine 2,28.08,premium,26.62,17.25,false
2025-11-30,Line D,Supplier 5,day,890,Operator 8,Machine 6,29.59,premium,33.56,19.33,false
2025-07-21,Line A,Supplier 1,night,501,Operator 3,Machine 6,43.65,standard,54.87,18.08,false
2024-01-18,Line B,Supplier 3,evening,625,Operator 6,Machine 5,40.17,premium,25.31,23.34,true
2025-10-01,Line C,Supplier 1,night,423,Operator 2,Machine 5,53.83,premium,40.04,24.8,false
2025-11-18,Line B,Supplier 2,night,566,Operator 5,Machine 5,36.69,premium,38.99,20.82,false
2025-01-30,Line D,Supplier 4,evening,424,Operator 5,Machine 1,42.49,premium,33.93,22.24,false
2024-01-27,Line D,Supplier 4,night,535,Operator 2,Machine 1,29.76,premium,62.57,21.5,true
2025-05-11,Line B,Supplier 1,evening,1062,Operator 2,Machine 6,21.44,premium,52.39,24.79,true
2025-08-03,Line D,Supplier 4,day,918,Operator 1,Machine 2,28.04,premium,49.96,22.25,true
2024-12-06,Line B,Supplier 3,day,500,Operator 2,Machine 2,9.98,standard,60.27,35.74,false
2025-11-08,Line D,Supplier 5,evening,912,Operator 2,Machine 1,42.86,premium,44.09,21.21,false
2025-12-16,Line C,Supplier 3,evening,549,Operator 7,Machine 2,15.13,premium,47.24,16.73,false
2024-07-25,Line B,Supplier 1,night,466,Operator 3,Machine 2,39.57,standard,61.45,14.7,true
2024-01-27,Line A,Supplier 1,day,730,Operator 8,Machine 2,53.42,premium,55.06,26.69,false
2024-06-25,Line D,Supplier 2,evening,363,Operator 4,Machine 4,34.47,premium,39.98,15.7,false
2024-07-14,Line B,Supplier 5,evening,140,Operator 5,Machine 2,44.18,standard,39.49,23.4,true
2025-07-16,Line C,Supplier 1,night,1106,Operator 2,Machine 6,24.68,premium,51.26,22.87,false
2025-07-30,Line C,Supplier 4,evening,426,Operator 1,Machine 5,59.87,standard,58.75,22.75,false
2025-06-17,Line D,Supplier 5,day,862,Operator 2,Machine 3,40.21,premium,33.26,35.07,false
2024-03-22,Line A,Supplier 4,day,602,Operator 5,Machine 3,44.08,standard,63.94,13.63,false
2024-10-04,Line C,Supplier 3,day,841,Operator 4,Machine 4,33.52,standard,67.86,29.01,false
2024-05-04,Line D,Supplier 3,night,489,Operator 3,Machine 3,34.06,standard,55.25,9.08,false
2024-11-02,Line B,Supplier 3,day,716,Operator 8,Machine 3,11.26,standard,64.14,14.16,false
2025-05-31,Line B,Supplier 4,day,226,Operator 4,Machine 5,29.72,premium,38.82,8.74,false
2025-04-01,Line B,Supplier 5,night,198,Operator 5,Machine 5,35.96,standard,63.15,11.68,true
2024-10-31,Line A,Supplier 1,night,369,Operator 6,Machine 4,31.49,standard,68.02,16.69,true
2024-12-08,Line B,Supplier 3,evening,1173,Operator 1,Machine 6,19.13,premium,26.06,15.62,false
2025-08-14,Line A,Supplier 5,night,958,Operator 8,Machine 2,32.04,premium,37.63,21.67,false
2025-06-18,Line B,Supplier 2,evening,530,Operator 1,Machine 3,50.92,premium,58.7,16.56,false
2025-01-09,Line D,Supplier 5,day,530,Operator 2,Machine 2,21.66,standard,53.03,6.04,false
2025-06-03,Line A,Supplier 2,night,1229,Operator 2,Machine 4,24.5,premium,42.21,19.68,false
2024-04-20,Line B,Supplier 5,evening,925,Operator 6,Machine 4,56.13,premium,46.7,31.79,false
2025-02-16,Line A,Supplier 5,night,693,Operator 7,Machine 1,35.7,premium,51.95,21.33,true
2025-07-07,Line D,Supplier 5,day,466,Operator 6,Machine 6,28.67,premium,46.6,27.89,false
2025-06-30,Line A,Supplier 1,evening,551,Operator 2,Machine 2,37.05,premium,69.22,19.41,false
2025-08-14,Line C,Supplier 3,night,791,Operator 2,Machine 2,34.57,standard,62.26,28.62,true
2025-10-11,Line C,Supplier 4,day,563,Operator 3,Machine 2,54.87,premium,42.32,22.18,false
2024-09-04,Line A,Supplier 3,night,510,Operator 1,Machine 3,37.48,premium,37.67,9.3,false
2024-07-14,Line D,Supplier 4,day,661,Operator 6,Machine 6,11.87,premium,51.0,12.71,true
2025-04-01,Line C,Supplier 3,day,449,Operator 1,Machine 6,42.02,standard,60.66,31.13,true
2025-05-23,Line D,Supplier 3,day,916,Operator 5,Machine 4,19.13,premium,42.59,16.85,false
2024-01-02,Line D,Supplier 3,day,733,Operator 4,Machine 3,49.61,premium,41.89,22.08,false
2024-08-10,Line B,Supplier 1,evening,518,Operator 7,Machine 6,21.2,premium,53.07,22.76,true
2025-10-12,Line B,Supplier 4,night,1127,Operator 2,Machine 4,35.16,premium,62.7,15.82,false
2025-03-29,Line B,Supplier 1,evening,703,Operator 7,Machine 3,43.25,standard,59.36,26.66,true
2025-03-21,Line D,Supplier 3,day,811,Operator 8,Machine 6,32.21,premium,59.51,16.89,false
2024-04-13,Line B,Supplier 1,night,743,Operator 3,Machine 2,39.75,premium,39.53,13.64,false
2025-12-16,Line A,Supplier 1,night,610,Operator 5,Machine 4,33.27,standard,85.52,27.72,false
2025-11-16,Line C,Supplier 2,night,923,Operator 7,Machine 5,30.12,standard,66.52,17.94,false
2024-01-09,Line C,Supplier 2,day,226,Operator 1,Machine 6,34.3,premium,49.83,26.3,false
2025-04-28,Line B,Supplier 5,evening,363,Operator 1,Machine 5,22.23,standard,66.98,33.15,false
2025-01-24,Line A,Supplier 3,night,483,Operator 7,Machine 4,18.01,premium,70.27,17.89,false
2025-04-19,Line B,Supplier 2,evening,738,Operator 5,Machine 5,28.75,premium,49.75,14.6,false
2025-05-02,Line D,Supplier 1,evening,1527,Operator 2,Machine 3,26.6,standard,70.63,14.83,false
2024-10-01,Line B,Supplier 1,evening,636,Operator 5,Machine 6,24.9,premium,21.24,22.1,false
2024-05-01,Line B,Supplier 4,night,443,Operator 7,Machine 6,35.62,premium,44.87,20.95,true
2024-02-17,Line C,Supplier 3,evening,1017,Operator 6,Machine 1,28.48,standard,61.55,19.52,false
2025-07-25,Line D,Supplier 5,day,778,Operator 2,Machine 6,48.89,premium,47.22,24.71,false
2025-11-20,Line A,Supplier 5,night,55,Operator 5,Machine 5,36.63,premium,21.54,9.73,false
2024-05-06,Line B,Supplier 4,day,645,Operator 2,Machine 1,30.26,premium,42.08,19.21,false
2025-12-31,Line C,Supplier 1,evening,611,Operator 8,Machine 3,38.86,premium,30.54,17.36,false
2024-06-01,Line A,Supplier 5,evening,709,Operator 5,Machine 1,36.55,premium,45.46,16.52,false
2024-01-25,Line C,Supplier 3,night,683,Operator 6,Machine 5,19.67,standard,52.05,26.66,false
2024-10-09,Line D,Supplier 5,day,798,Operator 5,Machine 5,13.34,premium,26.33,24.45,false
2024-06-02,Line B,Supplier 4,day,952,Operator 8,Machine 5,31.57,premium,48.24,28.66,false
2024-10-17,Line D,Supplier 2,day,287,Operator 5,Machine 5,34.93,standard,49.57,15.83,false
2025-06-02,Line A,Supplier 4,night,622,Operator 1,Machine 4,46.64,standard,51.55,23.38,true
2024-06-10,Line D,Supplier 5,day,1024,Operator 6,Machine 1,36.72,standard,56.75,14.69,false
2025-07-09,Line C,Supplier 3,day,511,Operator 6,Machine 2,19.42,standard,60.07,19.53,false
2025-05-18,Line A,Supplier 4,evening,1327,Operator 2,Machine 5,48.71,premium,29.95,27.12,false
2025-04-08,Line B,Supplier 1,night,595,Operator 8,Machine 1,56.16,premium,62.02,21.28,true
2024-01-16,Line C,Supplier 5,day,508,Operator 8,Machine 3,25.37,premium,40.72,24.59,false
2024-11-03,Line C,Supplier 4,night,168,Operator 4,Machine 5,47.12,premium,35.19,27.38,false
2024-10-10,Line B,Supplier 3,day,742,Operator 6,Machine 2,20.5,standard,54.31,13.66,false
2024-11-01,Line B,Supplier 2,night,386,Operator 1,Machine 3,40.86,premium,35.96,15.4,false
2024-06-04,Line C,Supplier 5,evening,468,Operator 5,Machine 6,55.52,premium,21.75,20.16,false
2024-09-26,Line D,Supplier 5,night,271,Operator 5,Machine 5,54.13,standard,59.03,16.51,false
2025-12-05,Line C,Supplier 3,day,298,Operator 7,Machine 5,30.48,standard,85.31,35.52,false
2024-01-16,Line B,Supplier 4,day,526,Operator 5,Machine 2,28.85,premium,44.06,21.32,false
2025-10-18,Line A,Supplier 1,day,1542,Operator 2,Machine 1,30.11,premium,45.13,22.99,false
2024-09-23,Line D,Supplier 3,night,976,Operator 2,Machine 4,16.72,standard,79.53,27.17,false
2024-01-01,Line B,Supplier 5,day,944,Operator 7,Machine 3,47.46,premium,36.83,19.47,false
2025-04-19,Line D,Supplier 3,day,877,Operator 5,Machine 6,13.22,premium,48.45,11.4,false
2024-05-25,Line C,Supplier 4,day,313,Operator 3,Machine 2,42.35,standard,50.47,12.8,false
2024-05-29,Line C,Supplier 1,night,632,Operator 7,Machine 4,38.96,standard,54.02,21.57,false
2025-05-25,Line B,Supplier 1,evening,678,Operator 1,Machine 6,25.96,premium,29.34,18.29,false
2025-03-03,Line C,Supplier 3,day,592,Operator 3,Machine 1,13.74,premium,38.86,30.02,false
2024-09-13,Line D,Supplier 4,day,833,Operator 4,Machine 2,37.31,standard,63.34,26.69,true
2025-10-05,Line C,Supplier 3,day,391,Operator 3,Machine 3,19.34,premium,76.99,14.35,false
2025-11-02,Line A,Supplier 3,evening,471,Operator 6,Machine 5,46.56,premium,40.96,19.06,true
2025-03-15,Line C,Supplier 3,night,402,Operator 5,Machine 5,54.47,premium,40.54,14.81,false
2025-09-08,Line B,Supplier 3,night,1227,Operator 2,Machine 5,63.57,standard,63.43,11.76,true
2024-05-11,Line C,Supplier 2,night,50,Operator 4,Machine 5,56.56,premium,39.3,19.05,false
2024-05-16,Line A,Supplier 4,day,239,Operator 7,Machine 6,29.59,standard,56.39,17.12,false
2025-03-07,Line A,Supplier 1,day,652,Operator 8,Machine 5,54.76,premium,56.66,22.7,false
2025-11-07,Line C,Supplier 2,night,866,Operator 8,Machine 1,49.07,premium,59.45,20.16,false
2024-10-03,Line B,Supplier 2,day,1290,Operator 7,Machine 2,16.9,standard,54.24,22.62,false
2025-04-06,Line B,Supplier 2,day,160,Operator 4,Machine 6,17.22,premium,57.47,18.58,false
2025-12-17,Line A,Supplier 5,night,1026,Operator 2,Machine 5,24.93,standard,86.27,25.71,false
2025-05-23,Line A,Supplier 2,evening,939,Operator 6,Machine 5,38.96,premium,70.6,31.28,true
2025-12-10,Line D,Supplier 2,day,1543,Operator 4,Machine 6,28.07,standard,50.85,13.77,false
2025-04-22,Line B,Supplier 4,evening,165,Operator 2,Machine 5,28.62,premium,58.9,29.87,false
2024-09-23,Line C,Supplier 1,night,741,Operator 7,Machine 1,40.4,standard,71.39,26.0,false
2024-02-21,Line B,Supplier 1,night,618,Operator 6,Machine 4,31.61,premium,49.27,19.16,false
2024-06-05,Line B,Supplier 3,evening,645,Operator 8,Machine 1,9.64,standard,80.77,23.77,false
2025-01-05,Line A,Supplier 1,day,1006,Operator 2,Machine 3,40.73,standard,61.57,21.27,false
2025-01-08,Line B,Supplier 3,evening,234,Operator 8,Machine 5,31.7,premium,20.0,23.93,false
2025-02-03,Line D,Supplier 2,night,240,Operator 8,Machine 6,26.26,premium,81.4,23.66,true
2025-07-21,Line B,Supplier 3,day,971,Operator 2,Machine 1,30.96,premium,20.0,18.35,true
2025-04-01,Line A,Supplier 2,evening,481,Operator 8,Machine 6,19.29,premium,41.69,15.27,false
2025-08-19,Line A,Supplier 3,night,717,Operator 4,Machine 2,17.86,standard,49.93,31.0,false
2025-01-06,Line A,Supplier 5,evening,715,Operator 3,Machine 1,53.51,premium,71.84,21.05,false
2025-06-04,Line B,Supplier 2,night,126,Operator 8,Machine 3,50.94,standard,59.0,23.44,true
2025-06-29,Line D,Supplier 3,evening,1277,Operator 2,Machine 3,59.6,premium,41.67,5.93,false
2025-02-24,Line C,Supplier 5,day,1131,Operator 5,Machine 4,40.96,premium,53.67,21.85,false
2024-09-01,Line D,Supplier 1,night,1132,Operator 2,Machine 1,21.07,premium,26.07,25.43,true
2024-02-28,Line B,Supplier 5,day,340,Operator 6,Machine 2,41.05,premium,46.12,27.05,false
2024-10-28,Line D,Supplier 1,night,448,Operator 4,Machine 3,23.71,premium,47.44,9.35,false
2025-12-13,Line D,Supplier 1,night,1141,Operator 4,Machine 4,25.73,standard,87.9,22.23,false
2024-03-18,Line B,Supplier 4,day,324,Operator 5,Machine 3,51.45,premium,30.21,23.99,false
2024-08-19,Line B,Supplier 4,evening,1017,Operator 3,Machine 4,26.16,standard,74.11,23.31,false
2025-03-21,Line A,Supplier 2,night,1783,Operator 2,Machine 4,32.7,standard,54.41,20.94,true
2024-10-21,Line B,Supplier 3,night,1002,Operator 2,Machine 4,5.18,standard,57.65,24.1,false
2025-12-26,Line C,Supplier 4,night,197,Operator 7,Machine 5,30.1,premium,30.84,21.44,true
2024-10-29,Line A,Supplier 2,evening,980,Operator 2,Machine 6,33.61,premium,57.86,25.05,true
2025-10-17,Line D,Supplier 4,day,573,Operator 3,Machine 1,30.49,premium,51.22,31.28,false
2024-09-05,Line D,Supplier 2,night,258,Operator 8,Machine 5,29.17,premium,46.4,20.55,false
2024-02-19,Line A,Supplier 3,evening,824,Operator 4,Machine 4,8.82,premium,85.49,30.56,true
2024-11-21,Line B,Supplier 5,night,489,Operator 4,Machine 4,38.21,standard,55.34,17.27,true
2025-10-03,Line B,Supplier 1,night,1071,Operator 2,Machine 4,41.96,premium,42.83,22.07,true
2025-09-20,Line C,Supplier 2,evening,85,Operator 7,Machine 5,33.58,premium,44.53,24.58,false
2024-09-24,Line C,Supplier 5,evening,664,Operator 8,Machine 2,21.55,premium,59.29,24.33,false
2024-01-10,Line B,Supplier 5,night,50,Operator 7,Machine 5,22.33,premium,47.91,29.04,false
2024-03-25,Line B,Supplier 1,evening,906,Operator 2,Machine 2,33.78,standard,53.88,24.64,false
2024-04-27,Line B,Supplier 3,night,1040,Operator 6,Machine 4,17.31,standard,53.94,28.1,true
2024-12-05,Line B,Supplier 3,evening,1045,Operator 8,Machine 5,19.08,standard,57.11,2.25,false
2025-11-08,Line B,Supplier 3,night,604,Operator 6,Machine 1,27.42,premium,45.56,23.48,true
2025-10-11,Line A,Supplier 3,night,544,Operator 7,Machine 5,41.52,premium,32.32,9.15,true
2024-02-12,Line A,Supplier 3,night,806,Operator 3,Machine 5,5.0,premium,43.28,20.17,false
2025-03-06,Line D,Supplier 1,evening,50,Operator 5,Machine 5,35.59,premium,40.85,29.8,false
2025-09-28,Line D,Supplier 2,day,465,Operator 6,Machine 6,31.79,standard,59.74,18.92,false
2025-11-30,Line A,Supplier 3,day,839,Operator 5,Machine 3,45.73,standard,62.03,15.93,false
2025-03-22,Line D,Supplier 5,evening,398,Operator 1,Machine 4,33.41,standard,67.05,26.98,false
2024-05-07,Line B,Supplier 2,day,1082,Operator 2,Machine 6,34.06,premium,43.01,17.46,false
2024-10-06,Line A,Supplier 5,night,50,Operator 3,Machine 2,26.55,premium,66.79,8.49,false
2024-09-09,Line C,Supplier 5,day,419,Operator 8,Machine 3,34.51,standard,64.6,23.67,false
2025-11-20,Line D,Supplier 3,night,726,Operator 8,Machine 2,11.74,standard,56.47,21.67,false
2024-04-27,Line A,Supplier 4,night,740,Operator 6,Machine 4,24.94,standard,71.84,15.67,false
2025-09-12,Line B,Supplier 1,day,183,Operator 7,Machine 4,32.89,premium,43.6,36.24,false
2024-08-08,Line B,Supplier 1,night,690,Operator 8,Machine 5,28.58,premium,42.39,21.9,false
2024-02-21,Line C,Supplier 5,night,489,Operator 8,Machine 1,35.94,premium,30.03,21.14,true
2025-04-26,Line D,Supplier 3,night,1101,Operator 5,Machine 4,26.4,premium,54.94,23.96,false
2025-03-21,Line A,Supplier 3,day,478,Operator 5,Machine 2,44.32,premium,41.74,39.68,false
2024-02-20,Line A,Supplier 3,day,293,Operator 2,Machine 5,20.89,premium,45.58,18.93,false
2024-12-12,Line D,Supplier 5,day,521,Operator 7,Machine 6,29.46,standard,57.44,27.97,false
2025-10-16,Line C,Supplier 1,night,507,Operator 5,Machine 4,31.04,premium,64.48,23.01,true
2025-07-06,Line A,Supplier 3,day,837,Operator 4,Machine 2,12.81,standard,70.53,20.98,false
2025-01-24,Line A,Supplier 1,day,711,Operator 4,Machine 4,36.78,premium,41.47,19.86,true
2024-04-28,Line D,Supplier 3,day,670,Operator 8,Machine 3,11.22,standard,34.31,23.51,false
2025-06-14,Line D,Supplier 2,night,710,Operator 1,Machine 1,51.25,premium,39.98,23.86,true
2024-03-07,Line B,Supplier 3,evening,827,Operator 5,Machine 1,22.35,premium,45.34,19.5,false
2024-05-03,Line D,Supplier 5,day,451,Operator 7,Machine 4,36.79,premium,45.03,26.45,false
2025-12-09,Line C,Supplier 5,night,663,Operator 4,Machine 6,45.31,premium,46.5,33.19,false
2025-12-06,Line D,Supplier 1,night,790,Operator 8,Machine 5,55.78,standard,58.54,25.04,true
2025-06-16,Line A,Supplier 1,night,454,Operator 7,Machine 2,35.09,premium,29.43,16.43,false
2024-09-11,Line A,Supplier 3,night,996,Operator 3,Machine 4,28.51,premium,25.19,15.58,false
2024-03-26,Line A,Supplier 2,evening,1176,Operator 6,Machine 2,35.1,standard,51.26,30.17,false
2024-09-12,Line C,Supplier 3,night,497,Operator 5,Machine 6,23.04,premium,36.33,17.66,true
2025-11-04,Line C,Supplier 5,night,50,Operator 3,Machine 2,26.07,standard,72.79,20.15,true
2024-03-13,Line C,Supplier 5,evening,896,Operator 3,Machine 5,36.62,premium,45.85,28.09,true
2025-03-17,Line A,Supplier 2,day,845,Operator 3,Machine 2,31.7,premium,51.17,23.92,false
2025-01-01,Line C,Supplier 4,day,461,Operator 8,Machine 1,21.35,premium,42.7,23.54,false
2025-08-25,Line D,Supplier 3,day,342,Operator 6,Machine 2,10.66,premium,38.25,24.48,false
2024-08-06,Line B,Supplier 4,day,360,Operator 7,Machine 4,22.98,premium,29.26,29.89,false
2024-07-22,Line B,Supplier 3,day,1204,Operator 8,Machine 2,43.31,standard,68.88,12.22,false
2025-11-09,Line D,Supplier 2,day,515,Operator 4,Machine 2,24.1,standard,51.19,34.12,false
2025-07-25,Line C,Supplier 1,evening,613,Operator 7,Machine 1,36.28,premium,26.33,26.22,true
2024-09-04,Line D,Supplier 5,night,50,Operator 8,Machine 5,35.91,premium,54.51,20.33,true
2025-07-12,Line C,Supplier 3,day,536,Operator 2,Machine 5,40.59,premium,36.58,19.1,false
2024-02-06,Line D,Supplier 3,night,319,Operator 7,Machine 3,16.2,standard,65.31,14.49,true
2025-09-30,Line A,Supplier 2,day,50,Operator 2,Machine 1,41.59,premium,53.81,20.73,false
2024-08-04,Line A,Supplier 3,evening,372,Operator 7,Machine 4,36.37,premium,41.79,26.91,false
2025-12-08,Line B,Supplier 4,day,613,Operator 5,Machine 3,48.88,premium,46.13,10.44,true
2025-12-02,Line A,Supplier 5,night,566,Operator 5,Machine 3,8.73,premium,28.07,24.86,false
2025-12-20,Line A,Supplier 2,evening,1318,Operator 2,Machine 3,48.33,premium,34.68,25.24,false
2025-08-24,Line B,Supplier 3,day,50,Operator 1,Machine 5,42.23,standard,55.22,20.44,false
2024-06-17,Line B,Supplier 3,day,319,Operator 8,Machine 1,15.99,standard,50.23,20.52,true
2025-01-24,Line A,Supplier 3,evening,499,Operator 7,Machine 3,22.89,premium,37.98,13.21,false
2025-10-18,Line D,Supplier 3,night,271,Operator 5,Machine 5,47.16,premium,22.59,24.69,true
2025-04-15,Line A,Supplier 4,day,309,Operator 2,Machine 1,31.19,standard,58.58,19.45,true
2024-04-06,Line A,Supplier 4,evening,663,Operator 5,Machine 2,51.22,standard,53.73,25.54,false
2024-12-06,Line A,Supplier 2,night,426,Operator 8,Machine 6,10.06,premium,38.0,24.1,false
2025-06-07,Line C,Supplier 2,day,803,Operator 6,Machine 1,26.21,premium,43.28,22.56,false
2025-11-16,Line B,Supplier 1,night,504,Operator 1,Machine 1,31.1,premium,42.66,12.92,true
2024-02-12,Line A,Supplier 4,day,380,Operator 2,Machine 4,37.35,premium,76.35,22.02,false
2025-09-11,Line B,Supplier 1,evening,715,Operator 5,Machine 3,31.32,premium,42.34,11.36,false
2024-04-24,Line A,Supplier 1,evening,808,Operator 4,Machine 4,45.45,premium,78.56,17.1,false
2024-02-22,Line A,Supplier 2,day,549,Operator 7,Machine 5,30.71,standard,62.97,7.22,false
2024-02-05,Line B,Supplier 4,evening,419,Operator 7,Machine 2,32.71,premium,46.52,13.67,true
2025-12-30,Line A,Supplier 2,night,579,Operator 5,Machine 2,30.78,premium,63.45,23.72,false
2024-03-22,Line D,Supplier 3,night,778,Operator 7,Machine 1,45.49,premium,64.27,20.66,true
2024-09-15,Line D,Supplier 4,night,669,Operator 6,Machine 2,22.52,premium,32.5,27.22,true
2024-10-02,Line B,Supplier 1,day,537,Operator 3,Machine 2,37.84,premium,39.57,7.82,false
2025-01-26,Line A,Supplier 1,evening,208,Operator 7,Machine 5,33.37,premium,30.39,25.48,false
2025-11-08,Line B,Supplier 3,night,772,Operator 3,Machine 1,39.06,premium,21.25,24.4,false
2024-08-27,Line A,Supplier 1,night,1071,Operator 2,Machine 6,28.37,premium,42.32,29.35,false
2024-02-13,Line C,Supplier 2,day,328,Operator 2,Machine 5,54.22,premium,36.98,18.19,false
2024-01-23,Line A,Supplier 3,evening,538,Operator 3,Machine 2,5.0,premium,41.26,16.58,false
2025-05-23,Line B,Supplier 2,evening,463,Operator 2,Machine 3,42.14,premium,47.06,18.08,true
2025-08-24,Line D,Supplier 4,evening,785,Operator 6,Machine 1,32.36,standard,58.11,26.35,true
2025-04-17,Line A,Supplier 4,day,299,Operator 4,Machine 6,5.0,premium,80.05,12.98,false
2024-07-20,Line C,Supplier 5,day,777,Operator 4,Machine 3,28.7,premium,58.84,26.19,false
2024-12-24,Line C,Supplier 2,evening,350,Operator 3,Machine 6,5.0,premium,66.49,15.84,false
2025-10-04,Line A,Supplier 5,evening,484,Operator 3,Machine 4,30.1,premium,67.93,17.61,false
2025-09-28,Line A,Supplier 5,night,674,Operator 2,Machine 1,43.13,premium,63.36,15.71,false
2025-09-16,Line C,Supplier 2,day,1083,Operator 2,Machine 2,38.2,standard,55.42,19.51,false
2025-07-06,Line C,Supplier 3,night,790,Operator 8,Machine 4,43.14,premium,82.04,23.35,true
2025-03-26,Line A,Supplier 1,night,825,Operator 2,Machine 2,26.15,standard,70.15,30.8,false
2024-11-01,Line A,Supplier 2,evening,85,Operator 2,Machine 5,28.89,premium,47.88,13.83,false
2025-12-07,Line A,Supplier 5,night,504,Operator 1,Machine 1,26.83,premium,35.14,23.63,false
2025-04-03,Line D,Supplier 3,day,50,Operator 5,Machine 5,13.54,standard,64.5,11.65,false
2025-09-21,Line B,Supplier 2,night,494,Operator 5,Machine 4,25.81,premium,30.46,27.25,true
2025-04-22,Line B,Supplier 4,night,653,Operator 4,Machine 4,42.95,premium,47.84,18.32,false
2025-12-08,Line C,Supplier 3,evening,1250,Operator 6,Machine 2,9.85,premium,33.89,27.67,false
2024-07-07,Line A,Supplier 1,day,1023,Operator 1,Machine 1,24.32,premium,40.36,19.36,false
2025-07-10,Line C,Supplier 5,evening,849,Operator 3,Machine 3,45.55,standard,79.97,16.33,false
2025-07-25,Line A,Supplier 4,evening,1398,Operator 4,Machine 4,42.72,premium,52.77,15.29,false
2024-05-01,Line B,Supplier 2,day,384,Operator 2,Machine 3,22.43,premium,39.89,31.32,false
2024-01-21,Line A,Supplier 5,night,1425,Operator 2,Machine 5,33.11,premium,34.27,14.94,false
2025-09-22,Line D,Supplier 1,evening,980,Operator 2,Machine 4,53.18,premium,37.18,10.61,false
2025-05-29,Line C,Supplier 1,day,997,Operator 2,Machine 5,30.92,standard,55.43,20.95,false
2025-12-08,Line A,Supplier 3,day,758,Operator 6,Machine 2,32.32,premium,31.6,17.04,false
2025-06-19,Line C,Supplier 3,evening,678,Operator 3,Machine 5,35.6,premium,43.15,14.97,false
2024-09-16,Line A,Supplier 1,evening,691,Operator 4,Machine 1,20.8,standard,32.24,16.5,false
2025-12-20,Line A,Supplier 3,day,877,Operator 7,Machine 6,18.89,standard,61.43,13.05,true
2025-05-11,Line B,Supplier 5,night,1532,Operator 2,Machine 4,32.77,premium,65.19,6.52,false
2025-03-24,Line B,Supplier 5,evening,480,Operator 5,Machine 2,21.7,premium,31.92,19.32,true
2025-06-20,Line B,Supplier 5,night,710,Operator 1,Machine 1,28.05,premium,56.41,17.61,false
2024-02-29,Line B,Supplier 3,night,957,Operator 2,Machine 1,16.37,standard,52.56,17.95,false
2025-12-21,Line D,Supplier 3,evening,892,Operator 4,Machine 5,17.69,standard,64.22,22.44,false
2024-08-28,Line B,Supplier 4,evening,388,Operator 1,Machine 6,37.81,premium,45.1,26.17,false
2024-11-20,Line C,Supplier 2,evening,284,Operator 8,Machine 5,22.54,premium,43.93,25.3,false
2024-11-08,Line B,Supplier 3,night,226,Operator 7,Machine 4,42.86,standard,57.75,24.9,false
2025-09-12,Line C,Supplier 4,night,155,Operator 8,Machine 1,35.69,premium,36.14,27.72,false
2025-06-08,Line C,Supplier 2,evening,798,Operator 4,Machine 1,47.52,premium,36.76,27.65,false
2024-12-02,Line A,Supplier 1,night,385,Operator 5,Machine 4,34.51,premium,25.73,26.17,false
2024-11-05,Line C,Supplier 1,evening,126,Operator 7,Machine 5,29.82,standard,57.39,18.86,false
2025-01-27,Line C,Supplier 4,day,1037,Operator 3,Machine 4,54.53,premium,56.22,19.33,false
2024-04-03,Line A,Supplier 1,evening,712,Operator 8,Machine 5,24.5,premium,55.89,12.62,false
2025-10-26,Line A,Supplier 3,evening,50,Operator 3,Machine 5,32.77,standard,53.79,16.43,false
2024-06-26,Line A,Supplier 3,evening,767,Operator 4,Machine 2,34.48,standard,54.05,25.81,false
2024-10-23,Line A,Supplier 5,day,655,Operator 4,Machine 1,52.96,standard,24.36,20.79,false
2025-10-03,Line B,Supplier 4,day,846,Operator 1,Machine 2,38.29,premium,48.16,12.21,false
2025-02-06,Line C,Supplier 3,day,50,Operator 4,Machine 1,41.55,premium,32.67,34.77,false
2024-04-05,Line D,Supplier 3,day,796,Operator 2,Machine 3,33.72,standard,79.15,35.1,false
2025-02-27,Line A,Supplier 2,day,659,Operator 3,Machine 6,50.91,standard,58.11,17.86,false
2024-06-25,Line C,Supplier 5,evening,602,Operator 1,Machine 6,47.79,premium,29.59,22.19,false
2025-04-20,Line C,Supplier 5,night,467,Operator 4,Machine 1,44.35,premium,31.75,25.65,false
2025-08-30,Line D,Supplier 1,evening,619,Operator 1,Machine 1,29.49,standard,54.83,22.27,false
2025-10-14,Line A,Supplier 4,night,972,Operator 4,Machine 3,22.99,premium,47.3,20.9,true
2025-04-23,Line C,Supplier 3,evening,692,Operator 8,Machine 4,43.21,standard,51.31,6.13,true
2025-02-28,Line D,Supplier 2,day,707,Operator 8,Machine 4,40.18,premium,51.78,18.76,false
2024-09-01,Line A,Supplier 3,evening,1180,Operator 2,Machine 1,40.71,premium,50.24,25.47,false
2025-06-19,Line B,Supplier 5,evening,1414,Operator 2,Machine 4,44.67,premium,49.65,28.98,false
2025-12-21,Line C,Supplier 4,day,873,Operator 3,Machine 6,50.42,premium,50.63,12.91,false
2025-03-19,Line A,Supplier 1,evening,719,Operator 5,Machine 4,36.15,premium,20.0,15.85,false
2024-02-23,Line C,Supplier 4,evening,930,Operator 2,Machine 5,33.04,premium,45.75,23.92,false
2025-12-19,Line C,Supplier 1,night,191,Operator 4,Machine 5,24.59,premium,25.74,18.66,true
2024-12-02,Line B,Supplier 5,evening,962,Operator 2,Machine 2,26.6,premium,40.96,13.99,false
2024-10-17,Line B,Supplier 2,evening,619,Operator 2,Machine 2,31.15,standard,60.52,10.5,false
2024-11-28,Line C,Supplier 4,night,676,Operator 8,Machine 2,32.97,premium,64.75,23.72,false
2025-06-28,Line A,Supplier 1,evening,436,Operator 2,Machine 5,31.6,premium,38.15,16.41,false
2024-01-13,Line B,Supplier 5,day,202,Operator 2,Machine 6,45.51,premium,42.24,13.26,false
2025-12-10,Line A,Supplier 3,night,1063,Operator 2,Machine 1,44.91,standard,62.03,26.52,false
2025-05-26,Line A,Supplier 2,night,852,Operator 8,Machine 4,21.28,premium,68.87,22.15,false
2024-04-03,Line C,Supplier 3,night,300,Operator 5,Machine 4,40.99,premium,45.94,15.46,false
2025-03-15,Line A,Supplier 4,night,695,Operator 6,Machine 4,30.05,standard,54.64,21.62,false
2024-05-18,Line A,Supplier 5,day,96,Operator 8,Machine 5,38.17,standard,51.66,26.24,false
2024-03-03,Line C,Supplier 5,evening,116,Operator 5,Machine 5,38.34,premium,53.61,30.26,false
2024-04-18,Line B,Supplier 1,evening,1447,Operator 2,Machine 4,43.06,premium,32.63,31.44,false
2024-01-10,Line A,Supplier 3,day,154,Operator 3,Machine 5,51.98,premium,41.52,22.0,false
2025-04-01,Line C,Supplier 3,evening,686,Operator 3,Machine 5,44.26,premium,68.41,23.22,true
2025-01-28,Line C,Supplier 2,night,724,Operator 2,Machine 3,31.51,standard,83.51,10.01,true
2024-09-17,Line A,Supplier 5,day,474,Operator 3,Machine 6,17.81,premium,28.86,15.42,false
2024-04-24,Line D,Supplier 3,evening,790,Operator 8,Machine 3,26.39,standard,52.24,18.68,false
2024-08-30,Line C,Supplier 1,night,727,Operator 1,Machine 1,23.97,premium,36.18,36.48,false
2025-06-27,Line B,Supplier 1,day,403,Operator 5,Machine 1,42.5,premium,48.99,22.59,false
2024-01-04,Line A,Supplier 3,day,275,Operator 3,Machine 6,9.04,premium,47.59,17.88,false
2024-03-29,Line C,Supplier 4,night,929,Operator 2,Machine 2,33.93,premium,40.74,16.16,false
2024-07-03,Line C,Supplier 3,evening,563,Operator 4,Machine 6,10.06,premium,58.54,26.95,false
2025-11-03,Line C,Supplier 1,evening,911,Operator 4,Machine 6,46.0,premium,51.73,20.82,false
2024-01-04,Line A,Supplier 3,night,749,Operator 3,Machine 1,15.79,premium,26.38,23.07,true
2024-01-26,Line D,Supplier 4,day,436,Operator 1,Machine 4,44.91,premium,41.24,22.25,false
2025-04-30,Line C,Supplier 4,night,1017,Operator 2,Machine 6,24.84,standard,52.5,18.84,true
2025-04-17,Line C,Supplier 1,night,738,Operator 8,Machine 4,43.05,premium,41.65,9.44,false
2025-12-13,Line A,Supplier 1,evening,540,Operator 5,Machine 2,45.84,premium,67.77,12.11,false
2024-06-12,Line C,Supplier 1,evening,755,Operator 1,Machine 6,57.01,premium,45.86,21.74,false
2025-07-23,Line D,Supplier 1,day,686,Operator 7,Machine 6,40.88,premium,32.28,18.11,false
2024-06-08,Line B,Supplier 3,night,1442,Operator 2,Machine 4,47.07,premium,35.09,26.53,true
2024-11-01,Line A,Supplier 2,evening,617,Operator 6,Machine 1,39.35,premium,65.59,20.98,false
2024-12-26,Line B,Supplier 2,evening,736,Operator 5,Machine 1,30.83,standard,88.57,7.75,false
2025-02-10,Line B,Supplier 3,evening,573,Operator 2,Machine 4,22.17,standard,53.24,19.67,false
2024-07-04,Line D,Supplier 5,day,537,Operator 4,Machine 4,17.85,premium,40.74,22.43,false
2024-05-29,Line B,Supplier 3,evening,1074,Operator 2,Machine 3,40.11,premium,20.0,26.08,true
2024-01-17,Line D,Supplier 5,night,732,Operator 6,Machine 5,38.19,standard,50.9,12.19,false
2024-06-11,Line D,Supplier 5,day,1055,Operator 5,Machine 3,36.46,standard,81.53,30.47,false
2025-02-17,Line C,Supplier 2,day,1773,Operator 4,Machine 4,46.69,premium,43.95,27.29,false
2024-02-23,Line A,Supplier 2,night,158,Operator 2,Machine 5,46.54,premium,35.4,17.67,false
2024-05-22,Line A,Supplier 1,evening,237,Operator 3,Machine 4,40.12,premium,46.49,23.78,false
2025-11-13,Line A,Supplier 1,day,255,Operator 2,Machine 5,34.88,premium,43.1,29.54,true
2024-08-29,Line B,Supplier 3,evening,513,Operator 6,Machine 2,32.73,premium,76.17,20.07,false
2024-02-09,Line B,Supplier 1,evening,1230,Operator 2,Machine 3,41.21,standard,85.84,17.65,false
2025-03-02,Line C,Supplier 2,evening,351,Operator 8,Machine 3,46.47,premium,69.29,22.07,false
2024-09-21,Line C,Supplier 4,night,898,Operator 1,Machine 5,23.84,premium,28.35,16.73,false
2025-08-07,Line B,Supplier 2,day,1057,Operator 2,Machine 1,20.02,standard,61.28,19.12,false
2024-10-11,Line C,Supplier 1,day,723,Operator 4,Machine 2,42.07,standard,79.45,18.41,false
2024-12-07,Line D,Supplier 5,evening,451,Operator 7,Machine 2,30.96,premium,49.68,10.74,false
2024-08-24,Line A,Supplier 2,evening,425,Operator 3,Machine 4,37.1,standard,21.85,23.02,false
2025-06-18,Line B,Supplier 5,day,1080,Operator 2,Machine 5,38.69,standard,52.36,18.22,true
2024-09-26,Line C,Supplier 5,evening,535,Operator 5,Machine 1,25.93,premium,71.05,12.33,false
2024-08-11,Line B,Supplier 3,evening,390,Operator 3,Machine 1,25.79,premium,42.15,20.54,false
2024-03-21,Line D,Supplier 4,evening,675,Operator 4,Machine 1,8.41,premium,34.79,12.08,false
2025-02-10,Line A,Supplier 3,evening,85,Operator 7,Machine 4,48.73,premium,41.13,11.53,true
2024-08-27,Line B,Supplier 3,day,573,Operator 4,Machine 2,32.06,premium,20.0,28.9,false
2025-12-14,Line A,Supplier 3,day,509,Operator 2,Machine 1,21.93,standard,67.35,18.36,false
2024-09-26,Line A,Supplier 5,evening,740,Operator 7,Machine 5,34.44,premium,33.53,17.94,false
2024-03-25,Line B,Supplier 1,night,956,Operator 2,Machine 5,40.12,premium,66.56,13.17,false
2025-04-03,Line B,Supplier 1,day,301,Operator 2,Machine 4,48.33,premium,39.77,25.57,false
2025-03-16,Line B,Supplier 1,night,50,Operator 8,Machine 5,38.37,premium,33.84,17.41,false
2025-12-09,Line B,Supplier 3,day,709,Operator 7,Machine 5,35.51,standard,61.72,-4.6,false
2025-10-06,Line D,Supplier 1,night,1062,Operator 2,Machine 1,37.42,premium,44.7,26.33,false
2024-05-21,Line A,Supplier 3,day,1365,Operator 2,Machine 6,19.55,premium,40.83,13.87,false
2024-11-13,Line A,Supplier 4,night,587,Operator 6,Machine 5,24.48,premium,52.45,21.65,false
2025-07-03,Line B,Supplier 5,night,513,Operator 2,Machine 2,38.44,standard,57.01,15.87,true
2024-08-02,Line A,Supplier 5,evening,481,Operator 3,Machine 5,33.13,premium,48.47,25.4,true
2025-11-25,Line B,Supplier 2,night,702,Operator 7,Machine 5,28.81,standard,52.83,19.24,true
2024-05-19,Line A,Supplier 2,evening,424,Operator 6,Machine 6,39.0,premium,47.92,18.16,false
2024-11-05,Line B,Supplier 4,evening,803,Operator 6,Machine 5,37.71,premium,20.79,20.74,false
2025-04-25,Line B,Supplier 3,day,149,Operator 1,Machine 5,15.66,standard,51.68,23.82,true
2024-09-28,Line A,Supplier 5,night,609,Operator 6,Machine 6,41.24,premium,78.01,19.97,true
2025-07-22,Line A,Supplier 3,day,126,Operator 7,Machine 1,44.54,standard,61.79,26.06,false
2024-05-08,Line C,Supplier 2,night,129,Operator 1,Machine 5,28.36,premium,55.64,17.72,true
2024-02-22,Line B,Supplier 1,night,1232,Operator 2,Machine 5,29.6,standard,62.32,23.68,true
2024-07-19,Line D,Supplier 3,day,552,Operator 2,Machine 2,14.97,premium,48.87,14.31,false
2025-03-20,Line D,Supplier 1,night,50,Operator 5,Machine 5,27.72,standard,61.9,10.95,false
2024-03-07,Line C,Supplier 4,night,192,Operator 5,Machine 1,32.71,premium,52.21,18.36,false
2025-06-26,Line C,Supplier 2,evening,90,Operator 4,Machine 4,29.33,premium,35.79,21.23,false
2024-10-16,Line A,Supplier 2,evening,890,Operator 1,Machine 1,43.19,standard,50.06,6.48,false
2025-11-25,Line C,Supplier 1,night,839,Operator 6,Machine 4,41.58,premium,66.81,8.67,true
2025-06-15,Line A,Supplier 2,evening,809,Operator 5,Machine 4,46.28,premium,29.52,16.93,false
2025-02-07,Line D,Supplier 3,evening,411,Operator 6,Machine 5,31.04,premium,49.52,22.81,false
2025-05-29,Line D,Supplier 2,evening,825,Operator 4,Machine 4,24.29,premium,64.26,32.0,false
2025-01-08,Line D,Supplier 3,day,308,Operator 5,Machine 2,46.04,premium,72.46,17.87,false
2025-12-10,Line B,Supplier 4,night,50,Operator 1,Machine 5,33.44,standard,57.32,22.42,false
2025-03-30,Line A,Supplier 3,evening,112,Operator 2,Machine 1,28.09,premium,34.51,24.74,false
2025-06-30,Line A,Supplier 4,night,219,Operator 6,Machine 5,36.9,premium,72.99,28.56,true
2025-08-27,Line C,Supplier 2,evening,1388,Operator 3,Machine 2,68.31,premium,40.24,15.23,false
2025-02-24,Line B,Supplier 5,day,1076,Operator 8,Machine 3,25.98,standard,53.4,19.59,false
2025-12-13,Line D,Supplier 1,day,678,Operator 1,Machine 3,35.76,premium,40.8,35.92,false
2025-03-04,Line D,Supplier 4,night,972,Operator 2,Machine 4,25.88,premium,61.98,27.09,false
2025-05-31,Line B,Supplier 5,evening,236,Operator 6,Machine 2,23.66,standard,59.71,26.07,true
2024-07-25,Line C,Supplier 1,night,50,Operator 5,Machine 4,42.11,premium,49.37,19.92,false
2025-08-05,Line A,Supplier 1,night,795,Operator 6,Machine 3,22.01,premium,40.54,34.63,false
2024-02-23,Line C,Supplier 1,night,409,Operator 8,Machine 6,42.47,premium,45.72,25.37,false
2025-09-02,Line C,Supplier 2,day,50,Operator 8,Machine 6,33.75,premium,44.54,19.45,false
2025-08-28,Line B,Supplier 4,day,1043,Operator 2,Machine 3,45.74,premium,50.18,24.88,false
2024-05-21,Line A,Supplier 5,day,50,Operator 4,Machine 4,19.64,premium,46.14,21.97,false
2025-01-21,Line A,Supplier 1,day,563,Operator 6,Machine 5,51.19,premium,52.96,19.78,false
2025-04-11,Line C,Supplier 5,night,707,Operator 8,Machine 3,22.58,standard,65.66,30.81,false
2024-11-19,Line B,Supplier 2,evening,213,Operator 2,Machine 5,12.66,premium,59.67,22.38,false
2024-08-03,Line A,Supplier 1,night,543,Operator 7,Machine 2,37.78,premium,53.43,17.79,true
2024-07-10,Line C,Supplier 2,evening,447,Operator 2,Machine 6,51.98,premium,43.11,29.78,false
2024-01-11,Line B,Supplier 3,day,1022,Operator 2,Machine 4,6.89,premium,31.93,16.27,false
2024-01-30,Line C,Supplier 1,day,755,Operator 3,Machine 3,27.02,standard,55.22,21.46,false
2025-11-18,Line C,Supplier 1,evening,1081,Operator 1,Machine 6,53.08,premium,47.86,17.06,false
2025-12-06,Line C,Supplier 3,day,821,Operator 7,Machine 5,21.71,premium,44.96,15.04,false
2025-08-02,Line B,Supplier 2,day,890,Operator 6,Machine 2,30.99,premium,47.36,19.89,false
2025-12-20,Line D,Supplier 1,day,915,Operator 8,Machine 1,28.59,standard,51.01,22.52,false
2024-12-22,Line D,Supplier 2,evening,189,Operator 6,Machine 5,39.15,premium,35.87,23.33,false
2025-04-27,Line C,Supplier 5,day,725,Operator 8,Machine 3,41.69,premium,40.59,22.56,false
2024-08-21,Line D,Supplier 1,evening,739,Operator 8,Machine 5,28.56,premium,39.15,29.69,true
2025-01-19,Line D,Supplier 3,day,329,Operator 3,Machine 4,29.12,premium,36.23,40.0,false
2024-09-01,Line B,Supplier 2,evening,1424,Operator 5,Machine 5,42.74,standard,62.97,18.83,false
2025-05-18,Line A,Supplier 5,night,793,Operator 7,Machine 4,46.12,standard,53.59,20.69,true
2024-08-19,Line A,Supplier 2,day,916,Operator 3,Machine 1,23.65,premium,31.77,8.5,false
2025-06-22,Line A,Supplier 4,night,588,Operator 6,Machine 4,28.06,standard,53.57,22.46,false
2025-07-02,Line C,Supplier 5,evening,660,Operator 5,Machine 1,40.61,premium,36.72,18.63,false
2024-03-20,Line D,Supplier 5,day,357,Operator 5,Machine 6,25.59,standard,45.1,21.49,false
2025-04-16,Line A,Supplier 3,day,312,Operator 2,Machine 3,30.1,standard,60.86,15.83,false
2025-11-04,Line D,Supplier 5,night,510,Operator 1,Machine 4,34.83,standard,54.17,33.49,true
2025-12-14,Line B,Supplier 1,day,721,Operator 1,Machine 2,48.46,standard,51.75,19.66,false
2025-10-10,Line C,Supplier 2,evening,690,Operator 5,Machine 4,16.78,premium,47.78,28.67,false
2024-04-30,Line B,Supplier 2,evening,1211,Operator 2,Machine 5,34.79,standard,57.86,25.77,false
2025-03-24,Line D,Supplier 4,night,50,Operator 3,Machine 1,35.93,standard,69.06,19.58,false
2025-05-16,Line D,Supplier 1,night,669,Operator 6,Machine 5,42.35,premium,36.21,12.3,true
2025-08-23,Line C,Supplier 4,evening,460,Operator 5,Machine 4,29.09,standard,87.61,3.96,false
2024-07-22,Line B,Supplier 3,day,853,Operator 5,Machine 6,16.72,premium,46.41,12.44,false
2024-09-13,Line C,Supplier 1,night,493,Operator 6,Machine 2,25.19,premium,51.79,11.95,false
2025-05-15,Line B,Supplier 3,day,257,Operator 3,Machine 5,23.86,standard,60.77,25.64,false
2024-01-21,Line A,Supplier 5,day,995,Operator 1,Machine 2,30.12,premium,66.75,20.28,false
2024-01-13,Line D,Supplier 1,day,1096,Operator 2,Machine 2,33.7,standard,53.49,21.31,false
2025-02-17,Line C,Supplier 2,evening,682,Operator 7,Machine 2,45.43,standard,60.49,22.18,true
2025-02-17,Line B,Supplier 3,day,563,Operator 3,Machine 1,15.41,premium,56.94,16.55,false
2024-02-01,Line A,Supplier 1,evening,50,Operator 8,Machine 5,57.13,premium,48.64,21.52,false
2025-02-19,Line A,Supplier 3,day,644,Operator 7,Machine 2,5.0,premium,20.0,21.74,false
2024-05-21,Line C,Supplier 2,evening,777,Operator 8,Machine 6,15.6,standard,74.32,22.2,false
2025-05-30,Line A,Supplier 4,day,896,Operator 6,Machine 5,27.77,standard,67.68,24.45,false
2024-02-12,Line C,Supplier 3,day,1331,Operator 5,Machine 4,42.15,premium,28.57,21.28,false
2024-11-18,Line A,Supplier 5,night,656,Operator 8,Machine 6,11.66,standard,88.64,35.24,false
2025-07-17,Line D,Supplier 2,day,317,Operator 8,Machine 5,46.63,premium,40.05,26.8,false
2024-12-18,Line D,Supplier 4,night,590,Operator 2,Machine 2,24.27,premium,29.79,20.12,false
2024-10-03,Line B,Supplier 4,day,408,Operator 5,Machine 3,39.88,standard,51.43,10.27,false
2024-01-06,Line A,Supplier 5,day,1260,Operator 5,Machine 6,48.09,premium,66.85,26.6,false
2024-07-23,Line A,Supplier 3,day,536,Operator 6,Machine 3,13.95,premium,28.71,13.33,false
2024-10-19,Line B,Supplier 3,evening,388,Operator 6,Machine 4,55.25,standard,76.61,19.47,false
2024-08-06,Line C,Supplier 2,evening,987,Operator 5,Machine 2,26.87,premium,30.67,17.56,false
2024-01-05,Line D,Supplier 1,evening,848,Operator 6,Machine 4,29.26,premium,73.35,25.1,false
2025-12-24,Line C,Supplier 5,night,1504,Operator 2,Machine 2,33.88,premium,61.7,13.9,false
2025-07-13,Line B,Supplier 3,day,493,Operator 6,Machine 2,19.53,premium,31.16,21.8,false
2024-02-24,Line B,Supplier 3,evening,50,Operator 6,Machine 5,16.86,premium,64.03,13.9,false
2024-06-13,Line C,Supplier 3,night,196,Operator 5,Machine 5,26.95,premium,34.67,11.25,false
2024-02-27,Line C,Supplier 3,evening,407,Operator 5,Machine 6,48.29,premium,44.02,20.04,true
2025-09-14,Line A,Supplier 2,day,557,Operator 2,Machine 1,44.06,premium,21.03,23.51,false
2025-04-08,Line D,Supplier 5,night,804,Operator 1,Machine 6,35.0,premium,45.31,16.09,true
2025-05-05,Line A,Supplier 3,day,654,Operator 5,Machine 3,36.72,premium,43.65,20.26,false
2024-07-29,Line D,Supplier 2,evening,1006,Operator 2,Machine 1,53.18,premium,43.77,24.09,false
2025-11-21,Line A,Supplier 3,day,850,Operator 4,Machine 5,26.61,premium,38.43,8.36,false
2024-05-21,Line D,Supplier 1,evening,343,Operator 3,Machine 2,52.27,premium,52.54,29.04,true
2025-01-05,Line B,Supplier 4,evening,660,Operator 8,Machine 2,25.22,premium,44.81,12.09,false
2024-04-01,Line C,Supplier 2,night,1355,Operator 2,Machine 5,34.51,standard,68.16,23.91,false
2025-04-18,Line A,Supplier 5,evening,1091,Operator 2,Machine 5,50.06,premium,29.07,15.86,false
2025-09-19,Line C,Supplier 1,night,50,Operator 5,Machine 5,40.38,standard,51.85,24.03,false
2025-12-02,Line B,Supplier 4,evening,50,Operator 3,Machine 5,21.43,premium,25.67,33.08,false
2024-02-11,Line A,Supplier 2,day,1107,Operator 2,Machine 3,46.8,premium,49.43,12.12,true
2024-01-31,Line D,Supplier 2,day,607,Operator 2,Machine 1,28.25,premium,75.61,15.14,false
2025-11-26,Line A,Supplier 2,evening,939,Operator 2,Machine 3,32.41,standard,58.98,28.79,false
2025-04-02,Line B,Supplier 1,night,131,Operator 6,Machine 2,41.48,premium,48.82,25.67,false
2025-09-01,Line C,Supplier 5,day,1063,Operator 2,Machine 5,25.68,premium,36.58,14.48,false
2024-05-18,Line B,Supplier 3,day,735,Operator 6,Machine 4,37.85,standard,70.37,25.96,false
2024-09-22,Line C,Supplier 3,evening,1225,Operator 2,Machine 1,25.37,standard,51.02,7.76,false
2025-06-29,Line D,Supplier 5,evening,1265,Operator 2,Machine 4,15.05,premium,62.68,10.63,true
2024-09-28,Line C,Supplier 1,day,320,Operator 8,Machine 6,43.99,premium,43.07,20.93,false
2024-04-07,Line A,Supplier 3,day,788,Operator 4,Machine 5,14.38,premium,38.76,17.02,false
2025-10-16,Line C,Supplier 4,day,501,Operator 1,Machine 2,42.27,premium,54.89,3.56,false
2024-02-20,Line D,Supplier 1,day,972,Operator 2,Machine 2,46.35,premium,35.73,24.87,false
2025-02-19,Line B,Supplier 5,evening,746,Operator 5,Machine 3,39.67,premium,34.68,16.91,false
2024-04-17,Line B,Supplier 5,day,494,Operator 5,Machine 6,29.14,premium,40.3,18.17,false
2024-08-17,Line A,Supplier 1,day,633,Operator 3,Machine 4,31.76,standard,54.72,20.73,false
2025-08-17,Line C,Supplier 5,night,631,Operator 6,Machine 3,37.0,premium,28.92,18.92,false
2024-11-08,Line A,Supplier 1,evening,1184,Operator 2,Machine 2,49.83,premium,43.68,24.71,false
2025-01-30,Line D,Supplier 2,night,900,Operator 2,Machine 5,52.04,premium,32.67,19.68,true
2024-05-14,Line A,Supplier 1,night,514,Operator 5,Machine 5,28.25,standard,76.41,25.08,true
2024-04-23,Line A,Supplier 5,evening,50,Operator 6,Machine 5,37.74,premium,50.41,17.83,false
2024-04-28,Line C,Supplier 3,day,1304,Operator 2,Machine 2,16.65,premium,35.0,17.64,true
2024-11-10,Line B,Supplier 1,evening,591,Operator 5,Machine 2,30.95,premium,46.02,15.12,true
2024-08-24,Line B,Supplier 3,day,589,Operator 4,Machine 2,31.97,premium,26.21,17.94,false
2024-03-12,Line B,Supplier 3,night,1028,Operator 8,Machine 5,5.0,premium,22.08,11.92,false
2025-10-04,Line D,Supplier 1,evening,282,Operator 1,Machine 1,48.58,standard,51.73,24.37,true
2024-08-03,Line A,Supplier 5,day,953,Operator 2,Machine 3,20.05,premium,53.44,16.7,false
2024-11-16,Line C,Supplier 3,evening,544,Operator 8,Machine 2,34.37,standard,46.08,32.21,false
2025-10-24,Line D,Supplier 4,evening,50,Operator 6,Machine 5,33.42,standard,60.89,25.69,false
2025-09-02,Line A,Supplier 2,evening,613,Operator 4,Machine 5,43.37,premium,42.33,28.56,false
2024-08-01,Line B,Supplier 3,day,1090,Operator 2,Machine 5,31.78,premium,55.64,23.5,false
2024-02-27,Line A,Supplier 3,day,969,Operator 2,Machine 2,11.74,premium,23.64,17.56,false
2024-05-26,Line A,Supplier 3,night,449,Operator 1,Machine 1,49.48,premium,49.19,22.86,true
2024-06-25,Line C,Supplier 3,night,634,Operator 2,Machine 1,11.32,standard,56.98,28.24,true
2025-04-03,Line B,Supplier 5,day,794,Operator 5,Machine 1,53.09,premium,41.81,21.21,false
2024-02-03,Line C,Supplier 1,day,230,Operator 6,Machine 5,37.15,premium,69.12,18.9,false
2024-10-20,Line A,Supplier 2,evening,560,Operator 1,Machine 5,39.87,premium,64.69,30.82,false
2024-12-18,Line D,Supplier 3,night,495,Operator 6,Machine 5,11.59,premium,40.71,18.97,false
2025-01-26,Line B,Supplier 1,day,787,Operator 5,Machine 2,57.89,premium,29.71,15.68,false
2024-10-17,Line C,Supplier 3,day,1008,Operator 2,Machine 2,27.91,premium,49.75,12.81,false
2025-08-14,Line C,Supplier 4,night,283,Operator 3,Machine 5,38.98,premium,60.02,22.88,false
2025-01-18,Line C,Supplier 3,evening,731,Operator 8,Machine 1,14.64,premium,44.1,20.36,false
2024-12-04,Line B,Supplier 4,evening,583,Operator 8,Machine 1,45.59,premium,36.71,20.34,false
2025-08-09,Line A,Supplier 2,day,837,Operator 1,Machine 5,26.56,premium,59.36,15.26,false
2025-07-25,Line B,Supplier 3,evening,720,Operator 4,Machine 2,15.7,premium,59.4,24.74,false
2025-05-18,Line C,Supplier 1,night,50,Operator 4,Machine 5,27.71,standard,68.98,16.83,false
2025-10-26,Line D,Supplier 2,night,242,Operator 8,Machine 4,27.88,premium,33.36,24.44,false
2024-10-02,Line D,Supplier 5,night,773,Operator 8,Machine 3,17.6,premium,46.59,32.89,true
2025-06-25,Line A,Supplier 4,evening,363,Operator 6,Machine 6,45.63,premium,46.23,6.8,false
2024-11-22,Line B,Supplier 4,night,360,Operator 6,Machine 5,28.48,premium,34.94,17.31,false
2025-09-07,Line B,Supplier 5,evening,1022,Operator 2,Machine 6,32.31,premium,30.29,19.4,false
2025-07-06,Line C,Supplier 3,day,399,Operator 6,Machine 2,55.0,premium,20.0,24.45,false
2025-10-10,Line D,Supplier 4,day,1053,Operator 2,Machine 4,32.28,premium,33.97,7.62,true
2025-10-26,Line D,Supplier 2,day,538,Operator 3,Machine 4,34.03,premium,20.0,24.02,false
2024-07-25,Line A,Supplier 5,night,723,Operator 5,Machine 1,37.51,premium,23.94,16.41,false
2024-08-24,Line A,Supplier 1,night,1134,Operator 2,Machine 6,64.39,premium,42.61,21.3,true
2024-06-25,Line D,Supplier 3,night,1284,Operator 2,Machine 5,39.64,premium,61.7,26.75,true
2024-10-27,Line B,Supplier 3,evening,912,Operator 2,Machine 6,35.55,premium,39.11,16.5,false
2025-10-27,Line D,Supplier 4,night,88,Operator 6,Machine 5,33.43,premium,45.46,24.96,true
2025-04-01,Line C,Supplier 3,evening,525,Operator 8,Machine 1,39.9,premium,20.0,24.05,false
2024-12-09,Line B,Supplier 1,day,451,Operator 4,Machine 1,16.64,premium,20.0,20.85,true
2024-03-04,Line A,Supplier 4,evening,685,Operator 5,Machine 4,27.54,premium,48.32,17.77,false
2025-10-22,Line A,Supplier 1,night,457,Operator 5,Machine 2,44.01,standard,56.29,23.34,true
2025-08-09,Line D,Supplier 1,evening,348,Operator 5,Machine 4,50.92,premium,23.43,20.17,false
2025-09-22,Line C,Supplier 1,day,327,Operator 2,Machine 6,24.94,standard,52.52,20.52,false
2024-12-16,Line D,Supplier 3,night,379,Operator 5,Machine 3,16.05,premium,72.92,23.99,true
2025-02-15,Line A,Supplier 3,day,637,Operator 3,Machine 1,29.86,premium,53.73,16.71,false
2024-11-09,Line B,Supplier 1,night,385,Operator 8,Machine 1,17.44,standard,69.65,10.54,false
2024-10-02,Line C,Supplier 3,evening,176,Operator 7,Machine 3,25.14,standard,65.5,14.45,false
2024-09-25,Line A,Supplier 4,day,834,Operator 4,Machine 3,25.72,premium,50.58,38.05,false
2025-01-30,Line A,Supplier 5,night,50,Operator 3,Machine 4,40.42,standard,58.46,28.96,false
2025-08-24,Line A,Supplier 5,evening,851,Operator 7,Machine 3,49.02,premium,62.18,22.81,false
2024-01-20,Line C,Supplier 3,evening,796,Operator 1,Machine 5,17.77,premium,54.48,15.23,false
2024-09-30,Line B,Supplier 4,night,1714,Operator 2,Machine 4,41.82,standard,58.58,16.6,false
2024-07-15,Line A,Supplier 4,evening,50,Operator 1,Machine 5,17.71,premium,40.74,20.77,false
2025-05-16,Line D,Supplier 2,day,686,Operator 3,Machine 1,57.96,standard,71.67,10.19,false
2025-04-23,Line A,Supplier 4,day,791,Operator 8,Machine 1,40.84,standard,89.0,5.27,false
2025-05-01,Line B,Supplier 5,day,907,Operator 2,Machine 2,28.61,premium,40.43,23.99,false
2025-09-17,Line B,Supplier 2,day,1205,Operator 2,Machine 6,40.55,premium,47.26,18.93,false
2025-09-07,Line B,Supplier 5,evening,1123,Operator 2,Machine 4,5.0,premium,40.69,14.09,false
2024-10-15,Line C,Supplier 4,day,383,Operator 8,Machine 5,35.16,standard,62.74,27.68,false
2025-12-20,Line B,Supplier 4,night,845,Operator 7,Machine 6,30.66,premium,49.92,18.88,true
2024-04-11,Line D,Supplier 3,day,999,Operator 2,Machine 4,41.57,premium,39.41,20.63,false
2025-07-02,Line D,Supplier 3,day,695,Operator 2,Machine 1,6.79,premium,65.34,20.64,false
2025-08-23,Line B,Supplier 1,day,669,Operator 2,Machine 5,27.97,premium,40.3,14.77,false
2025-02-20,Line C,Supplier 5,day,650,Operator 6,Machine 4,50.12,premium,39.35,27.7,false
2025-09-06,Line B,Supplier 1,evening,765,Operator 1,Machine 6,32.23,premium,48.13,33.34,false
2024-05-01,Line B,Supplier 5,evening,780,Operator 5,Machine 5,46.04,standard,76.48,26.99,false
2025-04-03,Line C,Supplier 3,day,688,Operator 7,Machine 1,34.29,premium,34.84,28.31,false
2025-01-22,Line D,Supplier 1,evening,576,Operator 6,Machine 2,44.75,standard,50.97,22.92,true
2024-05-15,Line B,Supplier 2,day,734,Operator 3,Machine 4,5.0,premium,22.53,20.72,true
2025-09-03,Line B,Supplier 2,night,552,Operator 3,Machine 4,30.69,premium,26.61,19.45,false
2025-10-01,Line B,Supplier 3,night,1049,Operator 2,Machine 4,13.42,premium,35.85,14.36,false
2024-04-10,Line D,Supplier 2,evening,722,Operator 3,Machine 1,36.46,premium,71.24,17.43,false
2025-02-04,Line C,Supplier 2,evening,556,Operator 3,Machine 6,24.27,standard,64.4,13.37,false
2024-03-20,Line C,Supplier 4,evening,530,Operator 1,Machine 1,22.24,premium,50.08,22.99,false
2024-11-04,Line C,Supplier 2,evening,1002,Operator 4,Machine 3,22.95,standard,58.83,17.33,true
2024-07-10,Line B,Supplier 4,evening,295,Operator 6,Machine 5,30.24,premium,48.33,27.92,true
2025-05-20,Line D,Supplier 5,night,288,Operator 6,Machine 5,61.5,premium,72.16,13.63,false
2025-11-05,Line C,Supplier 4,day,1159,Operator 2,Machine 3,33.96,premium,42.3,25.96,false
2025-07-15,Line C,Supplier 2,evening,747,Operator 2,Machine 2,23.18,premium,65.97,16.66,true
2025-04-08,Line C,Supplier 1,evening,932,Operator 4,Machine 4,19.47,premium,42.47,25.21,true
2025-12-15,Line B,Supplier 5,night,579,Operator 8,Machine 6,44.98,premium,48.2,17.92,false
2024-11-23,Line C,Supplier 5,night,366,Operator 5,Machine 1,31.2,premium,54.99,27.13,false
2024-09-29,Line A,Supplier 5,night,869,Operator 7,Machine 6,53.76,premium,39.31,25.04,false
2025-03-13,Line B,Supplier 2,day,613,Operator 2,Machine 2,23.68,premium,33.26,13.71,false
2025-01-15,Line C,Supplier 1,day,930,Operator 2,Machine 2,38.94,standard,55.17,22.29,false
2024-09-24,Line D,Supplier 2,day,364,Operator 7,Machine 5,29.03,premium,39.68,19.1,false
2025-02-18,Line A,Supplier 4,evening,801,Operator 1,Machine 5,16.31,premium,28.6,23.2,false
2025-02-22,Line B,Supplier 2,night,50,Operator 7,Machine 5,27.68,premium,44.76,26.2,true
2025-04-23,Line C,Supplier 1,night,696,Operator 3,Machine 5,28.99,premium,68.57,11.64,false
2024-06-22,Line D,Supplier 3,evening,1210,Operator 2,Machine 5,10.31,premium,20.14,18.69,false
2024-06-13,Line C,Supplier 2,evening,914,Operator 2,Machine 6,53.02,premium,46.97,16.65,false
2025-06-03,Line B,Supplier 1,night,675,Operator 7,Machine 3,40.44,premium,67.35,26.7,false
2025-03-17,Line A,Supplier 4,night,460,Operator 6,Machine 6,30.51,premium,48.22,18.62,true
2025-01-01,Line D,Supplier 4,day,543,Operator 2,Machine 6,27.62,premium,30.91,29.21,false
2025-11-09,Line A,Supplier 4,evening,1077,Operator 2,Machine 6,58.16,premium,39.53,18.19,false
2025-08-24,Line B,Supplier 3,night,705,Operator 5,Machine 3,37.81,standard,61.25,24.23,false
2025-03-01,Line B,Supplier 3,night,929,Operator 2,Machine 6,40.4,standard,50.83,27.16,false
2024-02-02,Line A,Supplier 3,night,497,Operator 7,Machine 4,13.71,premium,31.38,31.53,false
2024-03-09,Line D,Supplier 3,night,604,Operator 7,Machine 2,20.66,premium,35.76,25.49,false
2024-05-20,Line D,Supplier 3,evening,412,Operator 6,Machine 2,32.42,premium,20.0,24.43,false
2024-12-30,Line A,Supplier 5,evening,1213,Operator 1,Machine 5,38.47,premium,33.12,24.47,false
2024-09-20,Line D,Supplier 5,evening,485,Operator 5,Machine 6,36.67,premium,42.52,14.23,false
2025-09-20,Line A,Supplier 4,night,667,Operator 2,Machine 1,37.23,standard,50.53,24.25,false
2025-10-06,Line A,Supplier 5,night,1390,Operator 2,Machine 3,43.46,premium,62.43,21.04,false
2024-10-25,Line A,Supplier 5,day,722,Operator 3,Machine 1,36.39,standard,63.84,10.62,false
2025-06-11,Line A,Supplier 2,night,596,Operator 4,Machine 3,27.21,standard,60.02,19.98,true
2025-06-03,Line B,Supplier 3,night,1233,Operator 3,Machine 1,11.68,premium,29.61,19.26,false
2024-10-03,Line D,Supplier 3,night,766,Operator 7,Machine 3,24.11,premium,49.17,21.65,false
2025-09-03,Line A,Supplier 5,night,830,Operator 3,Machine 3,30.27,premium,60.78,29.84,false
2025-08-08,Line C,Supplier 2,night,491,Operator 6,Machine 6,39.11,standard,64.79,17.4,false
2025-05-02,Line D,Supplier 4,day,359,Operator 8,Machine 5,40.75,standard,38.28,28.47,false
2024-08-04,Line A,Supplier 4,evening,432,Operator 3,Machine 4,24.55,standard,52.81,17.75,false
2025-07-15,Line C,Supplier 1,day,295,Operator 1,Machine 2,33.75,premium,38.34,18.02,false
2025-11-24,Line D,Supplier 5,evening,681,Operator 3,Machine 3,54.62,premium,50.65,25.73,false
2024-11-07,Line B,Supplier 4,evening,493,Operator 8,Machine 3,26.85,premium,34.19,28.03,false
2025-12-29,Line A,Supplier 1,night,361,Operator 3,Machine 1,17.08,premium,48.79,18.1,true
2024-04-19,Line A,Supplier 5,day,901,Operator 2,Machine 5,47.01,premium,33.26,15.35,false
2025-01-14,Line A,Supplier 2,night,744,Operator 8,Machine 1,34.7,premium,33.42,31.49,false
2024-05-21,Line A,Supplier 5,day,570,Operator 6,Machine 2,22.85,premium,54.67,18.47,false
2025-02-06,Line D,Supplier 3,evening,826,Operator 1,Machine 6,17.13,premium,35.74,19.88,false
2025-05-13,Line B,Supplier 3,night,131,Operator 7,Machine 5,27.48,premium,42.29,34.2,true
2025-07-20,Line A,Supplier 3,evening,415,Operator 6,Machine 2,26.92,standard,57.81,24.48,false
2024-01-27,Line A,Supplier 3,night,788,Operator 3,Machine 3,15.85,premium,38.52,9.48,false
2024-06-10,Line C,Supplier 3,day,889,Operator 7,Machine 6,46.86,premium,38.62,19.18,false
2025-10-31,Line B,Supplier 5,evening,1009,Operator 2,Machine 2,40.01,premium,38.41,24.29,false
2024-05-03,Line D,Supplier 1,evening,556,Operator 4,Machine 6,32.23,premium,81.78,32.08,true
2024-09-30,Line C,Supplier 1,day,1073,Operator 8,Machine 3,41.65,premium,50.97,18.75,false
2025-09-01,Line B,Supplier 5,evening,320,Operator 3,Machine 5,25.56,premium,53.6,23.93,false
2024-06-27,Line A,Supplier 1,evening,485,Operator 4,Machine 2,7.73,premium,24.8,22.12,false
2024-08-25,Line A,Supplier 1,evening,657,Operator 5,Machine 4,46.81,premium,34.02,28.98,false
2025-03-02,Line A,Supplier 3,night,499,Operator 3,Machine 3,41.5,premium,51.53,11.92,true
2025-01-13,Line A,Supplier 4,evening,883,Operator 2,Machine 6,25.13,standard,53.8,9.28,false
2025-06-29,Line B,Supplier 3,night,534,Operator 8,Machine 3,18.64,standard,56.99,22.14,false
2024-03-02,Line B,Supplier 2,day,789,Operator 6,Machine 4,37.62,standard,56.05,29.77,false
2024-03-05,Line A,Supplier 3,evening,1193,Operator 7,Machine 1,7.04,premium,66.65,20.77,true
2025-12-16,Line D,Supplier 3,evening,50,Operator 7,Machine 5,34.95,premium,73.79,24.48,false
2025-01-31,Line D,Supplier 5,evening,544,Operator 2,Machine 2,52.24,standard,61.11,16.05,false
2024-06-06,Line B,Supplier 4,night,212,Operator 1,Machine 5,31.64,standard,70.08,21.49,false
2025-01-17,Line C,Supplier 1,day,499,Operator 2,Machine 3,42.73,premium,56.0,25.15,false
2024-07-18,Line D,Supplier 4,night,440,Operator 2,Machine 3,39.66,premium,58.43,34.98,true
2024-08-06,Line C,Supplier 3,night,951,Operator 2,Machine 2,12.6,standard,60.55,22.05,true
2024-07-16,Line D,Supplier 5,day,271,Operator 1,Machine 5,43.82,premium,30.99,25.27,false
2024-03-09,Line B,Supplier 4,night,726,Operator 5,Machine 5,13.37,standard,55.25,11.23,false
2025-02-06,Line B,Supplier 2,night,329,Operator 2,Machine 2,23.94,premium,32.42,16.11,false
2024-05-21,Line A,Supplier 2,night,412,Operator 4,Machine 1,44.57,premium,32.86,24.73,false
2025-04-06,Line B,Supplier 3,evening,458,Operator 8,Machine 5,25.2,premium,65.44,7.03,true
2025-04-20,Line D,Supplier 1,day,1184,Operator 6,Machine 5,21.01,premium,67.63,27.77,false
2024-04-13,Line B,Supplier 3,evening,1136,Operator 5,Machine 3,14.1,standard,67.84,37.7,false
2025-12-06,Line C,Supplier 1,night,50,Operator 3,Machine 5,28.19,premium,43.55,17.54,false
2025-02-23,Line C,Supplier 1,day,1236,Operator 8,Machine 2,19.83,standard,71.37,30.24,false
2025-08-25,Line C,Supplier 3,day,505,Operator 1,Machine 1,47.72,premium,45.86,27.69,false
2024-08-10,Line C,Supplier 4,evening,1402,Operator 2,Machine 2,22.84,standard,56.31,32.44,false
2025-09-15,Line C,Supplier 1,day,784,Operator 1,Machine 6,22.52,standard,67.15,29.7,false
2025-11-17,Line A,Supplier 4,night,647,Operator 7,Machine 4,36.62,premium,24.75,40.0,true
2025-01-28,Line C,Supplier 4,night,727,Operator 7,Machine 4,29.76,premium,75.16,16.65,true
2024-08-30,Line B,Supplier 1,day,390,Operator 2,Machine 5,22.57,standard,52.25,18.71,false
2024-04-14,Line B,Supplier 4,night,313,Operator 7,Machine 1,32.19,premium,39.89,25.45,true
2025-01-23,Line A,Supplier 5,evening,1303,Operator 2,Machine 2,19.78,premium,37.66,29.37,false
2024-02-11,Line A,Supplier 1,day,270,Operator 3,Machine 5,26.25,premium,38.07,15.56,false
2025-02-17,Line B,Supplier 3,day,461,Operator 2,Machine 4,35.06,premium,78.52,24.77,true
2024-04-19,Line D,Supplier 4,night,359,Operator 4,Machine 5,16.76,standard,56.21,16.33,false
2024-09-12,Line A,Supplier 4,evening,509,Operator 4,Machine 2,29.0,standard,50.62,6.33,false
2024-02-06,Line C,Supplier 3,day,941,Operator 2,Machine 3,14.26,premium,32.53,29.68,false
2025-05-12,Line B,Supplier 3,evening,505,Operator 3,Machine 3,38.99,premium,62.49,18.26,false
2025-11-09,Line B,Supplier 4,night,775,Operator 8,Machine 2,33.04,premium,38.83,14.91,false
2025-05-09,Line C,Supplier 4,evening,989,Operator 3,Machine 2,36.27,premium,54.26,18.78,false
2024-12-01,Line A,Supplier 5,evening,548,Operator 6,Machine 4,31.7,premium,21.81,28.47,false
2025-03-18,Line A,Supplier 3,evening,666,Operator 5,Machine 5,8.66,premium,56.33,34.58,true
2025-07-24,Line B,Supplier 2,night,845,Operator 3,Machine 5,26.87,premium,40.79,22.15,false
2025-08-10,Line A,Supplier 1,day,319,Operator 2,Machine 3,24.74,premium,37.92,10.21,false
2025-04-07,Line C,Supplier 3,day,530,Operator 8,Machine 6,36.86,premium,40.68,23.5,false
2025-02-17,Line A,Supplier 2,day,1194,Operator 2,Machine 6,16.61,standard,55.79,18.96,false
2024-11-06,Line D,Supplier 2,night,468,Operator 2,Machine 2,30.78,premium,24.03,22.41,false
2024-03-11,Line A,Supplier 1,day,713,Operator 6,Machine 5,29.29,premium,66.88,16.62,false
2025-08-24,Line A,Supplier 2,night,937,Operator 8,Machine 6,48.8,standard,61.57,17.34,false
2024-04-06,Line D,Supplier 5,day,302,Operator 2,Machine 3,5.0,premium,32.46,26.1,false
2024-11-21,Line C,Supplier 2,day,1030,Operator 2,Machine 4,41.83,standard,62.35,17.8,false
2024-07-07,Line D,Supplier 1,evening,1396,Operator 2,Machine 3,52.7,premium,33.16,26.03,true
2025-12-27,Line C,Supplier 1,night,1021,Operator 2,Machine 2,40.87,premium,34.77,16.46,true
2024-03-01,Line A,Supplier 2,day,678,Operator 2,Machine 4,5.0,premium,46.37,11.36,false
2024-06-03,Line D,Supplier 3,evening,553,Operator 3,Machine 1,18.9,premium,39.91,14.35,false
2024-11-08,Line A,Supplier 5,evening,659,Operator 3,Machine 1,53.41,premium,45.29,28.62,false
2025-11-22,Line D,Supplier 4,day,771,Operator 6,Machine 5,37.66,premium,36.08,31.09,false
2025-04-18,Line A,Supplier 3,evening,687,Operator 7,Machine 2,20.32,premium,27.45,15.33,false
2024-09-05,Line C,Supplier 4,evening,1173,Operator 2,Machine 2,28.84,premium,47.86,24.76,false
2025-08-25,Line B,Supplier 4,day,340,Operator 2,Machine 2,35.6,premium,41.63,20.67,false
2025-04-05,Line D,Supplier 1,evening,215,Operator 7,Machine 5,53.73,standard,53.18,7.13,false
2024-07-19,Line B,Supplier 3,night,50,Operator 3,Machine 5,40.64,standard,58.07,18.86,false
2025-03-16,Line B,Supplier 4,night,267,Operator 4,Machine 5,60.49,premium,42.34,27.46,false
2024-09-09,Line A,Supplier 5,night,843,Operator 7,Machine 4,19.12,premium,45.21,18.06,false
2024-03-03,Line D,Supplier 5,evening,175,Operator 1,Machine 5,40.32,standard,60.74,3.46,false
2025-02-02,Line B,Supplier 5,day,785,Operator 5,Machine 2,44.46,premium,51.4,17.14,false
2025-12-20,Line B,Supplier 1,evening,1249,Operator 2,Machine 1,46.25,premium,72.26,21.87,false
2025-08-31,Line D,Supplier 5,day,777,Operator 2,Machine 5,35.59,standard,50.21,17.64,true
2025-12-28,Line A,Supplier 3,night,433,Operator 1,Machine 3,51.17,premium,28.52,9.56,true
2024-08-29,Line A,Supplier 3,night,608,Operator 7,Machine 5,9.24,standard,55.62,15.19,false
2025-03-21,Line B,Supplier 1,day,761,Operator 4,Machine 5,29.11,standard,55.39,19.47,false
2024-05-12,Line A,Supplier 4,night,505,Operator 6,Machine 3,35.31,standard,67.52,26.01,true
2024-08-07,Line B,Supplier 5,night,863,Operator 4,Machine 3,24.97,premium,38.86,27.38,false
2024-12-20,Line C,Supplier 5,night,50,Operator 4,Machine 5,31.64,standard,64.05,22.4,false
2025-03-22,Line C,Supplier 5,day,375,Operator 3,Machine 6,27.32,standard,52.52,2.52,false
2024-01-27,Line D,Supplier 3,evening,445,Operator 8,Machine 3,27.82,premium,60.02,20.04,false
2024-02-03,Line A,Supplier 4,night,1168,Operator 2,Machine 4,52.47,premium,35.46,30.37,false
2025-02-25,Line C,Supplier 2,night,1108,Operator 2,Machine 6,43.7,premium,65.95,19.27,true
2024-07-14,Line B,Supplier 4,evening,1020,Operator 2,Machine 5,21.16,premium,34.14,7.37,false
2025-10-10,Line B,Supplier 2,evening,50,Operator 8,Machine 5,33.54,premium,54.24,23.03,true
2024-05-18,Line A,Supplier 4,night,92,Operator 2,Machine 5,33.73,premium,35.51,25.94,true
2025-08-16,Line D,Supplier 5,night,731,Operator 4,Machine 3,28.46,standard,59.62,18.35,true
2025-10-09,Line D,Supplier 3,night,753,Operator 8,Machine 3,39.79,premium,22.59,17.23,false
2025-04-06,Line B,Supplier 3,evening,728,Operator 1,Machine 2,35.79,premium,35.87,24.46,true
2024-02-15,Line D,Supplier 3,evening,686,Operator 3,Machine 1,5.0,premium,31.42,20.46,false
2025-04-17,Line A,Supplier 5,day,270,Operator 3,Machine 1,34.06,premium,52.67,19.81,false
2024-05-20,Line C,Supplier 2,night,909,Operator 2,Machine 5,58.18,premium,67.7,15.37,false
2024-09-04,Line B,Supplier 3,day,968,Operator 2,Machine 3,27.35,standard,62.42,23.72,false
2025-10-26,Line A,Supplier 1,day,1105,Operator 2,Machine 2,22.14,premium,65.74,19.39,false
2025-03-02,Line C,Supplier 1,day,976,Operator 2,Machine 3,17.8,standard,79.44,13.91,false
2024-01-21,Line A,Supplier 1,day,1041,Operator 2,Machine 4,30.59,premium,42.26,22.2,false
2024-08-07,Line B,Supplier 3,evening,605,Operator 7,Machine 1,38.29,standard,81.97,26.9,false
2024-11-06,Line A,Supplier 4,day,584,Operator 1,Machine 3,39.77,premium,38.42,21.07,false
2025-10-24,Line C,Supplier 2,night,688,Operator 7,Machine 1,25.41,premium,24.29,31.13,true
2024-02-25,Line B,Supplier 2,evening,505,Operator 5,Machine 6,54.29,standard,51.39,37.55,false
2024-08-06,Line A,Supplier 5,evening,822,Operator 2,Machine 4,43.66,standard,45.85,17.44,false
2025-04-02,Line B,Supplier 1,evening,861,Operator 7,Machine 4,41.24,standard,56.51,22.82,false
2025-07-06,Line A,Supplier 2,night,522,Operator 1,Machine 4,35.59,premium,25.88,13.87,false
2024-03-09,Line C,Supplier 1,day,622,Operator 8,Machine 5,40.42,premium,43.31,22.18,false
2025-01-19,Line D,Supplier 4,day,1138,Operator 6,Machine 2,30.33,premium,49.64,19.5,false
2024-08-12,Line A,Supplier 2,evening,1115,Operator 1,Machine 5,47.72,premium,55.11,17.45,false
2024-02-08,Line C,Supplier 3,day,615,Operator 7,Machine 1,15.46,standard,64.59,13.47,false
2025-08-13,Line A,Supplier 5,day,188,Operator 2,Machine 5,30.19,premium,44.89,22.94,false
2024-10-27,Line B,Supplier 5,night,406,Operator 8,Machine 4,28.29,premium,47.96,17.66,false
2025-06-28,Line C,Supplier 2,night,385,Operator 4,Machine 6,17.69,premium,35.76,25.09,false
2025-03-07,Line C,Supplier 5,night,789,Operator 4,Machine 1,35.12,premium,43.26,33.12,true
2024-01-01,Line A,Supplier 5,day,939,Operator 2,Machine 2,31.81,premium,29.85,13.39,false
2025-05-01,Line B,Supplier 4,evening,1430,Operator 2,Machine 6,39.13,standard,67.56,11.64,false
2024-04-29,Line C,Supplier 1,evening,443,Operator 1,Machine 2,43.97,premium,25.29,19.61,false
2025-11-29,Line C,Supplier 1,day,168,Operator 5,Machine 5,44.97,premium,71.78,22.33,false
2024-12-14,Line B,Supplier 5,evening,497,Operator 7,Machine 5,29.97,premium,42.31,17.36,false
2024-12-23,Line A,Supplier 3,night,1017,Operator 2,Machine 1,52.26,premium,21.82,36.24,true
2025-05-23,Line B,Supplier 2,evening,520,Operator 6,Machine 3,30.03,premium,43.09,29.45,true
2025-07-17,Line C,Supplier 5,night,472,Operator 7,Machine 3,20.77,premium,63.71,22.39,false
2024-04-04,Line C,Supplier 1,evening,646,Operator 3,Machine 1,28.72,premium,28.93,20.05,true
2025-04-23,Line D,Supplier 4,day,784,Operator 6,Machine 6,28.07,premium,45.64,20.39,false
2025-10-02,Line D,Supplier 3,night,492,Operator 8,Machine 4,42.77,premium,46.19,17.64,true
2025-02-17,Line A,Supplier 5,night,962,Operator 2,Machine 5,32.49,premium,50.06,29.25,true
2024-10-15,Line D,Supplier 4,night,719,Operator 7,Machine 1,31.88,premium,31.66,14.61,false
2024-03-16,Line A,Supplier 2,day,727,Operator 8,Machine 4,35.43,standard,60.75,20.12,false
2024-03-10,Line A,Supplier 5,night,669,Operator 1,Machine 2,23.79,premium,41.49,20.88,false
2025-02-23,Line A,Supplier 1,night,393,Operator 8,Machine 3,29.26,premium,60.49,0.96,false
2024-10-08,Line C,Supplier 4,day,686,Operator 8,Machine 2,47.13,premium,38.6,13.75,false
2024-08-13,Line C,Supplier 3,evening,117,Operator 4,Machine 5,14.78,premium,21.68,14.05,false
2025-05-09,Line B,Supplier 4,day,1107,Operator 7,Machine 3,29.5,premium,36.93,16.43,true
2024-07-26,Line B,Supplier 4,evening,528,Operator 6,Machine 2,42.99,standard,95.0,27.47,false
2025-03-27,Line B,Supplier 3,night,981,Operator 2,Machine 6,11.93,premium,36.92,24.04,false
2024-09-26,Line D,Supplier 5,evening,722,Operator 5,Machine 2,37.87,premium,43.83,16.81,false
2024-03-08,Line C,Supplier 1,day,635,Operator 6,Machine 1,53.57,premium,26.34,26.23,false
2025-09-13,Line A,Supplier 5,night,579,Operator 4,Machine 2,36.38,premium,28.69,13.64,false
2024-05-08,Line A,Supplier 5,day,50,Operator 8,Machine 4,40.64,premium,47.81,15.39,false
2025-12-12,Line D,Supplier 2,night,324,Operator 2,Machine 3,20.09,premium,35.85,25.69,false
2025-03-09,Line C,Supplier 4,evening,623,Operator 8,Machine 1,52.04,premium,56.28,27.94,false
2025-08-10,Line C,Supplier 1,evening,728,Operator 1,Machine 1,33.68,standard,60.96,24.51,false
2024-07-05,Line B,Supplier 3,day,859,Operator 4,Machine 2,33.04,premium,42.69,16.44,false
2025-02-17,Line D,Supplier 3,day,1316,Operator 2,Machine 2,31.67,standard,72.27,16.58,false
2024-10-22,Line D,Supplier 5,night,802,Operator 7,Machine 3,25.5,standard,54.05,24.11,false
2025-12-07,Line D,Supplier 3,evening,1026,Operator 2,Machine 2,19.79,standard,58.89,38.06,false
2025-08-25,Line D,Supplier 3,day,1408,Operator 2,Machine 1,39.43,standard,78.79,2.92,false
2025-01-09,Line C,Supplier 3,day,1149,Operator 2,Machine 5,43.4,premium,27.11,17.3,false
2025-05-09,Line A,Supplier 4,day,994,Operator 2,Machine 4,41.05,premium,53.39,13.5,false
2024-09-29,Line C,Supplier 4,day,428,Operator 3,Machine 2,45.27,premium,43.18,18.74,false
2024-12-24,Line B,Supplier 1,day,337,Operator 3,Machine 6,30.23,premium,43.63,26.34,false
2025-03-28,Line B,Supplier 4,evening,53,Operator 7,Machine 5,30.65,premium,43.83,16.84,false
2025-04-05,Line C,Supplier 4,evening,521,Operator 5,Machine 3,22.46,standard,50.12,24.32,false
2025-10-07,Line C,Supplier 5,day,643,Operator 3,Machine 5,29.46,standard,61.27,18.11,false
2024-10-13,Line A,Supplier 4,night,763,Operator 6,Machine 4,25.32,premium,30.39,19.5,false
2024-01-02,Line B,Supplier 2,night,1280,Operator 2,Machine 4,29.74,premium,41.11,25.17,true
2025-12-17,Line A,Supplier 1,night,685,Operator 1,Machine 5,32.43,standard,57.86,31.39,true
2025-12-31,Line A,Supplier 3,day,376,Operator 6,Machine 1,5.0,premium,49.26,23.66,false
2025-12-16,Line C,Supplier 2,day,50,Operator 5,Machine 5,54.21,premium,48.57,27.98,false
2025-06-01,Line A,Supplier 3,day,604,Operator 6,Machine 6,17.75,premium,20.94,40.0,true
2024-04-22,Line B,Supplier 3,evening,238,Operator 2,Machine 3,19.42,premium,69.11,25.67,false
2024-01-23,Line B,Supplier 1,night,723,Operator 6,Machine 3,27.05,standard,70.07,21.02,true
2025-07-28,Line C,Supplier 1,evening,865,Operator 1,Machine 3,39.51,premium,52.26,14.06,false
2025-08-09,Line B,Supplier 5,night,1096,Operator 2,Machine 4,37.3,premium,43.87,24.9,false
2024-04-05,Line B,Supplier 4,day,446,Operator 3,Machine 5,34.98,standard,52.58,19.72,false
2025-11-21,Line B,Supplier 5,evening,345,Operator 7,Machine 2,23.89,premium,35.03,24.84,false
2025-09-29,Line C,Supplier 2,evening,627,Operator 5,Machine 6,27.93,premium,57.85,16.07,true
2025-08-25,Line D,Supplier 2,evening,1015,Operator 7,Machine 1,5.0,premium,20.0,20.38,true
2024-09-10,Line A,Supplier 5,day,666,Operator 2,Machine 1,45.99,premium,57.68,12.13,false
2025-07-23,Line C,Supplier 3,day,1014,Operator 2,Machine 4,39.26,premium,33.51,27.86,false
2025-08-02,Line A,Supplier 1,evening,630,Operator 5,Machine 1,41.62,premium,38.07,10.85,false
2024-11-23,Line A,Supplier 5,day,506,Operator 8,Machine 4,23.44,premium,60.82,27.43,false
2025-01-07,Line A,Supplier 4,day,1465,Operator 1,Machine 1,30.21,premium,39.08,36.32,false
2024-01-08,Line B,Supplier 5,night,528,Operator 3,Machine 1,34.27,premium,51.72,19.84,false
2024-07-09,Line D,Supplier 3,night,310,Operator 3,Machine 1,11.14,premium,72.74,30.8,false
2025-07-19,Line A,Supplier 3,evening,1197,Operator 6,Machine 1,15.68,premium,48.97,7.66,false
2024-06-28,Line B,Supplier 5,evening,685,Operator 1,Machine 1,44.65,premium,53.65,12.41,false
2025-01-11,Line C,Supplier 5,evening,706,Operator 7,Machine 6,49.63,premium,48.5,29.32,false
2024-02-01,Line A,Supplier 5,night,616,Operator 7,Machine 3,33.05,premium,39.0,27.04,false
2024-05-04,Line A,Supplier 3,night,523,Operator 5,Machine 6,46.29,standard,71.44,31.14,true
2024-10-16,Line D,Supplier 3,day,746,Operator 7,Machine 2,22.23,premium,34.2,18.99,false
2025-05-31,Line A,Supplier 2,day,675,Operator 3,Machine 4,33.82,standard,64.48,28.7,false
2025-04-30,Line C,Supplier 3,night,1207,Operator 1,Machine 2,36.34,premium,54.18,17.5,false
2024-12-26,Line A,Supplier 2,day,754,Operator 6,Machine 6,38.54,standard,56.95,21.89,false
2024-03-29,Line B,Supplier 1,day,820,Operator 5,Machine 3,42.84,premium,26.1,26.98,false
2025-02-25,Line B,Supplier 1,evening,328,Operator 2,Machine 5,50.06,premium,71.91,29.86,true
2024-03-30,Line C,Supplier 1,day,579,Operator 6,Machine 6,21.87,standard,52.0,21.77,false
2025-11-10,Line B,Supplier 3,night,377,Operator 7,Machine 4,30.38,premium,53.46,30.14,false
2025-10-05,Line D,Supplier 4,evening,547,Operator 8,Machine 3,11.85,premium,49.52,32.28,false
2025-11-18,Line D,Supplier 4,evening,775,Operator 4,Machine 1,41.87,premium,48.35,22.67,false
2025-04-28,Line A,Supplier 2,day,750,Operator 2,Machine 4,15.77,premium,72.97,12.84,false
2024-10-03,Line A,Supplier 4,evening,589,Operator 1,Machine 2,40.15,premium,50.72,22.42,false
2025-12-27,Line D,Supplier 3,evening,51,Operator 6,Machine 5,41.57,premium,70.72,31.31,false
2024-03-31,Line B,Supplier 4,night,1306,Operator 2,Machine 4,26.25,premium,40.32,20.86,true
2025-06-05,Line B,Supplier 5,day,247,Operator 2,Machine 5,47.03,premium,43.74,16.67,false
2025-10-08,Line D,Supplier 4,evening,613,Operator 4,Machine 1,30.87,standard,45.95,25.99,false
2025-04-09,Line B,Supplier 3,day,530,Operator 5,Machine 3,19.29,premium,76.68,29.86,false
2025-12-07,Line C,Supplier 3,night,556,Operator 7,Machine 1,19.99,standard,51.71,6.35,true
2025-06-21,Line A,Supplier 4,evening,659,Operator 8,Machine 6,9.51,premium,57.54,23.32,false
2025-12-31,Line D,Supplier 5,day,717,Operator 3,Machine 5,24.05,premium,40.47,26.42,false
2025-01-27,Line D,Supplier 3,night,863,Operator 5,Machine 6,26.74,premium,33.87,3.27,false
2025-08-05,Line B,Supplier 5,night,1086,Operator 2,Machine 1,39.12,premium,21.19,3.53,false
2024-06-17,Line A,Supplier 2,day,685,Operator 2,Machine 4,46.98,standard,53.89,27.79,false
2025-10-06,Line B,Supplier 4,night,1383,Operator 6,Machine 5,12.67,standard,72.62,18.34,false
2024-12-28,Line A,Supplier 3,evening,699,Operator 3,Machine 6,10.28,premium,39.53,17.33,false
2025-03-31,Line C,Supplier 2,night,597,Operator 4,Machine 4,36.17,premium,38.76,28.8,true
2024-09-29,Line B,Supplier 3,night,1182,Operator 2,Machine 1,29.02,premium,42.06,12.89,false
2024-12-18,Line A,Supplier 3,day,56,Operator 2,Machine 5,32.39,premium,27.4,17.42,true
2024-01-12,Line D,Supplier 5,night,759,Operator 2,Machine 3,35.95,premium,64.29,13.41,false
2024-06-05,Line A,Supplier 4,night,568,Operator 7,Machine 4,26.43,premium,54.45,31.02,false
2024-05-17,Line A,Supplier 3,day,294,Operator 4,Machine 5,16.21,premium,49.76,22.24,true
2025-06-11,Line D,Supplier 3,day,1543,Operator 2,Machine 6,19.57,standard,71.07,26.77,false
2025-03-03,Line A,Supplier 5,evening,656,Operator 2,Machine 1,12.24,premium,44.64,7.4,false
2024-04-08,Line A,Supplier 4,evening,932,Operator 2,Machine 3,29.36,standard,51.4,30.09,false
2025-07-06,Line B,Supplier 3,day,805,Operator 3,Machine 5,29.63,premium,45.21,26.05,false
2024-03-06,Line A,Supplier 4,day,826,Operator 7,Machine 1,32.27,premium,39.14,21.18,false
2024-01-03,Line B,Supplier 1,evening,314,Operator 1,Machine 2,25.59,premium,54.13,24.07,true
2024-04-01,Line A,Supplier 1,day,296,Operator 8,Machine 5,25.31,premium,53.44,16.29,false
2025-10-10,Line D,Supplier 3,evening,408,Operator 7,Machine 3,38.28,premium,26.52,10.73,false
2025-09-03,Line A,Supplier 3,day,1012,Operator 2,Machine 1,10.02,premium,21.28,21.22,false
2025-08-24,Line C,Supplier 5,day,50,Operator 6,Machine 5,34.46,premium,61.58,13.83,false
2024-01-23,Line C,Supplier 3,day,733,Operator 2,Machine 2,36.14,premium,45.03,16.15,false
2024-04-22,Line D,Supplier 5,evening,353,Operator 7,Machine 1,59.93,standard,51.58,10.98,false
2024-11-25,Line B,Supplier 5,evening,583,Operator 2,Machine 5,24.57,premium,70.7,11.02,false
2025-02-24,Line C,Supplier 4,day,706,Operator 5,Machine 4,48.67,premium,20.0,29.24,false
2024-09-14,Line D,Supplier 2,day,772,Operator 4,Machine 5,59.5,standard,55.17,23.5,false
2025-07-29,Line D,Supplier 2,evening,432,Operator 2,Machine 5,33.36,premium,63.37,23.67,false
2025-11-02,Line B,Supplier 4,evening,601,Operator 6,Machine 6,38.15,premium,39.17,25.83,false
2024-06-19,Line C,Supplier 5,night,644,Operator 5,Machine 2,47.89,standard,55.58,28.17,false
2025-08-26,Line A,Supplier 1,night,958,Operator 2,Machine 4,24.0,premium,22.13,22.39,false
2024-10-16,Line A,Supplier 5,night,575,Operator 7,Machine 3,45.35,premium,40.24,19.97,false
2025-04-02,Line A,Supplier 3,evening,429,Operator 5,Machine 3,36.78,premium,28.75,14.77,false
2025-08-15,Line A,Supplier 1,night,117,Operator 7,Machine 5,34.12,premium,37.18,23.99,true
2025-01-22,Line C,Supplier 2,day,925,Operator 2,Machine 4,50.89,standard,64.25,29.15,false
2024-02-28,Line B,Supplier 3,night,78,Operator 4,Machine 5,26.73,premium,44.89,21.87,true
2025-09-22,Line A,Supplier 3,day,895,Operator 7,Machine 6,22.72,premium,43.73,19.08,false
2025-04-14,Line C,Supplier 3,night,631,Operator 8,Machine 3,8.13,premium,30.43,35.87,true
2024-07-25,Line A,Supplier 3,evening,576,Operator 1,Machine 3,18.58,standard,60.0,22.18,true
2025-09-23,Line A,Supplier 4,night,763,Operator 4,Machine 1,43.62,standard,66.44,27.41,true
2025-07-01,Line D,Supplier 3,day,509,Operator 6,Machine 5,15.03,premium,35.68,20.94,false
2024-10-13,Line D,Supplier 4,night,450,Operator 7,Machine 1,51.35,premium,47.53,17.36,true
2025-04-25,Line A,Supplier 1,night,625,Operator 2,Machine 6,36.39,premium,49.66,19.38,false
2024-05-04,Line B,Supplier 4,day,959,Operator 2,Machine 5,53.47,premium,66.47,25.97,true
2024-06-24,Line B,Supplier 3,day,417,Operator 5,Machine 3,28.7,premium,41.17,16.83,false
2024-07-10,Line C,Supplier 1,evening,181,Operator 2,Machine 6,34.34,premium,54.55,14.92,false
2025-01-07,Line A,Supplier 3,night,901,Operator 8,Machine 1,34.23,standard,56.61,11.46,true
2025-09-25,Line D,Supplier 2,evening,1200,Operator 2,Machine 3,29.41,standard,60.98,11.22,false
2025-09-03,Line A,Supplier 3,day,989,Operator 2,Machine 6,21.61,premium,50.75,11.18,false
2025-11-28,Line A,Supplier 1,evening,491,Operator 2,Machine 2,41.07,standard,61.37,23.96,false
2025-05-26,Line A,Supplier 5,day,802,Operator 1,Machine 5,30.03,premium,63.31,24.59,false
2025-12-11,Line D,Supplier 5,day,678,Operator 3,Machine 3,22.49,premium,33.82,13.84,false
2025-08-10,Line B,Supplier 2,night,1302,Operator 2,Machine 6,46.46,premium,49.77,17.11,true
2024-11-03,Line A,Supplier 2,night,543,Operator 1,Machine 2,30.13,premium,30.71,34.19,false
2024-07-31,Line A,Supplier 1,day,515,Operator 3,Machine 6,17.76,premium,54.82,19.51,false
2024-07-01,Line D,Supplier 2,day,613,Operator 1,Machine 4,21.8,premium,35.56,24.26,false
2024-10-15,Line A,Supplier 4,night,493,Operator 7,Machine 5,46.39,premium,78.02,23.81,true
2024-08-01,Line C,Supplier 4,evening,160,Operator 8,Machine 5,47.72,premium,66.82,15.15,false
2025-01-19,Line C,Supplier 2,day,369,Operator 1,Machine 4,27.86,standard,55.66,17.02,false
2024-08-31,Line B,Supplier 3,evening,1242,Operator 6,Machine 6,23.89,premium,48.4,10.53,false
2025-10-30,Line A,Supplier 2,day,876,Operator 6,Machine 1,26.97,premium,44.5,25.36,true
2024-01-13,Line A,Supplier 2,evening,558,Operator 5,Machine 6,56.05,premium,27.71,23.47,true
2025-08-21,Line C,Supplier 1,evening,280,Operator 5,Machine 5,31.02,standard,50.26,7.93,true
2024-08-25,Line A,Supplier 3,night,513,Operator 8,Machine 6,43.19,standard,65.44,22.62,false
2025-09-30,Line A,Supplier 2,day,517,Operator 5,Machine 5,55.83,premium,48.96,18.28,false
2024-12-30,Line A,Supplier 4,day,648,Operator 8,Machine 3,38.05,premium,45.6,27.33,false
2025-12-01,Line C,Supplier 3,day,945,Operator 2,Machine 1,29.36,premium,61.52,27.06,false
2025-11-15,Line B,Supplier 1,day,604,Operator 4,Machine 5,31.15,premium,37.1,31.44,false
2025-01-29,Line D,Supplier 4,evening,1415,Operator 2,Machine 6,43.4,standard,59.66,27.11,false
2025-01-18,Line D,Supplier 5,day,694,Operator 3,Machine 5,39.63,premium,27.36,13.37,false
2025-06-08,Line A,Supplier 2,day,1168,Operator 1,Machine 1,22.94,premium,42.54,4.55,false
2024-09-21,Line A,Supplier 4,night,50,Operator 4,Machine 5,44.69,standard,60.9,11.55,true
2025-09-04,Line C,Supplier 3,day,568,Operator 5,Machine 4,14.07,premium,57.84,21.31,false
2024-09-30,Line D,Supplier 5,night,857,Operator 8,Machine 2,21.61,premium,49.33,14.25,true
2025-07-16,Line B,Supplier 5,day,1061,Operator 2,Machine 1,34.98,premium,66.79,28.62,false
2025-08-25,Line C,Supplier 2,evening,599,Operator 8,Machine 2,23.55,standard,76.65,19.13,true
2024-02-15,Line B,Supplier 3,day,622,Operator 1,Machine 2,15.95,standard,57.73,12.18,false
2025-01-01,Line A,Supplier 3,night,461,Operator 8,Machine 3,9.48,premium,44.32,31.15,false
2024-11-22,Line C,Supplier 2,night,806,Operator 1,Machine 6,35.64,premium,48.17,19.3,true
2025-10-23,Line A,Supplier 4,day,306,Operator 6,Machine 5,40.73,premium,42.41,15.74,false
2024-04-01,Line D,Supplier 3,night,553,Operator 3,Machine 2,11.94,premium,43.91,25.55,true
2024-01-18,Line C,Supplier 4,night,357,Operator 6,Machine 5,39.44,premium,83.71,18.39,true
2024-11-26,Line A,Supplier 2,night,256,Operator 3,Machine 5,27.57,premium,48.49,23.26,true
2025-05-15,Line B,Supplier 2,night,974,Operator 2,Machine 2,29.75,premium,49.15,20.5,false
2024-01-06,Line D,Supplier 3,evening,1332,Operator 2,Machine 2,17.01,standard,53.0,6.66,false
2025-02-22,Line D,Supplier 3,day,691,Operator 4,Machine 5,33.69,premium,20.0,31.38,false
2024-08-15,Line D,Supplier 3,day,50,Operator 5,Machine 1,5.0,premium,22.98,26.21,false
2025-06-03,Line C,Supplier 3,day,839,Operator 2,Machine 5,11.39,premium,71.73,19.23,false
2024-04-14,Line A,Supplier 4,day,673,Operator 7,Machine 4,42.16,premium,62.06,18.51,true
2024-07-04,Line A,Supplier 2,day,782,Operator 2,Machine 1,24.66,premium,34.37,21.36,false
2024-03-11,Line B,Supplier 3,day,780,Operator 1,Machine 3,17.75,premium,41.5,21.58,false
2025-09-17,Line D,Supplier 4,night,644,Operator 8,Machine 3,18.29,standard,61.94,16.01,true
2025-07-02,Line B,Supplier 1,day,847,Operator 6,Machine 5,26.52,premium,20.0,40.0,false
2025-11-11,Line C,Supplier 4,evening,678,Operator 6,Machine 3,41.36,premium,47.39,30.66,false
2025-06-28,Line B,Supplier 3,day,666,Operator 2,Machine 1,19.74,standard,50.88,14.02,false
2024-12-23,Line A,Supplier 3,evening,745,Operator 7,Machine 3,16.16,premium,45.57,13.68,false
2024-07-01,Line C,Supplier 5,evening,604,Operator 7,Machine 1,35.05,premium,59.85,12.84,false
2025-11-06,Line B,Supplier 5,evening,699,Operator 2,Machine 6,26.47,premium,23.7,23.82,false
2025-11-24,Line B,Supplier 3,day,599,Operator 5,Machine 5,40.11,premium,43.47,12.75,false
2025-01-06,Line D,Supplier 1,day,1040,Operator 2,Machine 5,51.3,premium,50.76,13.81,false
2025-04-21,Line A,Supplier 1,day,832,Operator 6,Machine 4,20.39,premium,58.29,20.87,false
2025-08-06,Line B,Supplier 3,night,653,Operator 1,Machine 5,38.96,premium,20.0,29.45,false
2024-10-12,Line A,Supplier 3,night,484,Operator 7,Machine 2,39.99,premium,57.73,23.25,true
2025-05-25,Line A,Supplier 4,day,852,Operator 2,Machine 5,36.89,standard,51.62,14.95,false
2025-02-03,Line B,Supplier 4,night,522,Operator 5,Machine 3,31.9,standard,71.42,31.48,false
2025-09-21,Line A,Supplier 1,day,227,Operator 1,Machine 5,42.8,standard,66.54,12.41,false
2024-10-13,Line B,Supplier 4,night,408,Operator 6,Machine 1,20.27,premium,49.56,28.23,true
2025-09-14,Line D,Supplier 5,night,919,Operator 2,Machine 2,27.39,premium,35.98,25.15,false
2024-08-20,Line A,Supplier 4,evening,162,Operator 7,Machine 5,33.58,standard,57.27,15.97,false
2025-04-02,Line A,Supplier 1,night,1022,Operator 2,Machine 4,11.24,premium,63.72,7.96,false
2024-09-05,Line A,Supplier 2,night,690,Operator 5,Machine 5,21.41,standard,56.55,16.71,false
2025-08-12,Line B,Supplier 3,night,1081,Operator 2,Machine 6,26.8,premium,67.87,17.51,false
2025-02-25,Line B,Supplier 3,night,532,Operator 5,Machine 5,17.8,premium,38.57,32.24,false
2025-11-13,Line D,Supplier 3,night,669,Operator 7,Machine 1,59.65,standard,54.74,22.8,true
2025-08-12,Line B,Supplier 3,day,1003,Operator 2,Machine 6,45.0,standard,62.03,25.63,false
2025-11-20,Line A,Supplier 4,day,953,Operator 2,Machine 5,26.74,premium,53.89,27.94,false
2025-10-02,Line D,Supplier 3,evening,472,Operator 5,Machine 2,41.89,premium,45.15,8.47,true
2025-10-21,Line B,Supplier 5,day,431,Operator 1,Machine 4,44.8,standard,52.55,19.43,true
2025-02-16,Line A,Supplier 4,day,81,Operator 2,Machine 5,35.46,premium,44.62,14.22,false
2025-07-01,Line A,Supplier 1,night,535,Operator 1,Machine 1,33.51,premium,39.75,20.66,false
2024-12-12,Line B,Supplier 3,day,278,Operator 3,Machine 5,13.18,premium,49.72,30.49,false
2025-07-11,Line C,Supplier 1,evening,747,Operator 2,Machine 1,31.7,premium,43.41,24.25,false
2024-09-06,Line C,Supplier 1,day,401,Operator 3,Machine 1,46.59,premium,28.63,23.21,false
2025-12-18,Line D,Supplier 3,day,1070,Operator 2,Machine 6,14.12,premium,42.2,23.67,true
2024-01-15,Line D,Supplier 4,evening,254,Operator 3,Machine 6,36.78,standard,20.0,5.79,false
2025-08-07,Line B,Supplier 3,day,969,Operator 2,Machine 2,15.03,standard,74.55,24.18,false
2025-04-23,Line B,Supplier 3,day,1120,Operator 2,Machine 5,19.77,premium,36.4,15.69,false
2025-07-30,Line A,Supplier 4,day,505,Operator 1,Machine 4,49.58,standard,72.77,21.1,false
2024-09-03,Line A,Supplier 1,day,145,Operator 1,Machine 5,41.69,premium,38.18,25.74,true
2024-12-10,Line B,Supplier 1,evening,563,Operator 2,Machine 1,40.8,premium,20.0,17.44,false
2024-10-26,Line A,Supplier 5,evening,901,Operator 2,Machine 2,48.49,premium,43.73,5.94,false
2025-07-29,Line B,Supplier 4,evening,268,Operator 6,Machine 2,27.3,standard,60.15,20.03,false
2024-06-21,Line A,Supplier 4,day,198,Operator 3,Machine 5,38.79,premium,42.7,20.21,false
2025-12-11,Line D,Supplier 5,night,58,Operator 1,Machine 5,31.25,premium,53.87,30.31,true
2025-02-03,Line A,Supplier 3,night,987,Operator 6,Machine 5,26.97,premium,23.92,24.29,false
2025-11-22,Line C,Supplier 4,night,372,Operator 4,Machine 6,30.57,standard,79.43,14.42,false
2025-05-14,Line C,Supplier 4,night,465,Operator 6,Machine 1,32.78,premium,76.21,25.68,true
2025-12-25,Line A,Supplier 1,night,650,Operator 7,Machine 4,30.86,premium,36.58,17.28,true
2025-02-15,Line A,Supplier 1,day,1215,Operator 2,Machine 5,32.76,standard,57.68,22.32,false
2025-09-07,Line D,Supplier 2,evening,358,Operator 4,Machine 3,47.56,premium,37.32,14.07,false
2025-03-23,Line B,Supplier 3,evening,469,Operator 5,Machine 6,10.75,standard,62.35,21.73,false
2024-07-15,Line B,Supplier 1,evening,429,Operator 6,Machine 1,46.23,premium,30.47,15.64,false
2025-11-02,Line C,Supplier 3,evening,667,Operator 5,Machine 1,26.34,standard,63.96,20.97,false
2024-06-20,Line A,Supplier 1,evening,988,Operator 7,Machine 3,33.31,premium,44.66,16.02,false
2024-04-13,Line C,Supplier 1,day,441,Operator 7,Machine 4,30.39,premium,20.0,21.94,false
2025-10-08,Line C,Supplier 1,evening,986,Operator 4,Machine 4,30.83,premium,43.67,39.78,false
2025-06-13,Line B,Supplier 2,day,599,Operator 3,Machine 3,37.52,standard,61.83,18.6,false
2025-07-10,Line C,Supplier 4,day,439,Operator 7,Machine 6,14.17,premium,38.69,19.09,false
2024-09-13,Line C,Supplier 1,night,891,Operator 7,Machine 3,58.73,standard,54.48,22.86,false
2025-02-05,Line D,Supplier 5,day,721,Operator 3,Machine 4,32.73,standard,91.18,31.27,false
2025-11-27,Line B,Supplier 1,day,242,Operator 7,Machine 5,22.9,standard,73.8,27.75,false
2025-09-11,Line B,Supplier 5,night,658,Operator 6,Machine 2,28.61,premium,42.04,31.29,false
2025-02-28,Line A,Supplier 2,evening,1002,Operator 2,Machine 4,10.66,standard,70.44,27.41,false
2025-09-24,Line D,Supplier 1,day,683,Operator 7,Machine 4,22.66,standard,50.58,26.54,false
2025-10-11,Line A,Supplier 4,day,536,Operator 4,Machine 3,27.06,premium,63.53,17.52,false
2024-01-11,Line A,Supplier 3,night,477,Operator 4,Machine 6,5.0,premium,37.28,29.61,true
2024-05-17,Line C,Supplier 4,night,634,Operator 2,Machine 1,51.24,premium,27.23,20.2,false
2025-09-20,Line B,Supplier 5,evening,848,Operator 1,Machine 5,41.3,premium,51.84,9.95,false
2025-11-14,Line D,Supplier 5,night,970,Operator 2,Machine 2,36.04,premium,36.58,12.32,true
2025-04-01,Line B,Supplier 3,day,636,Operator 8,Machine 3,49.82,premium,55.13,15.56,false
2024-04-27,Line A,Supplier 3,night,77,Operator 1,Machine 5,45.48,premium,46.56,32.32,false
2025-06-04,Line D,Supplier 5,day,652,Operator 5,Machine 1,29.55,premium,42.66,21.53,false
2024-03-26,Line D,Supplier 4,night,1074,Operator 2,Machine 1,37.75,premium,47.86,19.0,false
2025-07-25,Line B,Supplier 1,night,1020,Operator 5,Machine 1,28.12,standard,56.5,19.15,false
2025-05-11,Line D,Supplier 2,day,1094,Operator 2,Machine 4,32.68,premium,71.21,21.68,false
2024-07-10,Line D,Supplier 5,evening,50,Operator 4,Machine 5,44.99,standard,56.4,17.82,false
2024-11-03,Line B,Supplier 3,day,1368,Operator 2,Machine 2,37.98,premium,29.34,17.88,false
2025-02-27,Line A,Supplier 1,evening,613,Operator 8,Machine 3,51.77,premium,63.78,27.63,false
2025-11-30,Line D,Supplier 2,day,50,Operator 8,Machine 5,31.87,standard,61.96,7.48,false
2024-05-29,Line C,Supplier 5,day,50,Operator 8,Machine 2,16.59,premium,45.21,26.52,false
2025-12-03,Line C,Supplier 2,day,504,Operator 5,Machine 5,31.28,premium,33.52,28.06,false
2024-03-09,Line A,Supplier 2,evening,332,Operator 4,Machine 6,20.71,premium,29.31,19.45,false
2025-06-03,Line C,Supplier 5,night,207,Operator 2,Machine 5,24.18,premium,44.02,22.01,true
2024-05-21,Line C,Supplier 3,day,1279,Operator 2,Machine 4,43.61,premium,23.46,26.02,true
2024-12-13,Line D,Supplier 5,night,714,Operator 4,Machine 3,48.42,standard,57.47,21.6,true
2025-01-26,Line B,Supplier 1,evening,718,Operator 4,Machine 5,32.92,standard,65.47,24.67,false
2024-11-23,Line A,Supplier 5,night,682,Operator 6,Machine 4,37.36,premium,55.68,21.55,false
2024-11-15,Line C,Supplier 2,evening,634,Operator 2,Machine 4,32.29,premium,36.17,31.0,false
2024-08-21,Line A,Supplier 1,night,655,Operator 4,Machine 6,25.09,premium,57.4,19.96,false
2024-01-20,Line A,Supplier 5,day,245,Operator 7,Machine 3,27.33,standard,63.72,24.85,false
2025-12-07,Line D,Supplier 2,day,348,Operator 5,Machine 3,12.88,premium,48.24,17.58,false
2024-11-20,Line C,Supplier 3,day,476,Operator 4,Machine 6,18.44,premium,58.6,25.1,false
2024-10-29,Line A,Supplier 1,day,925,Operator 8,Machine 3,30.34,standard,69.79,13.74,false
2025-04-11,Line A,Supplier 5,night,338,Operator 8,Machine 6,7.66,standard,62.98,24.79,false
2025-01-26,Line C,Supplier 4,day,561,Operator 2,Machine 4,17.79,premium,25.07,24.44,false
2024-12-07,Line A,Supplier 5,night,50,Operator 6,Machine 5,19.88,premium,30.5,29.34,true
2025-05-25,Line C,Supplier 3,day,869,Operator 4,Machine 2,9.6,standard,78.78,26.11,false
2024-11-03,Line D,Supplier 5,night,891,Operator 5,Machine 5,24.84,premium,42.33,19.66,true
2025-12-03,Line D,Supplier 5,night,599,Operator 7,Machine 2,26.16,standard,68.71,12.62,false
2024-03-20,Line D,Supplier 2,night,594,Operator 1,Machine 5,41.33,premium,54.27,16.94,true
2025-12-13,Line B,Supplier 5,day,848,Operator 1,Machine 5,31.01,standard,62.11,36.89,false
2024-07-28,Line A,Supplier 4,night,646,Operator 8,Machine 2,36.88,premium,48.49,33.77,true
2024-09-15,Line D,Supplier 1,night,881,Operator 7,Machine 1,25.99,standard,63.2,17.15,false
2025-07-18,Line B,Supplier 4,night,776,Operator 7,Machine 2,31.42,standard,49.18,32.26,true
2024-04-10,Line A,Supplier 2,day,257,Operator 1,Machine 4,14.68,premium,20.0,20.74,false
2025-11-01,Line B,Supplier 4,night,50,Operator 4,Machine 5,37.63,premium,41.41,20.36,true
2025-06-25,Line B,Supplier 1,night,770,Operator 8,Machine 3,25.16,premium,45.24,30.82,true
2024-11-01,Line B,Supplier 1,day,601,Operator 3,Machine 2,22.41,premium,38.8,10.9,false
2025-11-19,Line B,Supplier 1,day,936,Operator 7,Machine 5,36.16,premium,38.06,19.44,false
2025-07-19,Line B,Supplier 3,evening,143,Operator 4,Machine 5,30.19,standard,26.84,16.15,false
2025-05-05,Line C,Supplier 2,evening,1011,Operator 2,Machine 4,36.7,premium,43.2,33.04,false
2025-10-13,Line C,Supplier 5,evening,558,Operator 6,Machine 4,45.32,premium,50.37,12.84,false
2025-05-15,Line A,Supplier 3,night,351,Operator 8,Machine 5,37.19,standard,57.9,18.61,false
2025-07-20,Line C,Supplier 1,day,500,Operator 6,Machine 1,31.21,premium,67.26,29.11,false
2025-11-26,Line D,Supplier 3,night,666,Operator 4,Machine 3,39.51,standard,52.21,34.11,false
2025-09-04,Line A,Supplier 1,night,446,Operator 2,Machine 6,22.76,premium,44.7,20.51,false
2024-11-16,Line B,Supplier 4,evening,1073,Operator 2,Machine 4,47.32,premium,41.78,13.4,false
2024-11-21,Line B,Supplier 1,day,50,Operator 5,Machine 3,21.05,premium,42.04,14.13,false
2025-09-06,Line C,Supplier 5,day,50,Operator 4,Machine 5,38.35,premium,70.32,25.63,false
2024-10-12,Line C,Supplier 4,evening,843,Operator 7,Machine 2,32.31,premium,44.44,24.91,false
2024-09-25,Line A,Supplier 3,night,965,Operator 2,Machine 5,29.62,premium,34.2,14.92,false
2025-12-30,Line B,Supplier 4,day,1236,Operator 2,Machine 6,43.85,premium,56.41,20.35,false
2024-02-05,Line D,Supplier 1,day,987,Operator 6,Machine 3,38.06,premium,30.12,19.09,false
2025-07-10,Line D,Supplier 1,night,406,Operator 8,Machine 4,20.31,premium,43.99,21.58,false
2025-02-15,Line B,Supplier 1,night,450,Operator 3,Machine 4,45.19,premium,20.0,13.66,false
2025-09-01,Line C,Supplier 1,evening,506,Operator 7,Machine 5,30.6,premium,49.47,7.78,false
2024-08-13,Line A,Supplier 5,day,724,Operator 3,Machine 6,15.71,standard,58.6,16.16,false
2024-08-24,Line B,Supplier 4,evening,478,Operator 1,Machine 5,22.33,premium,34.02,26.06,true
2025-03-22,Line C,Supplier 2,day,500,Operator 6,Machine 2,54.18,standard,57.46,19.26,false
2024-03-02,Line A,Supplier 1,night,1207,Operator 2,Machine 1,35.9,standard,66.04,29.0,true
2025-05-25,Line A,Supplier 3,day,844,Operator 5,Machine 6,19.4,premium,32.62,18.32,false
2025-08-01,Line A,Supplier 4,night,350,Operator 5,Machine 1,62.49,premium,22.95,22.93,false
2024-04-29,Line B,Supplier 3,day,696,Operator 5,Machine 2,14.34,premium,54.75,17.28,false
2024-11-10,Line C,Supplier 4,evening,518,Operator 4,Machine 6,31.91,premium,25.83,16.58,false
2025-01-14,Line C,Supplier 2,evening,586,Operator 1,Machine 5,34.85,premium,44.62,22.24,false
2025-01-21,Line D,Supplier 3,evening,606,Operator 2,Machine 3,19.49,standard,79.74,26.93,false
2025-06-06,Line A,Supplier 1,night,776,Operator 5,Machine 5,35.56,standard,67.57,17.56,false
2024-06-20,Line A,Supplier 4,day,528,Operator 3,Machine 3,36.9,premium,35.63,25.04,false
2024-09-25,Line B,Supplier 1,day,850,Operator 7,Machine 5,40.37,standard,57.43,17.52,false
2025-08-05,Line A,Supplier 4,evening,513,Operator 5,Machine 6,30.62,premium,36.19,20.58,false
2025-08-16,Line A,Supplier 5,day,560,Operator 6,Machine 3,31.47,standard,42.03,25.13,false
2024-02-11,Line B,Supplier 3,day,1085,Operator 1,Machine 3,13.42,standard,61.09,19.19,false
2024-07-19,Line A,Supplier 4,night,66,Operator 7,Machine 5,38.22,standard,63.34,11.05,true
2025-01-12,Line D,Supplier 3,night,1687,Operator 4,Machine 4,30.2,premium,74.75,22.68,false
2025-12-15,Line C,Supplier 2,evening,783,Operator 5,Machine 2,52.66,premium,29.75,30.41,false
2024-02-15,Line C,Supplier 4,night,1459,Operator 2,Machine 2,44.46,premium,81.94,22.46,true
2025-08-28,Line A,Supplier 3,day,1016,Operator 8,Machine 5,25.58,premium,56.77,15.27,false
2024-02-08,Line C,Supplier 2,day,1294,Operator 2,Machine 6,23.38,premium,49.37,23.8,false
2025-11-12,Line D,Supplier 3,evening,519,Operator 5,Machine 2,29.14,premium,33.2,13.89,false
2024-02-17,Line C,Supplier 2,day,342,Operator 8,Machine 1,25.37,premium,65.72,18.81,false
2025-10-14,Line A,Supplier 3,night,316,Operator 2,Machine 4,25.28,premium,46.64,24.65,false
2025-06-11,Line A,Supplier 1,day,400,Operator 5,Machine 3,31.84,standard,62.19,16.72,false
2025-04-08,Line D,Supplier 1,evening,758,Operator 5,Machine 3,41.64,standard,60.42,23.0,false
2024-08-07,Line C,Supplier 4,day,1089,Operator 2,Machine 5,47.1,premium,47.29,23.32,false
2025-08-02,Line A,Supplier 4,day,685,Operator 1,Machine 2,34.51,premium,20.0,12.4,false
2024-08-13,Line D,Supplier 1,evening,532,Operator 6,Machine 5,35.3,standard,92.04,19.66,true
2025-02-01,Line C,Supplier 3,night,955,Operator 2,Machine 5,38.48,premium,49.58,21.07,false
2024-03-03,Line A,Supplier 1,evening,363,Operator 1,Machine 2,18.74,premium,39.59,19.12,true
2025-05-26,Line A,Supplier 1,evening,248,Operator 2,Machine 5,33.34,premium,46.17,8.59,false
2024-11-22,Line B,Supplier 3,evening,1031,Operator 7,Machine 6,26.75,standard,53.05,17.95,false
2024-07-02,Line B,Supplier 3,day,790,Operator 3,Machine 3,15.91,standard,60.99,14.04,false
2025-06-26,Line C,Supplier 4,day,684,Operator 2,Machine 1,15.46,standard,57.76,20.31,false
2025-03-08,Line B,Supplier 4,night,363,Operator 2,Machine 4,37.57,standard,54.43,18.45,true
2025-09-14,Line B,Supplier 2,night,395,Operator 7,Machine 1,43.42,premium,20.0,20.75,false
2025-06-02,Line D,Supplier 1,night,1187,Operator 8,Machine 6,23.65,standard,50.01,23.47,false
2025-10-16,Line C,Supplier 2,day,50,Operator 1,Machine 4,26.45,standard,68.08,23.21,false
2025-02-11,Line D,Supplier 1,day,639,Operator 3,Machine 2,43.31,premium,61.79,15.43,false
2024-06-03,Line B,Supplier 5,day,50,Operator 4,Machine 1,44.76,premium,26.65,14.99,false
2025-09-10,Line B,Supplier 3,night,1228,Operator 2,Machine 3,21.99,standard,68.95,20.32,false
2024-09-05,Line B,Supplier 3,day,673,Operator 4,Machine 1,46.81,standard,92.47,24.68,false
2024-03-11,Line C,Supplier 2,night,529,Operator 6,Machine 2,37.35,premium,31.01,22.27,false
2025-12-20,Line B,Supplier 1,evening,468,Operator 7,Machine 4,15.64,premium,24.93,22.94,false
2025-02-15,Line B,Supplier 1,night,644,Operator 8,Machine 2,29.53,standard,75.78,13.41,false
2024-12-12,Line A,Supplier 2,day,591,Operator 7,Machine 5,51.19,standard,57.44,25.06,false
2025-02-26,Line D,Supplier 3,day,754,Operator 5,Machine 1,35.38,premium,54.79,26.44,false
2025-03-12,Line B,Supplier 3,day,1038,Operator 2,Machine 4,51.34,standard,53.41,29.54,false
2024-07-24,Line D,Supplier 3,night,778,Operator 3,Machine 5,18.94,premium,48.43,30.74,false
2024-01-18,Line C,Supplier 4,evening,578,Operator 7,Machine 1,52.15,premium,60.61,28.67,false
2024-04-03,Line C,Supplier 2,evening,1124,Operator 6,Machine 4,10.32,premium,72.94,29.31,false
2024-09-16,Line B,Supplier 3,night,602,Operator 3,Machine 6,5.0,standard,51.09,25.94,false
2024-07-26,Line B,Supplier 2,evening,830,Operator 4,Machine 4,27.88,standard,81.86,18.39,false
2024-05-15,Line C,Supplier 2,night,638,Operator 1,Machine 2,29.98,premium,43.01,26.89,true
2024-08-24,Line B,Supplier 2,day,734,Operator 6,Machine 4,49.27,premium,20.0,26.44,false
2024-02-22,Line C,Supplier 5,night,298,Operator 8,Machine 5,44.56,premium,31.51,22.45,false
2025-02-03,Line A,Supplier 5,evening,664,Operator 2,Machine 1,43.45,standard,88.89,18.95,false
2024-10-17,Line A,Supplier 5,day,882,Operator 6,Machine 5,43.58,standard,57.26,20.32,false
2024-11-04,Line A,Supplier 2,night,890,Operator 1,Machine 2,21.8,standard,58.86,25.55,true
2025-05-14,Line B,Supplier 3,day,1168,Operator 5,Machine 4,40.44,premium,56.59,31.16,false
2025-05-12,Line A,Supplier 3,night,1073,Operator 6,Machine 6,19.68,premium,42.16,18.72,false
2024-11-26,Line B,Supplier 3,day,964,Operator 2,Machine 4,19.54,standard,50.71,15.09,false
2025-04-22,Line D,Supplier 5,day,774,Operator 3,Machine 2,13.48,premium,73.07,26.31,false
2025-04-16,Line A,Supplier 2,day,494,Operator 5,Machine 6,27.37,premium,43.24,21.18,false
2025-11-14,Line B,Supplier 5,day,584,Operator 5,Machine 6,27.73,premium,41.73,27.34,true
2025-06-14,Line A,Supplier 3,day,288,Operator 6,Machine 5,41.02,premium,55.9,19.54,false
2024-08-12,Line D,Supplier 1,evening,1264,Operator 2,Machine 1,28.5,premium,42.73,12.85,false
2024-01-27,Line A,Supplier 3,day,788,Operator 4,Machine 1,14.9,premium,56.47,6.86,false
2025-06-26,Line D,Supplier 4,night,398,Operator 8,Machine 1,30.95,premium,52.05,26.72,false
2025-02-11,Line C,Supplier 3,night,651,Operator 1,Machine 4,28.22,premium,38.96,22.15,true
2025-02-03,Line A,Supplier 5,evening,594,Operator 1,Machine 4,33.16,premium,49.55,14.6,false
2024-08-27,Line D,Supplier 1,evening,696,Operator 2,Machine 2,33.6,premium,35.04,15.43,false
2024-09-23,Line A,Supplier 1,day,1028,Operator 2,Machine 2,36.6,premium,36.58,26.79,false
2025-02-21,Line C,Supplier 2,day,834,Operator 8,Machine 2,24.62,standard,55.16,29.28,true
2024-06-26,Line B,Supplier 1,evening,993,Operator 2,Machine 6,21.41,premium,41.35,29.79,true
2025-12-23,Line B,Supplier 4,night,446,Operator 3,Machine 5,35.83,premium,68.75,20.52,true
2025-02-04,Line B,Supplier 4,night,671,Operator 6,Machine 5,28.95,premium,44.88,22.59,true
2025-03-06,Line A,Supplier 3,evening,319,Operator 4,Machine 4,59.49,premium,35.96,31.26,true
2024-04-06,Line C,Supplier 3,day,323,Operator 6,Machine 5,20.92,premium,70.5,23.25,false
2025-10-17,Line A,Supplier 3,night,201,Operator 4,Machine 5,39.69,premium,56.39,10.89,false
2025-03-13,Line A,Supplier 2,night,1200,Operator 2,Machine 6,57.27,standard,61.21,24.5,true
2025-01-25,Line A,Supplier 3,day,171,Operator 7,Machine 6,9.5,premium,47.79,30.73,false
2024-09-05,Line B,Supplier 2,night,799,Operator 4,Machine 2,36.66,premium,20.0,17.06,false
2024-09-08,Line C,Supplier 3,day,762,Operator 4,Machine 1,5.35,premium,37.68,16.49,false
2024-10-12,Line A,Supplier 2,day,1157,Operator 2,Machine 5,45.28,premium,44.65,13.52,false
2025-05-28,Line D,Supplier 4,day,1288,Operator 2,Machine 5,44.6,premium,44.35,12.78,false
2024-09-11,Line B,Supplier 1,evening,903,Operator 2,Machine 3,37.8,premium,38.35,21.16,false
2024-09-07,Line D,Supplier 2,day,681,Operator 4,Machine 2,27.52,premium,26.58,23.62,false
2024-12-16,Line C,Supplier 1,evening,258,Operator 4,Machine 5,32.14,standard,54.61,20.73,false
2025-01-22,Line B,Supplier 3,evening,510,Operator 2,Machine 1,42.22,premium,57.65,33.28,false
2025-11-05,Line D,Supplier 4,night,1272,Operator 2,Machine 3,25.16,premium,61.78,21.01,true
2025-04-12,Line A,Supplier 4,evening,502,Operator 6,Machine 3,30.64,standard,60.96,17.24,false
2025-07-03,Line D,Supplier 3,night,145,Operator 7,Machine 5,38.47,premium,24.3,21.62,true
2025-01-07,Line A,Supplier 2,day,725,Operator 4,Machine 3,41.78,standard,51.34,27.77,false
2025-08-27,Line B,Supplier 1,day,241,Operator 2,Machine 5,40.7,standard,66.18,27.18,false
2025-10-07,Line B,Supplier 2,day,702,Operator 5,Machine 4,42.42,premium,46.88,22.39,false
2024-06-04,Line C,Supplier 4,evening,377,Operator 5,Machine 6,47.85,premium,48.98,31.2,false
2025-06-01,Line A,Supplier 2,night,858,Operator 8,Machine 4,28.17,premium,39.48,26.09,true
2024-11-07,Line A,Supplier 3,night,673,Operator 4,Machine 1,9.41,premium,44.41,31.35,false
2025-04-06,Line A,Supplier 5,evening,481,Operator 5,Machine 5,38.07,premium,30.78,20.24,false
2025-08-20,Line C,Supplier 4,day,50,Operator 7,Machine 1,24.21,premium,50.35,14.41,false
2025-09-01,Line C,Supplier 3,night,862,Operator 4,Machine 2,7.33,standard,51.75,15.03,false
2025-07-31,Line D,Supplier 5,night,269,Operator 7,Machine 5,31.12,standard,58.0,21.43,false
2024-12-02,Line C,Supplier 2,evening,1014,Operator 2,Machine 6,49.87,premium,50.83,19.14,false
2025-06-01,Line D,Supplier 3,evening,406,Operator 7,Machine 1,15.26,premium,40.35,28.27,false
2025-11-28,Line A,Supplier 3,evening,865,Operator 7,Machine 5,33.29,premium,49.47,31.05,false
2025-06-08,Line C,Supplier 3,evening,582,Operator 7,Machine 2,22.94,premium,58.87,26.95,false
2025-07-30,Line B,Supplier 1,day,954,Operator 3,Machine 1,34.86,standard,52.9,6.56,true
2024-06-20,Line A,Supplier 4,night,1054,Operator 2,Machine 5,29.56,premium,63.24,27.1,false
2025-08-22,Line A,Supplier 2,night,1359,Operator 2,Machine 4,32.61,premium,77.84,27.62,false
2024-07-30,Line B,Supplier 2,day,748,Operator 2,Machine 3,55.87,premium,21.64,13.76,false
2024-02-12,Line B,Supplier 1,night,912,Operator 2,Machine 3,38.99,premium,90.93,16.92,false
2025-03-04,Line D,Supplier 3,night,386,Operator 8,Machine 6,38.91,premium,35.3,24.11,false
2025-09-11,Line C,Supplier 2,night,304,Operator 7,Machine 4,29.13,standard,51.74,14.38,true
2024-05-09,Line A,Supplier 5,day,290,Operator 2,Machine 5,27.8,standard,56.47,22.34,true
2025-12-15,Line D,Supplier 4,night,844,Operator 6,Machine 1,39.9,standard,52.97,12.75,false
2025-08-23,Line A,Supplier 1,day,1609,Operator 6,Machine 3,41.26,standard,50.6,26.32,true
2024-06-23,Line C,Supplier 4,night,714,Operator 7,Machine 2,37.0,standard,89.55,11.03,false
2024-06-22,Line A,Supplier 3,night,878,Operator 5,Machine 3,14.52,premium,56.82,22.88,false
2025-03-14,Line D,Supplier 2,evening,562,Operator 5,Machine 3,20.88,premium,59.16,12.17,false
2024-04-06,Line C,Supplier 4,evening,230,Operator 4,Machine 1,36.33,premium,42.08,22.29,false
2025-10-26,Line D,Supplier 2,day,584,Operator 8,Machine 5,33.49,premium,20.0,22.92,false
2025-06-01,Line D,Supplier 5,night,526,Operator 6,Machine 5,37.74,premium,63.71,28.64,true
2025-09-15,Line B,Supplier 4,day,789,Operator 2,Machine 5,23.19,premium,29.57,19.92,false
2025-06-27,Line D,Supplier 2,evening,1029,Operator 2,Machine 6,51.35,premium,28.8,22.12,false
2024-08-28,Line A,Supplier 4,day,1149,Operator 2,Machine 3,41.79,premium,38.84,18.16,false
2025-01-23,Line A,Supplier 3,day,806,Operator 1,Machine 4,19.49,premium,63.41,26.81,true
2024-04-16,Line B,Supplier 5,evening,685,Operator 3,Machine 3,39.24,standard,79.63,11.68,false
2025-05-17,Line A,Supplier 3,evening,881,Operator 8,Machine 4,16.73,standard,50.29,27.97,false
2025-06-20,Line A,Supplier 3,day,472,Operator 2,Machine 3,28.21,premium,34.18,19.06,false
2024-12-18,Line D,Supplier 2,evening,182,Operator 6,Machine 5,23.8,premium,51.79,22.2,false
2024-07-15,Line D,Supplier 1,evening,550,Operator 8,Machine 2,26.59,premium,24.05,28.88,false
2024-06-05,Line C,Supplier 5,day,1037,Operator 2,Machine 1,47.26,premium,47.21,16.35,false
2025-12-14,Line D,Supplier 3,evening,342,Operator 3,Machine 2,36.84,premium,57.47,25.65,false
2024-03-18,Line D,Supplier 3,day,773,Operator 4,Machine 1,37.74,premium,58.78,30.58,false
2025-08-21,Line D,Supplier 4,day,1070,Operator 2,Machine 4,41.68,premium,48.27,33.74,false
2025-06-15,Line A,Supplier 5,day,993,Operator 3,Machine 5,23.1,premium,60.47,36.88,false
2024-04-22,Line C,Supplier 3,day,1523,Operator 4,Machine 3,42.61,premium,42.94,20.02,false
2024-02-12,Line B,Supplier 2,day,1239,Operator 2,Machine 2,40.59,premium,47.19,18.18,false
2025-10-06,Line D,Supplier 1,day,1037,Operator 2,Machine 4,36.52,standard,53.1,18.43,false
2025-12-18,Line C,Supplier 5,night,873,Operator 7,Machine 6,24.25,premium,44.81,19.19,false
2024-12-30,Line C,Supplier 4,day,722,Operator 7,Machine 4,38.79,premium,37.67,21.08,false
2024-11-08,Line A,Supplier 2,night,299,Operator 8,Machine 5,42.4,standard,78.09,30.7,false
2025-11-20,Line A,Supplier 3,day,364,Operator 4,Machine 2,34.08,standard,64.41,27.85,false
2025-12-26,Line B,Supplier 5,evening,660,Operator 2,Machine 6,27.69,premium,39.76,28.82,false
2025-11-24,Line D,Supplier 3,day,1018,Operator 8,Machine 1,18.14,premium,34.45,25.64,false
2025-02-10,Line C,Supplier 5,night,592,Operator 4,Machine 2,39.57,standard,63.4,26.36,false
2025-05-01,Line A,Supplier 3,evening,1172,Operator 2,Machine 3,16.89,standard,67.28,10.89,false
2025-11-05,Line D,Supplier 1,evening,1312,Operator 7,Machine 6,29.41,premium,33.34,18.3,false
2024-07-25,Line C,Supplier 2,evening,50,Operator 5,Machine 5,29.63,standard,65.46,30.35,false
2024-11-10,Line C,Supplier 1,night,303,Operator 2,Machine 3,35.98,premium,39.15,34.3,true
2025-04-26,Line B,Supplier 3,night,651,Operator 8,Machine 5,13.26,premium,56.56,29.24,false
2024-08-15,Line A,Supplier 2,evening,521,Operator 1,Machine 2,34.73,premium,45.33,23.57,false
2024-06-15,Line A,Supplier 3,day,955,Operator 2,Machine 4,23.24,premium,32.42,31.77,false
2025-10-07,Line C,Supplier 1,day,50,Operator 7,Machine 5,39.51,premium,57.54,17.98,false
2024-04-10,Line C,Supplier 4,night,50,Operator 6,Machine 5,51.8,premium,41.17,22.91,false
2025-05-24,Line B,Supplier 3,evening,455,Operator 8,Machine 2,30.68,standard,63.01,17.93,true
2025-06-10,Line C,Supplier 5,day,881,Operator 1,Machine 4,5.0,premium,46.26,28.76,false
2025-04-30,Line A,Supplier 1,day,1008,Operator 2,Machine 3,43.28,premium,35.57,17.49,false
2025-11-02,Line A,Supplier 2,evening,232,Operator 6,Machine 5,22.16,standard,47.63,23.02,false
2024-12-30,Line A,Supplier 2,night,601,Operator 4,Machine 2,40.64,standard,52.28,20.49,true
2025-05-18,Line C,Supplier 2,day,1151,Operator 2,Machine 5,32.09,premium,49.85,33.26,false
2025-10-06,Line A,Supplier 2,night,799,Operator 1,Machine 2,42.71,standard,79.95,20.46,true
2024-11-25,Line A,Supplier 3,night,451,Operator 8,Machine 6,38.54,standard,56.22,12.33,true
2025-12-15,Line C,Supplier 5,evening,583,Operator 5,Machine 5,54.97,premium,69.91,16.59,true
2024-07-05,Line B,Supplier 5,evening,793,Operator 7,Machine 3,28.14,premium,67.18,22.89,false
2025-10-25,Line B,Supplier 3,evening,772,Operator 2,Machine 5,11.95,standard,59.23,18.2,false
2024-07-24,Line C,Supplier 1,evening,1057,Operator 2,Machine 3,52.04,premium,51.62,9.74,true
2025-04-27,Line D,Supplier 1,night,808,Operator 2,Machine 5,23.94,premium,57.63,23.83,false
2025-10-25,Line C,Supplier 2,day,921,Operator 2,Machine 5,45.77,standard,63.48,11.18,false
2024-09-29,Line B,Supplier 3,night,335,Operator 1,Machine 5,17.26,standard,54.12,34.36,true
2025-03-30,Line A,Supplier 1,day,572,Operator 8,Machine 1,41.71,premium,75.64,17.66,false
2024-03-20,Line B,Supplier 1,evening,201,Operator 3,Machine 2,50.3,premium,36.79,22.78,true
2024-11-24,Line D,Supplier 3,night,382,Operator 5,Machine 6,12.79,premium,32.7,18.48,false
2024-03-29,Line B,Supplier 1,evening,69,Operator 2,Machine 5,42.84,premium,63.81,26.1,true
2024-03-07,Line C,Supplier 2,day,874,Operator 5,Machine 6,29.78,standard,65.3,14.51,false
2024-08-12,Line A,Supplier 4,evening,495,Operator 5,Machine 6,49.06,standard,57.16,28.86,false
2024-01-17,Line B,Supplier 1,day,1098,Operator 2,Machine 6,29.08,standard,55.15,13.77,false
2024-03-18,Line C,Supplier 1,day,173,Operator 3,Machine 5,14.44,premium,61.33,22.38,false
2024-10-23,Line A,Supplier 1,evening,881,Operator 1,Machine 4,45.97,standard,59.48,12.44,true
2025-10-29,Line C,Supplier 3,night,228,Operator 2,Machine 1,17.29,premium,52.92,27.65,false
2024-03-07,Line A,Supplier 3,night,190,Operator 1,Machine 5,42.51,standard,64.65,17.55,false
2025-10-19,Line B,Supplier 1,night,456,Operator 2,Machine 2,29.2,premium,46.16,7.77,false
2024-09-07,Line C,Supplier 5,day,572,Operator 2,Machine 4,18.1,standard,53.96,31.38,false
2024-07-06,Line C,Supplier 5,day,272,Operator 2,Machine 5,43.43,standard,71.13,19.31,false
2024-12-19,Line A,Supplier 4,day,757,Operator 2,Machine 5,41.04,premium,55.03,14.72,false
2024-08-13,Line C,Supplier 3,day,1393,Operator 7,Machine 5,10.63,standard,60.91,21.72,false
2025-12-13,Line D,Supplier 3,night,877,Operator 4,Machine 2,17.3,premium,47.38,16.86,false
2025-01-09,Line C,Supplier 3,evening,990,Operator 2,Machine 1,15.15,premium,36.59,25.8,false
2025-02-20,Line A,Supplier 3,night,482,Operator 6,Machine 4,5.0,premium,50.91,23.66,false
2024-09-10,Line B,Supplier 4,night,1004,Operator 2,Machine 6,28.27,premium,47.01,19.25,false
2024-05-03,Line B,Supplier 1,day,646,Operator 6,Machine 1,32.07,premium,49.19,26.8,false
2024-10-08,Line D,Supplier 3,day,693,Operator 5,Machine 3,36.11,premium,27.85,27.86,false
2025-07-27,Line A,Supplier 4,evening,1274,Operator 3,Machine 2,25.96,premium,37.42,26.7,false
2024-09-01,Line B,Supplier 1,night,1199,Operator 1,Machine 6,22.56,standard,75.27,17.52,false
2024-02-08,Line B,Supplier 3,night,721,Operator 4,Machine 4,55.56,standard,56.37,29.85,false
2025-05-19,Line C,Supplier 5,night,828,Operator 8,Machine 6,48.56,standard,67.7,20.96,false
2025-03-16,Line A,Supplier 4,evening,1007,Operator 2,Machine 4,34.6,premium,27.87,13.8,false
2024-03-12,Line A,Supplier 5,evening,713,Operator 5,Machine 3,39.6,premium,51.31,16.97,false
2025-11-26,Line C,Supplier 3,night,837,Operator 3,Machine 6,13.55,standard,66.87,25.91,true
2025-12-08,Line A,Supplier 1,day,412,Operator 1,Machine 6,34.0,premium,57.34,18.44,false
2025-08-26,Line C,Supplier 2,night,547,Operator 4,Machine 3,53.8,premium,73.09,28.5,false
2024-08-26,Line D,Supplier 4,night,180,Operator 7,Machine 5,5.0,premium,48.23,23.07,true
2024-11-23,Line C,Supplier 3,day,50,Operator 3,Machine 5,30.86,premium,38.19,4.08,false
2024-01-29,Line A,Supplier 5,day,652,Operator 8,Machine 4,27.06,premium,39.19,40.0,false
2024-12-08,Line A,Supplier 3,night,711,Operator 1,Machine 6,30.99,premium,50.3,17.06,false
2024-04-02,Line B,Supplier 4,evening,540,Operator 5,Machine 2,23.75,premium,55.52,21.58,false
2025-12-21,Line C,Supplier 2,evening,203,Operator 8,Machine 5,32.64,standard,55.88,9.35,false
2024-10-08,Line C,Supplier 5,day,985,Operator 8,Machine 5,29.38,premium,45.86,20.08,true
2025-08-25,Line A,Supplier 3,day,1137,Operator 6,Machine 4,8.37,premium,48.58,25.16,false
2025-12-02,Line A,Supplier 1,night,450,Operator 3,Machine 6,34.99,premium,38.77,28.05,true
2024-04-11,Line D,Supplier 3,night,1102,Operator 2,Machine 3,29.32,premium,20.0,29.73,false
2025-05-12,Line A,Supplier 4,day,979,Operator 2,Machine 6,12.24,premium,39.84,10.87,false
2024-01-27,Line C,Supplier 3,evening,215,Operator 5,Machine 5,46.05,standard,64.59,17.1,true
2025-07-13,Line B,Supplier 5,night,1042,Operator 2,Machine 6,28.57,standard,57.69,11.92,false
2025-03-21,Line C,Supplier 5,day,783,Operator 3,Machine 1,21.92,premium,29.38,17.18,false
2025-02-11,Line D,Supplier 3,evening,1300,Operator 8,Machine 1,12.29,standard,60.62,18.59,true
2024-05-18,Line B,Supplier 2,night,463,Operator 4,Machine 2,29.09,premium,44.01,28.02,false
2024-03-09,Line A,Supplier 2,evening,513,Operator 7,Machine 2,40.13,premium,38.0,27.17,false
2024-07-26,Line D,Supplier 4,evening,721,Operator 7,Machine 1,20.44,standard,55.63,20.77,false
2024-03-27,Line A,Supplier 5,night,820,Operator 5,Machine 2,34.2,premium,28.87,29.87,true
2025-03-23,Line D,Supplier 2,day,628,Operator 5,Machine 3,36.83,premium,59.33,25.19,false
2025-04-05,Line C,Supplier 5,evening,628,Operator 3,Machine 1,25.29,standard,54.22,15.88,false
2024-11-28,Line B,Supplier 3,evening,915,Operator 1,Machine 1,26.67,standard,61.73,16.94,false
2024-07-23,Line C,Supplier 2,evening,907,Operator 8,Machine 2,14.34,premium,44.27,13.46,false
2025-12-26,Line C,Supplier 1,evening,785,Operator 8,Machine 5,39.13,premium,49.66,22.55,true
2025-02-25,Line C,Supplier 5,day,107,Operator 3,Machine 5,19.6,premium,42.22,9.04,false
2024-07-15,Line B,Supplier 3,night,691,Operator 1,Machine 2,17.16,standard,65.98,25.18,false
2024-01-11,Line D,Supplier 2,day,965,Operator 4,Machine 2,45.27,premium,42.71,23.97,false
2025-09-25,Line A,Supplier 1,night,588,Operator 3,Machine 4,35.47,premium,24.38,23.15,false
2024-07-16,Line A,Supplier 5,night,1225,Operator 2,Machine 1,34.6,premium,45.55,35.65,false
2025-02-08,Line D,Supplier 2,day,524,Operator 6,Machine 6,32.45,premium,43.87,16.93,false
2025-02-25,Line C,Supplier 3,evening,50,Operator 5,Machine 5,33.1,premium,31.41,22.54,false
2024-10-20,Line C,Supplier 4,evening,472,Operator 7,Machine 6,46.39,standard,70.38,18.38,false
2024-06-16,Line A,Supplier 5,day,404,Operator 3,Machine 5,51.88,premium,28.29,25.22,false
2024-07-28,Line D,Supplier 3,day,1076,Operator 8,Machine 3,5.0,premium,37.84,30.64,false
2025-01-14,Line C,Supplier 5,evening,990,Operator 8,Machine 4,33.81,premium,46.51,26.17,false
2024-01-26,Line B,Supplier 3,day,283,Operator 1,Machine 2,25.3,premium,48.74,14.81,true
2024-04-15,Line B,Supplier 3,evening,1167,Operator 2,Machine 3,35.77,premium,44.33,20.35,true
2024-01-25,Line D,Supplier 1,evening,859,Operator 8,Machine 3,33.55,premium,46.3,18.06,false
2024-09-28,Line A,Supplier 2,night,416,Operator 3,Machine 5,38.94,premium,44.32,12.88,true
2025-06-14,Line B,Supplier 4,day,832,Operator 1,Machine 6,34.21,standard,60.84,21.49,false
2024-02-22,Line D,Supplier 4,night,596,Operator 4,Machine 1,38.61,premium,77.22,30.22,false
2024-07-01,Line B,Supplier 3,evening,1441,Operator 2,Machine 5,25.8,standard,86.27,24.5,false
2024-05-26,Line D,Supplier 2,day,1325,Operator 2,Machine 3,24.04,standard,73.3,28.45,false
2025-07-02,Line B,Supplier 1,night,646,Operator 2,Machine 4,36.16,premium,34.89,17.39,false
2024-06-13,Line D,Supplier 1,night,845,Operator 8,Machine 5,34.8,premium,72.67,27.91,false
2025-05-02,Line C,Supplier 5,day,536,Operator 2,Machine 3,41.17,standard,58.26,26.84,false
2024-02-04,Line C,Supplier 3,day,1349,Operator 8,Machine 4,34.66,standard,74.52,16.22,false
2024-09-01,Line B,Supplier 5,evening,1097,Operator 2,Machine 5,29.64,premium,49.69,12.8,false
2024-06-23,Line A,Supplier 2,night,285,Operator 7,Machine 5,5.0,premium,44.25,33.53,false
2025-08-24,Line A,Supplier 4,night,380,Operator 5,Machine 5,46.59,premium,66.02,8.76,true
2025-01-25,Line B,Supplier 2,evening,1026,Operator 2,Machine 3,22.05,standard,68.88,17.78,true
2025-06-18,Line C,Supplier 3,evening,519,Operator 3,Machine 4,29.15,premium,54.44,22.29,true
2024-06-15,Line C,Supplier 2,day,250,Operator 1,Machine 4,35.45,premium,45.65,12.14,false
2025-11-28,Line B,Supplier 4,day,499,Operator 1,Machine 6,35.09,premium,51.49,21.85,false
2024-02-20,Line C,Supplier 5,night,390,Operator 5,Machine 5,24.95,premium,58.13,24.07,true
2025-11-24,Line B,Supplier 2,evening,107,Operator 3,Machine 3,21.82,premium,47.64,21.55,false
2025-11-30,Line B,Supplier 2,evening,649,Operator 2,Machine 3,39.66,premium,29.75,22.41,false
2025-06-02,Line A,Supplier 5,evening,739,Operator 8,Machine 6,58.13,premium,57.05,8.13,false
2024-12-12,Line C,Supplier 5,day,1222,Operator 2,Machine 1,27.76,premium,42.58,22.61,false
2025-04-06,Line C,Supplier 4,evening,265,Operator 1,Machine 5,23.37,standard,52.07,18.07,false
2025-01-22,Line C,Supplier 1,evening,306,Operator 2,Machine 2,36.96,standard,76.31,23.45,false
2024-07-24,Line C,Supplier 2,day,50,Operator 4,Machine 5,36.47,premium,46.55,18.69,true
2025-06-16,Line B,Supplier 3,evening,738,Operator 6,Machine 5,11.65,premium,38.01,22.67,true
2025-09-12,Line A,Supplier 3,day,550,Operator 3,Machine 1,20.89,premium,52.25,21.21,false
2025-06-17,Line B,Supplier 1,day,594,Operator 3,Machine 3,38.23,standard,58.92,24.17,false
2025-01-04,Line A,Supplier 5,day,98,Operator 6,Machine 5,37.46,premium,59.08,10.12,false
2024-02-22,Line A,Supplier 2,day,382,Operator 7,Machine 4,40.96,premium,33.88,11.11,true
2024-05-28,Line A,Supplier 3,evening,939,Operator 3,Machine 3,28.25,standard,55.71,12.54,false
2025-04-01,Line A,Supplier 5,day,81,Operator 6,Machine 1,55.78,premium,28.42,17.07,false
2025-03-04,Line C,Supplier 3,evening,184,Operator 1,Machine 5,38.91,premium,47.43,22.32,false
2024-07-19,Line D,Supplier 3,evening,632,Operator 7,Machine 1,19.55,premium,57.5,10.75,false
2025-03-11,Line D,Supplier 5,day,480,Operator 6,Machine 2,26.07,standard,59.52,16.58,false
2024-04-16,Line C,Supplier 1,day,1055,Operator 2,Machine 3,25.62,premium,42.33,28.81,false
2024-12-15,Line A,Supplier 2,day,856,Operator 4,Machine 3,41.68,premium,58.79,19.64,false
2025-05-26,Line A,Supplier 1,night,981,Operator 2,Machine 3,26.86,standard,88.56,19.86,false
2025-04-05,Line A,Supplier 5,night,51,Operator 8,Machine 5,49.53,standard,57.54,21.63,true
2024-05-18,Line A,Supplier 3,day,283,Operator 8,Machine 5,31.12,premium,40.69,16.71,false
2024-03-03,Line D,Supplier 1,day,1359,Operator 5,Machine 6,43.85,premium,39.17,37.42,false
2024-12-13,Line D,Supplier 1,night,933,Operator 2,Machine 2,45.19,premium,36.83,37.03,true
2024-10-11,Line A,Supplier 3,day,648,Operator 6,Machine 4,16.85,premium,26.35,13.38,false
2025-05-26,Line D,Supplier 1,day,622,Operator 6,Machine 5,25.91,premium,68.36,28.25,false
2024-03-24,Line A,Supplier 4,day,732,Operator 4,Machine 4,43.02,premium,40.53,33.47,false
2025-08-22,Line B,Supplier 3,evening,840,Operator 1,Machine 2,23.88,premium,49.68,21.23,true
2024-07-09,Line C,Supplier 3,day,453,Operator 5,Machine 4,12.95,premium,32.52,20.64,false
2024-03-03,Line B,Supplier 2,evening,683,Operator 3,Machine 2,48.54,standard,55.28,21.13,false
2025-10-26,Line C,Supplier 2,night,188,Operator 4,Machine 5,31.89,standard,63.83,17.64,true
2025-06-13,Line B,Supplier 5,day,445,Operator 7,Machine 4,37.38,premium,24.93,17.89,false
2025-03-19,Line B,Supplier 1,night,1263,Operator 4,Machine 5,24.76,standard,54.06,24.35,false
2024-04-15,Line A,Supplier 3,day,611,Operator 1,Machine 1,15.31,standard,63.87,6.04,false
2024-10-25,Line D,Supplier 1,evening,353,Operator 5,Machine 5,21.62,premium,32.52,15.29,false
2024-05-28,Line B,Supplier 1,night,383,Operator 5,Machine 4,42.71,standard,57.57,16.74,false
2025-09-18,Line B,Supplier 1,evening,863,Operator 2,Machine 3,41.82,standard,55.36,19.3,false
2025-10-19,Line C,Supplier 5,day,642,Operator 4,Machine 3,30.27,premium,46.09,8.67,false
2024-09-12,Line A,Supplier 5,day,600,Operator 8,Machine 4,23.32,premium,56.68,16.82,false
2025-01-01,Line D,Supplier 1,day,564,Operator 6,Machine 2,27.5,premium,73.95,27.12,true
2024-02-13,Line D,Supplier 3,night,152,Operator 7,Machine 5,14.55,premium,35.43,21.78,true
2024-11-11,Line D,Supplier 3,day,392,Operator 5,Machine 5,8.27,premium,40.97,26.75,false
2025-01-29,Line A,Supplier 2,evening,223,Operator 6,Machine 5,38.43,premium,34.65,17.96,false
2024-06-24,Line C,Supplier 2,day,201,Operator 1,Machine 4,24.89,standard,67.96,23.97,false
2025-05-27,Line A,Supplier 2,day,241,Operator 5,Machine 5,18.1,premium,39.48,19.31,false
2024-08-10,Line B,Supplier 4,day,380,Operator 3,Machine 4,41.93,premium,47.22,15.3,true
2025-10-04,Line B,Supplier 5,night,186,Operator 3,Machine 5,52.28,premium,44.56,25.45,false
2024-07-14,Line A,Supplier 4,day,827,Operator 7,Machine 1,29.07,premium,47.93,22.99,false
2025-04-12,Line C,Supplier 4,evening,690,Operator 4,Machine 3,46.29,standard,53.42,15.5,false
2024-12-02,Line C,Supplier 4,evening,430,Operator 6,Machine 6,37.37,premium,45.73,25.99,false
2024-07-28,Line C,Supplier 4,evening,1174,Operator 2,Machine 1,23.19,premium,65.4,25.03,false
2025-09-21,Line C,Supplier 4,night,1294,Operator 2,Machine 4,46.6,premium,46.6,18.03,false
2024-10-21,Line D,Supplier 4,evening,639,Operator 3,Machine 3,26.82,premium,62.65,23.24,false
2024-06-01,Line B,Supplier 3,night,357,Operator 5,Machine 1,46.15,standard,73.84,34.68,false
2025-08-29,Line D,Supplier 1,day,409,Operator 4,Machine 4,25.84,standard,66.1,16.92,false
2024-03-28,Line A,Supplier 2,evening,925,Operator 8,Machine 5,45.17,premium,20.0,27.74,true
2025-10-29,Line D,Supplier 2,day,894,Operator 6,Machine 6,27.66,standard,61.78,19.62,false
2024-07-16,Line A,Supplier 3,day,832,Operator 5,Machine 6,38.59,premium,41.8,10.29,true
2025-06-02,Line A,Supplier 4,night,1112,Operator 8,Machine 2,45.97,standard,80.25,37.88,false
2025-08-05,Line B,Supplier 2,night,1308,Operator 2,Machine 3,27.15,standard,58.31,24.98,true
2024-04-24,Line C,Supplier 1,day,451,Operator 2,Machine 5,39.35,standard,51.13,17.0,false
2024-08-13,Line C,Supplier 4,day,568,Operator 6,Machine 2,21.25,premium,42.24,15.24,false
2025-09-10,Line B,Supplier 5,day,1042,Operator 2,Machine 3,36.0,premium,62.5,30.33,false
2024-03-16,Line B,Supplier 2,day,628,Operator 8,Machine 5,10.92,premium,20.0,27.79,false
2024-12-11,Line D,Supplier 3,evening,1117,Operator 8,Machine 4,19.43,premium,43.92,16.34,false
2025-09-30,Line D,Supplier 5,evening,703,Operator 1,Machine 6,31.77,premium,20.06,13.37,false
2025-06-24,Line A,Supplier 1,evening,477,Operator 6,Machine 6,39.88,premium,49.26,22.27,false
2024-09-13,Line C,Supplier 5,evening,105,Operator 2,Machine 5,32.33,premium,44.39,13.06,false
2025-05-24,Line D,Supplier 4,day,1176,Operator 2,Machine 5,40.98,premium,48.23,17.51,false
2025-08-03,Line B,Supplier 5,day,501,Operator 8,Machine 1,40.14,premium,35.09,22.15,false
2025-02-01,Line B,Supplier 2,evening,380,Operator 3,Machine 3,35.42,premium,55.16,26.82,false
2024-04-02,Line B,Supplier 3,evening,476,Operator 3,Machine 1,26.82,premium,62.32,26.1,false
2025-07-05,Line C,Supplier 2,evening,515,Operator 6,Machine 2,26.53,premium,58.88,18.37,false
2025-08-13,Line C,Supplier 2,night,937,Operator 2,Machine 6,40.3,premium,33.33,22.82,true
2024-06-14,Line B,Supplier 4,day,368,Operator 6,Machine 5,31.67,premium,33.81,21.92,false
2024-02-11,Line B,Supplier 1,night,434,Operator 7,Machine 2,20.89,premium,57.76,17.15,false
2025-07-20,Line A,Supplier 2,day,961,Operator 2,Machine 6,43.56,standard,42.37,4.43,false
2024-01-10,Line C,Supplier 4,night,849,Operator 1,Machine 4,53.78,premium,43.98,14.97,false
2025-04-28,Line C,Supplier 4,day,861,Operator 4,Machine 4,36.23,premium,72.81,12.16,false
2024-12-22,Line C,Supplier 3,day,705,Operator 1,Machine 4,16.75,premium,42.85,16.58,false
2025-09-09,Line D,Supplier 5,evening,910,Operator 3,Machine 3,26.13,premium,33.91,14.2,true
2025-03-19,Line B,Supplier 3,day,548,Operator 5,Machine 3,22.74,standard,40.13,23.94,false
2024-03-14,Line B,Supplier 2,day,448,Operator 2,Machine 5,30.62,premium,40.75,20.59,false
2025-03-04,Line B,Supplier 4,night,243,Operator 3,Machine 5,38.69,premium,45.75,12.48,false
2025-08-21,Line B,Supplier 4,evening,842,Operator 6,Machine 3,51.54,premium,48.7,23.41,false
2025-01-02,Line C,Supplier 3,night,744,Operator 4,Machine 1,9.21,premium,42.16,24.9,true
2025-09-29,Line B,Supplier 5,evening,384,Operator 6,Machine 5,5.0,premium,40.45,15.48,false
2025-05-01,Line C,Supplier 2,evening,905,Operator 2,Machine 6,44.92,standard,77.31,20.22,false
2024-01-08,Line C,Supplier 3,night,162,Operator 7,Machine 4,19.03,premium,34.28,30.57,false
2024-01-31,Line D,Supplier 2,night,732,Operator 7,Machine 3,27.14,premium,24.51,26.92,false
2025-10-08,Line D,Supplier 2,evening,1331,Operator 2,Machine 2,28.64,premium,53.83,17.22,false
2025-02-25,Line D,Supplier 3,night,245,Operator 3,Machine 1,19.97,standard,53.89,17.69,true
2025-04-18,Line C,Supplier 5,evening,761,Operator 3,Machine 5,37.14,standard,64.68,22.97,false
2024-03-30,Line A,Supplier 1,evening,1126,Operator 2,Machine 4,29.8,premium,38.06,23.4,false
2024-08-12,Line B,Supplier 2,day,1167,Operator 2,Machine 4,35.16,premium,30.99,12.38,false
2024-06-28,Line B,Supplier 4,day,68,Operator 4,Machine 5,28.47,standard,62.32,22.77,false
2025-07-30,Line A,Supplier 4,day,572,Operator 1,Machine 5,12.22,standard,54.26,17.29,false
2024-02-19,Line D,Supplier 1,day,1090,Operator 7,Machine 2,27.74,premium,48.4,17.39,false
2025-01-17,Line D,Supplier 2,evening,806,Operator 1,Machine 3,11.24,standard,65.63,20.09,false
2025-06-02,Line C,Supplier 4,night,1212,Operator 2,Machine 1,49.71,standard,55.77,16.11,false
2025-02-09,Line C,Supplier 4,night,592,Operator 3,Machine 2,35.93,standard,63.55,20.88,false
2024-01-29,Line D,Supplier 1,night,698,Operator 2,Machine 2,32.06,standard,72.31,16.79,false
2024-04-02,Line B,Supplier 1,day,1010,Operator 3,Machine 1,27.34,standard,66.03,16.84,false
2025-07-08,Line B,Supplier 1,night,871,Operator 5,Machine 2,22.06,standard,81.73,20.31,false
2024-02-23,Line A,Supplier 4,night,797,Operator 3,Machine 3,33.94,premium,42.29,19.58,false
2024-06-03,Line A,Supplier 5,night,481,Operator 8,Machine 5,26.04,standard,56.35,10.76,false
2025-11-16,Line B,Supplier 4,night,598,Operator 7,Machine 5,36.88,standard,51.66,31.59,false
2024-04-19,Line B,Supplier 1,day,802,Operator 6,Machine 6,41.1,premium,59.79,28.58,false
2024-12-15,Line B,Supplier 4,day,1156,Operator 5,Machine 3,37.82,premium,29.31,14.95,false
2025-12-26,Line B,Supplier 3,evening,985,Operator 2,Machine 3,33.46,premium,31.61,8.67,false
2024-03-25,Line A,Supplier 3,day,935,Operator 2,Machine 6,16.21,standard,61.55,15.79,false
2024-10-08,Line C,Supplier 3,night,796,Operator 5,Machine 5,9.06,premium,35.85,21.48,true
2024-04-16,Line B,Supplier 5,night,718,Operator 3,Machine 2,16.49,premium,46.25,15.73,true
2024-03-19,Line D,Supplier 4,day,1185,Operator 2,Machine 3,32.95,premium,33.77,24.6,false
2024-07-02,Line C,Supplier 1,day,208,Operator 8,Machine 5,36.41,premium,37.93,32.53,false
2024-02-11,Line C,Supplier 4,day,711,Operator 7,Machine 3,26.8,standard,75.07,6.42,false
2024-11-04,Line A,Supplier 3,day,546,Operator 2,Machine 3,61.93,premium,70.38,19.38,false
2024-06-25,Line D,Supplier 3,night,669,Operator 5,Machine 3,45.01,premium,42.28,23.12,false
2024-08-17,Line C,Supplier 3,evening,1614,Operator 2,Machine 1,13.28,premium,65.65,24.69,false
2024-06-07,Line A,Supplier 3,night,1105,Operator 8,Machine 5,27.81,premium,46.71,12.31,false
2025-07-25,Line B,Supplier 3,evening,987,Operator 2,Machine 1,26.71,premium,40.34,15.96,false
2025-08-05,Line B,Supplier 5,night,713,Operator 7,Machine 4,33.45,standard,52.74,26.89,false
2024-12-30,Line C,Supplier 1,day,1160,Operator 2,Machine 4,38.62,standard,77.3,19.51,true
2024-05-26,Line A,Supplier 1,evening,935,Operator 2,Machine 6,22.87,premium,63.8,31.05,false
2025-12-18,Line C,Supplier 5,day,477,Operator 6,Machine 1,16.93,premium,33.23,25.04,false
2024-04-24,Line B,Supplier 4,evening,557,Operator 4,Machine 4,31.55,premium,46.81,23.25,true
2024-05-11,Line C,Supplier 5,day,50,Operator 5,Machine 5,30.31,premium,20.0,16.53,true
2025-03-26,Line B,Supplier 5,night,945,Operator 2,Machine 5,41.41,standard,54.81,21.33,true
2024-10-25,Line B,Supplier 1,day,387,Operator 3,Machine 5,26.1,premium,43.99,19.99,false
2025-09-12,Line C,Supplier 5,day,555,Operator 5,Machine 2,21.87,premium,62.41,22.7,false
2024-11-30,Line A,Supplier 3,day,252,Operator 1,Machine 5,42.61,standard,70.48,21.2,false
2025-10-04,Line D,Supplier 3,night,797,Operator 7,Machine 4,9.0,premium,47.17,12.57,false
2025-06-04,Line A,Supplier 3,evening,495,Operator 2,Machine 3,17.98,standard,86.56,23.38,false
2024-06-12,Line C,Supplier 3,night,597,Operator 2,Machine 6,14.69,standard,80.82,16.75,true
2024-04-03,Line A,Supplier 3,night,715,Operator 6,Machine 5,23.6,standard,47.34,26.11,false
2024-02-24,Line C,Supplier 1,day,1262,Operator 2,Machine 3,29.76,standard,52.05,19.38,false
2025-12-30,Line C,Supplier 3,night,736,Operator 5,Machine 6,15.21,premium,67.82,17.24,false
2025-03-27,Line D,Supplier 3,night,404,Operator 1,Machine 3,41.11,premium,20.46,34.67,true
2024-01-20,Line C,Supplier 4,day,601,Operator 8,Machine 4,25.46,standard,68.29,25.43,false
2025-01-23,Line C,Supplier 1,day,438,Operator 5,Machine 4,25.21,premium,37.07,9.59,false
2025-05-29,Line C,Supplier 4,night,624,Operator 7,Machine 5,24.51,standard,59.73,25.02,false
2025-04-25,Line A,Supplier 3,night,441,Operator 5,Machine 4,15.05,premium,31.04,12.81,false
2024-12-20,Line C,Supplier 2,day,1122,Operator 7,Machine 5,35.53,premium,49.9,17.84,false
2024-06-28,Line B,Supplier 5,day,360,Operator 8,Machine 6,52.7,premium,43.15,23.53,false
2025-09-24,Line D,Supplier 2,night,480,Operator 2,Machine 6,42.36,premium,36.07,22.77,false
2024-05-06,Line D,Supplier 2,day,883,Operator 7,Machine 5,36.82,premium,46.59,20.57,false
2024-06-26,Line A,Supplier 4,day,825,Operator 1,Machine 3,28.08,premium,60.47,25.56,false
2024-12-24,Line B,Supplier 3,night,480,Operator 8,Machine 4,46.83,premium,42.28,21.9,false
2024-08-21,Line B,Supplier 2,evening,784,Operator 5,Machine 6,21.0,standard,62.18,25.23,false
2024-01-11,Line A,Supplier 2,day,949,Operator 2,Machine 1,28.7,standard,59.5,12.49,false
2024-04-06,Line A,Supplier 5,evening,382,Operator 4,Machine 1,56.62,premium,38.04,33.84,false
2024-08-20,Line C,Supplier 3,day,519,Operator 6,Machine 2,49.59,premium,62.58,16.06,false
2025-04-01,Line D,Supplier 3,evening,965,Operator 2,Machine 6,17.25,premium,55.12,30.28,false
2024-03-18,Line B,Supplier 1,evening,50,Operator 5,Machine 5,32.32,premium,85.61,19.43,false
2024-08-22,Line C,Supplier 5,evening,519,Operator 8,Machine 4,35.03,premium,41.5,34.34,false
2025-03-25,Line B,Supplier 4,day,659,Operator 2,Machine 1,34.85,standard,66.79,18.75,false
2025-05-09,Line C,Supplier 3,evening,1238,Operator 2,Machine 2,15.78,standard,59.97,23.05,false
2025-08-29,Line C,Supplier 3,night,218,Operator 3,Machine 5,40.33,premium,74.22,27.48,false
2024-02-12,Line A,Supplier 1,night,134,Operator 7,Machine 5,42.29,premium,47.53,21.31,true
2025-07-25,Line C,Supplier 3,night,779,Operator 4,Machine 2,8.22,standard,53.01,22.72,false
2025-02-01,Line D,Supplier 4,day,748,Operator 3,Machine 1,41.2,premium,36.34,18.74,false
2025-09-28,Line C,Supplier 4,evening,1351,Operator 1,Machine 1,36.18,premium,64.31,24.09,true
2025-04-12,Line A,Supplier 2,night,721,Operator 8,Machine 5,37.54,premium,56.36,25.0,true
2025-04-10,Line A,Supplier 3,evening,821,Operator 7,Machine 1,32.39,premium,45.2,22.18,false
2024-05-13,Line B,Supplier 3,day,999,Operator 2,Machine 5,10.51,premium,47.55,11.89,false
2024-12-03,Line B,Supplier 3,evening,426,Operator 2,Machine 5,18.0,premium,35.86,19.8,false
2024-08-10,Line B,Supplier 1,evening,340,Operator 6,Machine 5,22.81,premium,47.79,18.66,false
2024-10-26,Line B,Supplier 3,evening,762,Operator 5,Machine 5,45.28,standard,58.68,22.47,false
2025-03-27,Line D,Supplier 5,night,511,Operator 7,Machine 6,53.09,premium,45.49,25.81,false
2024-02-15,Line C,Supplier 1,evening,206,Operator 7,Machine 5,32.22,premium,33.39,24.98,false
2024-09-22,Line C,Supplier 2,night,564,Operator 8,Machine 2,41.0,premium,42.58,21.94,true
2025-06-25,Line C,Supplier 5,day,812,Operator 8,Machine 4,14.25,premium,20.0,28.14,false
2025-02-04,Line D,Supplier 2,night,732,Operator 6,Machine 6,26.25,premium,64.35,23.95,false
2025-01-06,Line C,Supplier 3,evening,50,Operator 3,Machine 5,26.08,standard,70.97,19.67,false
2024-08-08,Line B,Supplier 3,night,867,Operator 4,Machine 6,33.11,premium,39.71,13.28,false
2025-05-29,Line B,Supplier 1,night,493,Operator 4,Machine 5,41.09,standard,29.96,17.64,false
2025-07-05,Line A,Supplier 2,day,1101,Operator 2,Machine 2,28.33,standard,56.76,25.32,false
2025-10-05,Line B,Supplier 4,evening,50,Operator 3,Machine 5,33.91,premium,44.45,14.64,false
2025-01-13,Line B,Supplier 2,evening,791,Operator 8,Machine 4,43.88,standard,42.52,8.9,true
2024-04-29,Line A,Supplier 3,evening,599,Operator 1,Machine 3,38.51,premium,37.06,21.12,false
2025-06-20,Line B,Supplier 3,night,249,Operator 8,Machine 5,50.77,standard,55.28,23.13,false
2024-04-06,Line D,Supplier 3,day,508,Operator 2,Machine 5,19.99,standard,85.17,23.07,false
2025-07-17,Line C,Supplier 2,day,645,Operator 4,Machine 4,25.52,standard,93.95,23.6,true
2024-12-25,Line B,Supplier 5,night,371,Operator 1,Machine 2,45.23,standard,60.42,18.42,false
2024-07-19,Line D,Supplier 3,night,269,Operator 4,Machine 5,32.75,standard,53.26,26.99,false
2025-08-12,Line C,Supplier 3,night,965,Operator 2,Machine 6,19.6,premium,55.26,19.13,false
2024-03-21,Line D,Supplier 4,night,359,Operator 5,Machine 6,25.65,premium,35.12,34.19,false
2025-04-05,Line B,Supplier 3,evening,850,Operator 6,Machine 1,18.33,premium,20.31,22.35,false
2024-05-26,Line A,Supplier 3,evening,1045,Operator 2,Machine 2,41.66,premium,63.47,29.14,false
2024-12-05,Line D,Supplier 3,evening,1421,Operator 2,Machine 3,40.2,premium,59.2,23.17,true
2025-12-04,Line B,Supplier 2,evening,381,Operator 8,Machine 6,29.09,premium,48.35,14.53,false
2024-05-23,Line B,Supplier 2,day,420,Operator 5,Machine 4,39.53,premium,65.39,20.71,false
2025-05-07,Line B,Supplier 4,day,701,Operator 4,Machine 1,46.96,premium,20.0,17.51,false
2024-03-08,Line B,Supplier 1,day,375,Operator 8,Machine 6,23.2,premium,45.05,20.74,false
2024-08-06,Line A,Supplier 2,day,468,Operator 6,Machine 5,45.64,premium,20.0,17.87,false
2025-04-08,Line A,Supplier 4,night,908,Operator 4,Machine 4,32.66,premium,76.03,33.36,true
2024-10-03,Line B,Supplier 3,day,600,Operator 2,Machine 1,19.9,premium,42.1,26.34,false
2024-04-11,Line A,Supplier 4,evening,706,Operator 5,Machine 2,30.19,standard,54.04,9.06,false
2024-08-13,Line A,Supplier 3,night,1263,Operator 2,Machine 3,35.27,standard,56.82,28.77,false
2025-09-30,Line C,Supplier 4,day,731,Operator 3,Machine 5,20.34,premium,43.45,10.59,true
2024-05-03,Line C,Supplier 1,evening,971,Operator 2,Machine 2,29.33,premium,20.0,16.83,true
2025-08-24,Line D,Supplier 2,day,938,Operator 2,Machine 5,38.97,standard,56.03,25.69,false
2024-03-23,Line D,Supplier 2,day,547,Operator 4,Machine 4,34.77,premium,44.5,18.68,false
2024-06-10,Line D,Supplier 4,day,1193,Operator 2,Machine 3,39.97,premium,42.2,28.88,false
2025-08-09,Line C,Supplier 5,evening,495,Operator 8,Machine 3,36.5,standard,84.65,19.43,false
2025-05-06,Line A,Supplier 5,day,477,Operator 5,Machine 3,35.08,premium,36.36,23.13,false
2025-04-27,Line A,Supplier 2,evening,899,Operator 2,Machine 6,41.93,standard,57.47,29.55,false
2024-04-15,Line C,Supplier 1,night,816,Operator 4,Machine 3,35.51,premium,46.42,18.67,true
2024-03-17,Line C,Supplier 3,day,205,Operator 1,Machine 5,16.08,premium,46.7,28.16,false
2024-12-24,Line B,Supplier 5,night,50,Operator 4,Machine 5,37.73,standard,67.17,20.14,true
2025-09-25,Line A,Supplier 2,day,281,Operator 3,Machine 5,7.68,premium,34.94,12.25,false
2025-11-05,Line D,Supplier 2,evening,349,Operator 1,Machine 1,30.98,standard,70.36,8.56,false
2025-08-19,Line B,Supplier 3,evening,50,Operator 3,Machine 5,60.28,standard,35.63,6.65,false
2024-08-28,Line D,Supplier 3,evening,140,Operator 4,Machine 5,33.16,standard,54.74,13.46,false
2025-09-20,Line A,Supplier 2,day,656,Operator 6,Machine 5,39.28,premium,58.65,15.06,true
2025-02-03,Line A,Supplier 1,night,1210,Operator 2,Machine 5,29.3,premium,38.62,22.88,true
2025-10-30,Line A,Supplier 5,day,370,Operator 8,Machine 3,31.99,standard,50.81,15.17,false
2024-10-27,Line A,Supplier 2,day,590,Operator 3,Machine 5,30.82,premium,23.74,15.23,false
2025-08-17,Line D,Supplier 1,evening,836,Operator 1,Machine 4,47.09,premium,76.53,21.64,false
2024-12-21,Line A,Supplier 3,evening,189,Operator 2,Machine 5,48.39,premium,52.21,26.5,false
2024-08-07,Line A,Supplier 5,day,337,Operator 1,Machine 6,24.88,premium,44.74,19.73,false
2025-04-20,Line D,Supplier 5,day,1063,Operator 1,Machine 4,44.56,standard,51.22,14.38,false
2025-07-19,Line A,Supplier 2,day,585,Operator 5,Machine 1,43.82,standard,65.69,10.39,false
2024-06-21,Line A,Supplier 1,evening,495,Operator 2,Machine 5,44.14,standard,55.31,18.35,false
2024-05-02,Line A,Supplier 2,evening,514,Operator 8,Machine 1,21.63,premium,26.96,27.51,false
2025-11-28,Line A,Supplier 3,day,792,Operator 3,Machine 4,19.47,premium,25.41,18.54,true
2025-07-15,Line A,Supplier 3,day,376,Operator 2,Machine 4,23.21,premium,28.22,14.0,false
2024-09-27,Line A,Supplier 3,evening,503,Operator 3,Machine 4,16.54,premium,39.14,21.09,false
2025-04-17,Line A,Supplier 5,evening,839,Operator 3,Machine 5,58.19,premium,43.52,37.92,false
2025-04-22,Line B,Supplier 3,day,948,Operator 2,Machine 1,5.0,premium,46.3,27.74,false
2024-08-05,Line D,Supplier 3,evening,286,Operator 5,Machine 5,19.12,premium,35.68,21.49,false
2024-05-03,Line B,Supplier 5,evening,65,Operator 4,Machine 5,19.53,premium,61.69,20.41,true
2025-07-07,Line C,Supplier 3,day,252,Operator 5,Machine 5,41.11,premium,44.22,11.02,false
2024-09-19,Line B,Supplier 3,evening,838,Operator 6,Machine 4,25.49,standard,91.21,15.82,false
2025-05-17,Line B,Supplier 1,night,561,Operator 8,Machine 3,36.68,standard,52.51,22.95,true
2025-04-30,Line C,Supplier 5,evening,476,Operator 8,Machine 4,29.81,premium,31.12,19.53,false
2025-08-31,Line C,Supplier 5,day,634,Operator 5,Machine 3,25.83,premium,53.91,20.57,false
2024-06-13,Line B,Supplier 1,day,1064,Operator 2,Machine 2,38.48,premium,35.53,23.18,false
2025-10-29,Line D,Supplier 2,day,819,Operator 1,Machine 6,31.31,premium,47.99,25.09,false
2024-09-18,Line A,Supplier 4,day,50,Operator 2,Machine 5,44.82,standard,52.59,23.28,false
2024-08-28,Line B,Supplier 5,evening,704,Operator 1,Machine 6,40.29,premium,67.06,25.55,true
2025-10-08,Line B,Supplier 3,day,778,Operator 3,Machine 4,53.25,premium,42.63,23.62,false
2025-04-03,Line B,Supplier 3,day,191,Operator 1,Machine 5,48.61,premium,58.0,8.17,false
2024-02-24,Line A,Supplier 5,day,50,Operator 4,Machine 5,28.13,premium,42.31,33.17,false
2024-03-13,Line B,Supplier 4,night,1416,Operator 3,Machine 5,35.72,premium,55.48,21.13,true
2025-08-31,Line B,Supplier 3,evening,50,Operator 4,Machine 5,16.85,premium,34.58,24.49,false
2025-03-20,Line D,Supplier 2,evening,439,Operator 3,Machine 4,36.69,standard,77.26,18.98,false
2024-09-01,Line C,Supplier 3,night,975,Operator 6,Machine 2,17.6,premium,20.0,11.46,false
2025-09-04,Line B,Supplier 3,day,346,Operator 3,Machine 5,16.57,premium,51.07,28.18,false
2024-04-20,Line A,Supplier 3,night,610,Operator 4,Machine 3,24.53,premium,41.61,25.54,true
2025-10-04,Line D,Supplier 2,day,561,Operator 2,Machine 4,30.7,premium,66.73,12.63,false
2025-02-22,Line B,Supplier 3,day,570,Operator 7,Machine 3,22.36,premium,40.33,24.37,false
2025-03-10,Line D,Supplier 5,day,768,Operator 6,Machine 2,36.77,premium,42.39,25.29,false
2024-12-15,Line A,Supplier 3,evening,891,Operator 7,Machine 2,16.05,premium,41.25,21.89,false
2025-02-04,Line C,Supplier 4,evening,1373,Operator 2,Machine 6,20.62,premium,33.31,31.39,false
2024-10-30,Line D,Supplier 1,day,183,Operator 2,Machine 4,29.28,premium,34.4,25.96,false
2024-07-23,Line D,Supplier 2,night,761,Operator 5,Machine 4,12.72,premium,67.62,21.56,false
2025-06-29,Line B,Supplier 3,night,683,Operator 2,Machine 4,10.17,premium,30.81,31.4,false
2024-02-04,Line B,Supplier 5,night,787,Operator 3,Machine 2,43.57,premium,45.8,15.44,true
2025-06-11,Line A,Supplier 1,evening,50,Operator 8,Machine 5,25.76,premium,42.25,19.49,false
2024-03-30,Line B,Supplier 4,night,335,Operator 6,Machine 5,29.66,premium,35.71,26.55,true
2025-11-25,Line B,Supplier 3,night,981,Operator 5,Machine 1,5.0,premium,67.33,16.25,false
2024-02-29,Line A,Supplier 4,night,253,Operator 6,Machine 6,53.57,premium,58.48,34.99,true
2025-06-11,Line A,Supplier 5,night,885,Operator 7,Machine 1,32.13,premium,39.8,24.22,false
2025-06-16,Line A,Supplier 1,day,560,Operator 8,Machine 6,24.27,premium,63.93,11.05,false
2024-11-27,Line D,Supplier 3,evening,716,Operator 4,Machine 6,5.03,premium,47.14,24.96,false
2025-10-11,Line B,Supplier 5,evening,50,Operator 8,Machine 5,50.62,standard,95.0,9.56,true
2025-05-12,Line B,Supplier 5,evening,506,Operator 2,Machine 1,37.5,premium,20.0,22.11,false
2025-01-31,Line A,Supplier 2,evening,440,Operator 5,Machine 6,25.66,premium,52.49,20.35,false
2025-09-15,Line B,Supplier 3,day,769,Operator 1,Machine 1,32.75,standard,50.72,23.39,false
2025-09-21,Line D,Supplier 1,day,461,Operator 5,Machine 2,53.29,premium,74.22,18.67,false
2024-11-27,Line C,Supplier 4,evening,1013,Operator 2,Machine 5,55.62,standard,69.18,24.95,false
2024-07-08,Line C,Supplier 1,day,61,Operator 2,Machine 2,31.57,premium,47.03,17.68,false
2025-08-18,Line C,Supplier 3,evening,835,Operator 4,Machine 2,18.15,standard,62.73,20.06,false
2025-03-02,Line B,Supplier 1,evening,832,Operator 3,Machine 5,32.01,premium,22.24,13.35,false
2024-06-21,Line C,Supplier 3,evening,532,Operator 5,Machine 6,34.3,premium,40.34,24.06,false
2025-05-03,Line A,Supplier 3,night,651,Operator 7,Machine 6,43.45,standard,59.62,22.4,true
2024-10-23,Line C,Supplier 4,evening,830,Operator 4,Machine 3,22.75,standard,56.73,10.03,false
2025-05-20,Line D,Supplier 1,day,759,Operator 4,Machine 3,27.16,premium,59.04,17.58,false
2025-04-04,Line B,Supplier 3,night,724,Operator 3,Machine 4,26.74,premium,20.97,19.64,false
2025-01-06,Line A,Supplier 2,night,766,Operator 6,Machine 2,26.2,premium,40.61,14.1,false
2024-04-10,Line C,Supplier 2,night,864,Operator 2,Machine 5,37.38,premium,71.74,25.54,true
2024-07-02,Line A,Supplier 1,day,945,Operator 1,Machine 1,23.79,premium,27.04,25.34,false
2024-07-11,Line B,Supplier 2,day,802,Operator 4,Machine 5,48.26,standard,57.02,21.3,false
2024-02-07,Line A,Supplier 3,night,669,Operator 8,Machine 5,17.31,premium,43.78,37.01,false
2024-01-10,Line C,Supplier 1,day,1185,Operator 2,Machine 4,30.96,premium,67.33,18.99,false
2024-07-19,Line C,Supplier 1,evening,628,Operator 4,Machine 2,24.39,standard,53.26,15.2,false
2025-11-25,Line A,Supplier 2,day,303,Operator 3,Machine 5,28.87,standard,61.02,17.93,false
2024-09-07,Line D,Supplier 2,day,1157,Operator 2,Machine 3,34.66,premium,44.21,28.28,false
2025-11-01,Line A,Supplier 4,day,235,Operator 1,Machine 2,50.58,standard,58.25,25.25,false
2024-12-27,Line B,Supplier 4,night,522,Operator 5,Machine 1,29.05,standard,65.62,28.38,false
2024-07-09,Line D,Supplier 3,night,787,Operator 5,Machine 6,26.14,premium,20.0,7.73,false
2024-02-24,Line A,Supplier 1,night,954,Operator 1,Machine 1,33.36,premium,82.31,16.73,true
2025-09-03,Line C,Supplier 5,evening,617,Operator 6,Machine 3,40.6,standard,69.52,9.69,false
2024-11-23,Line A,Supplier 4,evening,714,Operator 5,Machine 1,40.87,standard,91.71,20.9,true
2024-08-24,Line C,Supplier 4,day,852,Operator 3,Machine 6,43.9,premium,44.84,16.9,false
2024-04-10,Line B,Supplier 5,night,887,Operator 1,Machine 4,27.7,premium,42.98,26.71,true
2024-03-07,Line D,Supplier 2,day,224,Operator 4,Machine 5,18.71,standard,51.12,26.55,false
2025-05-15,Line D,Supplier 3,day,203,Operator 4,Machine 5,9.51,premium,35.98,21.21,false
2024-02-03,Line C,Supplier 3,evening,50,Operator 8,Machine 4,21.56,premium,47.96,22.41,true
2024-07-10,Line A,Supplier 5,day,693,Operator 7,Machine 6,22.96,premium,20.28,21.7,false
2024-11-30,Line C,Supplier 4,night,262,Operator 2,Machine 5,24.15,premium,26.66,13.28,false
2025-09-02,Line D,Supplier 3,day,1202,Operator 5,Machine 4,16.68,standard,76.71,21.31,false
2025-11-15,Line C,Supplier 3,day,934,Operator 2,Machine 1,5.0,premium,44.0,32.55,false
2025-12-22,Line D,Supplier 4,night,50,Operator 8,Machine 5,51.32,standard,57.43,15.23,false
2025-05-24,Line C,Supplier 3,day,882,Operator 6,Machine 6,37.97,standard,49.63,22.69,false
2025-02-04,Line C,Supplier 1,day,845,Operator 5,Machine 4,20.8,standard,68.2,17.17,false
2025-12-21,Line C,Supplier 1,day,636,Operator 3,Machine 5,34.08,premium,49.28,29.88,false
2024-10-27,Line B,Supplier 1,evening,701,Operator 3,Machine 4,14.15,premium,40.57,26.72,false
2025-09-24,Line A,Supplier 1,night,127,Operator 7,Machine 5,45.11,premium,47.4,22.04,false
2024-12-07,Line B,Supplier 3,day,102,Operator 4,Machine 5,19.89,premium,50.27,24.67,false
2025-11-25,Line B,Supplier 5,day,591,Operator 1,Machine 5,37.15,premium,38.33,26.33,false
2024-04-13,Line C,Supplier 2,evening,1049,Operator 2,Machine 3,24.28,premium,50.7,17.91,false
2025-12-07,Line B,Supplier 2,night,245,Operator 5,Machine 5,39.45,premium,31.15,19.54,false
2025-02-13,Line C,Supplier 3,day,390,Operator 5,Machine 2,49.75,premium,40.52,14.54,false
2024-02-06,Line C,Supplier 1,day,375,Operator 7,Machine 1,43.22,standard,69.72,15.18,false
2025-09-14,Line C,Supplier 3,day,396,Operator 2,Machine 6,19.87,standard,70.86,17.62,false
2024-05-22,Line B,Supplier 2,evening,893,Operator 6,Machine 6,37.07,premium,93.08,19.68,false
2024-06-01,Line C,Supplier 5,night,632,Operator 2,Machine 1,18.55,standard,60.87,27.08,true
2024-02-13,Line C,Supplier 3,night,187,Operator 6,Machine 1,24.31,standard,68.65,25.16,false
2024-05-05,Line D,Supplier 5,day,366,Operator 7,Machine 3,43.33,standard,57.5,26.38,false
2025-01-26,Line A,Supplier 3,night,1062,Operator 5,Machine 4,46.93,premium,44.27,13.11,true
2025-07-25,Line C,Supplier 4,night,50,Operator 4,Machine 5,41.25,standard,52.19,30.66,false
2025-03-12,Line A,Supplier 1,day,321,Operator 2,Machine 2,28.44,premium,47.71,40.0,false
2024-11-01,Line A,Supplier 2,evening,719,Operator 6,Machine 1,36.87,premium,38.29,13.95,false
2024-07-29,Line C,Supplier 4,night,985,Operator 2,Machine 2,20.92,premium,56.46,13.14,false
2024-11-02,Line A,Supplier 1,day,1009,Operator 2,Machine 5,24.87,premium,42.21,15.46,false
2024-05-28,Line A,Supplier 3,day,960,Operator 6,Machine 2,18.24,premium,48.72,19.04,false
2024-11-28,Line A,Supplier 3,night,561,Operator 6,Machine 3,10.95,premium,40.1,20.06,true
2025-09-23,Line C,Supplier 4,day,827,Operator 7,Machine 6,39.86,standard,67.17,15.46,false
2024-06-10,Line A,Supplier 3,night,742,Operator 1,Machine 4,35.77,premium,36.24,13.73,false
2025-12-12,Line A,Supplier 3,day,708,Operator 7,Machine 2,5.0,premium,63.78,21.56,false
2024-03-05,Line C,Supplier 3,night,50,Operator 3,Machine 5,37.32,premium,56.27,16.72,false
2025-07-24,Line A,Supplier 3,evening,1047,Operator 8,Machine 5,5.0,premium,39.05,28.42,false
2024-04-28,Line C,Supplier 2,day,505,Operator 7,Machine 4,29.4,premium,37.58,7.93,false
2024-02-08,Line D,Supplier 2,day,50,Operator 1,Machine 5,20.79,standard,65.76,20.81,false
2024-12-10,Line A,Supplier 3,evening,300,Operator 4,Machine 5,20.2,standard,51.55,22.61,false
2025-12-30,Line D,Supplier 5,day,843,Operator 1,Machine 6,52.11,premium,61.91,18.16,false
2025-12-02,Line C,Supplier 1,evening,602,Operator 1,Machine 2,24.21,premium,37.47,30.41,false
2025-03-01,Line B,Supplier 2,evening,920,Operator 2,Machine 1,50.64,premium,35.19,20.13,false
2024-03-03,Line D,Supplier 2,day,50,Operator 2,Machine 5,65.48,standard,67.53,25.42,false
2024-02-13,Line A,Supplier 1,day,818,Operator 7,Machine 4,31.25,standard,77.16,22.4,false
2025-11-23,Line C,Supplier 4,night,482,Operator 3,Machine 2,45.58,standard,58.86,17.19,true
2024-05-29,Line A,Supplier 2,evening,585,Operator 7,Machine 6,28.51,premium,60.84,16.44,true
2025-04-09,Line A,Supplier 5,night,657,Operator 7,Machine 3,43.43,premium,56.15,16.52,true
2024-10-02,Line B,Supplier 1,night,861,Operator 5,Machine 6,56.02,standard,45.2,23.03,false
2024-11-23,Line C,Supplier 2,night,806,Operator 1,Machine 6,42.08,premium,72.87,20.93,true
2025-04-12,Line C,Supplier 5,evening,1101,Operator 2,Machine 4,41.29,standard,53.53,24.49,false
2025-08-02,Line C,Supplier 2,night,815,Operator 8,Machine 4,29.15,premium,48.96,37.19,true
2025-02-11,Line D,Supplier 5,evening,563,Operator 1,Machine 3,50.39,standard,56.92,23.82,false
2024-12-17,Line B,Supplier 2,night,1053,Operator 2,Machine 6,14.11,premium,56.63,25.08,false
2025-12-20,Line C,Supplier 5,evening,541,Operator 2,Machine 6,30.34,standard,62.32,18.22,false
2025-03-03,Line B,Supplier 2,night,1014,Operator 2,Machine 4,41.51,premium,42.67,30.96,false
2024-02-26,Line B,Supplier 2,day,854,Operator 3,Machine 4,37.4,premium,63.57,20.8,false
2024-07-21,Line C,Supplier 3,evening,105,Operator 6,Machine 5,47.76,standard,53.11,29.08,false
2024-07-28,Line A,Supplier 3,night,941,Operator 4,Machine 5,12.05,premium,46.91,29.43,false
2024-02-12,Line B,Supplier 1,evening,839,Operator 2,Machine 3,33.38,standard,53.28,17.14,false
2024-07-16,Line A,Supplier 4,evening,921,Operator 2,Machine 5,56.18,premium,23.88,25.99,false
2025-03-03,Line A,Supplier 5,day,704,Operator 4,Machine 5,39.17,premium,45.03,20.15,false
2025-07-23,Line D,Supplier 5,evening,1191,Operator 2,Machine 1,52.92,premium,56.74,11.35,false
2024-12-29,Line C,Supplier 2,day,948,Operator 2,Machine 6,33.42,premium,82.13,21.12,false
2024-04-03,Line B,Supplier 2,night,915,Operator 2,Machine 5,29.0,premium,49.3,18.77,false
2025-12-15,Line B,Supplier 2,night,550,Operator 7,Machine 5,21.45,standard,64.98,12.1,false
2024-08-01,Line A,Supplier 5,night,383,Operator 1,Machine 1,50.81,premium,51.62,25.83,true
2024-05-07,Line B,Supplier 4,evening,1121,Operator 2,Machine 6,52.61,premium,55.23,19.01,false
2024-04-18,Line C,Supplier 2,day,890,Operator 5,Machine 4,55.01,premium,39.5,14.05,false
2024-06-23,Line B,Supplier 2,night,599,Operator 2,Machine 6,37.58,standard,54.09,19.03,false
2025-01-28,Line C,Supplier 4,evening,1382,Operator 2,Machine 1,18.7,standard,50.64,32.59,true
2025-08-03,Line A,Supplier 3,night,923,Operator 2,Machine 3,33.4,standard,57.54,21.38,false
2024-08-18,Line A,Supplier 1,day,538,Operator 6,Machine 4,26.48,premium,66.98,17.51,false
2025-11-03,Line D,Supplier 2,night,719,Operator 1,Machine 6,37.99,standard,48.21,22.87,false
2025-02-19,Line C,Supplier 5,night,411,Operator 5,Machine 5,46.9,premium,49.54,16.54,false
2024-10-08,Line A,Supplier 5,night,945,Operator 2,Machine 5,38.77,premium,20.0,15.02,true
2025-11-01,Line B,Supplier 3,night,629,Operator 8,Machine 3,27.86,standard,63.1,21.78,false
2024-01-12,Line A,Supplier 3,evening,1001,Operator 2,Machine 6,42.81,premium,49.89,20.12,false
2025-03-23,Line B,Supplier 4,day,734,Operator 5,Machine 4,30.82,standard,81.03,24.89,false
2024-01-04,Line B,Supplier 2,evening,835,Operator 3,Machine 3,30.24,premium,62.91,30.76,false
2024-06-24,Line A,Supplier 1,night,518,Operator 8,Machine 4,38.53,standard,59.03,21.66,false
2025-11-18,Line D,Supplier 2,day,550,Operator 1,Machine 4,28.71,premium,74.43,25.15,false
2025-05-12,Line B,Supplier 3,evening,105,Operator 1,Machine 5,38.89,standard,51.22,32.0,false
2024-02-02,Line B,Supplier 2,night,173,Operator 1,Machine 5,43.28,premium,48.08,28.34,true
2024-10-17,Line B,Supplier 1,day,157,Operator 7,Machine 5,25.65,standard,58.81,30.38,false
2024-07-24,Line B,Supplier 3,evening,1206,Operator 2,Machine 5,42.62,standard,58.45,23.74,false
2025-01-15,Line C,Supplier 4,night,983,Operator 5,Machine 5,26.46,premium,41.99,33.17,true
2024-10-23,Line C,Supplier 4,day,1392,Operator 8,Machine 6,34.09,premium,30.61,23.99,false
2024-04-28,Line C,Supplier 3,evening,419,Operator 6,Machine 5,8.53,standard,61.08,24.87,true
2025-07-11,Line A,Supplier 2,night,1124,Operator 2,Machine 2,29.34,premium,40.89,17.35,false
2024-09-05,Line A,Supplier 4,evening,229,Operator 7,Machine 1,37.54,premium,45.7,11.21,false
2024-07-21,Line A,Supplier 4,evening,725,Operator 7,Machine 5,34.06,standard,53.75,13.3,true
2024-03-29,Line A,Supplier 3,evening,541,Operator 2,Machine 1,41.56,standard,67.58,15.38,false
2025-06-27,Line A,Supplier 3,evening,930,Operator 2,Machine 3,12.29,premium,71.43,22.57,true
2025-06-30,Line C,Supplier 4,evening,566,Operator 7,Machine 5,40.13,standard,61.26,18.94,true
2025-11-13,Line A,Supplier 1,evening,1016,Operator 2,Machine 3,32.66,premium,23.38,17.77,false
2025-04-16,Line A,Supplier 4,day,622,Operator 2,Machine 5,27.99,standard,54.3,22.3,false
2025-03-03,Line A,Supplier 5,night,858,Operator 8,Machine 6,28.22,premium,42.68,22.01,false
2024-04-07,Line C,Supplier 1,evening,763,Operator 4,Machine 5,34.14,premium,41.88,21.39,false
2024-07-07,Line B,Supplier 1,night,1235,Operator 4,Machine 5,58.99,standard,60.47,19.59,true
2025-06-25,Line B,Supplier 4,day,160,Operator 2,Machine 5,48.46,standard,57.44,18.36,false
2024-01-09,Line A,Supplier 4,evening,334,Operator 2,Machine 4,27.8,standard,63.33,10.85,false
2024-08-10,Line D,Supplier 5,night,664,Operator 5,Machine 6,39.13,premium,59.67,25.08,false
2024-08-21,Line B,Supplier 3,evening,638,Operator 4,Machine 5,30.94,premium,44.93,15.23,false
2025-08-12,Line B,Supplier 4,day,1688,Operator 2,Machine 2,32.84,premium,55.4,10.68,false
2024-08-31,Line C,Supplier 1,day,548,Operator 1,Machine 5,29.18,premium,63.77,20.06,false
2024-03-04,Line A,Supplier 5,evening,786,Operator 2,Machine 2,47.39,premium,35.0,23.43,false
2024-04-15,Line B,Supplier 2,night,974,Operator 2,Machine 1,45.24,standard,51.18,11.16,false
2025-09-12,Line C,Supplier 2,night,367,Operator 2,Machine 4,29.26,standard,65.3,36.88,true
2025-10-01,Line B,Supplier 4,day,456,Operator 7,Machine 2,29.76,premium,83.98,35.6,false
2025-07-14,Line D,Supplier 5,night,538,Operator 2,Machine 1,37.94,premium,37.66,13.02,false
2025-01-04,Line C,Supplier 3,night,547,Operator 4,Machine 1,30.62,premium,54.85,32.69,true
2025-03-01,Line D,Supplier 3,day,342,Operator 4,Machine 6,29.6,premium,31.37,16.68,false
2025-05-01,Line C,Supplier 5,evening,916,Operator 5,Machine 1,24.57,premium,58.07,14.38,false
2024-12-01,Line A,Supplier 5,day,555,Operator 7,Machine 1,48.97,premium,69.97,18.5,false
2025-08-08,Line C,Supplier 3,day,923,Operator 2,Machine 4,32.02,premium,30.29,27.76,true
2024-06-13,Line B,Supplier 3,evening,692,Operator 4,Machine 4,51.78,premium,44.43,23.25,false
2024-09-08,Line D,Supplier 3,evening,633,Operator 2,Machine 5,8.94,premium,44.49,23.43,true
2025-02-04,Line C,Supplier 4,night,933,Operator 2,Machine 3,26.9,standard,57.94,25.39,false
2025-05-31,Line D,Supplier 5,evening,741,Operator 6,Machine 6,8.36,premium,26.32,9.52,false
2024-06-27,Line D,Supplier 1,day,917,Operator 2,Machine 5,26.75,standard,61.56,19.62,false
2025-04-08,Line C,Supplier 4,evening,1004,Operator 2,Machine 6,35.39,premium,52.5,22.59,false
2025-01-21,Line B,Supplier 2,day,813,Operator 2,Machine 3,44.46,standard,74.85,13.88,false
2024-04-13,Line A,Supplier 1,day,904,Operator 2,Machine 5,31.87,premium,45.02,31.8,false
2025-01-15,Line C,Supplier 5,day,646,Operator 8,Machine 1,38.67,premium,60.05,30.27,false
2025-02-28,Line B,Supplier 1,day,507,Operator 1,Machine 4,33.83,premium,78.06,15.66,false
2024-04-21,Line A,Supplier 4,evening,1128,Operator 3,Machine 2,14.06,premium,48.46,24.52,true
2024-12-19,Line C,Supplier 2,day,272,Operator 5,Machine 2,27.94,standard,71.16,11.17,true
2025-03-18,Line B,Supplier 5,night,820,Operator 5,Machine 6,28.98,standard,59.41,23.7,true
2024-07-10,Line D,Supplier 3,night,768,Operator 4,Machine 6,12.12,premium,32.74,25.29,false
2024-09-04,Line A,Supplier 1,night,793,Operator 4,Machine 5,30.05,premium,43.85,29.03,false
2025-12-20,Line C,Supplier 1,evening,397,Operator 7,Machine 3,26.88,premium,47.31,27.4,true
2025-10-18,Line D,Supplier 3,evening,1347,Operator 4,Machine 3,47.58,standard,51.61,25.66,false
2024-11-13,Line C,Supplier 5,day,318,Operator 8,Machine 5,57.15,premium,38.06,22.06,false
2024-01-03,Line A,Supplier 5,night,833,Operator 4,Machine 2,35.88,premium,45.95,24.73,false
2025-06-03,Line A,Supplier 3,day,701,Operator 3,Machine 5,44.23,premium,44.45,18.53,false
2024-04-21,Line A,Supplier 4,night,981,Operator 2,Machine 6,37.63,standard,72.63,17.59,false
2025-06-03,Line D,Supplier 5,night,963,Operator 2,Machine 3,29.51,standard,72.43,27.35,false
2024-05-02,Line B,Supplier 2,evening,481,Operator 1,Machine 4,19.46,standard,54.7,18.04,false
2024-04-25,Line A,Supplier 1,night,417,Operator 7,Machine 3,39.85,premium,46.75,17.33,false
2024-06-11,Line A,Supplier 1,day,1383,Operator 2,Machine 3,5.0,standard,49.45,25.42,false
2024-03-05,Line D,Supplier 5,day,336,Operator 6,Machine 3,32.73,premium,38.16,21.11,false
2025-02-04,Line C,Supplier 3,day,752,Operator 2,Machine 5,29.45,standard,42.61,9.46,true
2024-09-17,Line C,Supplier 3,day,762,Operator 4,Machine 2,21.1,premium,30.09,20.52,false
2024-09-13,Line C,Supplier 2,night,962,Operator 2,Machine 6,20.13,standard,63.03,11.18,false
2024-07-30,Line C,Supplier 5,evening,593,Operator 7,Machine 1,42.29,premium,28.7,20.33,false
2025-04-27,Line C,Supplier 1,day,580,Operator 1,Machine 4,50.24,standard,20.0,23.98,false
2025-07-24,Line C,Supplier 3,day,752,Operator 7,Machine 5,23.68,premium,49.55,17.67,false
2024-09-03,Line B,Supplier 5,day,815,Operator 7,Machine 2,40.48,premium,25.81,22.95,true
2024-09-20,Line C,Supplier 1,evening,712,Operator 4,Machine 2,23.87,standard,68.98,22.15,false
2025-07-29,Line B,Supplier 5,day,927,Operator 2,Machine 2,30.59,premium,55.88,27.41,false
2025-09-14,Line C,Supplier 5,evening,251,Operator 7,Machine 5,42.92,premium,46.15,12.29,false
2025-02-15,Line C,Supplier 1,evening,398,Operator 1,Machine 2,40.46,standard,61.55,17.8,false
2025-05-25,Line D,Supplier 1,evening,931,Operator 6,Machine 1,27.62,standard,61.43,13.92,false
2024-06-12,Line A,Supplier 3,night,357,Operator 3,Machine 6,6.19,standard,64.46,16.18,false
2024-04-06,Line D,Supplier 4,night,797,Operator 5,Machine 6,59.37,standard,54.97,10.48,false
2025-01-05,Line A,Supplier 1,evening,898,Operator 2,Machine 6,38.2,premium,42.36,23.1,false
2025-03-06,Line A,Supplier 5,evening,968,Operator 2,Machine 1,25.24,premium,33.71,25.84,false
2025-04-24,Line C,Supplier 1,evening,1251,Operator 2,Machine 5,57.64,premium,46.14,5.4,false
2024-02-28,Line A,Supplier 4,night,668,Operator 4,Machine 5,31.24,premium,72.71,19.9,true
2025-02-09,Line C,Supplier 5,night,1016,Operator 2,Machine 6,41.75,standard,78.06,15.74,false
2024-05-09,Line B,Supplier 3,night,486,Operator 3,Machine 5,50.04,standard,50.61,21.68,true
2025-03-27,Line B,Supplier 3,evening,869,Operator 6,Machine 5,16.31,standard,55.27,27.83,false
2025-05-22,Line A,Supplier 5,night,1012,Operator 2,Machine 4,50.04,premium,26.06,25.06,true
2025-09-05,Line D,Supplier 2,evening,365,Operator 3,Machine 1,27.61,standard,70.72,26.88,false
2025-08-02,Line D,Supplier 2,day,629,Operator 7,Machine 1,33.51,premium,34.78,26.4,false
2025-09-26,Line B,Supplier 1,night,1029,Operator 2,Machine 3,38.07,standard,51.17,20.26,false
2025-06-26,Line C,Supplier 1,night,109,Operator 8,Machine 5,23.94,standard,54.83,19.59,true
2024-04-02,Line A,Supplier 1,night,1047,Operator 2,Machine 5,34.57,standard,55.68,24.81,false
2025-01-20,Line C,Supplier 5,night,561,Operator 5,Machine 4,28.21,standard,50.95,22.24,true
2024-06-16,Line D,Supplier 2,night,597,Operator 6,Machine 3,38.36,premium,31.1,26.23,true
2024-08-15,Line B,Supplier 3,night,900,Operator 2,Machine 2,30.04,premium,49.55,11.01,true
2024-10-08,Line B,Supplier 2,day,738,Operator 1,Machine 3,57.32,premium,49.38,13.18,true
2025-12-02,Line D,Supplier 3,night,1601,Operator 5,Machine 1,39.27,standard,52.6,17.7,true
2025-07-01,Line B,Supplier 1,day,274,Operator 7,Machine 5,33.11,premium,45.94,38.35,true
2024-07-18,Line A,Supplier 2,day,50,Operator 7,Machine 5,33.19,premium,21.82,26.2,false
2024-09-27,Line C,Supplier 1,day,779,Operator 4,Machine 4,21.99,standard,73.58,26.6,true
2024-01-03,Line A,Supplier 3,day,661,Operator 5,Machine 6,17.19,premium,34.95,20.17,false
2025-06-26,Line C,Supplier 5,day,1127,Operator 2,Machine 5,34.44,premium,36.83,24.67,false
2024-06-12,Line A,Supplier 4,night,523,Operator 4,Machine 6,44.28,standard,53.34,36.86,true
2024-09-30,Line B,Supplier 3,evening,762,Operator 4,Machine 5,32.11,standard,74.52,30.79,false
2024-09-04,Line A,Supplier 2,night,141,Operator 5,Machine 5,31.63,premium,53.8,17.88,false
2024-01-15,Line B,Supplier 2,day,467,Operator 7,Machine 4,26.91,premium,25.73,35.33,false
2024-06-22,Line D,Supplier 3,night,844,Operator 6,Machine 5,18.72,premium,34.22,25.21,false
2024-07-07,Line B,Supplier 3,evening,50,Operator 3,Machine 5,11.08,standard,52.39,25.13,true
2024-03-31,Line D,Supplier 3,evening,528,Operator 7,Machine 2,30.07,standard,70.58,22.68,false
2025-11-16,Line A,Supplier 5,evening,827,Operator 2,Machine 6,36.68,premium,29.32,24.16,false
2025-11-29,Line D,Supplier 4,day,222,Operator 7,Machine 2,39.62,premium,46.06,12.04,false
2025-04-14,Line D,Supplier 3,day,503,Operator 5,Machine 2,16.78,premium,27.64,14.93,false
2025-10-23,Line A,Supplier 3,day,1224,Operator 2,Machine 2,5.0,standard,79.13,24.67,false
2025-12-24,Line B,Supplier 3,day,1319,Operator 2,Machine 1,32.76,premium,48.0,33.03,false
2024-05-03,Line C,Supplier 2,night,1412,Operator 2,Machine 1,44.26,standard,78.18,28.35,true
2025-07-24,Line A,Supplier 4,night,565,Operator 1,Machine 2,12.82,premium,38.41,23.16,true
2024-03-31,Line C,Supplier 2,day,634,Operator 6,Machine 4,29.68,premium,40.29,22.21,false
2024-09-04,Line C,Supplier 3,evening,1211,Operator 4,Machine 3,16.5,premium,45.72,26.8,false
2025-02-05,Line C,Supplier 1,night,498,Operator 5,Machine 6,48.52,premium,44.39,11.54,false
2024-10-30,Line B,Supplier 4,day,132,Operator 4,Machine 5,59.78,standard,88.76,22.59,false
2025-03-09,Line A,Supplier 1,night,523,Operator 6,Machine 5,44.18,premium,41.01,15.16,false
2024-10-06,Line A,Supplier 3,night,1045,Operator 4,Machine 5,33.99,standard,62.18,18.17,false
2025-02-24,Line D,Supplier 2,night,1458,Operator 2,Machine 5,23.34,premium,79.63,24.43,false
2025-10-22,Line A,Supplier 3,night,50,Operator 7,Machine 4,18.75,standard,53.52,18.19,true
2025-12-08,Line B,Supplier 5,evening,113,Operator 1,Machine 5,25.54,standard,57.01,27.59,false
2024-12-24,Line D,Supplier 2,night,453,Operator 8,Machine 3,23.53,premium,45.4,31.29,false
2024-09-09,Line D,Supplier 4,day,574,Operator 2,Machine 1,20.04,standard,70.74,13.1,false
2024-04-19,Line A,Supplier 1,evening,1176,Operator 2,Machine 6,18.84,standard,58.78,19.58,false
2025-07-30,Line C,Supplier 5,day,50,Operator 2,Machine 5,24.43,premium,66.51,27.94,false
2024-06-15,Line B,Supplier 4,night,1173,Operator 2,Machine 1,35.82,premium,48.92,21.56,false
2024-03-01,Line A,Supplier 1,evening,612,Operator 2,Machine 3,31.07,standard,70.03,19.98,true
2024-08-03,Line A,Supplier 2,day,1295,Operator 2,Machine 5,42.58,standard,58.79,5.97,false
2025-07-21,Line D,Supplier 3,evening,432,Operator 5,Machine 5,33.65,premium,47.77,22.27,false
2025-01-22,Line B,Supplier 5,day,1042,Operator 2,Machine 5,48.18,standard,58.38,26.95,false
2025-10-20,Line D,Supplier 1,day,758,Operator 7,Machine 3,40.29,premium,60.42,18.4,false
2025-04-21,Line B,Supplier 4,day,597,Operator 6,Machine 5,35.42,premium,30.14,21.73,false
2024-02-19,Line B,Supplier 3,evening,330,Operator 7,Machine 1,12.77,premium,38.43,16.86,true
2024-06-22,Line D,Supplier 1,evening,484,Operator 8,Machine 5,37.32,premium,53.75,17.58,true
2024-07-29,Line C,Supplier 2,day,1064,Operator 2,Machine 2,44.94,standard,53.41,13.69,false
2025-10-06,Line B,Supplier 3,day,50,Operator 5,Machine 2,9.44,premium,52.1,7.55,false
2025-10-18,Line C,Supplier 5,evening,565,Operator 7,Machine 1,52.07,premium,36.33,28.91,false
2024-03-16,Line B,Supplier 4,day,706,Operator 1,Machine 1,29.41,premium,28.49,19.89,false
2024-11-14,Line A,Supplier 3,day,367,Operator 6,Machine 5,19.24,premium,59.65,-0.97,false
2025-06-02,Line A,Supplier 1,night,876,Operator 2,Machine 4,31.84,standard,57.29,22.85,false
2024-06-10,Line D,Supplier 5,day,383,Operator 2,Machine 1,34.88,premium,51.88,17.57,true
2024-09-01,Line C,Supplier 3,day,683,Operator 8,Machine 4,10.32,standard,52.64,11.99,false
2025-06-05,Line A,Supplier 1,night,709,Operator 6,Machine 1,37.34,premium,43.36,23.25,false
2025-09-02,Line C,Supplier 5,day,473,Operator 1,Machine 3,50.76,premium,39.03,22.92,false
2024-09-14,Line C,Supplier 3,night,1661,Operator 1,Machine 1,50.04,premium,34.67,11.27,false
2025-01-05,Line B,Supplier 5,day,563,Operator 1,Machine 6,49.02,standard,73.07,16.79,false
2025-07-11,Line B,Supplier 4,evening,752,Operator 7,Machine 2,26.36,standard,72.01,35.74,false
2025-08-19,Line A,Supplier 2,night,241,Operator 4,Machine 6,37.46,premium,31.92,22.39,true
2024-10-18,Line A,Supplier 3,day,274,Operator 3,Machine 5,5.0,premium,43.41,7.41,false
2024-01-28,Line C,Supplier 4,night,568,Operator 3,Machine 4,32.63,premium,77.84,17.18,true
2025-05-26,Line C,Supplier 3,night,329,Operator 4,Machine 6,22.28,premium,57.25,28.48,true
2025-12-25,Line D,Supplier 3,evening,832,Operator 1,Machine 2,28.32,premium,51.5,32.09,true
2025-01-16,Line A,Supplier 3,night,1145,Operator 3,Machine 4,40.45,premium,41.64,26.69,true
2024-03-29,Line D,Supplier 1,day,685,Operator 4,Machine 5,24.64,premium,45.85,22.0,true
2024-09-16,Line B,Supplier 1,evening,1038,Operator 2,Machine 2,27.28,premium,38.55,29.94,false
2024-07-10,Line C,Supplier 1,night,809,Operator 3,Machine 6,64.35,premium,27.49,19.32,false
2024-08-17,Line B,Supplier 2,day,138,Operator 5,Machine 3,32.88,premium,39.45,25.35,false
2024-07-13,Line C,Supplier 5,day,644,Operator 7,Machine 6,40.06,standard,62.02,17.42,false
2024-03-27,Line D,Supplier 3,evening,962,Operator 2,Machine 1,15.4,premium,37.28,20.08,false
2025-06-01,Line D,Supplier 1,evening,373,Operator 6,Machine 6,46.11,premium,57.17,7.12,false
2024-09-03,Line A,Supplier 5,day,360,Operator 2,Machine 6,20.25,premium,51.85,20.43,false
2025-01-23,Line B,Supplier 1,day,447,Operator 1,Machine 6,32.83,standard,58.97,24.85,false
2025-07-23,Line C,Supplier 5,evening,290,Operator 5,Machine 1,57.45,premium,85.32,28.0,false
2024-05-18,Line B,Supplier 5,day,1152,Operator 2,Machine 5,32.29,standard,58.18,19.04,false
2024-10-13,Line B,Supplier 2,day,851,Operator 2,Machine 1,32.93,premium,47.5,15.16,false
2024-08-03,Line A,Supplier 1,night,579,Operator 7,Machine 5,28.93,premium,36.66,17.38,false
2025-03-06,Line B,Supplier 3,evening,369,Operator 6,Machine 5,6.17,premium,37.59,15.24,false
2025-11-16,Line B,Supplier 1,day,222,Operator 4,Machine 4,23.17,standard,71.33,31.89,false
2024-07-15,Line B,Supplier 5,evening,713,Operator 5,Machine 6,45.03,premium,43.95,20.35,true
2024-06-23,Line D,Supplier 3,night,609,Operator 3,Machine 3,35.61,premium,47.89,22.24,false
2025-07-21,Line A,Supplier 2,day,50,Operator 2,Machine 6,43.55,premium,37.2,8.34,false
2025-01-25,Line A,Supplier 5,day,396,Operator 2,Machine 2,37.8,premium,48.31,19.14,false
2025-08-02,Line C,Supplier 3,day,443,Operator 3,Machine 1,9.69,standard,72.01,27.42,false
2025-08-28,Line B,Supplier 3,day,172,Operator 1,Machine 5,14.94,premium,65.17,32.02,false
2024-01-17,Line D,Supplier 4,day,50,Operator 3,Machine 5,34.32,standard,44.24,19.72,false
2025-04-05,Line B,Supplier 1,day,296,Operator 4,Machine 5,55.62,premium,40.15,17.23,false
2025-06-28,Line B,Supplier 4,day,1645,Operator 2,Machine 2,31.8,premium,55.03,25.18,false
2024-04-14,Line B,Supplier 4,evening,1464,Operator 2,Machine 5,46.88,premium,37.67,16.48,true
2024-06-03,Line C,Supplier 4,day,147,Operator 8,Machine 5,37.63,standard,42.7,27.46,false
2024-04-30,Line D,Supplier 4,night,512,Operator 7,Machine 3,26.16,premium,36.6,27.6,false
2025-09-15,Line B,Supplier 3,evening,762,Operator 7,Machine 5,31.86,premium,48.22,22.55,false
2024-12-13,Line B,Supplier 3,day,1048,Operator 3,Machine 3,30.28,premium,47.13,21.15,false
2025-06-23,Line B,Supplier 4,day,359,Operator 2,Machine 1,40.41,premium,51.64,4.2,false
2024-12-15,Line B,Supplier 4,night,161,Operator 2,Machine 5,26.54,premium,39.38,21.67,true
2024-08-12,Line D,Supplier 1,night,397,Operator 1,Machine 6,40.52,premium,20.0,26.94,false
2024-01-02,Line B,Supplier 2,evening,896,Operator 7,Machine 4,54.06,premium,44.25,17.58,false
2024-12-24,Line C,Supplier 1,night,706,Operator 3,Machine 3,27.24,standard,56.28,13.11,false
2024-11-19,Line A,Supplier 3,evening,990,Operator 2,Machine 5,50.69,premium,45.82,32.21,false
2024-11-21,Line C,Supplier 4,evening,169,Operator 3,Machine 5,23.23,premium,38.9,22.92,false
2025-01-19,Line C,Supplier 3,night,817,Operator 8,Machine 4,44.38,standard,64.17,10.4,false
2025-11-14,Line D,Supplier 5,day,573,Operator 5,Machine 2,40.5,standard,71.95,24.63,true
2024-06-19,Line D,Supplier 5,day,930,Operator 2,Machine 2,5.0,standard,23.76,30.31,false
2024-08-05,Line A,Supplier 2,night,345,Operator 4,Machine 5,20.06,standard,64.25,26.0,true
2025-07-23,Line A,Supplier 4,night,378,Operator 4,Machine 1,52.15,premium,73.29,23.39,false
2025-01-18,Line D,Supplier 4,night,594,Operator 1,Machine 2,39.89,premium,72.66,16.55,false
2025-10-07,Line B,Supplier 1,day,1139,Operator 2,Machine 6,26.59,premium,31.94,23.15,false
2025-06-18,Line A,Supplier 2,evening,468,Operator 3,Machine 6,47.3,premium,59.01,26.62,false
2025-11-12,Line C,Supplier 2,day,794,Operator 1,Machine 6,37.89,premium,50.87,19.87,false
2024-07-16,Line C,Supplier 3,day,903,Operator 2,Machine 3,11.4,standard,61.88,19.68,false
2024-06-27,Line B,Supplier 5,day,429,Operator 4,Machine 5,32.34,premium,54.06,15.45,false
2024-11-12,Line A,Supplier 3,evening,422,Operator 5,Machine 2,14.66,premium,37.09,34.19,true
2025-01-03,Line D,Supplier 2,day,854,Operator 7,Machine 1,46.08,premium,39.41,27.61,false
2025-10-12,Line B,Supplier 2,night,636,Operator 1,Machine 6,33.29,premium,46.34,24.09,false
2024-06-27,Line D,Supplier 3,evening,603,Operator 3,Machine 4,38.46,premium,22.44,35.79,false
2025-05-18,Line C,Supplier 2,evening,97,Operator 4,Machine 5,60.54,premium,39.95,33.43,false
2025-09-28,Line B,Supplier 3,night,716,Operator 8,Machine 4,43.39,premium,33.97,12.8,true
2024-03-14,Line D,Supplier 1,evening,900,Operator 5,Machine 4,48.63,premium,23.04,24.75,false
2024-08-27,Line A,Supplier 2,night,555,Operator 7,Machine 1,26.79,standard,88.2,28.92,false
2025-04-29,Line A,Supplier 3,evening,785,Operator 1,Machine 1,39.75,premium,67.17,34.91,false
2024-08-14,Line D,Supplier 3,night,525,Operator 7,Machine 3,33.87,premium,48.59,10.88,true
2025-05-17,Line B,Supplier 2,day,886,Operator 8,Machine 2,43.06,standard,79.69,31.88,false
2025-01-08,Line D,Supplier 3,day,1085,Operator 8,Machine 6,20.5,standard,62.23,24.17,false
2025-09-26,Line C,Supplier 2,night,1242,Operator 2,Machine 2,35.03,standard,58.12,23.97,true
2024-02-01,Line A,Supplier 3,day,871,Operator 7,Machine 5,13.32,standard,67.3,13.66,false
2024-11-23,Line A,Supplier 2,night,80,Operator 7,Machine 5,18.89,premium,44.6,23.77,false
2024-03-08,Line C,Supplier 3,evening,799,Operator 5,Machine 5,16.14,premium,49.99,16.38,false
2024-07-20,Line A,Supplier 4,day,606,Operator 4,Machine 6,50.51,standard,79.54,11.44,false
2024-06-14,Line B,Supplier 1,night,844,Operator 3,Machine 2,35.67,premium,48.57,13.83,false
2025-12-24,Line D,Supplier 2,day,635,Operator 5,Machine 5,25.74,standard,54.88,22.21,false
2025-05-26,Line A,Supplier 3,night,579,Operator 2,Machine 6,44.3,premium,24.73,21.77,false
2025-02-10,Line C,Supplier 2,night,560,Operator 3,Machine 4,37.01,premium,46.88,23.38,false
2025-05-26,Line B,Supplier 2,evening,1045,Operator 2,Machine 3,28.0,standard,58.43,32.25,false
2024-01-10,Line B,Supplier 2,night,356,Operator 1,Machine 1,38.36,standard,59.16,27.99,false
2025-03-03,Line D,Supplier 2,night,975,Operator 2,Machine 3,40.9,premium,36.41,26.28,false
2025-10-05,Line B,Supplier 5,evening,555,Operator 7,Machine 5,16.32,premium,42.03,12.36,false
2025-12-15,Line C,Supplier 3,evening,840,Operator 8,Machine 6,24.05,premium,37.83,23.14,false
2025-04-20,Line A,Supplier 2,day,279,Operator 6,Machine 5,25.86,standard,55.46,16.81,false
2025-01-01,Line A,Supplier 4,evening,225,Operator 8,Machine 5,32.63,premium,69.97,33.5,true
2025-10-13,Line D,Supplier 3,day,428,Operator 3,Machine 2,36.54,premium,45.12,12.15,false
2025-02-14,Line A,Supplier 2,night,50,Operator 4,Machine 2,35.9,premium,47.12,30.59,false
2024-10-24,Line B,Supplier 3,day,773,Operator 4,Machine 4,17.02,premium,37.91,25.35,false
2024-12-13,Line D,Supplier 4,evening,1165,Operator 2,Machine 4,44.11,standard,52.43,15.3,false
2024-07-14,Line B,Supplier 5,night,50,Operator 2,Machine 5,27.37,standard,52.95,7.32,true
2025-07-14,Line D,Supplier 3,night,535,Operator 4,Machine 6,23.88,premium,35.5,28.87,false
2025-02-20,Line B,Supplier 3,evening,776,Operator 3,Machine 6,19.98,premium,66.29,18.42,true
2025-08-12,Line D,Supplier 3,evening,362,Operator 1,Machine 5,18.09,premium,36.34,17.73,true
2025-02-10,Line B,Supplier 1,day,1051,Operator 6,Machine 6,23.97,premium,70.1,20.49,false
2025-03-30,Line C,Supplier 4,day,595,Operator 8,Machine 3,35.71,premium,48.94,1.05,false
2025-06-22,Line A,Supplier 2,day,1049,Operator 2,Machine 4,32.54,premium,27.96,12.93,false
2025-11-16,Line A,Supplier 2,day,709,Operator 6,Machine 3,30.77,standard,74.52,21.4,false
2024-07-01,Line C,Supplier 3,night,1230,Operator 8,Machine 6,24.64,standard,31.04,11.92,true
2025-05-21,Line C,Supplier 5,day,515,Operator 2,Machine 2,46.32,premium,65.84,7.71,true
2024-08-21,Line B,Supplier 2,day,626,Operator 8,Machine 6,40.71,standard,51.74,3.59,false
2025-04-23,Line B,Supplier 3,evening,659,Operator 8,Machine 5,39.67,premium,47.57,34.27,false
2024-09-12,Line D,Supplier 4,day,599,Operator 2,Machine 3,31.64,premium,47.24,27.42,true
2024-01-23,Line C,Supplier 4,day,637,Operator 3,Machine 4,22.69,premium,34.26,21.86,false
2025-09-14,Line A,Supplier 4,day,50,Operator 6,Machine 5,34.99,standard,46.25,23.19,false
2024-05-01,Line A,Supplier 5,day,979,Operator 2,Machine 4,52.95,premium,52.58,16.06,false
2024-01-09,Line B,Supplier 5,day,688,Operator 8,Machine 1,26.24,premium,48.59,21.83,false
2024-08-05,Line B,Supplier 2,evening,296,Operator 6,Machine 5,37.81,standard,67.25,26.32,false
2024-04-20,Line D,Supplier 3,day,693,Operator 2,Machine 3,5.0,standard,67.48,3.81,false
2025-06-24,Line C,Supplier 2,day,918,Operator 3,Machine 5,34.84,standard,64.61,24.87,false
2024-01-23,Line A,Supplier 4,day,595,Operator 4,Machine 4,28.53,premium,38.54,25.46,false
2024-06-29,Line D,Supplier 1,night,50,Operator 7,Machine 5,26.34,standard,51.67,12.29,true
2025-06-13,Line C,Supplier 5,night,527,Operator 6,Machine 6,48.99,standard,77.38,25.56,true
2024-07-30,Line A,Supplier 3,day,380,Operator 8,Machine 4,36.07,premium,51.48,8.73,false
2025-05-02,Line A,Supplier 3,day,50,Operator 7,Machine 5,24.1,premium,47.77,11.62,false
2025-11-07,Line D,Supplier 5,day,1138,Operator 2,Machine 4,48.76,standard,60.21,16.24,false
2024-05-30,Line A,Supplier 2,night,50,Operator 5,Machine 5,22.59,standard,65.6,20.17,false
2025-10-16,Line C,Supplier 5,evening,489,Operator 2,Machine 1,25.86,premium,31.57,20.66,false
2025-02-02,Line D,Supplier 3,day,430,Operator 1,Machine 4,32.32,premium,44.29,16.28,false
2024-05-14,Line C,Supplier 4,night,708,Operator 1,Machine 5,40.09,premium,59.36,23.5,false
2025-09-13,Line B,Supplier 2,evening,50,Operator 5,Machine 5,55.99,standard,51.91,14.05,false
2024-02-11,Line B,Supplier 2,evening,862,Operator 4,Machine 2,37.91,premium,42.91,4.0,true
2025-06-12,Line A,Supplier 4,day,743,Operator 2,Machine 5,52.21,premium,48.68,15.15,false
2025-10-24,Line B,Supplier 4,night,120,Operator 1,Machine 5,22.86,standard,58.17,32.78,false
2025-09-08,Line A,Supplier 5,night,570,Operator 5,Machine 5,42.77,standard,64.73,11.17,true
2024-05-26,Line A,Supplier 2,day,50,Operator 1,Machine 5,32.37,premium,37.38,16.22,false
2025-07-22,Line B,Supplier 3,day,279,Operator 8,Machine 2,18.6,standard,59.02,9.66,false
2025-03-14,Line B,Supplier 3,day,815,Operator 5,Machine 4,53.05,standard,56.35,15.49,false
2025-09-03,Line C,Supplier 4,evening,639,Operator 1,Machine 4,20.46,standard,65.92,13.22,false
2024-02-01,Line D,Supplier 1,night,906,Operator 2,Machine 3,41.33,standard,50.25,20.3,true
2024-02-04,Line A,Supplier 1,evening,942,Operator 8,Machine 5,26.83,standard,63.48,23.67,true
2024-08-08,Line A,Supplier 3,evening,891,Operator 1,Machine 2,43.89,standard,50.29,33.47,false
2025-01-30,Line B,Supplier 4,evening,940,Operator 7,Machine 4,21.4,premium,69.12,29.41,true
2024-05-29,Line B,Supplier 5,day,479,Operator 4,Machine 5,17.26,premium,60.25,10.41,false
2025-06-16,Line C,Supplier 2,day,130,Operator 5,Machine 5,41.29,premium,44.43,20.78,false
2025-12-18,Line A,Supplier 4,day,1401,Operator 2,Machine 5,35.53,standard,60.57,9.46,false
2025-09-17,Line D,Supplier 4,night,233,Operator 2,Machine 5,49.39,premium,40.15,24.48,false
2024-10-13,Line D,Supplier 5,night,256,Operator 1,Machine 5,33.92,premium,39.61,32.27,false
2024-10-26,Line A,Supplier 3,night,878,Operator 1,Machine 6,13.91,standard,61.96,28.14,false
2025-03-17,Line D,Supplier 3,night,446,Operator 6,Machine 4,18.41,premium,44.29,26.35,false
2024-08-03,Line B,Supplier 5,night,113,Operator 8,Machine 6,28.05,premium,39.88,20.55,true
2025-06-30,Line A,Supplier 5,night,620,Operator 7,Machine 3,48.75,standard,72.87,23.69,true
2024-01-25,Line A,Supplier 1,night,574,Operator 1,Machine 4,21.43,premium,57.13,23.82,true
2025-03-08,Line A,Supplier 2,night,50,Operator 8,Machine 5,20.59,standard,59.69,22.25,false
2024-03-08,Line B,Supplier 4,day,444,Operator 5,Machine 1,42.93,premium,27.28,22.09,false
2025-01-28,Line C,Supplier 1,night,723,Operator 6,Machine 4,37.44,premium,40.83,20.63,false
2025-10-17,Line A,Supplier 3,night,204,Operator 1,Machine 6,10.44,standard,61.85,19.41,false
2025-02-06,Line A,Supplier 1,day,400,Operator 7,Machine 3,29.57,standard,27.17,30.36,false
2025-02-17,Line B,Supplier 4,day,373,Operator 7,Machine 2,22.87,standard,67.89,26.49,true
2024-10-30,Line D,Supplier 4,evening,960,Operator 2,Machine 1,27.97,premium,42.51,8.05,false
2025-10-24,Line C,Supplier 5,day,151,Operator 2,Machine 5,26.91,standard,59.83,13.7,false
2025-05-29,Line B,Supplier 4,evening,332,Operator 6,Machine 2,32.64,standard,59.68,11.7,false
2025-08-16,Line D,Supplier 1,evening,598,Operator 6,Machine 2,37.93,premium,46.77,22.36,false
2024-11-01,Line C,Supplier 1,evening,462,Operator 7,Machine 3,30.13,premium,36.6,12.24,true
2024-06-07,Line C,Supplier 4,day,710,Operator 1,Machine 3,25.31,standard,50.41,15.63,false
2025-05-02,Line C,Supplier 1,night,490,Operator 1,Machine 2,23.46,premium,50.07,22.05,false
2025-04-10,Line A,Supplier 3,night,483,Operator 5,Machine 3,12.23,premium,24.68,18.15,false
2024-10-22,Line B,Supplier 5,night,737,Operator 4,Machine 3,41.7,premium,55.88,14.99,true
2025-09-13,Line B,Supplier 5,day,508,Operator 2,Machine 3,46.84,premium,55.69,21.21,true
2025-11-02,Line A,Supplier 2,day,748,Operator 3,Machine 3,23.86,premium,57.03,17.2,false
2025-09-25,Line A,Supplier 1,day,673,Operator 6,Machine 1,52.89,premium,85.4,12.59,false
2025-05-31,Line C,Supplier 3,evening,530,Operator 1,Machine 1,11.93,premium,22.54,12.83,false
2024-03-31,Line C,Supplier 5,night,640,Operator 5,Machine 1,31.14,premium,44.55,25.76,false
2024-01-22,Line C,Supplier 3,night,1094,Operator 2,Machine 2,13.88,standard,82.93,24.3,false
2025-11-08,Line C,Supplier 1,night,946,Operator 3,Machine 1,27.88,premium,23.91,12.88,true
2025-10-09,Line D,Supplier 4,evening,603,Operator 4,Machine 6,39.88,premium,68.18,19.53,false
2024-12-23,Line D,Supplier 4,night,1214,Operator 2,Machine 6,26.43,premium,47.42,22.49,true
2025-10-01,Line A,Supplier 5,evening,457,Operator 2,Machine 5,37.18,standard,60.26,24.08,false
2025-08-02,Line A,Supplier 2,day,646,Operator 8,Machine 6,34.71,premium,20.0,34.02,false
2024-04-28,Line C,Supplier 2,day,1000,Operator 5,Machine 6,14.01,premium,48.09,28.44,false
2025-01-22,Line B,Supplier 3,day,513,Operator 5,Machine 2,35.15,premium,45.84,28.82,false
2024-05-02,Line C,Supplier 5,evening,446,Operator 3,Machine 6,29.35,premium,51.42,22.04,false
2024-09-23,Line B,Supplier 3,day,941,Operator 2,Machine 6,5.16,standard,66.63,23.32,false
2025-06-20,Line B,Supplier 2,evening,814,Operator 5,Machine 2,38.26,premium,35.51,13.74,false
2024-08-04,Line B,Supplier 3,evening,151,Operator 5,Machine 5,19.05,standard,68.44,28.16,false
2024-01-23,Line A,Supplier 4,day,379,Operator 8,Machine 2,25.13,premium,42.99,10.98,false
2025-02-15,Line A,Supplier 3,day,1050,Operator 2,Machine 4,45.78,standard,68.99,23.14,false
2024-09-17,Line A,Supplier 3,night,1023,Operator 2,Machine 1,32.75,premium,33.97,25.7,true
2025-09-23,Line C,Supplier 2,evening,783,Operator 2,Machine 3,22.24,premium,55.47,26.85,false
2025-10-07,Line D,Supplier 3,evening,961,Operator 2,Machine 5,18.16,premium,23.61,20.26,true
2025-01-03,Line D,Supplier 5,evening,841,Operator 7,Machine 5,10.02,premium,43.93,15.39,false
2025-03-18,Line A,Supplier 2,evening,607,Operator 5,Machine 1,31.09,premium,64.71,12.11,false
2025-09-20,Line A,Supplier 3,day,1102,Operator 2,Machine 4,16.46,standard,53.36,38.77,false
2025-10-10,Line B,Supplier 3,evening,1332,Operator 2,Machine 6,16.28,standard,69.78,21.73,false
2024-01-06,Line C,Supplier 5,night,593,Operator 1,Machine 5,55.59,standard,56.73,16.21,true
2025-10-26,Line A,Supplier 3,day,683,Operator 3,Machine 4,18.69,standard,59.28,18.58,false
2024-04-16,Line C,Supplier 4,night,1155,Operator 2,Machine 3,36.72,premium,38.69,6.88,true
2025-11-06,Line C,Supplier 3,evening,296,Operator 8,Machine 5,16.3,premium,49.64,3.87,false
2025-04-07,Line A,Supplier 4,night,581,Operator 3,Machine 5,39.99,premium,40.43,23.57,false
2024-12-09,Line A,Supplier 5,night,637,Operator 7,Machine 4,36.31,premium,49.2,14.58,false
2025-11-29,Line D,Supplier 4,evening,400,Operator 1,Machine 2,10.47,premium,50.45,11.85,false
2024-12-31,Line C,Supplier 4,day,986,Operator 2,Machine 1,57.62,premium,28.19,27.0,false
2025-08-29,Line B,Supplier 4,night,629,Operator 8,Machine 6,33.12,standard,64.91,20.82,true
2024-05-06,Line D,Supplier 4,evening,599,Operator 8,Machine 5,31.38,premium,41.23,12.25,false
2025-11-22,Line D,Supplier 5,evening,1341,Operator 5,Machine 2,29.39,premium,87.76,16.57,false
2025-06-03,Line C,Supplier 1,day,664,Operator 3,Machine 5,37.14,standard,67.23,15.54,false
2024-11-03,Line C,Supplier 3,day,791,Operator 4,Machine 4,5.0,premium,45.03,24.55,false
2025-08-19,Line A,Supplier 2,day,783,Operator 2,Machine 3,53.79,standard,75.58,27.68,false
2025-06-12,Line B,Supplier 1,night,695,Operator 8,Machine 2,39.66,premium,48.33,11.4,false
2024-09-04,Line D,Supplier 5,night,600,Operator 4,Machine 3,50.29,premium,38.95,26.0,false
2024-09-25,Line A,Supplier 5,night,592,Operator 3,Machine 5,24.39,premium,46.98,30.0,true
2024-01-18,Line B,Supplier 3,evening,393,Operator 7,Machine 5,27.4,premium,45.56,15.03,true
2024-08-07,Line D,Supplier 3,night,54,Operator 4,Machine 5,25.5,premium,46.88,20.54,false
2024-12-27,Line C,Supplier 3,evening,106,Operator 7,Machine 4,47.36,premium,42.44,17.94,true
2024-07-17,Line D,Supplier 3,night,465,Operator 4,Machine 3,13.16,premium,41.95,27.2,false
2024-09-08,Line B,Supplier 3,night,649,Operator 3,Machine 1,33.99,premium,25.24,17.73,false
2024-04-01,Line B,Supplier 5,night,1060,Operator 2,Machine 5,38.6,premium,52.01,20.33,false
2024-08-14,Line D,Supplier 2,day,480,Operator 8,Machine 5,39.68,standard,60.6,23.99,true
2025-09-09,Line C,Supplier 4,day,565,Operator 6,Machine 1,38.38,premium,48.53,25.04,false
2024-01-27,Line C,Supplier 1,evening,247,Operator 8,Machine 5,16.15,premium,25.22,17.26,false
2025-05-23,Line C,Supplier 3,night,361,Operator 1,Machine 1,11.93,premium,55.06,23.27,false
2025-09-20,Line C,Supplier 2,evening,387,Operator 4,Machine 1,26.19,premium,42.07,18.66,false
2024-08-22,Line A,Supplier 1,evening,596,Operator 6,Machine 3,23.4,standard,68.76,21.29,false
2024-08-11,Line B,Supplier 4,evening,914,Operator 5,Machine 1,39.53,standard,69.62,16.27,false
2025-03-16,Line A,Supplier 1,evening,703,Operator 5,Machine 3,23.64,premium,44.16,17.97,false
2025-04-14,Line D,Supplier 3,evening,733,Operator 7,Machine 6,19.14,premium,58.25,10.78,false
2025-01-14,Line B,Supplier 2,evening,761,Operator 1,Machine 1,29.6,standard,67.2,17.49,false
2025-09-28,Line A,Supplier 2,evening,876,Operator 1,Machine 6,44.16,premium,55.24,17.12,false
2024-12-16,Line B,Supplier 2,night,484,Operator 5,Machine 1,34.81,premium,63.43,15.13,false
2024-12-01,Line A,Supplier 5,day,50,Operator 1,Machine 5,34.4,standard,59.69,25.07,false
2024-04-17,Line C,Supplier 5,day,1193,Operator 3,Machine 6,23.1,premium,46.05,27.49,false
2024-11-26,Line A,Supplier 2,night,1627,Operator 2,Machine 1,21.69,premium,40.43,16.13,true
2025-02-15,Line B,Supplier 1,evening,50,Operator 7,Machine 5,20.86,premium,54.74,11.71,true
2025-11-28,Line B,Supplier 3,evening,518,Operator 4,Machine 5,42.44,standard,72.76,22.26,false
2024-11-18,Line C,Supplier 1,evening,355,Operator 6,Machine 3,41.81,premium,56.02,22.41,false
2025-07-22,Line B,Supplier 3,day,522,Operator 7,Machine 1,45.91,premium,51.31,29.18,true
2024-03-26,Line A,Supplier 4,day,499,Operator 2,Machine 2,40.35,premium,49.41,6.77,false
2025-01-08,Line D,Supplier 2,evening,934,Operator 2,Machine 5,30.05,premium,41.13,34.15,false
2025-11-30,Line C,Supplier 3,day,395,Operator 3,Machine 5,31.83,premium,39.68,18.65,false
2024-08-05,Line C,Supplier 3,night,732,Operator 4,Machine 3,36.74,standard,84.45,27.37,false
2025-04-19,Line C,Supplier 1,day,1027,Operator 2,Machine 4,23.34,premium,57.31,20.08,false
2025-10-24,Line B,Supplier 4,day,788,Operator 2,Machine 1,24.59,premium,59.16,23.12,false
2025-03-31,Line B,Supplier 4,evening,330,Operator 8,Machine 6,26.64,standard,72.06,26.04,false
2024-01-02,Line B,Supplier 1,evening,494,Operator 8,Machine 4,34.36,premium,43.07,25.54,false
2025-06-20,Line D,Supplier 5,day,727,Operator 2,Machine 2,64.39,premium,55.03,27.22,false
2024-12-19,Line B,Supplier 2,evening,413,Operator 7,Machine 5,26.91,premium,43.99,22.52,false
2025-07-21,Line D,Supplier 2,night,1271,Operator 1,Machine 2,60.71,standard,55.07,18.37,false
2024-05-28,Line A,Supplier 3,evening,713,Operator 2,Machine 2,36.56,standard,65.21,26.93,false
2025-06-15,Line B,Supplier 3,night,198,Operator 2,Machine 4,45.73,premium,27.01,29.64,false
2025-12-01,Line C,Supplier 2,evening,894,Operator 8,Machine 2,28.97,premium,48.76,17.75,true
2024-10-06,Line A,Supplier 1,night,1153,Operator 2,Machine 4,31.91,premium,29.88,31.05,true
2025-07-22,Line D,Supplier 2,day,1100,Operator 2,Machine 3,30.8,standard,64.25,24.14,false
2024-04-02,Line C,Supplier 1,evening,459,Operator 8,Machine 3,27.48,premium,22.43,18.37,false
2024-02-28,Line B,Supplier 2,evening,1239,Operator 1,Machine 1,36.39,premium,37.37,34.38,false
2025-06-10,Line C,Supplier 4,day,785,Operator 6,Machine 5,31.57,standard,65.37,16.0,false
2024-10-24,Line B,Supplier 1,night,545,Operator 5,Machine 5,42.48,premium,53.51,34.04,false
2025-04-24,Line B,Supplier 1,evening,213,Operator 6,Machine 3,42.07,standard,60.31,13.22,false
2025-01-23,Line A,Supplier 5,night,570,Operator 2,Machine 4,32.64,premium,48.66,24.22,true
2025-12-10,Line A,Supplier 5,night,1289,Operator 2,Machine 1,44.61,premium,76.43,21.51,true
2025-12-01,Line B,Supplier 1,night,212,Operator 8,Machine 5,22.08,premium,33.43,13.52,false
2025-07-13,Line B,Supplier 5,night,815,Operator 6,Machine 6,47.73,standard,58.41,21.44,false
2025-09-06,Line B,Supplier 3,evening,200,Operator 3,Machine 5,14.92,standard,46.95,23.31,false
2024-01-05,Line D,Supplier 1,day,527,Operator 1,Machine 2,46.33,premium,48.25,13.29,false
2024-07-01,Line D,Supplier 1,day,1144,Operator 3,Machine 1,23.98,standard,67.26,25.16,false
2024-05-02,Line A,Supplier 2,evening,988,Operator 2,Machine 6,31.15,premium,32.11,12.42,false
2025-01-22,Line D,Supplier 3,day,397,Operator 6,Machine 6,16.88,standard,72.71,21.78,false
2025-07-02,Line D,Supplier 3,evening,769,Operator 2,Machine 1,48.84,premium,20.81,28.59,false
2024-09-18,Line B,Supplier 5,day,480,Operator 7,Machine 4,30.03,standard,63.39,32.09,false
2024-09-03,Line D,Supplier 3,night,568,Operator 5,Machine 5,15.75,premium,38.93,19.11,true
2024-02-11,Line D,Supplier 1,night,103,Operator 7,Machine 5,38.7,premium,32.58,27.83,false
2025-04-24,Line C,Supplier 3,day,604,Operator 3,Machine 2,34.26,premium,55.0,25.94,true
2025-06-25,Line B,Supplier 5,evening,1087,Operator 5,Machine 4,20.92,standard,71.83,24.18,false
2025-05-15,Line A,Supplier 5,day,845,Operator 3,Machine 4,32.06,premium,42.82,9.29,false
2024-08-05,Line A,Supplier 5,day,876,Operator 2,Machine 6,41.52,premium,30.0,17.75,false
2025-08-24,Line C,Supplier 1,day,297,Operator 2,Machine 5,34.78,premium,46.33,16.49,false
2024-05-04,Line A,Supplier 4,evening,1122,Operator 2,Machine 6,32.53,standard,64.93,10.93,false
2025-06-21,Line C,Supplier 1,night,453,Operator 6,Machine 2,24.91,premium,73.78,7.79,false
2025-08-31,Line C,Supplier 3,night,674,Operator 5,Machine 6,15.62,premium,39.09,19.68,false
2025-07-23,Line B,Supplier 3,night,964,Operator 3,Machine 6,12.26,premium,43.64,21.68,true
2025-10-03,Line D,Supplier 5,day,50,Operator 4,Machine 5,47.67,premium,44.37,22.71,false
2024-09-22,Line A,Supplier 5,night,1074,Operator 2,Machine 6,46.96,premium,58.67,37.92,false
2025-02-03,Line A,Supplier 4,day,686,Operator 3,Machine 2,33.89,premium,24.4,30.46,false
2025-04-05,Line B,Supplier 3,evening,398,Operator 2,Machine 2,16.86,premium,61.32,14.81,false
2025-02-17,Line A,Supplier 1,evening,227,Operator 4,Machine 6,20.06,standard,57.56,19.27,false
2025-05-19,Line B,Supplier 3,night,66,Operator 7,Machine 3,54.35,premium,60.91,15.12,true
2025-04-25,Line C,Supplier 4,day,431,Operator 8,Machine 5,23.42,standard,67.39,10.39,false
2024-06-07,Line A,Supplier 1,evening,672,Operator 2,Machine 5,28.94,premium,40.77,28.64,false
2024-08-10,Line A,Supplier 4,day,1179,Operator 2,Machine 3,22.84,premium,45.82,33.32,true
2024-04-07,Line B,Supplier 3,day,796,Operator 5,Machine 5,13.06,standard,67.87,27.95,false
2024-02-28,Line D,Supplier 2,evening,1434,Operator 5,Machine 1,36.31,premium,45.43,23.35,false
2025-10-12,Line A,Supplier 2,night,462,Operator 7,Machine 1,23.07,premium,30.54,33.86,false
2025-03-14,Line B,Supplier 3,night,50,Operator 8,Machine 5,44.67,standard,63.44,23.41,false
2024-10-16,Line D,Supplier 3,day,165,Operator 8,Machine 6,32.12,premium,43.56,27.66,false
2024-01-04,Line C,Supplier 3,night,435,Operator 5,Machine 4,21.0,premium,24.85,24.77,false
2024-05-09,Line B,Supplier 1,day,507,Operator 3,Machine 5,23.49,standard,51.35,23.91,false
2024-07-30,Line C,Supplier 3,evening,230,Operator 2,Machine 5,31.67,premium,34.89,12.18,false
2025-08-21,Line B,Supplier 1,evening,533,Operator 8,Machine 3,32.17,standard,70.81,26.61,false
2025-08-27,Line A,Supplier 3,evening,1090,Operator 3,Machine 4,26.66,premium,32.1,11.58,false
2024-05-13,Line D,Supplier 4,day,310,Operator 4,Machine 2,12.95,premium,47.14,15.36,false
2025-11-04,Line B,Supplier 4,night,882,Operator 5,Machine 6,47.18,premium,20.0,32.44,false
2025-02-23,Line D,Supplier 3,day,50,Operator 8,Machine 3,44.27,premium,68.25,9.16,false
2025-06-20,Line A,Supplier 1,evening,622,Operator 3,Machine 1,43.97,premium,49.93,23.86,false
2024-01-05,Line D,Supplier 3,night,50,Operator 5,Machine 5,19.95,premium,58.13,27.81,false
2025-05-29,Line A,Supplier 5,night,287,Operator 3,Machine 5,47.12,premium,20.0,22.25,false
2025-11-18,Line C,Supplier 3,night,1214,Operator 6,Machine 6,6.06,standard,64.47,21.82,true
2025-04-26,Line D,Supplier 1,evening,719,Operator 8,Machine 6,30.51,premium,49.88,15.57,false
2025-07-08,Line C,Supplier 5,day,735,Operator 8,Machine 2,48.12,standard,58.19,6.21,false
2024-12-16,Line B,Supplier 3,evening,527,Operator 6,Machine 2,44.44,premium,37.39,26.61,false
2025-10-06,Line B,Supplier 1,day,819,Operator 2,Machine 1,24.78,premium,36.57,21.06,false
2024-09-03,Line B,Supplier 1,night,1042,Operator 2,Machine 4,40.5,premium,32.29,24.2,true
2024-06-23,Line C,Supplier 1,day,246,Operator 7,Machine 6,21.28,premium,36.36,25.55,false
2024-08-02,Line C,Supplier 5,night,829,Operator 6,Machine 1,32.3,standard,63.18,27.69,true
2024-04-21,Line B,Supplier 3,night,664,Operator 5,Machine 6,5.0,premium,51.66,16.45,false
2025-09-12,Line B,Supplier 3,night,648,Operator 3,Machine 5,13.11,premium,37.28,33.49,true
2024-05-28,Line C,Supplier 3,day,710,Operator 1,Machine 1,21.83,standard,54.29,28.89,false
2025-10-17,Line D,Supplier 5,evening,440,Operator 8,Machine 1,34.91,standard,52.85,10.32,false
2024-03-21,Line B,Supplier 4,day,1248,Operator 8,Machine 5,51.01,premium,45.88,16.87,false
2025-10-17,Line A,Supplier 3,day,507,Operator 3,Machine 6,5.0,premium,42.59,12.36,false
2025-03-12,Line D,Supplier 3,night,301,Operator 5,Machine 1,6.81,premium,44.55,25.27,false
2025-09-01,Line D,Supplier 5,day,433,Operator 3,Machine 2,35.33,standard,66.94,25.88,false
2024-08-15,Line D,Supplier 4,day,583,Operator 4,Machine 5,31.88,standard,63.9,26.1,true
2024-07-15,Line A,Supplier 4,day,1092,Operator 2,Machine 6,32.2,premium,32.54,11.99,false
2024-06-30,Line B,Supplier 1,night,661,Operator 4,Machine 5,43.17,premium,35.7,23.07,false
2024-11-16,Line B,Supplier 4,night,349,Operator 6,Machine 1,27.95,standard,57.73,26.51,false
2025-05-02,Line B,Supplier 4,day,693,Operator 4,Machine 1,29.6,standard,73.29,24.84,false
2025-08-17,Line B,Supplier 2,night,207,Operator 8,Machine 5,21.59,premium,60.23,10.16,false
2024-06-26,Line B,Supplier 5,day,1280,Operator 2,Machine 1,19.77,standard,50.49,18.49,false
2024-01-17,Line B,Supplier 5,day,532,Operator 1,Machine 5,52.83,premium,67.32,19.51,false
2025-04-27,Line B,Supplier 2,night,320,Operator 5,Machine 6,29.21,standard,60.03,16.31,false
2025-01-20,Line D,Supplier 2,day,1152,Operator 2,Machine 2,29.55,premium,44.8,18.6,false
2024-12-25,Line A,Supplier 4,night,947,Operator 2,Machine 6,17.87,premium,46.33,11.06,true
2025-08-25,Line B,Supplier 2,day,560,Operator 3,Machine 4,43.15,premium,53.31,27.22,false
2025-12-09,Line B,Supplier 1,day,549,Operator 4,Machine 5,29.48,premium,55.68,15.59,false
2024-12-01,Line A,Supplier 1,evening,398,Operator 6,Machine 3,47.78,premium,43.59,12.8,false
2024-04-21,Line A,Supplier 3,day,333,Operator 6,Machine 2,26.57,premium,47.16,16.26,true
2025-01-14,Line C,Supplier 3,night,877,Operator 2,Machine 2,12.88,standard,52.84,23.03,false
2025-01-20,Line B,Supplier 3,day,312,Operator 1,Machine 3,35.08,premium,37.9,5.84,false
2025-04-15,Line D,Supplier 2,day,97,Operator 1,Machine 6,46.45,premium,34.01,14.16,false
2024-06-10,Line A,Supplier 3,day,919,Operator 2,Machine 4,18.45,premium,38.06,13.74,false
2024-02-29,Line B,Supplier 1,day,441,Operator 3,Machine 5,46.35,premium,23.61,14.44,false
2025-07-18,Line A,Supplier 5,day,421,Operator 5,Machine 6,29.0,premium,34.56,-0.44,false
2025-04-23,Line D,Supplier 4,evening,407,Operator 1,Machine 1,23.95,standard,67.6,11.83,false
2024-06-08,Line B,Supplier 3,night,849,Operator 3,Machine 6,62.39,premium,39.27,16.2,false
2025-09-17,Line B,Supplier 3,night,323,Operator 3,Machine 5,45.7,premium,45.94,32.4,true
2025-10-09,Line B,Supplier 3,night,493,Operator 8,Machine 3,40.52,premium,36.2,25.09,false
2025-11-20,Line C,Supplier 4,night,307,Operator 1,Machine 2,27.33,standard,60.77,20.99,false
2024-07-05,Line D,Supplier 3,day,1319,Operator 2,Machine 4,12.12,premium,49.04,27.37,false
2024-12-15,Line A,Supplier 2,night,1192,Operator 5,Machine 4,38.62,premium,41.08,11.97,false
2024-02-16,Line A,Supplier 3,evening,385,Operator 1,Machine 3,29.66,premium,36.24,14.44,false
2024-07-07,Line A,Supplier 3,day,434,Operator 1,Machine 2,32.12,premium,64.43,9.32,false
2024-12-14,Line A,Supplier 3,day,418,Operator 4,Machine 3,28.2,premium,46.41,20.27,false
2024-12-28,Line A,Supplier 2,evening,726,Operator 6,Machine 1,47.87,premium,37.62,32.25,false
2024-07-20,Line A,Supplier 3,day,402,Operator 7,Machine 4,37.31,standard,58.07,25.87,false
2025-10-30,Line A,Supplier 2,evening,880,Operator 3,Machine 4,31.15,premium,65.17,13.32,true
2025-09-12,Line B,Supplier 1,evening,681,Operator 4,Machine 6,39.3,premium,43.12,39.33,false
2024-08-12,Line D,Supplier 1,night,62,Operator 4,Machine 2,49.1,standard,55.2,20.79,false
2024-03-10,Line C,Supplier 1,night,1233,Operator 2,Machine 5,48.84,premium,31.92,22.55,false
2024-09-05,Line B,Supplier 1,evening,744,Operator 4,Machine 6,29.36,standard,61.6,16.47,false
2024-12-29,Line B,Supplier 4,night,795,Operator 7,Machine 4,64.1,premium,29.73,18.03,false
2024-01-28,Line B,Supplier 1,day,1119,Operator 2,Machine 3,39.9,premium,44.91,28.32,false
2025-10-04,Line D,Supplier 1,night,50,Operator 2,Machine 2,29.49,standard,50.35,18.8,true
2024-08-04,Line A,Supplier 1,evening,277,Operator 8,Machine 2,32.88,standard,52.66,14.38,false
2025-07-12,Line A,Supplier 3,night,314,Operator 7,Machine 6,5.0,standard,58.61,21.61,true
2025-01-13,Line A,Supplier 3,night,375,Operator 4,Machine 6,12.26,premium,29.98,25.39,true
2025-09-17,Line B,Supplier 4,day,496,Operator 7,Machine 5,28.64,standard,52.79,18.67,true
2024-05-18,Line A,Supplier 3,day,50,Operator 7,Machine 5,32.78,premium,30.18,22.27,false
2025-08-30,Line B,Supplier 4,day,652,Operator 4,Machine 5,29.51,standard,68.24,18.0,false
2024-02-19,Line A,Supplier 1,day,705,Operator 7,Machine 4,33.18,premium,25.59,21.67,false
2024-08-14,Line A,Supplier 4,evening,898,Operator 2,Machine 4,15.7,standard,64.44,13.26,false
2024-02-07,Line A,Supplier 3,day,674,Operator 3,Machine 5,15.02,premium,26.23,14.16,false
2024-10-22,Line C,Supplier 3,day,699,Operator 2,Machine 3,46.89,premium,34.25,9.57,true
2024-02-26,Line B,Supplier 2,day,1028,Operator 2,Machine 4,15.06,standard,79.55,21.25,false
2025-09-25,Line A,Supplier 2,night,1049,Operator 2,Machine 2,20.49,premium,38.41,19.94,false
2025-11-02,Line C,Supplier 5,night,894,Operator 5,Machine 5,47.96,premium,29.7,21.31,false
2024-07-13,Line C,Supplier 5,day,656,Operator 2,Machine 2,19.59,premium,49.84,16.93,false
2024-11-12,Line A,Supplier 1,night,312,Operator 2,Machine 6,13.75,premium,36.66,22.16,true
2025-12-04,Line D,Supplier 3,day,1344,Operator 2,Machine 6,13.5,standard,60.81,27.16,false
2024-01-12,Line B,Supplier 2,evening,92,Operator 5,Machine 5,32.18,premium,49.57,29.7,false
2024-01-13,Line B,Supplier 3,night,557,Operator 8,Machine 6,15.63,premium,55.67,17.27,false
2025-08-06,Line D,Supplier 5,evening,1088,Operator 2,Machine 3,26.04,premium,20.58,12.68,false
2025-03-29,Line C,Supplier 4,day,833,Operator 6,Machine 4,29.14,premium,47.33,15.79,false
2025-06-08,Line D,Supplier 4,night,444,Operator 5,Machine 3,32.72,premium,47.2,32.81,false
2025-10-04,Line A,Supplier 4,day,204,Operator 2,Machine 5,21.22,premium,38.7,20.87,false
2025-09-25,Line C,Supplier 3,evening,598,Operator 1,Machine 6,9.91,premium,23.78,26.45,false
2025-01-14,Line B,Supplier 4,evening,467,Operator 5,Machine 6,37.11,premium,60.12,22.91,false
2025-07-04,Line D,Supplier 5,day,821,Operator 1,Machine 2,33.1,premium,27.36,30.21,false
2025-05-16,Line D,Supplier 4,night,50,Operator 7,Machine 4,29.02,premium,25.96,24.43,true
2025-06-22,Line B,Supplier 5,evening,1105,Operator 2,Machine 4,39.81,premium,55.35,16.43,false
2024-08-07,Line A,Supplier 3,evening,1056,Operator 1,Machine 3,16.82,standard,51.93,33.26,true
2024-11-01,Line C,Supplier 5,night,1200,Operator 8,Machine 4,27.76,premium,47.29,10.69,false
2025-02-16,Line B,Supplier 1,day,1059,Operator 2,Machine 4,15.8,standard,61.37,30.42,false
2024-05-06,Line C,Supplier 2,night,1086,Operator 2,Machine 1,37.36,standard,26.43,29.95,true
2024-08-25,Line A,Supplier 3,evening,763,Operator 8,Machine 3,34.66,premium,35.17,5.38,false
2024-01-25,Line C,Supplier 3,evening,715,Operator 1,Machine 5,16.78,premium,62.89,13.82,false
2025-08-05,Line C,Supplier 2,night,905,Operator 2,Machine 3,27.92,standard,51.57,16.08,false
2025-09-10,Line D,Supplier 1,night,483,Operator 5,Machine 1,32.11,standard,53.4,29.04,true
2024-02-25,Line B,Supplier 1,night,771,Operator 4,Machine 4,32.47,premium,36.4,24.55,true
2024-07-16,Line B,Supplier 1,night,1142,Operator 2,Machine 1,65.11,premium,20.0,11.86,true
2025-02-08,Line D,Supplier 3,day,798,Operator 2,Machine 3,36.08,premium,40.69,27.93,false
2025-12-28,Line B,Supplier 5,day,995,Operator 2,Machine 6,40.73,standard,63.93,13.84,false
2025-05-07,Line A,Supplier 1,evening,597,Operator 4,Machine 6,35.33,standard,56.8,11.45,false
2024-09-19,Line D,Supplier 4,night,155,Operator 5,Machine 5,45.88,standard,71.15,23.19,false
2025-01-04,Line C,Supplier 3,night,167,Operator 8,Machine 5,37.9,premium,31.58,25.89,false
2024-07-11,Line C,Supplier 5,day,476,Operator 5,Machine 4,38.91,premium,35.23,27.85,false
2024-04-23,Line A,Supplier 2,night,257,Operator 8,Machine 5,26.87,premium,41.83,24.36,false
2025-09-01,Line A,Supplier 3,evening,50,Operator 8,Machine 3,9.37,premium,79.47,27.22,false
2025-07-08,Line D,Supplier 2,night,971,Operator 5,Machine 4,31.27,standard,57.31,19.28,false
2025-05-13,Line C,Supplier 1,evening,405,Operator 6,Machine 5,38.83,premium,49.36,16.99,false
2024-06-01,Line A,Supplier 5,night,830,Operator 7,Machine 5,40.41,premium,37.08,19.86,true
2024-12-09,Line A,Supplier 2,night,50,Operator 7,Machine 5,34.87,standard,49.32,21.23,true
2025-12-09,Line C,Supplier 3,night,516,Operator 7,Machine 3,25.6,premium,73.63,12.23,false
2025-12-09,Line B,Supplier 1,evening,331,Operator 1,Machine 1,33.3,standard,58.24,14.31,true
2024-06-20,Line B,Supplier 2,evening,827,Operator 5,Machine 4,14.68,premium,69.59,29.54,false
2025-01-08,Line D,Supplier 4,night,465,Operator 6,Machine 6,23.51,premium,20.0,22.94,false
2025-10-11,Line D,Supplier 3,evening,539,Operator 8,Machine 5,24.51,premium,43.72,3.59,false
2024-05-08,Line C,Supplier 4,evening,968,Operator 7,Machine 6,26.69,premium,64.15,9.36,false
2024-10-09,Line B,Supplier 5,night,721,Operator 8,Machine 3,42.5,standard,65.54,22.04,false
2025-10-13,Line D,Supplier 4,night,587,Operator 8,Machine 5,30.57,premium,49.38,21.68,false
2025-10-17,Line A,Supplier 3,day,1014,Operator 6,Machine 5,5.0,premium,39.0,17.09,false
2024-05-16,Line A,Supplier 3,night,959,Operator 2,Machine 4,12.34,premium,45.23,20.25,false
2025-02-17,Line C,Supplier 4,night,529,Operator 4,Machine 1,22.66,premium,29.91,14.77,false
2024-07-07,Line B,Supplier 1,day,765,Operator 7,Machine 3,34.22,standard,51.54,7.59,false
2025-02-20,Line A,Supplier 1,night,174,Operator 7,Machine 5,34.61,premium,30.32,22.46,true
2025-05-20,Line D,Supplier 4,day,135,Operator 4,Machine 5,42.7,premium,59.07,15.76,false
2025-08-27,Line B,Supplier 2,night,50,Operator 5,Machine 5,28.58,premium,33.39,32.29,true
2025-04-25,Line A,Supplier 4,night,699,Operator 7,Machine 1,37.6,premium,34.6,25.78,false
2025-06-06,Line C,Supplier 1,day,128,Operator 1,Machine 2,17.21,premium,46.65,18.16,false
2024-12-02,Line C,Supplier 1,evening,656,Operator 2,Machine 5,23.18,premium,20.0,28.25,true
2025-04-24,Line B,Supplier 2,day,511,Operator 3,Machine 5,23.41,standard,45.04,17.42,false
2024-12-10,Line D,Supplier 3,night,437,Operator 8,Machine 4,12.34,standard,58.15,18.75,false
2024-10-16,Line A,Supplier 5,evening,488,Operator 3,Machine 5,34.09,premium,47.55,25.25,false
2025-04-13,Line C,Supplier 2,evening,620,Operator 5,Machine 1,40.7,premium,34.94,20.97,false
2025-10-29,Line D,Supplier 3,day,523,Operator 2,Machine 2,16.4,standard,72.01,22.15,false
2024-10-09,Line D,Supplier 4,night,604,Operator 8,Machine 2,58.04,premium,37.21,22.18,true
2024-10-11,Line C,Supplier 1,night,1083,Operator 2,Machine 4,48.84,premium,29.28,16.74,false
2025-09-19,Line A,Supplier 2,night,769,Operator 4,Machine 4,52.05,premium,42.95,17.79,false
2024-05-18,Line D,Supplier 3,day,571,Operator 1,Machine 6,34.37,premium,59.24,6.02,false
2024-06-30,Line D,Supplier 1,night,1615,Operator 2,Machine 2,21.03,premium,37.29,19.44,false
2024-07-11,Line A,Supplier 2,evening,748,Operator 2,Machine 3,30.12,standard,65.2,19.0,true
2025-05-01,Line C,Supplier 4,day,417,Operator 5,Machine 5,34.18,premium,46.8,15.98,false
2024-01-02,Line B,Supplier 2,night,1260,Operator 5,Machine 1,36.54,standard,58.4,33.78,false
2025-12-23,Line A,Supplier 2,night,729,Operator 1,Machine 2,23.18,premium,37.07,18.04,false
2025-01-10,Line C,Supplier 2,evening,595,Operator 7,Machine 4,28.69,premium,36.48,30.53,false
2024-07-03,Line B,Supplier 4,day,938,Operator 2,Machine 4,40.59,premium,46.65,40.0,false
2024-04-28,Line B,Supplier 4,night,305,Operator 6,Machine 4,16.33,standard,67.46,23.0,false
2024-06-29,Line B,Supplier 5,night,248,Operator 1,Machine 3,38.43,premium,21.7,15.38,true
2024-09-15,Line B,Supplier 4,day,923,Operator 2,Machine 4,22.41,standard,52.51,32.88,false
2025-04-15,Line B,Supplier 1,evening,789,Operator 4,Machine 1,37.45,standard,55.49,23.29,false
2024-05-22,Line D,Supplier 1,evening,714,Operator 8,Machine 6,43.75,premium,35.28,13.42,false
2025-07-01,Line C,Supplier 5,day,453,Operator 7,Machine 6,43.21,premium,41.83,24.75,false
2024-09-11,Line D,Supplier 4,evening,533,Operator 1,Machine 4,28.67,premium,32.39,23.17,false
2025-08-25,Line A,Supplier 2,day,1048,Operator 2,Machine 4,37.77,premium,35.24,33.16,false
2025-10-23,Line D,Supplier 4,day,908,Operator 2,Machine 4,47.44,premium,46.92,8.78,false
2024-10-05,Line A,Supplier 4,night,832,Operator 6,Machine 4,24.59,standard,53.05,20.11,false
2024-10-31,Line C,Supplier 1,evening,908,Operator 2,Machine 2,30.84,standard,52.61,14.76,false
2025-03-06,Line D,Supplier 4,day,472,Operator 3,Machine 2,34.19,premium,36.47,16.46,false
2024-04-09,Line A,Supplier 1,evening,50,Operator 8,Machine 6,24.22,premium,40.57,16.34,false
2024-11-04,Line B,Supplier 3,night,1377,Operator 2,Machine 5,56.46,standard,50.15,16.25,true
2024-08-02,Line B,Supplier 4,day,969,Operator 2,Machine 6,41.27,premium,46.45,11.63,false
2024-02-11,Line A,Supplier 5,night,71,Operator 5,Machine 5,38.84,premium,28.42,19.98,false
2024-12-19,Line D,Supplier 2,day,360,Operator 5,Machine 5,37.52,premium,28.26,24.21,false
2025-02-10,Line A,Supplier 5,day,1632,Operator 2,Machine 4,33.3,premium,57.65,18.05,false
2025-09-13,Line B,Supplier 4,day,955,Operator 2,Machine 2,32.36,premium,69.89,23.08,false
2024-07-14,Line B,Supplier 3,evening,671,Operator 7,Machine 6,24.48,premium,28.87,17.91,false
2025-09-14,Line C,Supplier 1,evening,882,Operator 7,Machine 5,21.16,standard,78.98,23.07,false
2025-03-19,Line B,Supplier 5,night,1198,Operator 2,Machine 2,30.85,standard,75.53,8.4,true
2024-11-25,Line B,Supplier 3,night,880,Operator 3,Machine 3,10.04,premium,44.9,17.91,false
2025-03-01,Line B,Supplier 2,night,646,Operator 2,Machine 4,26.66,premium,56.23,11.48,true
2024-01-09,Line B,Supplier 3,day,323,Operator 6,Machine 1,17.04,standard,57.52,16.87,false
2024-11-26,Line A,Supplier 3,day,399,Operator 4,Machine 6,33.42,standard,81.15,18.65,false
2025-01-29,Line B,Supplier 1,night,1069,Operator 2,Machine 3,39.18,standard,55.85,20.02,false
2025-07-01,Line A,Supplier 3,day,560,Operator 1,Machine 1,40.2,premium,24.38,30.1,false
2025-03-23,Line C,Supplier 3,night,515,Operator 8,Machine 3,19.35,standard,61.77,22.54,true
2025-05-11,Line A,Supplier 1,day,824,Operator 7,Machine 6,20.4,premium,32.66,27.27,false
2025-12-15,Line C,Supplier 1,night,1116,Operator 2,Machine 1,27.45,premium,51.88,2.57,true
2024-01-22,Line C,Supplier 1,night,1052,Operator 2,Machine 6,15.74,standard,68.95,21.99,false
2024-04-02,Line B,Supplier 2,day,618,Operator 5,Machine 2,17.02,premium,31.83,24.48,false
2025-02-18,Line B,Supplier 2,evening,439,Operator 4,Machine 2,38.73,premium,40.71,25.64,false
2025-12-02,Line C,Supplier 3,day,1067,Operator 2,Machine 5,36.33,standard,79.08,18.71,false
2024-10-29,Line B,Supplier 3,day,1175,Operator 2,Machine 5,46.44,premium,64.75,16.53,false
2025-05-06,Line B,Supplier 4,evening,50,Operator 7,Machine 5,23.97,premium,54.65,9.36,true
2025-04-29,Line A,Supplier 4,evening,440,Operator 5,Machine 4,37.87,premium,52.64,24.01,true
2024-09-25,Line A,Supplier 3,day,1007,Operator 2,Machine 4,36.99,premium,38.0,23.91,false
2025-03-31,Line B,Supplier 3,evening,339,Operator 3,Machine 4,15.84,standard,53.17,27.59,false
2025-04-30,Line A,Supplier 3,night,357,Operator 3,Machine 2,20.91,premium,40.93,12.9,false
2024-10-17,Line C,Supplier 1,day,785,Operator 8,Machine 3,26.74,premium,38.67,17.83,false
2025-11-11,Line C,Supplier 5,night,305,Operator 7,Machine 1,44.66,standard,59.38,25.8,true
2025-01-19,Line C,Supplier 2,night,796,Operator 5,Machine 6,26.49,standard,60.43,17.61,true
2025-04-22,Line D,Supplier 1,evening,1036,Operator 4,Machine 5,40.91,premium,49.28,22.6,false
2025-03-12,Line D,Supplier 3,evening,254,Operator 4,Machine 5,26.37,premium,44.75,22.6,false
2025-10-25,Line D,Supplier 5,evening,893,Operator 7,Machine 3,34.3,premium,43.84,28.3,true
2024-12-10,Line C,Supplier 1,evening,409,Operator 1,Machine 1,30.64,premium,55.21,19.74,false
2025-08-25,Line B,Supplier 3,evening,775,Operator 7,Machine 5,10.74,premium,27.03,27.84,false
2024-09-17,Line D,Supplier 3,night,714,Operator 4,Machine 5,25.76,premium,47.46,22.91,true
2024-01-18,Line C,Supplier 1,day,1222,Operator 2,Machine 5,23.71,premium,40.66,16.56,false
2024-04-14,Line C,Supplier 1,day,813,Operator 2,Machine 2,29.19,premium,24.66,16.79,false
2024-11-09,Line B,Supplier 1,evening,755,Operator 5,Machine 2,14.36,premium,30.88,17.28,false
2025-06-22,Line D,Supplier 2,day,1080,Operator 2,Machine 3,44.63,standard,53.38,27.57,false
2025-12-15,Line D,Supplier 3,night,850,Operator 8,Machine 4,35.5,premium,79.51,29.43,true
2024-01-22,Line B,Supplier 4,night,246,Operator 6,Machine 5,29.74,premium,46.0,24.89,false
2025-09-13,Line D,Supplier 1,night,785,Operator 3,Machine 4,23.76,premium,45.89,18.81,true
2024-02-16,Line C,Supplier 2,evening,981,Operator 2,Machine 5,34.22,standard,57.9,20.49,false
2024-06-23,Line D,Supplier 5,day,356,Operator 5,Machine 1,21.95,standard,64.03,16.81,false
2024-02-23,Line B,Supplier 4,night,451,Operator 4,Machine 5,49.94,standard,53.26,22.01,true
2025-05-19,Line C,Supplier 3,evening,336,Operator 1,Machine 5,30.22,standard,53.45,8.59,false
2024-10-07,Line A,Supplier 2,night,1020,Operator 2,Machine 4,58.98,premium,26.17,26.37,true
2024-04-29,Line C,Supplier 3,night,1309,Operator 2,Machine 4,29.82,premium,48.82,19.04,false
2024-04-03,Line D,Supplier 3,night,1396,Operator 2,Machine 6,52.39,standard,55.34,19.24,true
2025-02-10,Line A,Supplier 5,night,170,Operator 5,Machine 5,35.47,premium,52.53,24.04,false
2024-12-05,Line B,Supplier 3,night,867,Operator 8,Machine 6,19.58,premium,45.05,26.5,true
2024-04-14,Line D,Supplier 1,evening,968,Operator 1,Machine 6,21.43,premium,34.92,16.24,false
2024-12-28,Line A,Supplier 3,day,481,Operator 5,Machine 5,49.68,premium,42.0,14.12,false
2025-08-03,Line A,Supplier 2,evening,819,Operator 6,Machine 6,25.27,standard,69.96,11.6,true
2024-01-02,Line D,Supplier 1,day,500,Operator 8,Machine 5,24.23,standard,56.03,23.15,false
2024-12-28,Line B,Supplier 4,night,1132,Operator 2,Machine 4,43.91,standard,73.03,21.54,false
2025-05-23,Line D,Supplier 5,day,596,Operator 8,Machine 5,23.18,standard,51.04,26.18,false
2024-03-15,Line C,Supplier 4,evening,497,Operator 4,Machine 6,54.02,premium,40.97,21.46,false
2024-02-02,Line B,Supplier 5,day,127,Operator 4,Machine 5,37.85,premium,41.87,15.53,false
2024-03-10,Line A,Supplier 2,night,1173,Operator 2,Machine 3,21.67,premium,47.87,18.51,true
2025-03-11,Line C,Supplier 2,day,727,Operator 7,Machine 1,11.88,standard,61.12,16.29,false
2024-11-06,Line A,Supplier 5,evening,788,Operator 3,Machine 2,40.09,premium,47.23,22.87,false
2025-05-20,Line B,Supplier 2,day,480,Operator 2,Machine 1,35.32,premium,41.85,29.0,false
2024-11-19,Line A,Supplier 3,evening,446,Operator 7,Machine 2,15.75,premium,32.45,10.25,false
2024-08-19,Line B,Supplier 3,day,84,Operator 1,Machine 3,11.62,standard,78.86,11.12,false
2025-01-01,Line A,Supplier 2,evening,843,Operator 2,Machine 2,39.19,premium,56.01,26.24,false
2025-11-08,Line A,Supplier 5,night,1267,Operator 2,Machine 5,39.17,standard,65.75,12.93,false
2025-11-29,Line C,Supplier 3,night,909,Operator 2,Machine 5,37.1,premium,56.36,21.91,false
2025-04-26,Line B,Supplier 4,day,701,Operator 8,Machine 1,30.87,standard,63.81,20.8,false
2025-04-02,Line C,Supplier 2,evening,169,Operator 3,Machine 5,50.47,premium,41.08,20.83,false
2025-09-12,Line B,Supplier 3,day,935,Operator 5,Machine 5,10.33,standard,66.39,21.17,false
2025-03-30,Line B,Supplier 3,day,50,Operator 3,Machine 5,8.25,premium,44.63,20.54,false
2025-01-14,Line C,Supplier 2,night,909,Operator 8,Machine 6,39.4,premium,47.83,23.8,false
2025-04-24,Line C,Supplier 4,day,621,Operator 1,Machine 3,38.14,premium,63.38,20.6,false
2024-09-29,Line A,Supplier 4,day,393,Operator 7,Machine 1,28.14,premium,49.77,29.08,false
2025-11-23,Line D,Supplier 3,night,1021,Operator 2,Machine 2,32.48,premium,20.0,29.83,true
2025-07-20,Line A,Supplier 3,day,648,Operator 7,Machine 4,5.0,premium,27.82,16.33,false
2025-02-14,Line A,Supplier 1,evening,205,Operator 1,Machine 5,32.72,premium,42.61,28.9,false
2024-02-11,Line C,Supplier 3,night,917,Operator 2,Machine 4,43.47,premium,39.55,17.42,true
2024-10-28,Line B,Supplier 4,evening,447,Operator 1,Machine 3,25.28,standard,73.89,16.14,false
2025-03-26,Line A,Supplier 2,night,708,Operator 7,Machine 4,22.43,premium,31.72,15.32,false
2024-05-17,Line A,Supplier 1,evening,545,Operator 3,Machine 3,24.03,premium,59.98,9.49,true
2025-02-02,Line B,Supplier 1,evening,498,Operator 4,Machine 5,37.95,premium,20.0,16.58,false
2024-12-10,Line A,Supplier 3,evening,579,Operator 6,Machine 1,19.35,standard,60.51,17.45,false
2024-07-18,Line C,Supplier 2,night,718,Operator 7,Machine 6,27.16,premium,63.72,11.19,true
2025-05-12,Line D,Supplier 5,evening,403,Operator 3,Machine 5,53.48,standard,70.41,22.26,false
2024-07-18,Line C,Supplier 3,evening,483,Operator 2,Machine 4,19.07,premium,37.22,16.62,false
2024-10-26,Line B,Supplier 3,evening,312,Operator 1,Machine 5,5.0,premium,67.05,25.01,false
2025-01-02,Line A,Supplier 1,evening,957,Operator 2,Machine 2,30.49,standard,64.69,13.22,false
2025-02-10,Line A,Supplier 2,evening,610,Operator 1,Machine 3,38.46,premium,46.05,21.45,false
2025-10-05,Line A,Supplier 3,evening,412,Operator 6,Machine 5,19.79,premium,32.62,31.23,false
2024-02-10,Line B,Supplier 4,day,462,Operator 8,Machine 2,35.86,standard,57.11,23.52,false
2024-07-30,Line C,Supplier 3,day,560,Operator 7,Machine 1,39.41,premium,27.0,17.95,false
2025-12-16,Line A,Supplier 5,day,798,Operator 5,Machine 3,40.0,premium,74.74,28.13,false
2024-12-01,Line D,Supplier 2,night,969,Operator 2,Machine 1,35.4,standard,63.23,9.99,false
2024-09-17,Line D,Supplier 4,night,170,Operator 3,Machine 6,39.36,standard,43.43,22.49,true
2024-09-05,Line D,Supplier 5,day,753,Operator 7,Machine 3,40.92,standard,53.66,24.34,false
2025-09-03,Line B,Supplier 4,day,100,Operator 1,Machine 5,30.72,standard,51.2,15.65,false
2025-12-05,Line D,Supplier 1,day,424,Operator 4,Machine 2,31.44,standard,59.28,20.77,false
2024-12-19,Line C,Supplier 2,night,1234,Operator 1,Machine 2,51.36,standard,65.93,7.81,false
2024-10-30,Line A,Supplier 4,night,722,Operator 8,Machine 5,38.64,premium,62.96,28.08,false
2024-11-09,Line B,Supplier 1,night,498,Operator 5,Machine 1,44.73,premium,47.03,10.55,false
2024-11-20,Line A,Supplier 3,evening,516,Operator 2,Machine 2,16.53,standard,55.74,19.81,false
2024-07-04,Line B,Supplier 2,night,521,Operator 6,Machine 1,26.64,premium,35.64,27.83,true
2024-06-05,Line A,Supplier 5,evening,757,Operator 7,Machine 6,27.2,standard,51.52,25.27,true
2025-12-18,Line A,Supplier 2,day,1209,Operator 1,Machine 2,21.18,premium,37.98,27.25,false
2025-01-20,Line A,Supplier 4,evening,787,Operator 3,Machine 3,47.09,premium,34.28,28.22,false
2025-06-24,Line A,Supplier 5,night,312,Operator 5,Machine 3,21.31,premium,41.38,26.8,false
2024-12-29,Line A,Supplier 2,day,611,Operator 5,Machine 6,22.84,premium,66.05,15.81,false
2024-09-11,Line C,Supplier 4,night,869,Operator 6,Machine 1,33.0,standard,56.22,14.46,false
2025-02-06,Line D,Supplier 3,evening,1033,Operator 2,Machine 6,18.2,premium,40.35,19.54,true
2024-05-25,Line D,Supplier 3,night,445,Operator 5,Machine 6,19.29,standard,57.11,27.26,false
2024-05-16,Line C,Supplier 4,night,50,Operator 1,Machine 5,31.02,standard,56.72,13.17,false
2025-09-21,Line A,Supplier 3,evening,1094,Operator 2,Machine 2,39.48,premium,80.71,22.11,false
2024-10-23,Line C,Supplier 3,night,241,Operator 6,Machine 5,6.54,premium,49.95,6.12,false
2025-01-30,Line B,Supplier 5,night,351,Operator 3,Machine 2,50.57,premium,22.85,28.0,false
2024-08-06,Line B,Supplier 2,night,402,Operator 4,Machine 6,36.13,premium,36.06,29.99,false
2025-04-25,Line B,Supplier 1,evening,1004,Operator 2,Machine 2,8.21,standard,62.32,26.3,true
2025-04-18,Line A,Supplier 3,day,344,Operator 2,Machine 5,15.85,standard,54.08,22.83,false
2025-08-25,Line C,Supplier 5,evening,1003,Operator 4,Machine 2,31.59,premium,29.56,5.41,false
2025-12-25,Line C,Supplier 2,day,842,Operator 4,Machine 6,30.36,standard,71.38,24.71,false
2024-02-05,Line B,Supplier 5,night,548,Operator 2,Machine 2,50.01,premium,25.59,13.36,true
2025-07-06,Line C,Supplier 3,evening,190,Operator 5,Machine 5,42.54,standard,60.48,15.32,false
2024-03-04,Line A,Supplier 3,day,278,Operator 3,Machine 1,41.6,standard,71.66,19.52,false
2024-08-17,Line B,Supplier 4,day,922,Operator 1,Machine 1,11.48,premium,37.71,29.03,false
2025-01-01,Line C,Supplier 1,night,449,Operator 5,Machine 2,56.87,standard,53.57,15.19,true
2024-07-13,Line B,Supplier 2,day,50,Operator 6,Machine 5,24.78,premium,62.83,26.47,true
2024-11-29,Line A,Supplier 2,evening,388,Operator 1,Machine 6,29.05,premium,39.97,14.16,true
2025-06-24,Line D,Supplier 2,night,518,Operator 6,Machine 2,16.39,standard,36.49,6.43,true
2025-01-04,Line A,Supplier 5,night,817,Operator 8,Machine 6,41.69,premium,37.86,29.03,true
2024-11-30,Line D,Supplier 2,day,930,Operator 2,Machine 1,23.73,premium,47.34,10.52,false
2024-02-29,Line C,Supplier 2,evening,557,Operator 2,Machine 5,38.6,premium,28.44,40.0,false
2024-08-07,Line B,Supplier 2,night,731,Operator 5,Machine 2,52.87,premium,56.12,25.26,true
2024-08-01,Line D,Supplier 2,evening,567,Operator 7,Machine 2,31.21,premium,48.25,29.51,true
2025-03-03,Line B,Supplier 1,evening,118,Operator 3,Machine 5,37.81,premium,46.23,17.61,false
2024-07-11,Line A,Supplier 2,day,50,Operator 7,Machine 5,11.81,premium,50.72,19.78,false
2024-04-25,Line D,Supplier 4,night,1401,Operator 4,Machine 6,45.95,premium,38.08,15.98,false
2025-07-20,Line B,Supplier 5,evening,947,Operator 2,Machine 4,44.57,standard,51.18,24.89,false
2025-12-03,Line A,Supplier 3,day,1014,Operator 3,Machine 2,18.59,standard,63.87,23.91,false
2025-05-18,Line B,Supplier 3,day,1453,Operator 2,Machine 6,18.32,standard,51.25,9.22,false
2025-07-25,Line A,Supplier 2,night,1289,Operator 2,Machine 5,34.19,premium,56.84,21.44,false
2025-11-26,Line B,Supplier 3,evening,510,Operator 8,Machine 3,25.41,premium,38.45,11.95,false
2024-09-11,Line C,Supplier 5,night,642,Operator 7,Machine 3,27.23,standard,63.5,22.19,true
2024-06-18,Line D,Supplier 3,evening,50,Operator 5,Machine 5,17.11,premium,38.03,27.97,false
2025-04-04,Line C,Supplier 4,night,1228,Operator 2,Machine 5,44.47,standard,48.66,20.05,true
2025-11-30,Line A,Supplier 5,night,134,Operator 5,Machine 5,53.6,standard,70.2,25.78,true
2024-07-19,Line D,Supplier 1,day,373,Operator 3,Machine 2,47.4,standard,50.96,16.64,false
2024-06-05,Line C,Supplier 3,evening,408,Operator 4,Machine 5,18.57,standard,52.47,20.11,false
2025-12-02,Line C,Supplier 3,day,50,Operator 1,Machine 5,54.52,premium,43.9,11.1,false
2025-04-24,Line C,Supplier 3,evening,1456,Operator 2,Machine 5,32.03,premium,33.9,22.57,false
2025-04-22,Line B,Supplier 1,night,1228,Operator 4,Machine 3,31.15,premium,44.18,15.11,false
2024-04-24,Line A,Supplier 2,day,609,Operator 3,Machine 3,29.88,premium,52.0,22.26,false
2025-12-25,Line D,Supplier 2,night,631,Operator 2,Machine 2,42.58,premium,48.08,16.64,true
2024-04-07,Line B,Supplier 4,day,871,Operator 7,Machine 5,29.58,premium,47.49,9.74,false
2025-12-20,Line C,Supplier 1,day,787,Operator 8,Machine 2,31.4,standard,70.27,13.46,false
2024-11-22,Line B,Supplier 4,evening,913,Operator 8,Machine 1,42.45,premium,45.91,25.59,false
2024-04-23,Line D,Supplier 5,night,257,Operator 8,Machine 5,25.32,premium,31.72,15.52,false
2025-03-31,Line B,Supplier 1,night,287,Operator 3,Machine 5,45.85,premium,40.54,29.0,false
2024-06-02,Line A,Supplier 1,night,50,Operator 2,Machine 5,23.48,premium,27.23,27.09,true
2025-07-14,Line B,Supplier 1,day,1022,Operator 2,Machine 3,40.37,premium,46.81,22.08,false
2024-12-03,Line A,Supplier 3,night,315,Operator 7,Machine 1,29.01,premium,56.4,27.85,true
2025-10-15,Line A,Supplier 5,night,1058,Operator 2,Machine 3,32.36,premium,20.0,23.94,true
2025-04-27,Line D,Supplier 5,day,702,Operator 5,Machine 5,31.34,premium,60.17,24.99,false
2024-02-10,Line D,Supplier 5,day,537,Operator 8,Machine 1,50.07,premium,39.53,28.57,true
2024-04-20,Line C,Supplier 2,day,708,Operator 3,Machine 3,35.44,standard,51.78,34.2,false
2024-02-19,Line D,Supplier 1,day,732,Operator 3,Machine 2,10.59,premium,20.0,14.38,true
2025-06-21,Line A,Supplier 3,night,705,Operator 6,Machine 5,19.29,standard,42.95,21.44,false
2024-06-24,Line C,Supplier 2,day,752,Operator 1,Machine 5,26.0,premium,51.54,18.34,false
2024-11-18,Line A,Supplier 4,day,714,Operator 7,Machine 5,28.3,premium,47.55,22.35,false
2024-04-15,Line D,Supplier 3,evening,907,Operator 2,Machine 4,5.0,standard,63.87,19.41,false
2025-05-18,Line C,Supplier 1,day,256,Operator 3,Machine 4,29.41,premium,48.51,13.11,false
2025-05-29,Line A,Supplier 5,night,249,Operator 5,Machine 5,20.32,standard,83.7,30.56,false
2025-11-05,Line C,Supplier 4,day,1775,Operator 5,Machine 6,33.67,premium,46.1,19.28,false
2024-02-13,Line C,Supplier 3,night,616,Operator 6,Machine 5,5.0,standard,55.08,32.53,false
2025-07-09,Line D,Supplier 1,night,809,Operator 8,Machine 5,34.18,standard,87.72,23.52,false
2024-12-23,Line C,Supplier 5,day,1184,Operator 2,Machine 2,42.87,premium,29.47,18.79,false
2024-09-11,Line D,Supplier 2,day,670,Operator 6,Machine 4,37.0,premium,43.78,23.83,false
2024-10-18,Line A,Supplier 3,night,969,Operator 2,Machine 1,17.81,premium,34.41,23.0,true
2025-05-10,Line C,Supplier 3,night,687,Operator 2,Machine 2,16.71,premium,50.86,5.64,true
2024-02-04,Line A,Supplier 3,evening,929,Operator 3,Machine 6,30.62,premium,49.7,18.81,false
2025-11-07,Line B,Supplier 3,day,912,Operator 5,Machine 1,20.01,premium,20.0,25.04,false
2024-02-19,Line C,Supplier 5,day,1374,Operator 2,Machine 3,30.7,premium,46.06,5.95,false
2024-07-08,Line C,Supplier 4,evening,693,Operator 8,Machine 5,35.75,standard,51.23,24.08,false
2025-11-02,Line D,Supplier 5,evening,707,Operator 1,Machine 6,19.43,premium,58.51,19.06,false
2024-10-14,Line A,Supplier 1,night,314,Operator 8,Machine 6,36.88,premium,28.29,22.27,true
2025-01-23,Line D,Supplier 3,evening,518,Operator 7,Machine 4,33.29,standard,50.9,19.44,false
2024-08-25,Line C,Supplier 4,evening,429,Operator 8,Machine 6,39.26,premium,36.67,16.41,false
2024-01-03,Line C,Supplier 3,day,284,Operator 5,Machine 5,46.76,premium,27.16,23.22,false
2025-07-20,Line A,Supplier 1,evening,1072,Operator 2,Machine 6,32.87,premium,46.21,30.79,false
2025-09-24,Line B,Supplier 4,day,753,Operator 4,Machine 3,23.45,premium,31.1,23.85,false
2025-03-06,Line B,Supplier 5,night,990,Operator 2,Machine 4,25.67,premium,41.25,30.19,false
2024-04-25,Line A,Supplier 2,day,773,Operator 3,Machine 5,44.63,premium,47.8,19.46,false
2025-07-03,Line B,Supplier 3,day,383,Operator 7,Machine 1,14.88,premium,44.33,34.84,false
2025-06-20,Line B,Supplier 2,day,697,Operator 7,Machine 3,40.65,premium,61.28,29.61,false
2025-07-14,Line C,Supplier 1,day,560,Operator 6,Machine 2,24.81,premium,62.62,22.27,false
2025-09-24,Line D,Supplier 5,day,416,Operator 8,Machine 2,37.07,standard,66.05,5.97,true
2025-05-24,Line B,Supplier 3,evening,948,Operator 2,Machine 1,32.63,premium,34.71,24.41,false
2025-01-16,Line C,Supplier 2,night,244,Operator 2,Machine 3,34.74,premium,37.81,32.85,false
2024-02-04,Line A,Supplier 4,evening,298,Operator 3,Machine 5,45.02,premium,62.5,20.39,false
2025-03-08,Line B,Supplier 3,evening,1074,Operator 2,Machine 4,48.84,premium,43.45,2.78,false
2024-05-19,Line A,Supplier 3,day,372,Operator 5,Machine 1,25.49,premium,34.95,26.19,false
2025-12-10,Line B,Supplier 3,day,1118,Operator 2,Machine 5,17.0,standard,61.78,10.6,false
2025-01-29,Line D,Supplier 3,evening,749,Operator 6,Machine 4,22.31,premium,44.18,16.11,false
2025-05-28,Line C,Supplier 3,day,253,Operator 4,Machine 3,28.29,premium,47.07,26.46,false
2024-07-18,Line C,Supplier 3,day,236,Operator 3,Machine 5,12.96,premium,55.92,23.93,false
2024-09-24,Line D,Supplier 3,day,947,Operator 2,Machine 3,33.81,premium,49.08,22.36,false
2025-12-03,Line B,Supplier 5,evening,342,Operator 4,Machine 5,41.15,premium,30.69,18.41,false
2024-10-22,Line A,Supplier 3,night,1865,Operator 2,Machine 4,9.96,premium,45.28,18.84,true
2025-10-18,Line D,Supplier 3,evening,484,Operator 5,Machine 5,7.47,standard,64.55,29.0,true
2024-06-21,Line C,Supplier 2,evening,1515,Operator 1,Machine 5,37.32,premium,72.85,13.24,false
2025-03-17,Line A,Supplier 1,night,182,Operator 4,Machine 5,36.51,premium,35.49,8.19,true
2025-01-22,Line D,Supplier 3,night,965,Operator 1,Machine 4,50.06,standard,39.05,23.73,true
2025-08-26,Line B,Supplier 1,evening,682,Operator 2,Machine 5,57.74,premium,49.81,29.62,false
2024-10-12,Line C,Supplier 2,night,537,Operator 3,Machine 1,32.73,standard,58.55,19.69,false
2025-09-15,Line A,Supplier 3,night,777,Operator 5,Machine 6,38.37,premium,30.46,34.2,false
2024-06-06,Line B,Supplier 1,day,397,Operator 1,Machine 5,35.96,premium,29.84,20.38,false
2025-12-22,Line B,Supplier 3,night,969,Operator 2,Machine 6,33.18,standard,57.01,32.84,true
2025-06-19,Line C,Supplier 5,evening,1074,Operator 2,Machine 5,34.09,standard,52.81,16.66,false
2024-10-17,Line C,Supplier 3,day,1105,Operator 2,Machine 1,48.38,premium,56.91,25.03,false
2025-12-14,Line B,Supplier 4,day,391,Operator 3,Machine 2,34.73,premium,36.63,16.36,false
2024-03-31,Line A,Supplier 2,day,1003,Operator 2,Machine 1,40.76,standard,72.74,27.48,false
2024-12-12,Line A,Supplier 3,day,1371,Operator 2,Machine 4,26.22,premium,42.8,22.61,false
2025-08-11,Line B,Supplier 2,day,213,Operator 7,Machine 1,61.17,standard,61.42,27.27,true
2024-05-09,Line B,Supplier 2,night,509,Operator 1,Machine 2,25.72,premium,38.93,27.26,true
2024-01-29,Line A,Supplier 5,night,1288,Operator 2,Machine 6,46.03,premium,77.61,17.28,false
2025-03-24,Line B,Supplier 1,day,922,Operator 2,Machine 2,26.69,premium,20.0,20.82,true
2025-03-26,Line A,Supplier 3,evening,735,Operator 4,Machine 4,56.56,standard,66.94,16.73,false
2025-01-31,Line C,Supplier 3,day,800,Operator 8,Machine 3,7.62,premium,27.95,17.66,false
2024-02-27,Line A,Supplier 3,evening,884,Operator 6,Machine 5,13.73,premium,63.55,16.41,false
2025-04-30,Line C,Supplier 3,evening,718,Operator 2,Machine 3,8.88,premium,41.58,22.77,false
2024-01-11,Line A,Supplier 2,evening,780,Operator 6,Machine 3,25.35,standard,51.43,8.82,false
2024-01-20,Line D,Supplier 1,day,734,Operator 5,Machine 4,31.46,premium,44.29,15.03,false
2025-10-14,Line A,Supplier 2,evening,1048,Operator 1,Machine 5,37.12,standard,50.32,25.63,false
2024-07-31,Line B,Supplier 3,night,1215,Operator 2,Machine 3,39.38,premium,49.85,15.4,false
2024-02-04,Line B,Supplier 4,day,609,Operator 1,Machine 6,41.1,standard,53.43,28.8,false
2024-08-19,Line B,Supplier 3,day,970,Operator 2,Machine 4,16.52,premium,43.43,18.47,false
2024-05-08,Line A,Supplier 3,day,582,Operator 6,Machine 2,32.38,premium,34.97,28.51,true
2024-04-23,Line B,Supplier 2,evening,591,Operator 2,Machine 1,61.69,premium,45.28,28.13,false
2024-02-22,Line A,Supplier 2,day,377,Operator 6,Machine 1,17.85,premium,43.09,22.73,false
2025-09-23,Line D,Supplier 3,evening,472,Operator 3,Machine 6,35.16,standard,50.14,17.06,false
2025-06-25,Line B,Supplier 4,evening,396,Operator 3,Machine 6,32.71,standard,22.11,16.77,false
2024-09-25,Line A,Supplier 1,evening,1242,Operator 2,Machine 4,25.2,premium,53.41,32.8,false
2025-10-19,Line D,Supplier 5,evening,492,Operator 2,Machine 5,26.38,premium,46.67,15.58,false
2024-01-17,Line B,Supplier 5,night,754,Operator 2,Machine 1,39.47,premium,57.67,19.53,true
2025-12-19,Line D,Supplier 5,night,488,Operator 6,Machine 5,38.17,standard,51.93,27.08,false
2025-08-13,Line C,Supplier 3,day,697,Operator 7,Machine 4,32.76,premium,45.16,35.23,false
2024-01-24,Line C,Supplier 3,day,952,Operator 2,Machine 1,8.13,standard,60.04,19.25,false
2024-07-19,Line D,Supplier 2,evening,1074,Operator 7,Machine 3,26.41,standard,68.16,12.42,false
2025-10-05,Line B,Supplier 1,day,425,Operator 1,Machine 5,25.14,premium,37.98,11.62,false
2025-03-16,Line A,Supplier 1,evening,401,Operator 4,Machine 2,32.27,premium,28.55,17.28,false
2024-05-20,Line A,Supplier 3,day,372,Operator 4,Machine 6,40.2,premium,34.07,25.39,false
2025-05-23,Line B,Supplier 5,day,582,Operator 4,Machine 4,36.4,standard,58.79,18.38,false
2025-06-01,Line B,Supplier 1,evening,779,Operator 8,Machine 3,49.9,premium,48.73,19.58,false
2024-07-20,Line A,Supplier 2,day,346,Operator 1,Machine 4,42.52,premium,40.25,22.36,false
2024-01-16,Line D,Supplier 3,evening,50,Operator 1,Machine 5,18.41,premium,42.19,8.28,false
2024-10-18,Line D,Supplier 2,day,487,Operator 6,Machine 4,49.07,standard,70.82,21.82,false
2024-11-03,Line D,Supplier 5,night,783,Operator 4,Machine 4,23.08,premium,47.25,13.32,false
2024-02-14,Line D,Supplier 2,night,424,Operator 7,Machine 6,51.16,standard,60.25,19.67,false
2024-09-21,Line A,Supplier 2,night,541,Operator 6,Machine 5,27.84,premium,49.61,23.61,false
2025-06-20,Line C,Supplier 1,day,514,Operator 5,Machine 5,42.32,premium,67.37,19.81,false
2024-12-29,Line C,Supplier 3,night,785,Operator 8,Machine 2,42.26,premium,30.31,27.35,false
2025-08-31,Line C,Supplier 4,night,803,Operator 6,Machine 4,31.39,premium,26.33,12.69,false
2024-04-21,Line B,Supplier 1,evening,367,Operator 5,Machine 6,26.38,premium,34.9,24.24,false
2025-09-09,Line C,Supplier 4,evening,566,Operator 2,Machine 5,31.53,standard,58.6,23.85,false
2024-04-26,Line B,Supplier 2,night,415,Operator 3,Machine 4,38.72,premium,57.97,17.52,false
2025-04-05,Line B,Supplier 5,evening,988,Operator 4,Machine 4,31.07,standard,38.03,27.4,false
2025-12-02,Line A,Supplier 3,night,666,Operator 7,Machine 2,26.98,standard,55.18,38.73,false
2025-09-07,Line C,Supplier 1,evening,308,Operator 1,Machine 1,39.14,premium,27.69,29.43,false
2024-06-29,Line D,Supplier 3,night,585,Operator 6,Machine 4,43.61,standard,50.93,21.85,true
2024-06-23,Line D,Supplier 2,night,525,Operator 7,Machine 3,34.39,premium,44.29,28.16,true
2025-02-05,Line B,Supplier 1,night,602,Operator 3,Machine 3,35.89,premium,44.71,29.13,false
2025-04-21,Line A,Supplier 3,evening,802,Operator 4,Machine 1,5.0,premium,20.0,25.01,false
2024-05-26,Line C,Supplier 1,evening,682,Operator 2,Machine 1,46.54,standard,55.46,10.82,false
2024-02-06,Line A,Supplier 1,night,549,Operator 8,Machine 5,27.83,standard,58.92,18.21,true
2025-06-25,Line D,Supplier 3,day,1067,Operator 2,Machine 2,16.32,standard,62.06,23.51,false
2024-01-03,Line A,Supplier 4,evening,336,Operator 8,Machine 1,38.8,premium,23.06,21.31,false
2024-12-16,Line A,Supplier 5,night,978,Operator 7,Machine 6,34.36,premium,40.82,21.12,false
2024-02-25,Line B,Supplier 3,day,843,Operator 1,Machine 1,27.34,premium,65.28,14.97,false
2025-11-19,Line C,Supplier 5,evening,729,Operator 2,Machine 5,27.1,standard,69.18,21.54,true
2024-09-11,Line B,Supplier 1,day,530,Operator 4,Machine 3,21.67,premium,31.76,15.63,false
2025-02-09,Line D,Supplier 5,evening,402,Operator 7,Machine 5,39.8,standard,64.55,16.67,true
2024-07-12,Line C,Supplier 1,night,497,Operator 3,Machine 6,33.81,premium,59.16,19.7,true
2025-08-04,Line D,Supplier 5,day,388,Operator 7,Machine 3,25.0,standard,67.93,21.55,false
2025-05-21,Line C,Supplier 1,day,1072,Operator 5,Machine 6,35.5,premium,62.72,20.32,false
2025-07-18,Line D,Supplier 2,day,713,Operator 6,Machine 6,34.68,premium,44.06,14.91,false
2025-12-08,Line B,Supplier 1,day,645,Operator 1,Machine 6,27.03,standard,52.23,21.47,false
2024-07-14,Line D,Supplier 4,evening,50,Operator 2,Machine 5,33.0,standard,65.57,26.91,false
2024-03-06,Line C,Supplier 2,night,350,Operator 3,Machine 5,32.75,standard,73.64,25.75,false
2025-11-23,Line A,Supplier 4,day,467,Operator 7,Machine 5,54.79,premium,31.77,23.53,false
2025-10-18,Line B,Supplier 1,day,796,Operator 1,Machine 6,34.23,standard,61.67,28.98,false
2025-10-24,Line A,Supplier 4,day,589,Operator 2,Machine 5,34.07,premium,45.79,23.59,false
2025-07-12,Line A,Supplier 4,day,1352,Operator 2,Machine 5,28.78,standard,54.91,19.13,true
2025-10-31,Line C,Supplier 1,day,879,Operator 1,Machine 6,47.26,premium,47.62,24.11,false
2024-07-08,Line C,Supplier 4,night,295,Operator 6,Machine 2,39.16,premium,35.32,40.0,true
2024-12-22,Line D,Supplier 5,day,930,Operator 2,Machine 4,27.24,premium,41.86,28.83,false
2025-07-16,Line D,Supplier 2,night,357,Operator 3,Machine 1,43.17,standard,54.73,14.44,false
2025-10-23,Line B,Supplier 2,night,519,Operator 1,Machine 5,52.26,standard,52.72,11.83,true
2025-12-18,Line C,Supplier 3,night,857,Operator 7,Machine 3,19.12,standard,62.91,23.02,true
2025-02-21,Line D,Supplier 1,evening,938,Operator 2,Machine 2,35.99,premium,32.95,27.05,false
2025-03-01,Line A,Supplier 3,day,269,Operator 4,Machine 5,28.95,standard,56.14,17.14,false
2025-05-20,Line B,Supplier 1,day,774,Operator 5,Machine 3,28.87,standard,56.78,25.3,false
2025-07-25,Line A,Supplier 1,day,50,Operator 5,Machine 3,30.67,standard,60.2,6.2,false
2025-07-14,Line C,Supplier 3,day,930,Operator 5,Machine 3,9.81,premium,57.89,18.71,false
2025-08-09,Line C,Supplier 3,night,797,Operator 7,Machine 6,41.16,standard,55.89,17.88,true
2024-02-24,Line D,Supplier 2,night,50,Operator 2,Machine 5,50.05,premium,43.3,17.14,true
2024-09-10,Line A,Supplier 4,evening,708,Operator 6,Machine 3,22.24,standard,57.21,11.66,false
2024-05-15,Line A,Supplier 3,night,339,Operator 8,Machine 2,35.65,premium,57.0,30.25,true
2024-06-05,Line A,Supplier 4,evening,768,Operator 2,Machine 4,32.89,premium,20.0,24.36,false
2025-10-08,Line C,Supplier 5,night,577,Operator 5,Machine 4,32.32,premium,25.22,17.6,false
2024-06-27,Line D,Supplier 2,day,197,Operator 8,Machine 3,26.62,standard,59.34,31.5,false
2025-11-13,Line A,Supplier 3,day,1085,Operator 2,Machine 2,5.0,standard,71.61,29.39,false
2025-12-04,Line B,Supplier 2,day,868,Operator 4,Machine 6,33.03,standard,50.48,20.1,false
2024-03-31,Line B,Supplier 3,day,385,Operator 7,Machine 1,27.93,premium,47.26,29.26,false
2025-09-04,Line C,Supplier 1,night,50,Operator 5,Machine 5,41.77,standard,53.95,20.68,true
2024-05-13,Line A,Supplier 4,day,380,Operator 2,Machine 1,25.36,premium,63.85,24.93,false
2024-11-27,Line C,Supplier 1,day,839,Operator 3,Machine 3,20.63,premium,61.43,28.37,false
2024-12-14,Line A,Supplier 2,evening,50,Operator 2,Machine 5,38.0,premium,46.6,28.79,false
2024-07-20,Line B,Supplier 3,day,668,Operator 3,Machine 1,21.53,standard,51.35,28.14,false
2025-12-16,Line A,Supplier 3,day,1020,Operator 2,Machine 4,15.73,premium,27.69,23.82,false
2025-05-31,Line D,Supplier 3,night,245,Operator 7,Machine 5,18.1,premium,51.66,27.55,false
2025-04-25,Line B,Supplier 2,day,498,Operator 3,Machine 1,15.69,premium,76.11,32.47,false
2024-12-25,Line A,Supplier 4,night,344,Operator 6,Machine 2,29.52,premium,44.39,17.84,false
2025-08-09,Line D,Supplier 3,evening,159,Operator 2,Machine 5,14.94,premium,46.62,24.16,false
2024-03-03,Line B,Supplier 3,night,305,Operator 5,Machine 2,13.03,standard,50.58,21.39,false
2024-03-09,Line B,Supplier 5,evening,982,Operator 2,Machine 6,44.22,premium,33.99,13.6,false
2025-05-07,Line B,Supplier 5,day,1698,Operator 2,Machine 2,43.66,premium,41.99,17.82,false
2025-10-09,Line B,Supplier 2,day,729,Operator 6,Machine 2,38.69,premium,20.0,25.59,false
2024-07-22,Line D,Supplier 1,evening,692,Operator 6,Machine 1,35.6,premium,25.72,32.9,false
2025-03-03,Line D,Supplier 2,night,50,Operator 5,Machine 5,39.74,standard,55.25,9.39,false
2024-06-24,Line C,Supplier 2,day,1082,Operator 5,Machine 2,48.9,premium,38.52,11.35,false
2024-06-12,Line C,Supplier 5,evening,1012,Operator 2,Machine 3,25.8,premium,48.66,21.29,false
2024-04-29,Line C,Supplier 3,evening,333,Operator 8,Machine 2,15.46,premium,46.61,28.03,false
2025-05-16,Line D,Supplier 3,day,857,Operator 5,Machine 6,50.87,standard,69.14,14.1,false
2025-06-30,Line C,Supplier 4,night,149,Operator 2,Machine 5,38.9,premium,39.34,19.49,false
2025-11-24,Line A,Supplier 5,day,926,Operator 2,Machine 2,28.0,premium,20.0,22.96,false
2025-05-11,Line B,Supplier 1,evening,1061,Operator 1,Machine 2,29.64,premium,62.79,11.31,false
2024-03-06,Line B,Supplier 2,day,129,Operator 8,Machine 4,41.78,premium,47.74,18.64,true
2024-12-10,Line C,Supplier 4,night,371,Operator 7,Machine 6,22.15,standard,53.88,30.45,false
2024-06-15,Line C,Supplier 4,evening,473,Operator 8,Machine 5,48.87,premium,27.52,22.76,false
2024-06-09,Line C,Supplier 3,night,1047,Operator 2,Machine 6,49.03,standard,52.66,27.49,false
2024-11-10,Line B,Supplier 4,day,862,Operator 8,Machine 3,35.12,premium,48.2,12.27,false
2025-07-15,Line A,Supplier 4,evening,343,Operator 6,Machine 5,37.1,premium,70.01,32.76,false
2025-04-22,Line A,Supplier 1,night,602,Operator 3,Machine 5,32.52,premium,29.09,31.79,false
2025-03-20,Line B,Supplier 1,night,164,Operator 2,Machine 4,26.51,standard,61.36,19.18,false
2024-07-11,Line B,Supplier 5,day,996,Operator 2,Machine 3,43.99,premium,48.97,15.4,false
2024-11-21,Line D,Supplier 3,day,417,Operator 7,Machine 2,27.19,premium,37.61,21.4,false
2024-05-20,Line B,Supplier 5,day,50,Operator 4,Machine 5,16.74,standard,46.59,17.25,false
2025-04-27,Line A,Supplier 5,night,188,Operator 3,Machine 5,22.81,premium,43.07,26.46,false
2024-01-07,Line A,Supplier 3,night,521,Operator 7,Machine 3,22.89,standard,56.11,17.35,false
2024-11-01,Line C,Supplier 5,evening,524,Operator 5,Machine 3,38.4,premium,48.45,10.53,false
2024-11-14,Line B,Supplier 2,evening,356,Operator 4,Machine 3,33.45,premium,69.41,36.06,false
2025-09-24,Line A,Supplier 2,day,228,Operator 4,Machine 5,71.36,premium,45.85,22.1,false
2025-02-18,Line B,Supplier 5,evening,102,Operator 1,Machine 5,33.95,premium,58.14,20.25,false
2024-06-23,Line A,Supplier 3,night,1018,Operator 2,Machine 3,18.03,standard,61.68,17.74,true
2024-12-23,Line A,Supplier 5,evening,815,Operator 4,Machine 6,24.84,premium,38.18,19.94,true
2024-08-07,Line D,Supplier 4,night,823,Operator 8,Machine 1,33.72,standard,42.45,27.69,false
2024-02-14,Line A,Supplier 3,day,609,Operator 1,Machine 6,20.62,premium,40.1,20.66,false
2025-04-29,Line A,Supplier 5,night,490,Operator 1,Machine 1,33.96,premium,59.85,17.9,true
2025-03-24,Line B,Supplier 4,night,1053,Operator 2,Machine 1,32.74,premium,41.62,13.43,false
2025-10-26,Line B,Supplier 3,evening,1051,Operator 6,Machine 4,15.52,premium,59.04,10.17,false
2025-07-15,Line D,Supplier 3,day,50,Operator 7,Machine 1,17.33,standard,69.51,17.98,false
2024-10-31,Line C,Supplier 1,day,824,Operator 7,Machine 2,22.64,premium,59.75,19.57,false
2025-02-17,Line A,Supplier 5,night,975,Operator 2,Machine 6,33.32,premium,45.16,10.81,false
2025-07-25,Line D,Supplier 3,night,673,Operator 5,Machine 5,19.96,standard,56.28,17.45,false
2025-02-07,Line A,Supplier 1,night,504,Operator 7,Machine 2,26.28,standard,52.85,26.19,false
2025-08-30,Line B,Supplier 2,day,1327,Operator 2,Machine 5,39.33,premium,33.74,26.62,false
2024-10-23,Line A,Supplier 3,night,578,Operator 2,Machine 5,30.32,premium,49.69,16.17,false
2025-07-04,Line B,Supplier 2,evening,79,Operator 3,Machine 4,27.95,premium,21.03,28.76,false
2025-12-14,Line C,Supplier 4,evening,383,Operator 4,Machine 2,44.68,premium,44.91,19.01,false
2024-08-06,Line C,Supplier 1,night,683,Operator 8,Machine 1,9.38,premium,48.22,19.94,false
2025-09-01,Line D,Supplier 5,night,50,Operator 2,Machine 5,44.26,premium,36.56,15.95,false
2025-12-07,Line C,Supplier 2,day,1254,Operator 7,Machine 2,43.61,premium,35.02,18.2,false
2024-05-03,Line A,Supplier 5,evening,827,Operator 5,Machine 5,27.66,premium,44.3,6.81,false
2024-03-16,Line D,Supplier 4,evening,509,Operator 8,Machine 6,36.29,premium,66.87,24.92,false
2025-07-17,Line B,Supplier 3,day,253,Operator 6,Machine 3,19.98,premium,49.61,7.22,false
2025-04-14,Line A,Supplier 4,day,395,Operator 6,Machine 6,40.11,premium,42.4,29.2,false
2024-06-14,Line A,Supplier 3,night,974,Operator 2,Machine 6,38.63,premium,75.23,22.49,true
2025-06-15,Line A,Supplier 2,night,867,Operator 6,Machine 3,54.03,premium,50.78,10.94,false
2025-03-31,Line D,Supplier 3,day,343,Operator 4,Machine 1,41.14,premium,32.12,29.59,true
2025-01-02,Line D,Supplier 5,night,553,Operator 6,Machine 6,45.85,standard,69.15,23.06,false
2024-01-17,Line D,Supplier 2,evening,789,Operator 4,Machine 2,25.19,premium,55.06,11.24,false
2024-12-09,Line D,Supplier 5,night,91,Operator 8,Machine 5,40.89,premium,45.4,29.5,false
2025-10-23,Line A,Supplier 5,night,674,Operator 6,Machine 5,18.61,premium,53.69,27.27,true
2025-10-22,Line A,Supplier 3,day,777,Operator 8,Machine 5,26.48,premium,48.69,22.4,false
2025-12-14,Line B,Supplier 1,night,944,Operator 2,Machine 3,31.84,standard,69.43,23.99,true
2025-07-19,Line B,Supplier 1,night,661,Operator 4,Machine 1,44.65,standard,56.35,24.81,false
2025-09-01,Line A,Supplier 3,night,505,Operator 3,Machine 6,13.59,premium,48.08,21.64,true
2025-08-04,Line B,Supplier 1,evening,953,Operator 2,Machine 1,42.84,premium,25.35,32.22,false
2025-08-30,Line C,Supplier 3,night,683,Operator 6,Machine 5,19.21,standard,53.69,27.95,false
2024-08-14,Line B,Supplier 3,day,510,Operator 5,Machine 6,44.18,premium,51.11,31.12,false
2024-06-04,Line A,Supplier 3,day,50,Operator 5,Machine 5,59.95,premium,63.71,25.88,false
2025-07-22,Line B,Supplier 2,day,543,Operator 3,Machine 2,36.66,premium,56.91,15.47,false
2024-09-03,Line B,Supplier 2,night,694,Operator 3,Machine 2,49.34,premium,71.67,29.14,false
2025-01-26,Line B,Supplier 3,evening,1524,Operator 2,Machine 2,5.0,standard,67.54,16.61,false
2025-10-29,Line A,Supplier 3,evening,50,Operator 3,Machine 6,14.17,standard,58.57,25.55,true
2025-02-24,Line A,Supplier 1,night,777,Operator 8,Machine 2,31.4,premium,40.98,20.0,true
2025-06-20,Line A,Supplier 4,evening,50,Operator 8,Machine 5,45.31,premium,34.08,7.0,true
2024-12-08,Line A,Supplier 3,day,378,Operator 8,Machine 5,28.64,premium,55.39,21.53,false
2025-06-05,Line A,Supplier 1,evening,180,Operator 4,Machine 6,38.43,premium,39.69,27.57,false
2025-09-05,Line A,Supplier 4,night,336,Operator 2,Machine 1,21.21,standard,55.56,16.51,false
2025-09-14,Line A,Supplier 3,night,626,Operator 3,Machine 3,28.28,premium,48.41,21.22,false
2025-11-04,Line A,Supplier 4,day,741,Operator 8,Machine 3,23.53,premium,71.85,26.63,false
2025-11-27,Line A,Supplier 1,evening,480,Operator 2,Machine 5,38.96,standard,63.34,29.81,false
2024-11-20,Line A,Supplier 3,day,669,Operator 2,Machine 4,39.02,premium,40.36,24.68,false
2025-10-19,Line B,Supplier 5,day,392,Operator 5,Machine 5,48.9,standard,51.64,24.53,false
2025-10-14,Line A,Supplier 5,day,702,Operator 5,Machine 2,35.26,premium,39.32,17.57,false
2025-07-28,Line B,Supplier 4,night,50,Operator 1,Machine 4,39.55,premium,49.73,27.6,false
2025-03-11,Line A,Supplier 1,night,676,Operator 7,Machine 1,38.08,standard,58.85,26.58,true
2025-10-09,Line A,Supplier 1,night,50,Operator 6,Machine 6,24.57,premium,60.92,14.2,false
2024-08-23,Line C,Supplier 1,day,227,Operator 2,Machine 3,30.44,premium,28.72,16.71,false
2024-11-09,Line C,Supplier 2,day,1169,Operator 2,Machine 3,42.65,standard,53.26,33.87,false
2025-05-04,Line D,Supplier 1,night,408,Operator 5,Machine 2,31.55,premium,25.83,29.55,false
2025-04-29,Line B,Supplier 3,night,1066,Operator 2,Machine 2,26.05,standard,20.0,23.57,false
2024-01-02,Line C,Supplier 4,day,833,Operator 2,Machine 2,40.23,premium,47.44,23.88,false
2025-12-06,Line A,Supplier 3,day,313,Operator 2,Machine 5,28.07,premium,62.24,22.97,false
2024-01-21,Line D,Supplier 1,evening,559,Operator 3,Machine 6,52.12,premium,37.9,12.2,false
2024-05-02,Line D,Supplier 3,day,50,Operator 8,Machine 4,18.85,premium,26.57,25.87,false
2025-10-13,Line D,Supplier 2,night,879,Operator 7,Machine 2,39.12,standard,63.36,18.25,true
2024-11-26,Line D,Supplier 5,day,369,Operator 4,Machine 1,28.58,premium,27.5,24.46,false
2024-06-04,Line D,Supplier 3,day,570,Operator 4,Machine 6,23.06,premium,26.41,9.74,false
2024-04-08,Line A,Supplier 2,day,736,Operator 1,Machine 2,32.0,premium,48.11,17.99,false
2025-09-14,Line B,Supplier 3,night,651,Operator 5,Machine 6,11.09,premium,33.06,15.73,false
2024-08-20,Line B,Supplier 3,night,275,Operator 2,Machine 5,32.39,premium,61.93,21.71,false
2024-08-08,Line A,Supplier 1,night,226,Operator 2,Machine 5,52.87,premium,23.66,13.18,false
2024-05-05,Line D,Supplier 1,evening,673,Operator 2,Machine 1,31.56,standard,61.75,21.69,false
2024-09-14,Line A,Supplier 3,night,50,Operator 5,Machine 6,18.81,premium,44.29,18.39,true
2024-02-02,Line C,Supplier 3,day,341,Operator 5,Machine 2,31.15,standard,74.13,20.48,true
2024-02-02,Line A,Supplier 3,evening,594,Operator 8,Machine 3,6.2,premium,53.2,19.49,true
2025-03-10,Line D,Supplier 4,day,645,Operator 4,Machine 6,23.62,premium,43.94,19.46,true
2024-03-10,Line A,Supplier 5,evening,678,Operator 2,Machine 1,40.48,premium,28.09,29.8,false
2024-03-28,Line B,Supplier 5,evening,574,Operator 5,Machine 4,37.76,premium,44.66,14.19,false
2024-01-10,Line B,Supplier 3,night,1099,Operator 7,Machine 4,34.16,standard,61.27,11.08,true
2024-02-06,Line C,Supplier 4,night,1098,Operator 2,Machine 5,39.37,premium,35.66,20.35,false
2025-07-08,Line B,Supplier 2,day,1479,Operator 2,Machine 2,31.66,premium,41.09,11.05,false
2024-12-19,Line C,Supplier 2,day,1164,Operator 2,Machine 2,47.49,standard,75.61,11.94,false
2025-10-17,Line D,Supplier 1,evening,915,Operator 2,Machine 3,42.88,standard,69.16,16.46,true
2025-01-17,Line D,Supplier 2,night,338,Operator 2,Machine 1,53.36,standard,61.07,17.19,true
2025-06-24,Line C,Supplier 3,night,1111,Operator 7,Machine 4,25.89,premium,74.77,18.78,false
2025-02-04,Line B,Supplier 3,evening,971,Operator 8,Machine 6,16.18,premium,43.01,18.78,false
2025-04-03,Line B,Supplier 5,day,1024,Operator 2,Machine 6,32.87,standard,65.81,17.78,false
2025-10-29,Line A,Supplier 1,evening,1210,Operator 3,Machine 3,36.85,premium,49.99,16.36,false
2025-06-22,Line C,Supplier 1,evening,652,Operator 3,Machine 2,26.33,premium,41.66,22.28,false
2024-03-03,Line C,Supplier 1,day,1048,Operator 4,Machine 4,26.3,standard,59.52,15.45,false
2025-11-30,Line A,Supplier 5,night,885,Operator 2,Machine 3,30.53,premium,24.66,33.01,false
2025-01-13,Line B,Supplier 5,night,693,Operator 8,Machine 3,47.21,premium,49.13,25.28,true
2025-09-08,Line A,Supplier 5,evening,853,Operator 8,Machine 3,39.48,premium,30.67,18.68,false
2024-11-02,Line A,Supplier 1,day,523,Operator 5,Machine 4,42.92,premium,40.25,19.63,false
2025-08-25,Line D,Supplier 5,night,327,Operator 5,Machine 3,32.75,premium,49.61,11.97,true
2025-07-10,Line D,Supplier 2,night,794,Operator 1,Machine 1,49.27,premium,53.91,25.14,true
2024-02-15,Line A,Supplier 5,evening,778,Operator 7,Machine 5,45.75,standard,50.76,24.13,false
2024-07-18,Line C,Supplier 3,night,1022,Operator 2,Machine 4,17.19,premium,39.33,17.07,true
2025-07-31,Line B,Supplier 3,day,985,Operator 5,Machine 5,25.67,premium,38.28,22.38,true
2025-08-03,Line A,Supplier 3,evening,50,Operator 6,Machine 5,51.97,standard,51.82,13.31,true
2025-11-20,Line C,Supplier 1,day,751,Operator 8,Machine 2,30.95,premium,35.66,16.5,false
2025-10-25,Line A,Supplier 3,day,1332,Operator 2,Machine 1,34.68,standard,65.24,6.65,true
2025-08-02,Line B,Supplier 1,day,592,Operator 2,Machine 3,21.54,premium,47.64,22.4,false
2025-06-02,Line B,Supplier 5,day,821,Operator 6,Machine 4,33.15,standard,60.42,20.08,false
2025-08-03,Line A,Supplier 1,night,1014,Operator 2,Machine 6,26.38,premium,49.9,10.72,true
2024-08-27,Line C,Supplier 3,day,994,Operator 2,Machine 4,11.17,premium,43.87,21.25,false
2025-01-10,Line C,Supplier 1,day,507,Operator 3,Machine 4,22.59,premium,40.51,26.23,false
2024-05-25,Line B,Supplier 4,evening,886,Operator 2,Machine 3,24.69,premium,38.45,19.49,true
2024-03-21,Line C,Supplier 3,day,644,Operator 8,Machine 6,16.33,premium,78.87,32.5,false
2024-02-17,Line A,Supplier 3,evening,594,Operator 6,Machine 5,39.92,premium,50.6,29.34,false
2025-12-29,Line A,Supplier 3,evening,1288,Operator 2,Machine 5,25.16,premium,76.75,28.38,true
2024-08-17,Line A,Supplier 2,night,1195,Operator 3,Machine 6,24.66,premium,29.87,23.83,false
2025-05-16,Line B,Supplier 5,evening,755,Operator 2,Machine 6,30.06,standard,45.04,16.18,false
2025-06-16,Line D,Supplier 2,evening,359,Operator 6,Machine 3,38.44,premium,58.44,17.97,false
2024-08-15,Line D,Supplier 1,evening,365,Operator 8,Machine 6,20.82,premium,61.72,20.87,false
2025-08-17,Line A,Supplier 5,evening,55,Operator 4,Machine 5,8.21,premium,20.0,15.62,false
2024-10-28,Line B,Supplier 3,day,1015,Operator 2,Machine 1,31.47,premium,55.87,12.08,false
2024-09-26,Line B,Supplier 4,night,716,Operator 2,Machine 6,23.18,premium,49.52,14.91,false
2024-09-16,Line B,Supplier 3,day,970,Operator 2,Machine 6,40.76,premium,37.15,22.38,true
2025-04-17,Line A,Supplier 3,night,591,Operator 6,Machine 3,18.8,standard,55.25,11.61,false
2025-10-27,Line B,Supplier 2,night,749,Operator 6,Machine 2,20.45,premium,34.19,15.43,true
2024-01-11,Line A,Supplier 3,day,410,Operator 7,Machine 3,41.78,standard,51.13,26.37,false
2024-10-09,Line D,Supplier 2,evening,696,Operator 2,Machine 1,35.66,premium,63.44,5.16,false
2025-08-20,Line A,Supplier 4,night,250,Operator 1,Machine 4,49.78,premium,59.64,26.87,false
2024-12-27,Line A,Supplier 3,night,456,Operator 1,Machine 2,34.08,standard,63.91,14.63,true
2025-07-24,Line D,Supplier 2,evening,1011,Operator 3,Machine 5,41.15,premium,64.9,26.77,true
2024-12-20,Line C,Supplier 1,evening,172,Operator 3,Machine 5,22.17,standard,54.26,15.31,false
2025-09-07,Line B,Supplier 2,night,814,Operator 2,Machine 5,21.03,premium,47.11,22.75,false
2024-03-09,Line A,Supplier 4,day,309,Operator 8,Machine 3,41.01,premium,40.41,22.85,false
2024-08-18,Line D,Supplier 1,evening,737,Operator 1,Machine 4,45.98,standard,59.16,20.11,false
2025-12-07,Line B,Supplier 1,evening,50,Operator 5,Machine 1,23.36,standard,76.63,10.27,false
2025-03-23,Line B,Supplier 1,day,611,Operator 2,Machine 6,40.34,standard,49.77,28.0,false
2024-07-24,Line D,Supplier 2,day,734,Operator 3,Machine 3,41.22,premium,30.97,25.58,false
2024-05-14,Line B,Supplier 3,day,857,Operator 4,Machine 3,42.26,premium,30.67,11.63,false
2025-10-07,Line C,Supplier 5,evening,50,Operator 8,Machine 5,38.29,premium,72.88,14.86,false
2024-01-28,Line B,Supplier 4,day,839,Operator 1,Machine 6,56.7,premium,40.26,11.78,false
2025-03-01,Line A,Supplier 5,day,864,Operator 6,Machine 6,39.43,premium,43.46,10.54,true
2024-07-02,Line D,Supplier 1,night,741,Operator 5,Machine 5,35.26,standard,64.05,25.63,true
2025-05-12,Line B,Supplier 1,night,710,Operator 5,Machine 4,35.08,premium,48.62,22.84,true
2025-10-22,Line A,Supplier 1,day,1062,Operator 2,Machine 2,5.0,premium,47.44,21.9,false
2025-08-05,Line A,Supplier 3,evening,947,Operator 2,Machine 4,34.21,standard,64.04,22.05,false
2025-10-24,Line C,Supplier 4,day,898,Operator 5,Machine 5,36.01,standard,37.66,21.02,false
2025-03-19,Line A,Supplier 2,evening,831,Operator 7,Machine 3,14.14,premium,27.4,19.65,false
2024-05-08,Line C,Supplier 3,day,966,Operator 2,Machine 2,32.52,standard,61.43,19.64,true
2024-07-16,Line B,Supplier 4,night,651,Operator 7,Machine 3,26.43,premium,20.0,15.9,false
2025-06-19,Line D,Supplier 5,evening,755,Operator 4,Machine 4,27.19,standard,50.69,20.34,false
2024-06-15,Line C,Supplier 5,evening,705,Operator 1,Machine 2,35.06,premium,39.74,21.83,false
2025-12-05,Line A,Supplier 2,day,283,Operator 5,Machine 3,51.02,premium,49.58,23.71,false
2025-04-18,Line A,Supplier 5,evening,68,Operator 3,Machine 4,28.35,standard,54.97,9.6,false
2025-11-03,Line B,Supplier 1,night,751,Operator 4,Machine 2,42.76,standard,52.55,28.59,true
2025-12-15,Line C,Supplier 3,night,50,Operator 4,Machine 5,30.47,standard,44.43,23.39,false
2024-08-21,Line C,Supplier 2,night,544,Operator 1,Machine 4,31.32,premium,38.76,11.5,false
2025-12-07,Line D,Supplier 1,night,567,Operator 3,Machine 2,37.75,premium,70.15,29.81,false
2024-03-08,Line D,Supplier 1,evening,809,Operator 4,Machine 4,39.11,premium,35.27,17.66,false
2024-08-29,Line C,Supplier 5,day,50,Operator 2,Machine 1,37.84,premium,35.89,19.6,false
2025-02-13,Line C,Supplier 1,day,123,Operator 7,Machine 3,42.99,premium,27.65,25.24,false
2024-03-23,Line D,Supplier 3,evening,673,Operator 4,Machine 4,36.65,premium,53.82,19.27,false
2024-11-11,Line D,Supplier 3,day,325,Operator 7,Machine 2,53.18,premium,58.53,12.14,false
2024-10-28,Line B,Supplier 1,night,598,Operator 2,Machine 4,29.39,premium,40.12,17.33,false
2025-03-03,Line C,Supplier 3,evening,599,Operator 7,Machine 3,64.41,standard,57.62,29.1,false
2025-06-10,Line D,Supplier 3,day,708,Operator 5,Machine 2,19.9,standard,63.61,13.19,false
2025-03-18,Line D,Supplier 3,day,339,Operator 8,Machine 5,19.74,premium,36.27,16.11,false
2024-10-16,Line A,Supplier 3,night,121,Operator 6,Machine 3,23.43,premium,34.39,23.49,true
2025-09-07,Line B,Supplier 2,day,214,Operator 2,Machine 5,38.68,standard,56.86,23.39,false
2024-11-18,Line D,Supplier 1,evening,377,Operator 2,Machine 2,26.09,standard,65.55,16.01,false
2024-11-21,Line D,Supplier 1,night,576,Operator 4,Machine 6,48.65,premium,38.65,17.28,false
2024-03-19,Line C,Supplier 3,evening,1088,Operator 2,Machine 5,40.35,premium,34.79,32.15,true
2024-08-17,Line D,Supplier 2,day,535,Operator 4,Machine 1,24.64,premium,65.39,22.72,true
2024-11-07,Line A,Supplier 2,day,601,Operator 6,Machine 1,25.94,premium,54.29,30.35,false
2024-03-29,Line A,Supplier 1,night,714,Operator 6,Machine 4,59.52,premium,51.65,7.96,false
2024-10-07,Line A,Supplier 4,day,1019,Operator 8,Machine 5,31.0,premium,33.83,11.63,false
2024-03-27,Line B,Supplier 2,day,50,Operator 3,Machine 5,22.26,premium,24.73,14.99,false
2024-03-16,Line A,Supplier 3,day,956,Operator 2,Machine 1,37.38,premium,51.49,20.56,false
2025-10-23,Line D,Supplier 2,night,450,Operator 2,Machine 6,30.82,premium,43.73,11.88,false
2025-08-02,Line A,Supplier 2,day,127,Operator 1,Machine 2,39.8,premium,51.58,23.04,true
2024-11-08,Line D,Supplier 3,evening,442,Operator 8,Machine 1,13.95,standard,57.95,16.03,false
2025-01-17,Line D,Supplier 3,day,743,Operator 8,Machine 6,9.19,premium,37.3,11.24,true
2025-12-21,Line A,Supplier 4,day,849,Operator 3,Machine 2,45.85,premium,49.8,15.76,false
2025-10-18,Line B,Supplier 1,day,540,Operator 5,Machine 6,32.83,premium,45.7,28.79,false
2025-03-22,Line A,Supplier 5,evening,1044,Operator 2,Machine 1,35.46,standard,53.1,3.37,false
2025-07-03,Line B,Supplier 5,evening,278,Operator 4,Machine 5,30.01,standard,53.36,34.13,false
2025-04-28,Line B,Supplier 3,day,728,Operator 3,Machine 3,16.58,premium,39.7,16.97,false
2025-03-29,Line C,Supplier 4,evening,581,Operator 5,Machine 4,26.89,premium,45.41,17.42,false
2024-05-10,Line C,Supplier 3,night,544,Operator 1,Machine 1,15.18,standard,67.09,32.52,true
2025-12-14,Line A,Supplier 2,night,870,Operator 2,Machine 3,66.4,standard,76.68,26.4,false
2025-10-13,Line A,Supplier 4,day,1012,Operator 2,Machine 1,20.65,premium,30.51,36.19,false
2025-10-31,Line A,Supplier 5,day,590,Operator 6,Machine 5,55.89,premium,40.51,23.1,false
2025-07-07,Line C,Supplier 4,night,729,Operator 1,Machine 4,30.91,premium,69.58,18.08,false
2025-02-16,Line C,Supplier 5,day,533,Operator 8,Machine 3,30.65,standard,56.12,1.03,false
2024-02-10,Line D,Supplier 1,day,1309,Operator 1,Machine 3,28.8,premium,29.82,17.22,false
2025-09-02,Line D,Supplier 1,night,553,Operator 2,Machine 6,32.05,premium,32.24,18.06,false
2025-03-09,Line D,Supplier 3,night,50,Operator 2,Machine 5,20.22,standard,38.72,21.86,false
2024-01-13,Line B,Supplier 2,day,490,Operator 5,Machine 4,24.35,premium,44.7,25.8,false
2025-09-09,Line B,Supplier 5,night,872,Operator 5,Machine 6,53.75,premium,58.33,19.06,true
2024-03-26,Line B,Supplier 1,night,871,Operator 7,Machine 3,15.55,premium,46.77,34.17,false
2025-02-11,Line B,Supplier 5,evening,869,Operator 5,Machine 3,25.52,standard,55.89,16.84,false
2025-11-13,Line A,Supplier 3,evening,737,Operator 8,Machine 5,18.28,standard,56.51,29.21,false
2025-06-20,Line C,Supplier 1,day,729,Operator 4,Machine 4,28.71,premium,61.98,18.74,false
2024-12-03,Line C,Supplier 5,night,425,Operator 6,Machine 3,50.96,premium,44.88,29.48,false
2024-09-15,Line B,Supplier 2,evening,747,Operator 7,Machine 4,29.86,premium,65.89,14.99,true
2025-01-12,Line B,Supplier 4,night,722,Operator 3,Machine 2,33.32,premium,55.23,20.99,true
2024-07-02,Line C,Supplier 2,night,442,Operator 3,Machine 4,41.81,premium,79.46,19.33,true
2024-12-19,Line C,Supplier 5,night,375,Operator 6,Machine 6,35.85,premium,37.17,23.48,false
2025-08-23,Line B,Supplier 1,night,1053,Operator 2,Machine 3,29.83,premium,31.31,15.34,false
2025-11-13,Line D,Supplier 1,day,458,Operator 8,Machine 3,25.03,standard,62.69,25.36,false
2025-05-27,Line C,Supplier 5,day,1243,Operator 7,Machine 4,32.13,premium,20.0,24.37,false
2025-11-28,Line B,Supplier 3,night,488,Operator 5,Machine 5,17.07,premium,41.0,23.85,true
2025-05-01,Line B,Supplier 5,day,570,Operator 8,Machine 1,45.84,premium,60.86,19.03,false
2024-11-05,Line A,Supplier 1,day,304,Operator 3,Machine 2,34.62,standard,65.06,26.17,true
2024-03-29,Line C,Supplier 2,day,789,Operator 5,Machine 6,52.57,premium,44.34,17.28,false
2024-03-12,Line A,Supplier 4,evening,227,Operator 8,Machine 5,34.31,premium,47.36,24.11,false
2025-02-09,Line D,Supplier 4,night,907,Operator 2,Machine 2,40.28,premium,37.94,34.23,false
2024-03-03,Line D,Supplier 2,day,549,Operator 3,Machine 2,31.33,standard,37.7,12.23,false
2025-03-04,Line D,Supplier 5,evening,375,Operator 3,Machine 5,33.62,premium,46.47,14.23,false
2024-08-02,Line A,Supplier 1,evening,462,Operator 1,Machine 5,23.92,standard,52.9,14.75,false
2025-09-03,Line B,Supplier 2,evening,836,Operator 3,Machine 3,27.59,premium,38.13,27.12,true
2024-10-08,Line C,Supplier 4,night,165,Operator 5,Machine 5,37.06,premium,42.51,22.48,true
2025-04-22,Line B,Supplier 4,night,373,Operator 8,Machine 2,50.09,premium,39.96,16.94,true
2024-04-22,Line A,Supplier 2,evening,427,Operator 7,Machine 6,36.21,standard,57.4,15.27,false
2024-06-28,Line A,Supplier 2,day,789,Operator 6,Machine 4,32.78,standard,61.63,16.98,false
2024-09-29,Line B,Supplier 3,night,586,Operator 4,Machine 3,23.39,premium,39.88,17.14,false
2024-03-28,Line B,Supplier 3,evening,796,Operator 7,Machine 4,39.2,premium,47.26,30.33,false
2024-01-19,Line D,Supplier 2,day,1127,Operator 3,Machine 6,31.45,premium,47.08,25.48,false
2025-01-17,Line C,Supplier 2,night,1134,Operator 2,Machine 6,60.31,premium,47.78,18.32,true
2025-03-16,Line C,Supplier 3,night,347,Operator 2,Machine 2,27.51,premium,47.71,20.68,false
2025-06-21,Line D,Supplier 2,night,1009,Operator 2,Machine 1,32.72,premium,49.21,30.0,false
2024-12-15,Line A,Supplier 3,night,557,Operator 1,Machine 3,6.52,premium,20.0,22.75,true
2025-01-05,Line A,Supplier 2,night,359,Operator 2,Machine 2,15.82,premium,52.44,10.41,true
2024-07-19,Line A,Supplier 1,day,532,Operator 2,Machine 5,30.57,standard,51.34,18.13,false
2025-07-14,Line C,Supplier 3,night,762,Operator 5,Machine 2,15.5,premium,44.0,14.58,false
2024-07-23,Line D,Supplier 5,evening,50,Operator 8,Machine 5,38.72,standard,63.66,22.91,false
2024-01-09,Line A,Supplier 3,night,360,Operator 3,Machine 3,18.37,standard,61.2,14.51,false
2025-03-08,Line A,Supplier 3,night,444,Operator 3,Machine 3,42.5,premium,40.12,29.24,false
2025-07-16,Line D,Supplier 3,evening,742,Operator 8,Machine 1,15.02,premium,52.0,20.85,false
2025-07-13,Line C,Supplier 3,evening,88,Operator 7,Machine 5,18.23,standard,66.35,16.86,false
2024-11-13,Line B,Supplier 2,day,730,Operator 5,Machine 5,24.31,premium,25.54,23.71,false
2025-12-06,Line B,Supplier 3,evening,251,Operator 3,Machine 3,29.27,premium,38.99,27.71,false
2025-09-16,Line C,Supplier 1,night,782,Operator 3,Machine 5,41.74,premium,35.08,27.1,false
2025-06-28,Line D,Supplier 4,night,826,Operator 4,Machine 3,37.77,premium,61.31,20.9,false
2025-08-03,Line B,Supplier 4,day,584,Operator 6,Machine 3,43.27,standard,65.92,23.0,false
2025-06-11,Line B,Supplier 3,day,1283,Operator 7,Machine 6,56.72,premium,47.93,14.26,false
2025-10-27,Line B,Supplier 1,night,774,Operator 2,Machine 3,22.07,premium,46.39,12.82,true
2025-11-29,Line D,Supplier 3,day,364,Operator 7,Machine 6,7.49,premium,42.54,18.47,false
2024-09-11,Line A,Supplier 3,evening,870,Operator 2,Machine 4,36.88,standard,67.53,26.14,false
2025-08-27,Line A,Supplier 5,night,265,Operator 1,Machine 5,29.09,premium,40.04,21.95,true
2024-03-08,Line C,Supplier 4,evening,710,Operator 2,Machine 2,38.21,standard,68.02,29.19,false
2024-06-09,Line C,Supplier 4,night,708,Operator 2,Machine 1,17.9,standard,56.08,31.3,false
2024-12-02,Line A,Supplier 3,day,633,Operator 7,Machine 2,14.79,premium,53.89,23.29,false
2024-10-24,Line C,Supplier 5,day,1222,Operator 2,Machine 1,36.64,premium,24.76,23.24,true
2024-01-09,Line B,Supplier 3,night,407,Operator 1,Machine 6,12.32,premium,60.35,20.23,false
2025-04-01,Line D,Supplier 3,day,471,Operator 5,Machine 3,45.3,premium,33.18,12.94,false
2025-02-12,Line A,Supplier 5,day,330,Operator 3,Machine 3,24.38,premium,20.0,19.96,true
2024-06-20,Line D,Supplier 4,day,384,Operator 5,Machine 5,21.5,premium,43.28,27.74,true
2025-12-28,Line C,Supplier 4,evening,699,Operator 2,Machine 4,51.02,premium,20.0,22.36,true
2025-12-14,Line B,Supplier 3,evening,396,Operator 6,Machine 2,25.25,premium,28.31,23.15,false
2025-08-26,Line B,Supplier 3,day,207,Operator 1,Machine 5,23.88,premium,29.73,6.51,false
2024-11-26,Line A,Supplier 4,day,729,Operator 7,Machine 4,28.05,premium,36.52,38.94,false
2024-03-08,Line A,Supplier 2,day,50,Operator 2,Machine 5,22.11,standard,59.99,19.17,false
2025-01-04,Line C,Supplier 5,evening,501,Operator 8,Machine 1,36.36,premium,50.9,13.63,true
2025-05-16,Line B,Supplier 2,day,50,Operator 3,Machine 5,21.18,premium,53.22,17.62,false
2025-06-07,Line C,Supplier 2,night,130,Operator 4,Machine 5,41.07,premium,54.04,29.48,false
2025-04-02,Line A,Supplier 5,evening,701,Operator 7,Machine 6,33.67,premium,47.82,18.46,false
2025-04-22,Line A,Supplier 4,night,925,Operator 2,Machine 5,21.34,premium,54.89,24.96,false
2024-10-08,Line B,Supplier 5,night,400,Operator 1,Machine 3,30.69,premium,20.76,23.25,false
2024-08-27,Line B,Supplier 5,evening,1166,Operator 3,Machine 5,28.12,premium,43.79,21.49,false
2025-12-06,Line A,Supplier 3,day,867,Operator 1,Machine 6,38.41,premium,40.75,22.02,false
2024-06-25,Line A,Supplier 2,night,720,Operator 8,Machine 5,20.2,standard,50.64,14.13,false
2025-08-17,Line D,Supplier 2,evening,677,Operator 5,Machine 2,27.09,premium,37.37,8.56,false
2024-08-14,Line D,Supplier 5,day,688,Operator 2,Machine 3,44.2,premium,31.48,3.91,false
2025-02-05,Line A,Supplier 1,evening,984,Operator 2,Machine 5,31.47,premium,35.25,11.97,false
2024-11-04,Line B,Supplier 4,evening,538,Operator 1,Machine 1,29.27,premium,32.67,19.55,false
2024-01-28,Line B,Supplier 1,night,595,Operator 1,Machine 1,21.23,premium,44.27,10.04,false
2025-12-27,Line A,Supplier 5,evening,459,Operator 7,Machine 5,16.95,premium,65.29,20.37,true
2025-07-04,Line D,Supplier 3,night,608,Operator 7,Machine 6,19.86,standard,67.21,9.09,false
2025-03-13,Line C,Supplier 1,evening,260,Operator 5,Machine 4,63.13,standard,51.47,21.96,false
2025-03-18,Line A,Supplier 1,day,724,Operator 5,Machine 2,34.66,standard,47.18,17.59,false
2025-09-07,Line B,Supplier 5,day,863,Operator 8,Machine 4,20.37,premium,42.41,18.42,false
2025-11-13,Line C,Supplier 1,day,536,Operator 5,Machine 1,46.13,premium,27.77,16.19,false
2024-08-11,Line A,Supplier 2,day,663,Operator 8,Machine 4,40.79,standard,67.9,7.54,false
2025-08-11,Line D,Supplier 4,day,648,Operator 7,Machine 2,39.79,premium,27.88,23.91,false
2024-03-20,Line C,Supplier 2,evening,824,Operator 1,Machine 2,23.42,premium,44.52,18.24,true
2025-10-26,Line C,Supplier 5,day,861,Operator 8,Machine 2,37.11,standard,57.68,29.48,true
2025-01-23,Line B,Supplier 3,day,557,Operator 7,Machine 4,22.97,premium,24.57,4.36,true
2025-10-01,Line B,Supplier 4,night,718,Operator 7,Machine 3,30.66,standard,53.26,9.31,false
2025-11-19,Line B,Supplier 1,night,853,Operator 6,Machine 3,29.58,standard,53.66,17.35,false
2024-10-27,Line D,Supplier 5,day,173,Operator 8,Machine 5,37.53,premium,60.64,20.39,false
2025-12-01,Line A,Supplier 4,day,211,Operator 3,Machine 5,30.26,premium,27.09,32.55,false
2024-10-27,Line B,Supplier 4,day,269,Operator 7,Machine 5,30.82,premium,25.54,25.62,false
2025-06-02,Line D,Supplier 2,day,471,Operator 7,Machine 1,16.02,premium,48.86,22.75,false
2024-11-05,Line B,Supplier 3,night,312,Operator 2,Machine 1,31.64,standard,54.59,27.37,false
2024-09-27,Line D,Supplier 1,evening,926,Operator 2,Machine 4,21.36,standard,58.84,27.59,false
2025-07-10,Line A,Supplier 1,evening,545,Operator 3,Machine 6,13.11,premium,46.0,14.55,false
2025-05-05,Line A,Supplier 1,night,1501,Operator 2,Machine 6,25.12,premium,72.67,21.47,true
2025-10-03,Line D,Supplier 1,day,512,Operator 8,Machine 5,27.06,standard,59.21,28.83,false
2025-11-16,Line B,Supplier 3,day,223,Operator 5,Machine 1,26.35,premium,25.41,27.73,false
2025-02-04,Line C,Supplier 1,night,1569,Operator 2,Machine 5,19.25,standard,64.04,40.0,true
2025-06-20,Line A,Supplier 1,day,754,Operator 7,Machine 4,46.39,premium,49.18,6.98,false
2025-09-08,Line A,Supplier 1,night,577,Operator 5,Machine 4,49.48,premium,55.29,13.82,true
2025-01-28,Line D,Supplier 4,evening,257,Operator 3,Machine 5,30.04,premium,40.66,30.58,true
2024-11-17,Line A,Supplier 4,night,920,Operator 2,Machine 1,21.63,standard,51.85,34.18,true
2025-10-09,Line C,Supplier 5,evening,1056,Operator 6,Machine 6,22.77,premium,38.54,35.78,true
2025-05-13,Line C,Supplier 5,day,1061,Operator 7,Machine 3,35.83,standard,60.99,15.3,false
2025-06-25,Line B,Supplier 2,night,882,Operator 1,Machine 2,48.27,premium,66.22,21.2,true
2025-02-07,Line B,Supplier 3,night,1299,Operator 1,Machine 2,31.61,standard,64.75,17.78,false
2025-09-23,Line C,Supplier 5,day,830,Operator 6,Machine 4,52.39,standard,62.5,28.59,false
2024-05-03,Line A,Supplier 5,day,425,Operator 2,Machine 1,39.01,premium,41.04,21.45,false
2024-02-04,Line B,Supplier 3,night,652,Operator 1,Machine 3,33.02,premium,49.17,28.8,false
2025-04-07,Line A,Supplier 3,evening,1084,Operator 2,Machine 2,10.24,premium,38.92,28.69,false
2025-07-22,Line A,Supplier 3,day,178,Operator 5,Machine 5,31.06,premium,40.61,15.21,false
2024-03-11,Line B,Supplier 2,evening,982,Operator 2,Machine 4,47.52,standard,72.58,25.39,false
2025-12-15,Line B,Supplier 3,evening,652,Operator 6,Machine 2,25.64,premium,49.67,13.27,false
2025-07-19,Line A,Supplier 3,day,990,Operator 7,Machine 6,19.77,standard,61.4,24.92,false
2024-12-02,Line C,Supplier 5,night,291,Operator 7,Machine 4,41.45,premium,20.0,24.13,false
2025-01-22,Line D,Supplier 5,day,176,Operator 6,Machine 2,21.84,standard,55.94,30.53,false
2025-07-09,Line A,Supplier 2,day,586,Operator 7,Machine 3,46.01,standard,81.83,23.92,true
2025-04-21,Line B,Supplier 2,night,602,Operator 2,Machine 3,54.25,premium,21.92,30.05,false
2025-02-05,Line D,Supplier 2,day,110,Operator 1,Machine 3,37.22,standard,57.6,13.37,false
2025-11-30,Line A,Supplier 4,night,814,Operator 5,Machine 1,44.81,premium,30.92,8.6,true
2025-02-09,Line A,Supplier 3,night,547,Operator 1,Machine 5,57.43,premium,90.0,31.21,false
2025-06-06,Line C,Supplier 4,day,699,Operator 2,Machine 4,38.33,premium,56.33,22.0,true
2025-06-04,Line C,Supplier 3,night,976,Operator 2,Machine 4,15.37,premium,58.82,8.45,false
2024-08-07,Line A,Supplier 3,day,969,Operator 2,Machine 5,28.7,premium,38.16,9.57,false
2024-07-07,Line C,Supplier 4,day,680,Operator 5,Machine 5,19.55,premium,30.54,23.16,false
2024-01-24,Line C,Supplier 4,day,501,Operator 4,Machine 2,27.42,standard,61.25,30.75,true
2025-02-19,Line C,Supplier 3,night,479,Operator 2,Machine 2,13.43,standard,61.31,26.32,true
2024-02-27,Line A,Supplier 4,day,244,Operator 1,Machine 5,33.64,standard,57.52,15.2,false
2025-02-25,Line A,Supplier 3,night,234,Operator 1,Machine 5,11.64,premium,47.81,27.19,true
2025-07-05,Line D,Supplier 1,day,523,Operator 4,Machine 3,39.26,premium,34.59,17.43,false
2025-10-20,Line B,Supplier 4,night,575,Operator 6,Machine 2,33.14,premium,20.0,27.24,false
2025-04-15,Line A,Supplier 1,evening,411,Operator 8,Machine 6,32.35,premium,34.04,14.63,false
2025-05-23,Line A,Supplier 2,night,417,Operator 8,Machine 2,40.5,standard,53.02,16.27,true
2024-08-26,Line C,Supplier 2,evening,1113,Operator 2,Machine 5,28.58,premium,30.03,22.95,false
2025-03-15,Line A,Supplier 1,evening,642,Operator 1,Machine 3,52.74,premium,45.37,20.61,true
2024-07-27,Line B,Supplier 5,night,1102,Operator 7,Machine 5,23.89,standard,77.5,24.5,false
2024-10-03,Line D,Supplier 3,evening,1042,Operator 2,Machine 5,35.98,standard,62.13,22.78,false
2024-01-18,Line A,Supplier 5,night,442,Operator 4,Machine 2,51.92,premium,60.15,16.62,false
2025-05-20,Line C,Supplier 4,evening,1374,Operator 2,Machine 6,20.61,premium,25.46,13.67,false
2025-08-21,Line A,Supplier 2,night,824,Operator 5,Machine 3,19.73,standard,55.01,15.27,false
2025-05-31,Line B,Supplier 3,evening,539,Operator 6,Machine 6,19.04,premium,24.44,20.15,false
2024-08-24,Line D,Supplier 3,night,1000,Operator 2,Machine 4,26.21,premium,46.79,11.45,true
2025-01-07,Line C,Supplier 3,night,639,Operator 1,Machine 2,49.35,standard,59.06,16.79,true
2024-07-14,Line B,Supplier 3,day,1035,Operator 2,Machine 1,35.08,standard,72.75,10.17,true
2025-05-09,Line B,Supplier 1,evening,421,Operator 6,Machine 2,38.53,standard,69.66,13.09,false
2024-12-24,Line C,Supplier 4,night,367,Operator 4,Machine 3,22.74,premium,20.0,14.73,false
2024-11-19,Line B,Supplier 3,day,460,Operator 6,Machine 1,35.58,premium,45.86,25.45,false
2025-04-28,Line A,Supplier 5,night,882,Operator 8,Machine 1,22.6,premium,52.38,24.61,false
2024-11-20,Line A,Supplier 1,day,1153,Operator 2,Machine 5,22.54,standard,50.9,16.23,false
2024-06-25,Line B,Supplier 3,day,827,Operator 5,Machine 3,9.11,premium,48.34,4.1,false
2025-03-21,Line B,Supplier 1,night,50,Operator 1,Machine 4,24.81,premium,20.0,30.2,true
2024-12-19,Line C,Supplier 3,day,601,Operator 8,Machine 4,11.05,premium,43.94,27.94,false
2024-05-11,Line A,Supplier 4,evening,624,Operator 5,Machine 1,32.62,premium,37.67,24.82,false
2024-04-14,Line D,Supplier 2,evening,175,Operator 3,Machine 5,34.32,premium,28.0,15.79,false
2024-03-01,Line B,Supplier 3,night,50,Operator 4,Machine 5,31.38,premium,49.81,24.62,false
2025-09-06,Line B,Supplier 2,day,168,Operator 3,Machine 5,27.07,premium,31.79,27.61,false
2024-09-14,Line C,Supplier 2,night,50,Operator 3,Machine 5,50.88,standard,80.13,20.45,true
2024-06-26,Line C,Supplier 2,evening,950,Operator 2,Machine 2,36.82,premium,42.82,19.2,false
2024-03-03,Line A,Supplier 4,evening,429,Operator 5,Machine 3,38.21,premium,34.33,17.04,true
2025-04-02,Line B,Supplier 3,night,631,Operator 6,Machine 2,47.63,standard,59.08,11.64,false
2025-02-02,Line D,Supplier 3,day,951,Operator 6,Machine 1,58.32,standard,56.62,17.36,false
2024-03-13,Line A,Supplier 3,evening,709,Operator 2,Machine 5,26.98,premium,43.27,26.85,false
2024-05-16,Line B,Supplier 5,day,668,Operator 6,Machine 1,22.07,premium,25.06,24.82,false
2024-09-01,Line B,Supplier 3,evening,242,Operator 3,Machine 6,37.87,standard,58.63,32.77,false
2025-05-29,Line B,Supplier 1,day,270,Operator 2,Machine 5,19.1,standard,60.77,20.43,false
2024-11-03,Line A,Supplier 4,evening,1292,Operator 2,Machine 3,26.05,standard,58.87,18.36,false
2024-04-06,Line A,Supplier 2,night,1065,Operator 1,Machine 4,25.97,premium,53.95,16.1,true
2024-01-02,Line C,Supplier 3,day,658,Operator 6,Machine 3,50.06,standard,55.8,24.48,false
2024-08-11,Line A,Supplier 3,evening,308,Operator 7,Machine 4,59.54,standard,49.26,18.87,true
2025-05-24,Line B,Supplier 1,evening,773,Operator 6,Machine 1,25.13,premium,32.09,19.3,false
2024-09-10,Line A,Supplier 3,day,1030,Operator 2,Machine 5,10.31,premium,39.33,21.55,true
2024-10-16,Line D,Supplier 2,evening,1190,Operator 6,Machine 3,33.29,premium,46.72,28.19,true
2024-02-19,Line A,Supplier 4,evening,214,Operator 6,Machine 4,43.31,standard,67.36,20.92,false
2025-01-21,Line A,Supplier 3,evening,628,Operator 2,Machine 2,39.51,standard,76.46,22.88,false
2024-08-25,Line A,Supplier 5,night,657,Operator 3,Machine 4,43.44,standard,78.93,18.46,false
2024-02-23,Line A,Supplier 1,evening,563,Operator 7,Machine 1,36.63,premium,83.86,14.93,false
2025-11-14,Line A,Supplier 5,evening,554,Operator 1,Machine 1,44.4,standard,72.82,18.94,false
2025-10-24,Line C,Supplier 3,evening,670,Operator 7,Machine 3,7.92,standard,58.15,34.1,false
2025-02-18,Line A,Supplier 3,day,837,Operator 1,Machine 6,31.54,premium,45.44,20.98,false
2025-11-19,Line B,Supplier 2,evening,50,Operator 5,Machine 4,27.57,premium,25.79,21.97,false
2024-07-05,Line D,Supplier 1,day,113,Operator 6,Machine 5,33.45,premium,54.07,17.57,true
2025-09-14,Line A,Supplier 1,night,1043,Operator 2,Machine 4,32.97,standard,53.95,31.44,true
2024-10-07,Line C,Supplier 4,day,147,Operator 6,Machine 2,38.89,standard,50.33,12.39,true
2024-05-05,Line A,Supplier 3,evening,232,Operator 1,Machine 5,38.32,standard,53.05,27.24,false
2025-07-15,Line A,Supplier 5,evening,1209,Operator 5,Machine 6,48.94,premium,67.18,18.6,false
2025-04-18,Line A,Supplier 3,day,732,Operator 4,Machine 5,15.48,standard,48.14,8.24,false
2025-05-13,Line A,Supplier 3,day,598,Operator 5,Machine 4,7.2,premium,40.22,19.2,false
2025-09-18,Line D,Supplier 4,night,914,Operator 4,Machine 3,24.53,premium,82.84,16.53,false
2025-03-04,Line A,Supplier 5,night,838,Operator 8,Machine 6,42.0,premium,43.71,30.84,false
2024-02-12,Line C,Supplier 4,day,50,Operator 4,Machine 5,51.48,premium,35.13,19.34,false
2024-11-19,Line C,Supplier 2,day,714,Operator 7,Machine 4,53.75,premium,37.05,27.57,false
2025-04-23,Line A,Supplier 3,night,858,Operator 7,Machine 5,59.5,premium,49.56,10.84,false
2025-05-02,Line A,Supplier 3,day,1305,Operator 2,Machine 1,16.45,premium,77.86,17.41,false
2024-11-17,Line C,Supplier 2,night,285,Operator 1,Machine 5,28.26,premium,71.27,24.2,false
2024-03-02,Line C,Supplier 3,day,1096,Operator 2,Machine 2,27.91,premium,38.69,15.38,false
2024-09-13,Line C,Supplier 1,evening,498,Operator 3,Machine 3,48.28,standard,73.65,34.26,false
2024-11-23,Line B,Supplier 1,day,610,Operator 5,Machine 6,17.55,standard,51.57,20.87,false
2025-12-03,Line B,Supplier 5,evening,75,Operator 8,Machine 5,29.57,standard,71.26,19.55,false
2025-10-19,Line B,Supplier 2,night,1215,Operator 2,Machine 5,45.75,standard,50.7,14.93,false
2024-05-24,Line A,Supplier 5,night,1218,Operator 2,Machine 3,42.19,standard,57.87,18.56,false
2024-11-01,Line A,Supplier 5,evening,1201,Operator 2,Machine 6,37.02,premium,43.22,5.1,false
2025-09-28,Line B,Supplier 4,night,1274,Operator 8,Machine 2,38.43,standard,55.68,22.57,false
2024-05-26,Line C,Supplier 4,day,862,Operator 1,Machine 4,51.04,standard,57.5,13.68,false
2024-08-16,Line D,Supplier 4,evening,519,Operator 3,Machine 5,30.97,premium,39.46,21.64,false
2024-04-28,Line D,Supplier 5,day,846,Operator 3,Machine 4,30.91,premium,66.07,19.91,false
2025-05-02,Line C,Supplier 5,day,817,Operator 2,Machine 2,33.36,premium,39.11,4.21,false
2025-10-08,Line C,Supplier 4,day,158,Operator 2,Machine 5,31.74,standard,59.51,13.81,true
2025-09-08,Line B,Supplier 5,evening,217,Operator 2,Machine 5,37.58,premium,74.7,9.83,true
2024-01-02,Line A,Supplier 4,day,869,Operator 2,Machine 3,51.8,premium,43.67,17.48,true
2024-11-12,Line B,Supplier 3,night,1157,Operator 6,Machine 6,20.47,premium,48.86,-3.92,true
2025-08-26,Line A,Supplier 4,night,1024,Operator 5,Machine 3,22.09,standard,63.87,20.37,false
2025-04-29,Line A,Supplier 1,evening,992,Operator 1,Machine 5,33.42,premium,36.79,26.2,false
2024-06-30,Line C,Supplier 2,evening,50,Operator 3,Machine 5,33.09,premium,44.92,28.23,false
2024-10-01,Line C,Supplier 3,night,890,Operator 7,Machine 2,40.82,premium,69.61,28.93,true
2025-10-09,Line A,Supplier 5,day,841,Operator 8,Machine 1,42.09,standard,79.17,10.74,false
2024-09-27,Line A,Supplier 1,day,1119,Operator 2,Machine 6,15.64,premium,59.38,19.26,false
2025-11-02,Line B,Supplier 4,day,678,Operator 7,Machine 1,49.84,standard,54.27,23.78,false
2025-02-11,Line D,Supplier 3,day,463,Operator 8,Machine 4,31.52,standard,86.62,25.6,false
2024-07-29,Line B,Supplier 4,evening,876,Operator 7,Machine 2,43.27,premium,65.06,17.58,false
2025-06-13,Line A,Supplier 3,day,482,Operator 7,Machine 1,36.42,premium,48.74,22.94,false
2025-07-03,Line B,Supplier 2,evening,1044,Operator 2,Machine 6,53.03,premium,46.43,20.27,false
2024-06-20,Line C,Supplier 3,night,290,Operator 2,Machine 5,35.73,premium,44.71,22.51,true
2025-09-25,Line C,Supplier 2,evening,765,Operator 7,Machine 5,28.04,premium,64.75,12.74,false
2024-09-26,Line D,Supplier 4,day,658,Operator 2,Machine 3,56.71,premium,34.89,22.64,false
2025-09-28,Line C,Supplier 2,day,259,Operator 5,Machine 5,42.17,premium,38.74,27.89,false
2024-05-12,Line A,Supplier 3,night,50,Operator 5,Machine 5,46.99,standard,55.1,1.91,false
2025-05-21,Line D,Supplier 3,night,738,Operator 3,Machine 3,18.71,premium,54.1,35.01,true
2024-05-25,Line D,Supplier 3,day,387,Operator 3,Machine 5,5.0,premium,71.75,34.56,false
2025-08-25,Line B,Supplier 3,day,616,Operator 2,Machine 4,28.8,premium,31.14,26.56,false
2025-12-07,Line C,Supplier 3,day,234,Operator 2,Machine 5,12.82,premium,67.68,32.87,false
2024-12-22,Line D,Supplier 1,evening,1074,Operator 6,Machine 6,21.85,premium,43.84,24.24,false
2025-11-12,Line C,Supplier 5,evening,371,Operator 3,Machine 4,27.73,premium,47.14,17.6,false
2024-07-11,Line C,Supplier 3,evening,701,Operator 1,Machine 5,53.37,premium,42.22,12.86,true
2025-02-02,Line D,Supplier 3,night,905,Operator 2,Machine 5,49.97,standard,77.3,32.37,true
2024-03-13,Line B,Supplier 2,night,771,Operator 7,Machine 1,28.01,standard,37.51,20.43,false
2025-04-16,Line B,Supplier 5,day,231,Operator 6,Machine 6,36.62,premium,59.82,23.64,false
2024-11-23,Line B,Supplier 5,evening,763,Operator 8,Machine 5,43.76,premium,42.52,13.8,false
2025-09-23,Line C,Supplier 4,day,607,Operator 7,Machine 6,50.72,premium,53.65,20.8,false
2024-04-21,Line D,Supplier 3,night,841,Operator 2,Machine 1,50.39,premium,46.83,30.05,true
2025-06-12,Line A,Supplier 3,day,92,Operator 6,Machine 5,18.81,premium,43.12,17.75,false
2024-10-09,Line C,Supplier 1,day,1056,Operator 2,Machine 2,29.76,standard,54.98,9.28,true
2024-01-18,Line C,Supplier 3,day,224,Operator 3,Machine 5,43.46,premium,43.73,30.79,false
2025-08-14,Line C,Supplier 1,night,802,Operator 6,Machine 4,45.93,premium,38.5,26.31,false
2025-10-28,Line A,Supplier 2,day,317,Operator 8,Machine 1,14.99,premium,44.27,39.04,false
2025-08-15,Line D,Supplier 4,night,859,Operator 1,Machine 2,44.2,standard,55.07,18.9,false
2024-12-11,Line D,Supplier 3,evening,894,Operator 4,Machine 3,17.84,premium,44.06,8.73,false
2024-03-28,Line D,Supplier 2,day,172,Operator 7,Machine 5,8.0,standard,83.56,21.72,false
2024-11-13,Line C,Supplier 2,day,575,Operator 7,Machine 1,37.62,standard,57.97,14.24,false
2025-06-27,Line A,Supplier 3,evening,573,Operator 7,Machine 2,10.21,premium,51.94,21.18,false
2025-01-07,Line A,Supplier 1,night,279,Operator 4,Machine 5,39.29,premium,54.58,22.98,false
2025-10-25,Line B,Supplier 3,night,540,Operator 3,Machine 3,19.09,standard,64.11,17.85,true
2025-02-27,Line A,Supplier 3,evening,844,Operator 5,Machine 2,30.43,standard,56.08,22.0,false
2024-09-16,Line A,Supplier 4,day,873,Operator 1,Machine 5,41.9,premium,40.94,20.5,false
2025-02-16,Line A,Supplier 1,evening,810,Operator 4,Machine 2,62.18,premium,55.57,14.78,false
2024-04-09,Line D,Supplier 3,evening,957,Operator 2,Machine 5,52.58,premium,70.56,22.4,true
2025-10-06,Line D,Supplier 4,night,474,Operator 2,Machine 5,45.34,premium,56.15,21.16,false
2025-04-19,Line C,Supplier 4,evening,382,Operator 7,Machine 1,31.55,premium,48.8,25.03,false
2025-09-05,Line C,Supplier 1,day,1138,Operator 2,Machine 1,38.85,premium,36.05,17.76,false
2024-07-21,Line B,Supplier 1,day,918,Operator 2,Machine 2,40.28,premium,56.13,23.08,false
2024-03-01,Line A,Supplier 2,night,726,Operator 3,Machine 1,37.91,premium,49.58,9.28,false
2024-08-12,Line B,Supplier 5,day,385,Operator 2,Machine 5,5.86,premium,30.64,22.48,false
2025-01-17,Line C,Supplier 4,day,318,Operator 2,Machine 2,28.6,standard,61.36,17.45,false
2025-03-01,Line D,Supplier 3,night,455,Operator 3,Machine 4,27.47,standard,50.97,29.45,false
2025-03-04,Line B,Supplier 1,night,554,Operator 8,Machine 3,30.56,premium,53.04,20.07,false
2024-08-06,Line A,Supplier 4,evening,443,Operator 6,Machine 5,39.19,standard,53.48,19.4,false
2025-11-11,Line D,Supplier 3,night,854,Operator 1,Machine 4,27.91,standard,73.95,30.64,false
2024-03-31,Line C,Supplier 3,night,310,Operator 6,Machine 1,22.54,premium,39.79,19.53,true
2024-11-24,Line D,Supplier 5,night,548,Operator 1,Machine 6,34.82,premium,48.22,37.33,true
2025-08-16,Line A,Supplier 3,evening,570,Operator 7,Machine 4,16.21,premium,53.74,24.98,false
2024-11-30,Line B,Supplier 4,night,910,Operator 2,Machine 6,42.11,standard,27.01,27.27,false
2024-07-01,Line D,Supplier 1,day,730,Operator 2,Machine 1,40.27,premium,46.79,24.25,false
2024-03-20,Line D,Supplier 1,evening,658,Operator 4,Machine 1,14.58,standard,53.77,3.76,false
2024-07-17,Line C,Supplier 1,day,1496,Operator 2,Machine 2,42.95,premium,41.27,15.96,false
2024-01-14,Line C,Supplier 3,evening,923,Operator 2,Machine 1,41.05,premium,48.84,19.08,true
2024-01-21,Line A,Supplier 3,night,1053,Operator 8,Machine 1,34.24,premium,49.74,25.23,true
2025-04-13,Line A,Supplier 4,night,523,Operator 2,Machine 4,24.11,standard,60.35,14.96,false
2025-12-03,Line B,Supplier 4,day,646,Operator 8,Machine 6,30.65,premium,35.07,24.29,false
2024-03-31,Line C,Supplier 5,day,523,Operator 2,Machine 1,21.15,standard,52.5,22.17,false
2025-11-24,Line C,Supplier 4,day,1179,Operator 2,Machine 3,51.92,premium,35.84,24.54,false
2025-11-06,Line D,Supplier 1,night,797,Operator 5,Machine 5,23.54,standard,71.65,28.53,false
2025-07-21,Line D,Supplier 5,day,1439,Operator 6,Machine 6,39.4,premium,37.22,18.75,true
2024-04-13,Line D,Supplier 2,night,862,Operator 3,Machine 2,22.19,premium,26.11,21.06,false
2025-03-18,Line D,Supplier 2,night,881,Operator 3,Machine 2,34.16,premium,20.0,16.43,false
2025-01-23,Line B,Supplier 1,evening,864,Operator 2,Machine 1,32.85,premium,49.16,18.96,false
2025-03-21,Line B,Supplier 3,day,878,Operator 4,Machine 6,38.83,premium,52.37,30.88,false
2025-02-05,Line A,Supplier 2,day,767,Operator 8,Machine 4,18.56,standard,54.83,20.08,true
2024-02-24,Line B,Supplier 3,day,516,Operator 8,Machine 4,49.35,premium,71.11,11.71,false
2024-07-09,Line B,Supplier 4,day,777,Operator 8,Machine 5,25.9,premium,61.09,22.04,false
2025-12-09,Line B,Supplier 5,evening,650,Operator 4,Machine 5,38.76,premium,35.47,25.46,false
2024-11-25,Line C,Supplier 3,night,557,Operator 8,Machine 5,46.76,premium,38.94,18.26,true
2024-12-10,Line A,Supplier 3,day,609,Operator 7,Machine 4,14.02,standard,61.7,21.7,true
2024-03-12,Line A,Supplier 5,evening,202,Operator 6,Machine 5,25.34,premium,39.03,20.6,true
2025-05-27,Line A,Supplier 5,night,198,Operator 4,Machine 5,35.77,premium,48.03,34.87,false
2024-08-25,Line C,Supplier 3,night,368,Operator 3,Machine 6,36.57,premium,45.26,27.76,true
2024-09-01,Line A,Supplier 3,day,713,Operator 5,Machine 3,29.09,premium,39.34,19.27,false
2024-11-19,Line B,Supplier 3,day,830,Operator 8,Machine 4,10.65,standard,68.89,23.41,false
2025-04-10,Line A,Supplier 5,night,942,Operator 1,Machine 6,33.68,premium,31.58,19.03,false
2024-06-02,Line C,Supplier 5,day,490,Operator 5,Machine 3,31.5,premium,36.61,16.43,false
2025-09-22,Line D,Supplier 5,day,573,Operator 8,Machine 3,5.0,premium,32.33,23.09,false
2025-04-21,Line B,Supplier 3,night,287,Operator 7,Machine 5,24.17,standard,53.4,18.59,false
2024-03-22,Line D,Supplier 1,day,1018,Operator 2,Machine 5,51.59,premium,43.04,20.93,false
2024-08-28,Line A,Supplier 1,evening,570,Operator 6,Machine 1,24.78,standard,76.18,38.45,false
2024-03-27,Line D,Supplier 2,day,296,Operator 3,Machine 3,31.42,premium,37.11,27.81,false
2024-09-25,Line D,Supplier 4,evening,50,Operator 7,Machine 1,26.58,standard,55.07,35.69,false
2025-10-23,Line D,Supplier 5,day,309,Operator 2,Machine 6,31.93,premium,48.78,22.18,false
2025-06-14,Line B,Supplier 3,evening,1017,Operator 2,Machine 6,22.73,premium,26.28,33.3,true
2025-01-14,Line A,Supplier 4,night,560,Operator 8,Machine 1,38.39,premium,48.95,21.15,true
2024-05-15,Line B,Supplier 3,night,812,Operator 3,Machine 4,30.02,premium,53.92,26.8,false
2025-04-03,Line A,Supplier 1,night,621,Operator 7,Machine 2,31.2,premium,34.25,3.04,false
2025-05-23,Line C,Supplier 5,day,448,Operator 2,Machine 6,36.06,premium,41.18,28.3,false
2025-06-08,Line B,Supplier 4,evening,404,Operator 2,Machine 1,50.83,premium,42.07,31.09,false
2024-01-29,Line A,Supplier 2,day,430,Operator 6,Machine 1,48.86,premium,50.31,13.34,false
2025-06-05,Line D,Supplier 4,night,257,Operator 6,Machine 4,25.25,standard,60.48,11.1,false
2025-12-07,Line C,Supplier 1,day,948,Operator 3,Machine 5,48.89,standard,54.02,20.6,false
2025-01-08,Line C,Supplier 3,evening,818,Operator 8,Machine 4,27.18,premium,30.52,14.66,false
2024-11-24,Line D,Supplier 3,evening,638,Operator 4,Machine 6,5.4,standard,61.41,40.0,true
2024-04-21,Line B,Supplier 4,night,526,Operator 8,Machine 6,36.98,premium,40.24,23.94,true
2024-02-02,Line B,Supplier 2,evening,612,Operator 4,Machine 2,46.75,premium,55.76,27.69,true
2024-11-23,Line A,Supplier 1,day,776,Operator 3,Machine 2,25.74,premium,20.71,19.01,true
2024-03-13,Line C,Supplier 3,evening,704,Operator 2,Machine 4,11.05,standard,52.54,12.21,false
2025-03-11,Line C,Supplier 1,night,766,Operator 4,Machine 4,34.53,standard,58.04,25.45,true
2024-05-05,Line A,Supplier 1,evening,428,Operator 5,Machine 1,50.69,premium,45.57,23.68,false
2025-12-26,Line B,Supplier 1,night,1060,Operator 2,Machine 6,38.03,premium,36.68,22.61,false
2024-05-13,Line A,Supplier 2,night,733,Operator 2,Machine 6,54.57,premium,46.09,15.79,true
2025-01-08,Line A,Supplier 1,evening,799,Operator 8,Machine 6,30.91,premium,35.87,25.55,false
2025-04-14,Line B,Supplier 3,evening,295,Operator 4,Machine 5,26.17,standard,56.3,18.27,true
2024-02-04,Line C,Supplier 1,day,708,Operator 4,Machine 1,38.32,standard,55.37,28.46,false
2024-11-16,Line B,Supplier 1,night,1540,Operator 2,Machine 5,20.02,premium,20.0,12.43,true
2025-09-07,Line C,Supplier 3,night,674,Operator 2,Machine 2,48.13,premium,30.23,30.41,true
2025-09-27,Line D,Supplier 4,night,662,Operator 7,Machine 2,29.46,premium,31.32,22.62,true
2025-06-14,Line A,Supplier 4,evening,660,Operator 3,Machine 6,29.37,premium,39.15,23.64,false
2024-03-19,Line B,Supplier 2,evening,648,Operator 2,Machine 5,27.0,premium,63.51,10.99,false
2024-12-23,Line A,Supplier 1,day,171,Operator 6,Machine 5,22.29,premium,41.77,17.38,false
2024-12-06,Line A,Supplier 3,night,306,Operator 7,Machine 5,26.06,standard,71.74,16.51,true
2024-12-16,Line C,Supplier 1,day,253,Operator 2,Machine 5,33.35,premium,51.28,20.61,false
2025-09-18,Line D,Supplier 5,night,947,Operator 2,Machine 6,32.61,premium,21.19,19.37,false
2024-06-26,Line A,Supplier 3,day,567,Operator 2,Machine 1,8.16,premium,39.72,17.18,false
2025-02-21,Line D,Supplier 2,evening,1436,Operator 7,Machine 5,41.06,premium,43.55,16.74,false
2024-08-03,Line C,Supplier 3,evening,799,Operator 3,Machine 4,10.6,premium,49.16,21.25,false
2024-08-07,Line A,Supplier 3,night,920,Operator 2,Machine 4,32.26,premium,40.71,21.76,false
2025-01-05,Line A,Supplier 1,night,462,Operator 5,Machine 2,20.98,premium,46.71,23.77,false
2024-09-13,Line D,Supplier 4,night,925,Operator 2,Machine 5,50.26,standard,51.45,25.75,true
2024-08-03,Line A,Supplier 3,evening,950,Operator 2,Machine 4,19.96,premium,49.24,26.53,false
2024-12-15,Line B,Supplier 2,day,433,Operator 5,Machine 3,30.87,premium,65.34,12.98,false
2024-02-27,Line A,Supplier 3,day,730,Operator 5,Machine 2,15.3,standard,52.03,14.01,false
2025-07-18,Line D,Supplier 3,evening,810,Operator 2,Machine 5,5.0,premium,44.56,38.29,false
2024-02-12,Line B,Supplier 1,day,713,Operator 4,Machine 3,40.39,standard,59.58,16.67,false
2024-10-05,Line A,Supplier 2,night,465,Operator 2,Machine 6,47.21,premium,83.83,18.8,true
2025-05-27,Line B,Supplier 3,day,517,Operator 7,Machine 4,25.58,premium,45.13,18.22,false
2025-10-28,Line C,Supplier 3,night,463,Operator 2,Machine 1,36.05,standard,65.28,28.11,false
2025-05-09,Line C,Supplier 4,night,1063,Operator 5,Machine 4,18.78,standard,53.17,26.8,false
2024-06-27,Line D,Supplier 1,night,619,Operator 1,Machine 4,41.16,standard,58.05,32.88,true
2024-10-21,Line B,Supplier 2,night,829,Operator 1,Machine 5,24.5,premium,46.47,16.98,false
2024-09-13,Line B,Supplier 1,night,441,Operator 6,Machine 5,18.3,premium,32.49,19.93,true
2025-11-17,Line B,Supplier 1,day,482,Operator 7,Machine 5,44.28,premium,39.52,20.57,false
2024-07-03,Line C,Supplier 5,night,596,Operator 1,Machine 5,26.96,standard,52.15,23.89,false
2025-08-31,Line D,Supplier 4,day,911,Operator 2,Machine 4,36.65,standard,65.62,23.19,false
2025-07-30,Line B,Supplier 1,day,768,Operator 4,Machine 3,34.63,premium,41.38,25.21,false
2024-01-05,Line D,Supplier 5,day,91,Operator 8,Machine 5,27.08,premium,25.76,30.51,false
2025-11-21,Line C,Supplier 2,day,192,Operator 2,Machine 5,47.24,premium,44.81,31.15,false
2024-04-28,Line A,Supplier 3,evening,114,Operator 1,Machine 5,19.17,premium,47.36,24.96,false
2024-08-23,Line A,Supplier 5,day,848,Operator 4,Machine 6,30.99,premium,41.51,14.04,false
2025-02-17,Line D,Supplier 2,night,819,Operator 8,Machine 1,21.26,standard,57.21,28.91,true
2025-05-19,Line A,Supplier 3,evening,533,Operator 5,Machine 5,18.22,premium,44.88,18.05,true
2025-06-02,Line A,Supplier 4,evening,489,Operator 4,Machine 2,36.62,standard,57.93,29.16,false
2025-06-15,Line C,Supplier 4,night,775,Operator 5,Machine 1,22.35,standard,50.97,28.93,true
2025-09-25,Line B,Supplier 4,evening,50,Operator 4,Machine 5,27.27,premium,31.95,22.18,false
2024-08-19,Line B,Supplier 3,night,618,Operator 8,Machine 6,5.0,standard,53.89,33.59,true
2024-05-25,Line A,Supplier 5,day,1061,Operator 2,Machine 5,24.83,premium,21.18,21.71,false
2024-08-23,Line C,Supplier 3,day,352,Operator 4,Machine 5,17.46,premium,26.35,38.66,true
2025-09-27,Line B,Supplier 2,night,410,Operator 7,Machine 1,49.92,premium,30.12,22.7,false
2025-11-21,Line D,Supplier 5,night,857,Operator 1,Machine 6,45.98,premium,69.51,19.22,false
2025-06-08,Line D,Supplier 3,night,478,Operator 5,Machine 2,36.09,premium,62.17,31.5,false
2025-12-18,Line C,Supplier 4,night,732,Operator 6,Machine 4,32.19,premium,59.95,29.43,false
2024-03-20,Line B,Supplier 4,night,50,Operator 7,Machine 5,19.84,standard,40.49,22.61,false
2025-08-22,Line D,Supplier 1,evening,50,Operator 2,Machine 4,20.19,standard,67.43,14.62,true
2024-08-20,Line C,Supplier 5,day,1013,Operator 2,Machine 4,16.88,premium,57.63,17.28,false
2024-06-23,Line C,Supplier 1,day,800,Operator 1,Machine 4,29.87,premium,30.85,24.73,false
2025-04-26,Line A,Supplier 5,evening,338,Operator 4,Machine 5,43.8,standard,60.78,25.36,true
2024-11-18,Line A,Supplier 2,evening,1384,Operator 3,Machine 2,23.92,standard,51.44,26.39,false
2025-11-12,Line B,Supplier 2,day,746,Operator 6,Machine 1,35.43,premium,49.39,10.1,true
2024-05-27,Line A,Supplier 4,day,922,Operator 2,Machine 6,17.81,premium,44.26,24.76,false
2025-12-28,Line D,Supplier 3,evening,557,Operator 3,Machine 4,29.89,standard,57.78,16.48,true
2024-11-07,Line A,Supplier 2,day,721,Operator 4,Machine 2,41.55,premium,48.51,19.0,false
2024-09-14,Line D,Supplier 3,night,606,Operator 4,Machine 1,13.98,premium,34.32,11.43,true
2024-11-03,Line B,Supplier 2,evening,831,Operator 1,Machine 1,26.93,premium,58.51,22.7,false
2024-12-12,Line A,Supplier 4,evening,622,Operator 1,Machine 1,24.39,premium,49.92,18.08,false
2025-06-30,Line B,Supplier 4,day,1222,Operator 2,Machine 6,21.21,premium,49.46,22.16,false
2025-06-05,Line D,Supplier 1,day,1302,Operator 2,Machine 1,23.83,premium,76.48,21.68,false
2025-09-24,Line A,Supplier 3,night,729,Operator 1,Machine 3,15.0,standard,77.91,17.88,false
2025-12-14,Line B,Supplier 5,day,255,Operator 7,Machine 5,5.0,premium,76.5,15.97,false
2025-06-19,Line D,Supplier 1,day,802,Operator 8,Machine 4,41.94,premium,42.09,20.34,false
2024-02-22,Line B,Supplier 3,night,643,Operator 8,Machine 2,38.26,standard,42.46,19.88,false
2024-07-19,Line C,Supplier 3,day,627,Operator 6,Machine 5,14.83,premium,75.49,19.42,false
2024-10-21,Line C,Supplier 3,evening,579,Operator 2,Machine 2,6.21,standard,60.11,18.6,false
2025-04-05,Line B,Supplier 2,night,586,Operator 6,Machine 5,40.82,standard,54.65,17.04,true
2025-08-22,Line B,Supplier 3,night,374,Operator 5,Machine 3,45.15,premium,44.2,25.07,true
2024-07-21,Line C,Supplier 1,evening,689,Operator 6,Machine 3,23.45,premium,39.82,16.27,false
2024-07-09,Line A,Supplier 3,night,652,Operator 2,Machine 6,32.09,premium,54.73,17.6,false
2025-02-09,Line C,Supplier 2,day,698,Operator 4,Machine 1,30.82,standard,62.21,16.32,false
2025-12-16,Line A,Supplier 1,evening,1028,Operator 2,Machine 6,23.17,premium,65.08,13.43,false
2025-05-21,Line B,Supplier 3,night,50,Operator 1,Machine 5,44.64,premium,26.53,27.52,true
2025-02-18,Line A,Supplier 1,evening,1012,Operator 1,Machine 3,46.48,premium,35.34,23.2,false
2025-07-25,Line B,Supplier 3,evening,935,Operator 2,Machine 3,37.04,premium,49.51,16.49,false
2024-12-15,Line B,Supplier 3,evening,418,Operator 1,Machine 1,40.46,premium,45.19,20.9,false
2025-10-01,Line C,Supplier 4,day,525,Operator 2,Machine 2,19.09,premium,20.0,21.56,false
2025-12-05,Line A,Supplier 1,night,1026,Operator 3,Machine 6,32.33,standard,70.55,29.49,true
2024-10-18,Line C,Supplier 1,day,272,Operator 3,Machine 5,45.2,premium,47.56,27.62,false
2024-02-06,Line C,Supplier 5,night,870,Operator 6,Machine 3,42.07,standard,62.64,19.49,false
2025-09-12,Line A,Supplier 3,day,349,Operator 5,Machine 5,17.65,premium,27.49,16.78,false
2025-07-29,Line B,Supplier 3,day,1138,Operator 8,Machine 3,33.0,premium,58.34,22.35,false
2025-11-28,Line A,Supplier 4,evening,626,Operator 5,Machine 5,39.2,standard,58.75,17.25,false
2024-08-03,Line D,Supplier 3,night,1095,Operator 2,Machine 2,44.61,premium,40.29,21.47,true
2025-08-03,Line A,Supplier 5,day,657,Operator 4,Machine 1,36.9,standard,56.16,20.88,false
2025-10-24,Line C,Supplier 1,day,843,Operator 5,Machine 2,22.06,premium,63.0,26.38,false
2025-05-04,Line A,Supplier 3,day,756,Operator 2,Machine 2,20.69,premium,57.82,26.93,false
2024-02-15,Line C,Supplier 1,night,911,Operator 2,Machine 1,31.4,standard,54.39,18.05,true
2025-09-15,Line D,Supplier 3,day,485,Operator 2,Machine 5,44.57,standard,55.87,5.41,true
2025-07-31,Line C,Supplier 2,day,1145,Operator 1,Machine 6,23.41,premium,20.88,9.14,false
2024-04-20,Line B,Supplier 3,evening,547,Operator 6,Machine 6,33.32,premium,72.37,16.82,true
2024-01-07,Line D,Supplier 2,day,50,Operator 2,Machine 6,24.4,standard,54.36,23.94,false
2024-10-05,Line B,Supplier 4,evening,773,Operator 6,Machine 5,38.59,premium,55.86,17.65,false
2024-05-20,Line C,Supplier 3,day,1111,Operator 2,Machine 5,8.8,premium,38.98,26.48,false
2024-01-14,Line A,Supplier 3,day,935,Operator 2,Machine 3,15.03,premium,69.83,14.59,false
2025-04-29,Line C,Supplier 5,night,472,Operator 3,Machine 2,21.44,premium,51.96,21.18,false
2024-05-04,Line C,Supplier 1,evening,1482,Operator 4,Machine 4,28.62,premium,36.7,26.19,false
2024-01-05,Line D,Supplier 1,day,481,Operator 4,Machine 3,35.59,standard,66.67,11.47,false
2025-10-24,Line A,Supplier 1,night,363,Operator 3,Machine 3,39.59,premium,29.59,12.15,false
2024-12-05,Line B,Supplier 3,night,894,Operator 3,Machine 4,11.3,premium,49.27,24.27,false
2024-02-08,Line D,Supplier 3,night,797,Operator 4,Machine 6,10.89,standard,63.32,16.72,true
2024-08-20,Line A,Supplier 1,night,676,Operator 8,Machine 6,21.32,standard,50.27,23.08,false
2024-06-30,Line C,Supplier 1,night,50,Operator 7,Machine 3,38.07,premium,47.8,26.66,false
2024-09-17,Line B,Supplier 3,evening,841,Operator 7,Machine 1,37.46,premium,20.0,16.32,true
2024-06-20,Line A,Supplier 5,day,924,Operator 2,Machine 3,14.41,standard,80.9,31.02,false
2025-06-08,Line C,Supplier 2,day,1020,Operator 2,Machine 6,23.65,premium,40.82,20.63,false
2025-11-12,Line D,Supplier 2,night,214,Operator 6,Machine 5,29.49,premium,31.72,9.65,true
2025-07-24,Line B,Supplier 5,evening,543,Operator 2,Machine 6,39.98,standard,66.88,18.01,true
2024-03-19,Line D,Supplier 3,evening,848,Operator 4,Machine 2,18.84,premium,61.02,24.84,false
2024-01-19,Line B,Supplier 3,evening,1070,Operator 2,Machine 1,34.11,premium,42.08,11.88,false
2025-05-01,Line B,Supplier 5,night,797,Operator 2,Machine 1,55.69,standard,73.27,26.75,true
2024-10-16,Line D,Supplier 1,day,308,Operator 8,Machine 6,20.76,standard,63.78,18.12,false
2025-04-04,Line B,Supplier 4,day,1299,Operator 2,Machine 5,27.45,premium,66.27,23.79,false
2025-05-19,Line A,Supplier 4,evening,795,Operator 6,Machine 6,27.95,standard,69.96,30.85,false
2025-07-04,Line D,Supplier 1,day,472,Operator 3,Machine 6,64.27,premium,43.02,24.53,false
2024-06-19,Line A,Supplier 3,day,710,Operator 2,Machine 2,16.56,standard,50.72,12.34,false
2025-09-10,Line C,Supplier 4,day,1205,Operator 2,Machine 2,50.37,premium,35.4,17.63,true
2025-11-19,Line A,Supplier 3,evening,996,Operator 2,Machine 5,26.75,premium,32.47,15.25,true
2024-07-18,Line A,Supplier 2,day,1174,Operator 2,Machine 1,46.65,standard,59.2,28.42,false
2025-12-21,Line B,Supplier 2,evening,1351,Operator 2,Machine 2,22.41,premium,62.89,18.6,false
2024-10-08,Line B,Supplier 4,evening,50,Operator 5,Machine 5,35.71,premium,41.63,24.31,false
2025-10-28,Line C,Supplier 3,evening,1026,Operator 8,Machine 5,32.46,premium,37.96,21.16,false
2024-01-25,Line B,Supplier 4,night,505,Operator 2,Machine 1,28.78,premium,33.75,27.69,false
2024-03-02,Line C,Supplier 4,evening,1215,Operator 5,Machine 1,29.96,premium,35.25,16.7,false
2024-05-27,Line B,Supplier 5,night,623,Operator 2,Machine 2,53.68,standard,62.85,27.29,false
2024-05-23,Line B,Supplier 1,day,206,Operator 2,Machine 5,29.96,premium,41.68,6.2,true
2024-03-28,Line A,Supplier 4,day,781,Operator 1,Machine 2,29.16,standard,69.47,37.65,false
2024-08-11,Line B,Supplier 5,evening,565,Operator 4,Machine 1,23.82,premium,44.33,15.14,true
2025-03-23,Line D,Supplier 5,evening,1035,Operator 2,Machine 5,51.07,standard,59.12,12.71,true
2024-07-27,Line A,Supplier 4,evening,352,Operator 5,Machine 6,27.19,premium,34.78,19.09,false
2024-10-15,Line B,Supplier 1,day,581,Operator 8,Machine 1,36.26,premium,29.5,25.74,true
2025-02-25,Line D,Supplier 4,evening,50,Operator 8,Machine 5,50.13,standard,43.88,24.73,false
2025-10-04,Line C,Supplier 4,evening,350,Operator 5,Machine 4,44.41,premium,65.78,15.74,false
2024-11-05,Line A,Supplier 1,evening,808,Operator 8,Machine 4,33.13,premium,42.38,9.25,false
2025-05-16,Line D,Supplier 3,evening,713,Operator 1,Machine 1,40.92,premium,20.0,23.36,false
2024-08-16,Line B,Supplier 4,night,1158,Operator 2,Machine 1,39.62,premium,41.01,21.52,false
2025-01-07,Line C,Supplier 1,day,50,Operator 8,Machine 1,23.51,premium,68.22,27.12,false
2024-04-14,Line B,Supplier 1,night,1361,Operator 2,Machine 3,33.61,premium,49.04,17.09,false
2024-09-17,Line C,Supplier 3,night,1134,Operator 2,Machine 2,33.26,premium,52.08,18.36,true
2024-02-17,Line C,Supplier 4,night,1023,Operator 2,Machine 1,32.82,premium,22.86,32.97,true
2024-12-20,Line B,Supplier 3,day,194,Operator 3,Machine 4,8.76,standard,61.24,23.75,false
2025-06-23,Line C,Supplier 2,day,657,Operator 4,Machine 3,60.34,premium,42.17,28.42,false
2024-09-27,Line B,Supplier 3,evening,869,Operator 1,Machine 6,13.33,standard,84.27,31.6,false
2024-10-07,Line D,Supplier 3,night,493,Operator 3,Machine 6,37.79,premium,61.73,22.05,false
2025-05-20,Line B,Supplier 3,evening,112,Operator 5,Machine 2,47.19,premium,60.59,20.39,false
2024-04-06,Line C,Supplier 3,evening,276,Operator 3,Machine 5,9.18,premium,57.26,21.53,false
2024-01-12,Line D,Supplier 2,day,603,Operator 2,Machine 6,28.13,premium,40.34,18.45,false
2024-05-07,Line B,Supplier 1,evening,776,Operator 3,Machine 5,39.11,premium,32.91,4.06,false
2025-12-18,Line D,Supplier 2,day,1305,Operator 2,Machine 2,26.68,premium,30.34,18.28,false
2024-04-19,Line A,Supplier 5,day,413,Operator 7,Machine 4,6.72,standard,57.17,23.6,false
2024-04-27,Line B,Supplier 2,night,604,Operator 1,Machine 2,51.51,standard,57.48,15.64,false
2025-06-02,Line A,Supplier 1,evening,609,Operator 7,Machine 3,60.41,standard,63.38,16.49,false
2025-07-15,Line C,Supplier 2,night,1022,Operator 2,Machine 6,38.39,premium,67.9,14.26,true
2024-08-15,Line C,Supplier 5,night,757,Operator 8,Machine 1,30.02,premium,45.85,29.96,true
2025-03-04,Line D,Supplier 5,evening,938,Operator 2,Machine 6,49.24,standard,83.52,1.68,false
2024-12-11,Line C,Supplier 4,day,741,Operator 5,Machine 3,36.92,premium,37.02,25.24,false
2025-11-08,Line D,Supplier 5,evening,327,Operator 4,Machine 5,15.02,premium,43.18,24.49,false
2024-03-30,Line A,Supplier 1,day,633,Operator 7,Machine 2,39.28,premium,53.06,13.44,false
2024-12-11,Line A,Supplier 4,day,1263,Operator 2,Machine 6,43.42,premium,38.21,22.16,false
2024-01-15,Line D,Supplier 2,day,954,Operator 2,Machine 2,27.96,premium,62.83,16.57,false
2024-01-15,Line A,Supplier 2,day,1521,Operator 2,Machine 5,37.31,premium,42.24,20.77,false
2025-10-28,Line B,Supplier 5,night,647,Operator 8,Machine 1,25.91,premium,49.38,13.91,false
2024-01-02,Line B,Supplier 1,day,499,Operator 5,Machine 1,39.83,standard,46.7,6.4,false
2024-11-12,Line A,Supplier 5,day,991,Operator 2,Machine 6,32.92,standard,51.94,15.51,false
2025-09-05,Line A,Supplier 1,day,1059,Operator 2,Machine 2,57.65,standard,53.49,14.26,true
2025-12-17,Line B,Supplier 4,evening,605,Operator 3,Machine 1,26.66,premium,20.0,6.27,false
2024-09-21,Line B,Supplier 2,night,1024,Operator 2,Machine 2,42.6,premium,48.81,17.58,false
2025-02-14,Line D,Supplier 4,evening,278,Operator 1,Machine 5,52.33,premium,49.88,17.36,false
2025-05-11,Line B,Supplier 3,day,693,Operator 2,Machine 1,22.7,premium,32.58,22.51,false
2025-02-26,Line A,Supplier 3,day,1289,Operator 6,Machine 6,32.27,premium,47.13,24.4,false
2025-03-25,Line D,Supplier 4,night,373,Operator 4,Machine 5,22.77,standard,66.29,39.06,true
2025-11-01,Line D,Supplier 2,night,785,Operator 8,Machine 5,39.9,standard,64.76,10.97,false
2025-01-26,Line C,Supplier 2,night,723,Operator 4,Machine 3,34.14,premium,60.04,27.74,false
2024-03-21,Line A,Supplier 5,evening,594,Operator 6,Machine 3,40.48,standard,60.73,27.04,false
2024-08-17,Line B,Supplier 1,night,676,Operator 4,Machine 1,34.58,standard,62.37,23.68,false
2025-11-16,Line B,Supplier 3,day,361,Operator 2,Machine 6,13.32,premium,43.94,18.32,false
2024-06-26,Line A,Supplier 4,night,519,Operator 3,Machine 1,45.19,premium,35.14,17.41,false
2024-06-04,Line C,Supplier 4,day,917,Operator 2,Machine 4,39.77,standard,50.17,17.9,false
2025-07-09,Line B,Supplier 5,night,537,Operator 6,Machine 4,50.17,premium,29.51,17.67,false
2025-03-01,Line D,Supplier 5,day,764,Operator 6,Machine 6,24.65,standard,56.27,25.95,false
2024-08-14,Line A,Supplier 3,night,682,Operator 4,Machine 6,34.12,premium,42.59,32.92,false
2024-07-30,Line B,Supplier 3,night,942,Operator 2,Machine 2,13.77,standard,58.06,27.48,false
2024-07-23,Line A,Supplier 4,night,835,Operator 7,Machine 5,61.49,premium,74.01,23.99,false
2025-01-06,Line B,Supplier 3,day,754,Operator 7,Machine 5,37.45,premium,46.05,23.56,false
2024-10-13,Line D,Supplier 3,night,878,Operator 4,Machine 6,9.85,premium,57.94,32.13,true
2024-03-06,Line C,Supplier 2,night,532,Operator 5,Machine 3,42.92,premium,42.67,28.99,true
2025-11-19,Line A,Supplier 2,evening,1039,Operator 6,Machine 2,40.28,standard,54.27,26.96,false
2025-09-19,Line B,Supplier 5,evening,1466,Operator 2,Machine 5,26.68,premium,44.08,26.84,false
2025-02-23,Line B,Supplier 1,night,50,Operator 2,Machine 2,25.63,premium,71.51,22.24,false
2025-05-14,Line A,Supplier 5,day,638,Operator 1,Machine 3,27.09,premium,47.64,25.34,false
2025-03-16,Line A,Supplier 4,evening,273,Operator 4,Machine 5,35.53,premium,44.75,14.78,false
2024-08-01,Line B,Supplier 5,evening,709,Operator 3,Machine 2,24.49,premium,44.35,24.68,false
2024-07-03,Line D,Supplier 3,night,1244,Operator 2,Machine 3,26.59,standard,67.62,24.76,false
2025-08-06,Line A,Supplier 4,day,1407,Operator 6,Machine 6,35.89,premium,31.72,23.66,false
2025-09-04,Line C,Supplier 5,night,1046,Operator 2,Machine 5,39.66,standard,56.1,14.52,false
2025-04-22,Line C,Supplier 3,day,144,Operator 4,Machine 5,19.62,standard,69.92,24.67,false
2025-04-13,Line A,Supplier 1,evening,243,Operator 6,Machine 5,34.85,standard,57.12,10.13,false
2024-02-05,Line A,Supplier 5,day,474,Operator 4,Machine 3,22.34,premium,63.96,18.98,false
2024-06-05,Line D,Supplier 2,day,1213,Operator 6,Machine 1,35.67,standard,71.2,10.96,false
2025-02-20,Line D,Supplier 4,night,1053,Operator 2,Machine 4,33.37,premium,20.0,16.66,false
2025-07-27,Line C,Supplier 4,day,971,Operator 2,Machine 3,35.8,premium,74.15,17.84,false
2024-02-03,Line A,Supplier 1,evening,688,Operator 5,Machine 6,36.46,standard,51.0,8.53,false
2024-03-04,Line A,Supplier 1,evening,846,Operator 7,Machine 6,23.72,premium,61.3,8.13,false
2025-09-02,Line B,Supplier 4,evening,50,Operator 8,Machine 5,33.83,premium,35.38,12.19,false
2024-02-28,Line D,Supplier 3,evening,841,Operator 8,Machine 5,32.81,standard,33.22,38.54,false
2024-04-08,Line B,Supplier 5,evening,50,Operator 4,Machine 5,31.86,premium,50.21,25.91,false
2025-03-14,Line B,Supplier 2,night,536,Operator 3,Machine 6,32.06,premium,44.29,26.58,true
2024-07-11,Line C,Supplier 2,day,215,Operator 8,Machine 5,45.5,premium,46.17,17.56,false
2024-05-03,Line A,Supplier 4,night,654,Operator 7,Machine 5,40.53,standard,54.54,15.54,true
2025-11-02,Line B,Supplier 5,evening,376,Operator 3,Machine 5,54.1,standard,59.33,13.33,false
2025-04-05,Line C,Supplier 5,night,915,Operator 2,Machine 6,31.51,premium,47.74,21.74,false
2024-01-05,Line A,Supplier 1,evening,430,Operator 6,Machine 3,46.34,premium,71.61,24.94,false
2025-05-02,Line C,Supplier 1,day,339,Operator 4,Machine 1,29.08,premium,70.41,8.99,false
2025-06-29,Line C,Supplier 4,day,1182,Operator 2,Machine 6,26.22,premium,43.82,26.95,false
2024-08-06,Line C,Supplier 3,evening,50,Operator 5,Machine 5,52.8,premium,49.61,22.84,false
2025-12-06,Line B,Supplier 4,night,58,Operator 5,Machine 5,27.71,premium,51.29,40.0,true
2025-08-09,Line A,Supplier 5,night,952,Operator 2,Machine 3,19.47,premium,39.8,20.65,true
2025-11-30,Line B,Supplier 1,evening,1259,Operator 2,Machine 2,23.99,premium,70.51,32.19,false
2024-08-09,Line C,Supplier 4,night,646,Operator 3,Machine 3,34.55,premium,35.35,19.64,true
2025-07-31,Line A,Supplier 2,day,622,Operator 4,Machine 6,51.48,premium,38.76,19.4,false
2024-07-27,Line D,Supplier 3,day,427,Operator 1,Machine 1,21.92,standard,67.12,24.68,false
2025-01-14,Line B,Supplier 2,night,720,Operator 6,Machine 2,21.72,premium,28.39,11.18,false
2025-11-09,Line A,Supplier 4,evening,265,Operator 3,Machine 5,54.89,premium,20.0,19.54,false
2025-06-07,Line B,Supplier 2,day,553,Operator 3,Machine 6,39.14,premium,58.12,12.52,false
2025-04-24,Line C,Supplier 1,night,259,Operator 2,Machine 5,33.44,premium,77.69,25.56,false
2025-11-11,Line C,Supplier 2,day,1044,Operator 2,Machine 6,47.28,standard,54.43,28.98,false
2024-09-10,Line A,Supplier 2,evening,245,Operator 6,Machine 5,44.64,premium,43.26,18.47,false
2025-04-02,Line D,Supplier 5,night,538,Operator 1,Machine 1,29.08,premium,41.7,21.96,false
2025-11-12,Line B,Supplier 5,night,692,Operator 4,Machine 2,17.62,premium,42.92,22.68,false
2025-01-25,Line D,Supplier 5,day,592,Operator 5,Machine 3,21.1,premium,42.68,22.87,false
2024-04-05,Line A,Supplier 3,night,500,Operator 6,Machine 3,49.82,standard,62.67,19.08,true
2025-11-26,Line B,Supplier 1,night,876,Operator 8,Machine 1,25.01,standard,63.19,22.19,false
2024-08-16,Line A,Supplier 2,night,808,Operator 4,Machine 5,50.36,premium,44.66,2.64,true
2024-08-24,Line C,Supplier 5,evening,662,Operator 6,Machine 2,30.32,premium,66.57,21.71,false
2025-02-27,Line C,Supplier 4,night,1253,Operator 2,Machine 3,29.28,standard,61.41,28.59,false
2025-02-10,Line A,Supplier 3,evening,971,Operator 2,Machine 4,55.4,premium,73.68,31.11,false
2025-08-09,Line C,Supplier 5,night,763,Operator 8,Machine 3,31.25,standard,50.31,35.55,true
2024-07-24,Line C,Supplier 4,day,50,Operator 3,Machine 5,36.67,premium,41.61,25.27,false
2025-05-28,Line D,Supplier 5,evening,481,Operator 7,Machine 4,5.0,premium,35.29,20.02,false
2025-08-05,Line A,Supplier 2,evening,606,Operator 5,Machine 6,32.15,premium,46.91,13.9,false
2024-12-08,Line D,Supplier 1,evening,135,Operator 3,Machine 5,32.29,standard,62.57,26.4,true
2025-02-19,Line A,Supplier 1,evening,694,Operator 7,Machine 1,27.06,standard,52.02,14.45,false
2025-01-09,Line B,Supplier 5,night,435,Operator 1,Machine 2,24.57,premium,79.41,18.03,false
2025-01-09,Line A,Supplier 2,night,1079,Operator 2,Machine 6,26.5,premium,24.82,15.71,true
2025-04-23,Line C,Supplier 3,night,1154,Operator 2,Machine 4,33.57,premium,48.63,10.75,false
2024-01-23,Line A,Supplier 1,night,423,Operator 3,Machine 5,32.32,standard,43.37,15.77,false
2025-03-21,Line D,Supplier 4,evening,417,Operator 5,Machine 4,36.78,standard,64.96,22.76,true
2024-08-28,Line B,Supplier 4,day,562,Operator 4,Machine 2,34.86,premium,59.58,23.09,false
2024-09-21,Line D,Supplier 5,evening,367,Operator 7,Machine 6,61.34,premium,29.84,14.07,false
2025-06-14,Line A,Supplier 3,evening,179,Operator 8,Machine 5,47.16,standard,69.56,20.27,true
2024-08-19,Line C,Supplier 1,night,896,Operator 8,Machine 4,27.33,premium,39.58,22.97,true
2024-09-14,Line C,Supplier 1,evening,957,Operator 2,Machine 1,23.75,standard,64.47,21.21,false
2024-05-27,Line B,Supplier 2,day,124,Operator 8,Machine 6,58.63,standard,59.7,14.53,false
2025-10-07,Line B,Supplier 5,night,401,Operator 4,Machine 3,21.25,standard,38.77,30.39,true
2024-08-04,Line D,Supplier 4,day,772,Operator 1,Machine 5,60.08,standard,72.74,17.82,false
2025-09-18,Line C,Supplier 2,evening,1160,Operator 8,Machine 6,32.83,premium,28.47,13.52,false
2024-08-05,Line D,Supplier 1,day,779,Operator 5,Machine 1,29.79,premium,42.42,12.2,false
2024-02-12,Line A,Supplier 5,evening,345,Operator 4,Machine 1,32.65,standard,59.61,9.17,false
2024-12-07,Line A,Supplier 1,night,842,Operator 5,Machine 5,37.08,premium,49.77,20.58,true
2025-06-03,Line C,Supplier 5,evening,594,Operator 5,Machine 3,21.99,standard,66.72,31.28,true
2025-01-16,Line C,Supplier 1,night,448,Operator 5,Machine 6,25.83,premium,44.94,21.43,true
2025-04-10,Line B,Supplier 2,night,794,Operator 7,Machine 5,23.7,premium,39.7,35.88,true
2025-10-31,Line C,Supplier 2,evening,87,Operator 6,Machine 5,23.92,premium,47.34,2.36,true
2025-03-08,Line C,Supplier 2,night,409,Operator 7,Machine 4,34.42,premium,39.82,22.03,true
2024-12-14,Line B,Supplier 1,night,96,Operator 7,Machine 5,46.81,premium,43.54,14.29,false
2025-01-03,Line A,Supplier 3,day,515,Operator 7,Machine 1,38.86,premium,41.36,11.84,false
2024-09-02,Line D,Supplier 5,night,507,Operator 6,Machine 2,28.0,standard,57.02,30.45,false
2024-09-12,Line C,Supplier 2,day,290,Operator 5,Machine 5,39.22,premium,51.52,25.05,false
2025-06-01,Line B,Supplier 3,night,588,Operator 5,Machine 3,26.62,premium,29.78,28.65,true
2024-11-10,Line A,Supplier 2,night,928,Operator 2,Machine 3,18.15,premium,49.62,17.29,false
2025-03-28,Line C,Supplier 4,day,315,Operator 4,Machine 4,30.51,premium,39.47,21.19,false
2025-12-07,Line D,Supplier 3,night,557,Operator 3,Machine 2,43.36,premium,30.34,15.55,false
2024-05-09,Line D,Supplier 2,day,916,Operator 2,Machine 2,22.54,premium,33.5,14.64,false
2024-11-18,Line B,Supplier 3,evening,1041,Operator 2,Machine 6,43.79,standard,58.53,29.98,false
2025-04-05,Line A,Supplier 2,night,325,Operator 5,Machine 2,51.9,standard,70.74,15.92,true
2025-12-15,Line B,Supplier 4,night,871,Operator 1,Machine 5,43.91,premium,36.96,22.08,true
2025-07-21,Line D,Supplier 4,day,595,Operator 3,Machine 5,46.08,standard,50.81,28.72,true
2025-05-16,Line D,Supplier 5,evening,718,Operator 6,Machine 5,21.5,premium,59.37,22.28,false
2025-08-25,Line D,Supplier 4,night,1317,Operator 4,Machine 6,48.67,standard,64.56,17.63,true
2024-12-04,Line B,Supplier 1,evening,525,Operator 2,Machine 5,41.73,premium,37.3,24.24,false
2024-09-11,Line B,Supplier 1,day,540,Operator 6,Machine 2,37.97,standard,71.74,22.12,false
2024-02-15,Line B,Supplier 4,night,109,Operator 4,Machine 5,35.35,premium,37.34,13.04,false
2025-04-10,Line C,Supplier 3,night,382,Operator 7,Machine 1,35.28,premium,23.68,23.4,false
2025-01-20,Line C,Supplier 2,night,892,Operator 7,Machine 3,32.85,premium,50.75,26.89,false
2024-03-10,Line A,Supplier 3,night,811,Operator 6,Machine 2,5.0,premium,34.78,19.0,true
2025-11-25,Line C,Supplier 4,evening,631,Operator 1,Machine 6,33.87,standard,68.49,28.33,false
2025-01-21,Line C,Supplier 3,day,430,Operator 5,Machine 3,19.48,premium,64.61,20.2,false
2024-05-31,Line D,Supplier 4,night,1504,Operator 3,Machine 5,31.53,premium,34.25,13.86,false
2024-05-24,Line C,Supplier 3,day,846,Operator 8,Machine 3,48.18,premium,60.03,31.19,false
2024-07-12,Line B,Supplier 5,night,794,Operator 8,Machine 6,25.87,premium,56.16,9.01,false
2025-07-19,Line C,Supplier 2,evening,876,Operator 8,Machine 3,38.51,premium,44.99,21.42,false
2024-05-15,Line A,Supplier 5,evening,522,Operator 5,Machine 5,44.21,premium,41.43,27.28,true
2024-05-06,Line C,Supplier 4,day,129,Operator 3,Machine 5,34.29,premium,44.62,16.39,false
2025-02-14,Line C,Supplier 4,evening,820,Operator 7,Machine 5,25.0,premium,78.08,31.48,false
2024-11-17,Line D,Supplier 2,night,835,Operator 1,Machine 4,20.8,standard,41.8,26.16,false
2025-11-29,Line A,Supplier 1,day,933,Operator 2,Machine 5,41.56,premium,41.94,20.16,false
2025-04-01,Line A,Supplier 4,evening,339,Operator 5,Machine 1,37.68,premium,89.5,20.96,false
2025-02-06,Line A,Supplier 5,day,449,Operator 8,Machine 3,30.94,premium,20.0,16.81,false
2024-02-12,Line B,Supplier 3,night,50,Operator 8,Machine 5,8.67,standard,64.08,22.78,false
2025-03-23,Line C,Supplier 5,night,1108,Operator 2,Machine 5,35.07,premium,60.35,34.59,false
2025-05-20,Line B,Supplier 2,evening,841,Operator 3,Machine 5,31.27,premium,36.47,26.02,false
2024-02-04,Line A,Supplier 3,day,976,Operator 6,Machine 5,32.24,standard,56.02,27.87,false
2025-04-02,Line A,Supplier 3,day,1193,Operator 7,Machine 2,24.78,premium,27.58,12.19,false
2024-06-14,Line C,Supplier 3,night,378,Operator 8,Machine 1,21.57,premium,66.85,38.41,false
2025-02-16,Line A,Supplier 3,evening,905,Operator 5,Machine 2,18.09,standard,64.8,36.57,false
2024-06-11,Line A,Supplier 2,evening,496,Operator 1,Machine 3,36.44,premium,35.14,21.62,true
2024-10-06,Line C,Supplier 1,day,858,Operator 8,Machine 5,41.95,premium,28.87,16.71,false
2024-06-08,Line A,Supplier 2,day,746,Operator 7,Machine 3,24.35,premium,65.9,21.35,false
2025-10-06,Line B,Supplier 1,day,560,Operator 7,Machine 2,35.33,premium,37.47,22.87,false
2025-04-08,Line A,Supplier 5,day,764,Operator 8,Machine 4,30.85,premium,45.96,13.85,true
2024-04-17,Line A,Supplier 5,evening,229,Operator 5,Machine 5,26.38,premium,53.16,29.4,false
2025-08-21,Line A,Supplier 1,day,765,Operator 5,Machine 4,45.84,premium,51.49,13.95,false
2024-09-15,Line D,Supplier 4,night,964,Operator 2,Machine 3,18.55,premium,20.19,10.51,true
2025-07-09,Line B,Supplier 3,evening,135,Operator 2,Machine 5,33.88,premium,36.0,34.01,false
2024-06-19,Line A,Supplier 4,evening,843,Operator 2,Machine 1,41.88,standard,65.42,18.2,true
2025-12-07,Line A,Supplier 5,night,664,Operator 6,Machine 2,17.08,premium,51.09,34.55,true
2024-09-28,Line C,Supplier 3,evening,617,Operator 4,Machine 1,36.06,premium,33.48,12.8,false
2025-04-21,Line D,Supplier 3,day,711,Operator 3,Machine 3,45.98,standard,54.98,20.29,false
2024-07-30,Line B,Supplier 5,night,191,Operator 8,Machine 6,27.52,standard,56.85,19.69,false
2024-03-04,Line A,Supplier 3,night,968,Operator 2,Machine 3,57.16,premium,51.27,21.62,true
2025-04-18,Line A,Supplier 3,day,524,Operator 5,Machine 5,32.19,premium,31.45,18.21,false
2024-03-02,Line C,Supplier 3,night,811,Operator 4,Machine 3,42.62,premium,35.34,16.39,false
2025-01-17,Line A,Supplier 3,night,710,Operator 6,Machine 1,16.03,premium,37.92,22.43,true
2024-08-30,Line D,Supplier 3,evening,650,Operator 2,Machine 4,13.38,standard,67.51,12.23,false
2025-11-17,Line A,Supplier 3,evening,617,Operator 4,Machine 6,14.27,standard,52.03,8.64,false
2024-09-13,Line C,Supplier 4,evening,1084,Operator 2,Machine 3,46.44,standard,77.18,25.95,false
2025-07-31,Line A,Supplier 2,day,378,Operator 3,Machine 3,34.17,premium,39.38,28.81,false
2024-02-03,Line A,Supplier 3,evening,193,Operator 8,Machine 5,15.12,premium,24.67,14.03,false
2025-02-08,Line A,Supplier 5,day,1090,Operator 3,Machine 2,24.05,premium,57.69,23.79,false
2025-03-10,Line B,Supplier 4,night,1019,Operator 2,Machine 2,21.81,premium,49.23,31.34,true
2024-08-07,Line A,Supplier 4,evening,630,Operator 2,Machine 4,37.52,premium,38.84,27.62,false
2025-12-19,Line A,Supplier 1,day,863,Operator 2,Machine 6,44.29,premium,48.89,13.06,false
2024-05-22,Line C,Supplier 2,day,679,Operator 2,Machine 3,29.8,premium,80.53,24.57,false
2025-01-07,Line C,Supplier 5,evening,1270,Operator 4,Machine 2,27.88,premium,41.27,19.81,false
2025-05-18,Line C,Supplier 3,day,601,Operator 6,Machine 1,40.02,standard,37.86,19.86,false
2025-05-06,Line B,Supplier 1,evening,611,Operator 8,Machine 1,34.0,premium,33.79,19.39,false
2025-08-12,Line B,Supplier 4,day,456,Operator 5,Machine 6,34.13,premium,44.88,19.93,false
2025-01-14,Line D,Supplier 3,evening,1054,Operator 2,Machine 5,30.62,premium,36.04,24.2,false
2024-06-21,Line A,Supplier 5,evening,783,Operator 6,Machine 6,37.03,premium,22.52,17.93,true
2024-06-19,Line D,Supplier 5,night,1166,Operator 2,Machine 6,31.4,premium,59.88,34.92,false
2024-09-08,Line A,Supplier 3,night,442,Operator 7,Machine 6,36.11,premium,73.73,27.51,true
2025-11-27,Line C,Supplier 3,night,152,Operator 2,Machine 5,22.13,premium,48.71,33.48,true
2024-06-01,Line A,Supplier 4,day,67,Operator 5,Machine 4,22.28,standard,75.87,18.6,false
2025-07-27,Line B,Supplier 1,night,444,Operator 6,Machine 4,42.51,standard,63.57,14.31,true
2025-07-24,Line A,Supplier 5,day,1054,Operator 7,Machine 4,38.48,standard,60.98,25.33,false
2024-06-05,Line C,Supplier 5,day,474,Operator 2,Machine 5,41.88,premium,30.04,18.34,true
2024-11-30,Line B,Supplier 3,evening,889,Operator 4,Machine 1,34.21,standard,70.26,25.75,false
2024-10-02,Line A,Supplier 3,evening,228,Operator 1,Machine 4,25.45,premium,40.99,26.21,false
2025-04-24,Line B,Supplier 5,day,668,Operator 7,Machine 1,36.16,standard,52.11,22.93,false
2025-04-19,Line A,Supplier 1,evening,616,Operator 5,Machine 3,34.98,premium,32.27,31.97,false
2025-05-16,Line C,Supplier 1,evening,622,Operator 4,Machine 6,40.41,premium,38.73,29.77,true
2025-04-25,Line C,Supplier 3,day,501,Operator 3,Machine 3,41.32,premium,34.35,13.92,false
2025-01-01,Line C,Supplier 1,day,1041,Operator 6,Machine 6,19.71,premium,48.16,14.47,false
2024-03-07,Line B,Supplier 4,evening,642,Operator 1,Machine 6,50.37,standard,50.32,29.46,false
2024-06-05,Line D,Supplier 3,evening,530,Operator 4,Machine 2,19.75,premium,43.61,19.56,false
2024-09-21,Line A,Supplier 2,night,864,Operator 5,Machine 6,37.11,premium,29.63,24.97,true
2024-10-02,Line A,Supplier 3,night,1647,Operator 2,Machine 5,27.13,premium,54.7,40.0,false
2025-09-10,Line D,Supplier 4,night,93,Operator 8,Machine 5,43.61,premium,59.52,21.32,false
2024-10-06,Line D,Supplier 3,day,457,Operator 5,Machine 2,38.24,premium,41.99,13.02,false
2025-06-27,Line A,Supplier 3,day,133,Operator 7,Machine 5,12.0,standard,55.3,12.7,false
2024-06-09,Line D,Supplier 5,day,610,Operator 6,Machine 4,18.08,premium,68.94,14.45,true
2025-06-17,Line A,Supplier 4,evening,588,Operator 7,Machine 6,46.75,premium,42.35,31.96,false
2025-09-18,Line A,Supplier 3,night,836,Operator 7,Machine 5,31.44,premium,23.87,13.9,false
2025-03-11,Line C,Supplier 4,night,379,Operator 3,Machine 5,47.09,premium,49.4,15.95,false
2025-05-31,Line C,Supplier 2,evening,1119,Operator 2,Machine 6,34.05,standard,78.01,13.55,true
2025-10-24,Line C,Supplier 2,day,50,Operator 6,Machine 5,27.66,premium,36.4,22.88,false
2024-06-17,Line A,Supplier 3,night,257,Operator 5,Machine 4,40.28,standard,56.24,19.51,false
2024-09-27,Line B,Supplier 3,night,1268,Operator 2,Machine 6,14.55,standard,50.53,14.2,false
2025-08-30,Line C,Supplier 3,day,1215,Operator 2,Machine 3,46.34,premium,40.31,29.89,false
2025-10-04,Line D,Supplier 3,day,1109,Operator 2,Machine 6,22.0,premium,29.17,27.34,false
2024-12-08,Line C,Supplier 4,day,1352,Operator 2,Machine 6,33.05,standard,71.32,27.3,false
2024-06-19,Line A,Supplier 2,night,192,Operator 7,Machine 5,21.18,standard,67.11,26.11,false
2024-07-11,Line B,Supplier 2,day,641,Operator 5,Machine 6,23.98,premium,44.57,17.83,false
2024-03-27,Line A,Supplier 3,night,685,Operator 2,Machine 6,27.17,premium,40.73,26.72,true
2025-01-06,Line B,Supplier 3,day,144,Operator 7,Machine 5,28.39,premium,43.77,23.1,false
2024-06-12,Line D,Supplier 1,evening,1387,Operator 2,Machine 1,40.35,standard,55.32,13.42,false
2025-07-21,Line A,Supplier 3,day,1101,Operator 2,Machine 3,25.08,premium,23.93,23.05,false
2025-08-04,Line C,Supplier 1,evening,489,Operator 8,Machine 4,21.32,premium,29.94,15.66,false
2024-01-11,Line D,Supplier 1,evening,953,Operator 4,Machine 5,31.66,standard,46.71,30.24,false
2024-03-26,Line D,Supplier 4,night,1006,Operator 2,Machine 1,34.14,premium,43.41,26.25,false
2025-12-11,Line B,Supplier 3,day,627,Operator 1,Machine 3,15.16,premium,54.42,32.02,false
2025-02-28,Line A,Supplier 4,evening,1123,Operator 5,Machine 5,34.09,premium,66.63,10.55,false
2025-11-18,Line B,Supplier 4,night,50,Operator 8,Machine 5,39.91,premium,43.52,9.1,true
2024-05-27,Line A,Supplier 2,night,792,Operator 6,Machine 6,42.05,premium,47.71,22.63,false
2025-08-12,Line C,Supplier 2,night,492,Operator 3,Machine 2,46.67,standard,61.96,23.34,false
2024-04-22,Line A,Supplier 3,evening,1482,Operator 2,Machine 1,11.67,premium,65.55,13.25,true
2024-08-03,Line D,Supplier 2,day,800,Operator 3,Machine 5,45.16,premium,43.94,24.02,false
2024-09-18,Line C,Supplier 4,evening,775,Operator 4,Machine 4,26.16,premium,21.92,23.02,false
2024-10-27,Line A,Supplier 3,night,772,Operator 4,Machine 5,24.89,standard,48.93,18.05,false
2024-05-27,Line C,Supplier 3,night,779,Operator 8,Machine 3,11.84,premium,47.74,13.02,true
2024-12-24,Line D,Supplier 3,day,598,Operator 6,Machine 5,18.22,premium,44.21,12.63,false
2025-02-17,Line A,Supplier 5,evening,1162,Operator 2,Machine 2,20.07,premium,72.38,7.82,false
2025-01-27,Line D,Supplier 5,night,745,Operator 4,Machine 1,39.36,standard,58.06,27.42,false
2025-01-28,Line A,Supplier 3,day,895,Operator 1,Machine 1,51.57,standard,66.7,20.61,false
2025-03-18,Line A,Supplier 3,day,1304,Operator 8,Machine 5,50.9,premium,76.45,30.81,false
2025-09-14,Line D,Supplier 1,night,136,Operator 3,Machine 5,16.16,premium,40.74,29.77,false
2025-04-24,Line B,Supplier 3,evening,708,Operator 6,Machine 2,30.71,standard,62.89,34.72,true
2025-02-17,Line C,Supplier 4,day,459,Operator 1,Machine 6,36.71,premium,29.37,9.21,false
2025-09-15,Line D,Supplier 5,evening,766,Operator 1,Machine 4,39.83,premium,39.57,26.45,false
2025-04-20,Line C,Supplier 5,day,266,Operator 7,Machine 5,60.19,premium,31.4,12.96,false
2025-07-01,Line D,Supplier 1,evening,842,Operator 3,Machine 2,40.59,premium,48.63,21.8,true
2025-05-21,Line B,Supplier 3,day,1483,Operator 5,Machine 6,17.79,standard,62.94,17.1,false
2024-09-07,Line D,Supplier 1,night,376,Operator 4,Machine 5,25.98,premium,65.06,32.71,false
2024-05-30,Line A,Supplier 3,evening,1409,Operator 2,Machine 1,18.09,premium,85.48,24.08,false
2024-08-22,Line D,Supplier 5,night,367,Operator 8,Machine 2,24.72,premium,55.5,9.65,false
2024-12-28,Line D,Supplier 3,day,216,Operator 3,Machine 5,17.07,standard,70.08,21.64,false
2025-03-27,Line C,Supplier 3,evening,334,Operator 7,Machine 3,16.65,premium,77.18,21.84,false
2024-04-11,Line B,Supplier 4,night,50,Operator 8,Machine 3,36.08,premium,49.62,26.55,false
2024-08-30,Line C,Supplier 3,day,995,Operator 2,Machine 2,25.21,premium,55.51,18.81,false
2024-11-29,Line A,Supplier 3,evening,1085,Operator 2,Machine 1,15.2,premium,37.18,25.53,false
2024-11-08,Line C,Supplier 5,day,701,Operator 1,Machine 4,31.4,premium,26.76,27.88,false
2024-12-17,Line C,Supplier 4,evening,81,Operator 1,Machine 2,37.28,standard,53.24,25.27,false
2025-05-21,Line D,Supplier 2,night,141,Operator 2,Machine 5,30.63,standard,56.21,17.22,true
2025-05-25,Line C,Supplier 2,evening,418,Operator 3,Machine 1,46.39,premium,56.5,22.31,false
2024-09-18,Line B,Supplier 4,evening,677,Operator 6,Machine 6,18.98,premium,44.68,22.54,false
2025-09-30,Line D,Supplier 5,night,807,Operator 1,Machine 5,21.96,standard,61.65,21.73,true
2025-06-21,Line B,Supplier 3,night,460,Operator 7,Machine 3,25.44,standard,56.34,18.03,false
2025-07-22,Line C,Supplier 1,day,159,Operator 7,Machine 5,34.4,premium,30.44,20.65,false
2024-08-10,Line C,Supplier 3,day,785,Operator 6,Machine 1,36.62,standard,74.01,13.24,false
2025-12-31,Line C,Supplier 5,day,461,Operator 7,Machine 4,21.53,standard,50.97,29.31,false
2024-04-16,Line A,Supplier 4,night,517,Operator 7,Machine 1,23.54,premium,35.29,16.2,true
2024-02-16,Line B,Supplier 3,night,528,Operator 8,Machine 2,18.84,premium,33.75,21.5,false
2024-09-11,Line A,Supplier 5,evening,1177,Operator 2,Machine 5,34.08,premium,31.27,19.09,false
2024-12-17,Line A,Supplier 4,night,835,Operator 1,Machine 3,47.11,standard,62.26,27.71,true
2024-07-25,Line C,Supplier 5,night,733,Operator 3,Machine 6,29.25,premium,44.53,31.13,true
2025-06-27,Line A,Supplier 2,day,815,Operator 3,Machine 5,39.28,premium,26.04,15.86,false
2025-02-27,Line B,Supplier 2,day,1055,Operator 2,Machine 4,44.7,standard,66.61,21.12,true
2024-04-24,Line C,Supplier 2,night,552,Operator 2,Machine 3,29.63,premium,35.39,17.65,true
2025-08-22,Line A,Supplier 5,night,1260,Operator 5,Machine 5,36.36,premium,61.56,30.62,false
2025-07-04,Line B,Supplier 3,night,789,Operator 4,Machine 3,17.72,premium,32.54,21.14,true
2025-08-21,Line A,Supplier 1,night,737,Operator 8,Machine 1,36.49,premium,43.68,27.28,true
2025-12-13,Line B,Supplier 3,night,1001,Operator 2,Machine 5,20.51,premium,20.0,23.39,true
2024-09-11,Line B,Supplier 2,day,315,Operator 2,Machine 1,43.2,standard,89.91,27.53,false
2025-07-19,Line D,Supplier 1,night,367,Operator 1,Machine 6,38.19,premium,65.57,25.87,true
2025-01-12,Line A,Supplier 3,day,591,Operator 6,Machine 2,32.74,premium,37.43,25.98,false
2024-11-22,Line B,Supplier 3,night,149,Operator 5,Machine 5,35.22,premium,43.37,12.7,false
2025-12-29,Line B,Supplier 2,night,152,Operator 5,Machine 5,36.7,premium,27.21,26.42,false
2025-09-24,Line A,Supplier 5,day,397,Operator 7,Machine 5,30.47,premium,41.08,15.53,false
2024-04-07,Line B,Supplier 3,evening,762,Operator 8,Machine 1,18.51,premium,53.25,28.88,true
2024-11-27,Line A,Supplier 2,evening,386,Operator 1,Machine 1,44.56,standard,63.14,26.5,false
2025-12-14,Line B,Supplier 2,night,861,Operator 1,Machine 4,24.1,standard,81.89,14.62,true
2025-05-04,Line B,Supplier 3,day,50,Operator 3,Machine 5,14.44,standard,56.44,38.02,true
2024-11-22,Line D,Supplier 1,night,693,Operator 3,Machine 2,40.79,standard,78.83,24.69,true
2025-08-07,Line A,Supplier 3,night,305,Operator 2,Machine 6,50.44,premium,72.37,24.66,false
2025-01-16,Line C,Supplier 1,evening,279,Operator 6,Machine 3,24.51,standard,58.24,19.28,false
2024-08-11,Line D,Supplier 2,night,947,Operator 2,Machine 3,59.23,standard,50.53,17.35,false
2025-08-01,Line A,Supplier 3,night,938,Operator 2,Machine 4,13.76,standard,52.13,23.56,true
2024-12-22,Line C,Supplier 4,day,702,Operator 2,Machine 2,43.98,premium,20.0,13.08,false
2024-08-07,Line B,Supplier 3,evening,877,Operator 1,Machine 2,17.81,premium,51.82,30.58,false
2025-11-27,Line B,Supplier 3,night,238,Operator 7,Machine 5,37.61,premium,53.92,26.12,false
2025-08-29,Line C,Supplier 4,night,541,Operator 8,Machine 4,34.95,premium,35.93,15.83,true
2024-08-15,Line A,Supplier 3,night,783,Operator 5,Machine 5,21.5,premium,34.77,33.27,true
2024-08-31,Line C,Supplier 4,evening,611,Operator 5,Machine 6,27.24,standard,40.18,34.95,false
2024-01-04,Line B,Supplier 2,evening,290,Operator 8,Machine 5,29.48,standard,71.62,17.86,false
2025-12-27,Line B,Supplier 5,night,829,Operator 7,Machine 5,39.81,premium,47.29,26.96,true
2024-02-12,Line D,Supplier 2,day,757,Operator 7,Machine 2,25.58,premium,55.48,32.94,false
2024-11-19,Line A,Supplier 5,day,956,Operator 2,Machine 4,22.83,standard,73.56,25.85,false
2025-03-22,Line A,Supplier 5,day,343,Operator 2,Machine 3,23.07,premium,45.06,8.15,true
2024-07-28,Line C,Supplier 3,night,824,Operator 1,Machine 1,53.27,premium,51.87,31.28,false
2025-01-23,Line A,Supplier 2,evening,695,Operator 3,Machine 2,22.06,premium,70.39,10.35,false
2024-07-09,Line B,Supplier 4,evening,548,Operator 4,Machine 5,48.84,premium,37.31,25.86,false
2024-11-06,Line C,Supplier 3,night,439,Operator 6,Machine 1,47.88,standard,51.21,22.46,false
2024-07-27,Line C,Supplier 4,night,334,Operator 8,Machine 3,23.33,premium,67.38,22.62,false
2024-01-21,Line B,Supplier 3,night,839,Operator 1,Machine 4,44.26,premium,47.68,35.28,false
2024-12-26,Line A,Supplier 3,evening,344,Operator 2,Machine 3,17.58,premium,59.91,22.45,true
2024-09-15,Line C,Supplier 3,day,742,Operator 4,Machine 6,10.47,premium,43.04,24.54,true
2024-09-03,Line A,Supplier 3,day,1280,Operator 2,Machine 2,28.21,standard,73.52,23.57,false
2025-03-25,Line C,Supplier 2,day,994,Operator 2,Machine 3,21.53,premium,65.26,17.94,false
2024-12-07,Line D,Supplier 1,night,1009,Operator 2,Machine 4,55.23,premium,75.91,29.93,false
2025-12-07,Line A,Supplier 3,evening,374,Operator 8,Machine 6,10.0,premium,43.23,20.84,false
2024-06-23,Line C,Supplier 4,day,1087,Operator 5,Machine 1,29.58,premium,53.32,23.41,false
2024-05-15,Line B,Supplier 4,night,599,Operator 6,Machine 5,45.37,premium,50.7,25.86,false
2024-04-13,Line A,Supplier 3,day,703,Operator 2,Machine 4,18.24,premium,49.35,16.18,false
2025-12-31,Line C,Supplier 5,evening,325,Operator 6,Machine 4,28.66,premium,33.77,19.09,true
2025-07-29,Line A,Supplier 3,day,480,Operator 7,Machine 3,15.26,standard,84.69,23.83,false
2025-04-17,Line A,Supplier 4,night,900,Operator 2,Machine 3,41.01,premium,31.81,22.57,true
2024-04-25,Line A,Supplier 2,day,1517,Operator 2,Machine 5,31.73,premium,29.94,29.03,true
2024-03-06,Line D,Supplier 1,day,230,Operator 3,Machine 5,27.53,standard,59.03,14.37,false
2025-08-02,Line B,Supplier 4,day,582,Operator 5,Machine 5,45.13,premium,50.27,29.37,false
2025-06-25,Line B,Supplier 5,evening,372,Operator 2,Machine 1,33.59,premium,36.35,20.72,false
2024-06-21,Line B,Supplier 3,day,647,Operator 6,Machine 3,35.82,premium,32.37,27.51,false
2024-03-21,Line B,Supplier 1,evening,443,Operator 8,Machine 3,10.89,premium,37.13,34.15,false
2024-04-10,Line D,Supplier 3,evening,612,Operator 7,Machine 4,19.32,standard,70.04,18.54,true
2024-03-20,Line C,Supplier 3,evening,245,Operator 2,Machine 2,7.77,premium,48.13,36.11,false
2025-02-19,Line A,Supplier 4,night,1126,Operator 2,Machine 5,33.14,premium,38.86,7.35,false
2024-07-06,Line C,Supplier 2,night,818,Operator 7,Machine 6,24.68,standard,52.02,15.14,false
2025-08-18,Line D,Supplier 4,day,414,Operator 8,Machine 2,41.5,premium,23.94,18.37,true
2025-02-20,Line B,Supplier 1,evening,507,Operator 5,Machine 6,7.73,standard,37.11,7.05,true
2024-12-27,Line C,Supplier 1,day,781,Operator 5,Machine 6,34.04,premium,45.87,26.77,false
2025-03-11,Line A,Supplier 3,day,989,Operator 2,Machine 3,28.6,premium,48.55,16.44,false
2025-07-21,Line B,Supplier 5,night,759,Operator 8,Machine 6,29.02,premium,41.54,24.45,false
2025-04-08,Line D,Supplier 5,evening,676,Operator 7,Machine 2,30.51,premium,40.44,18.76,false
2024-07-06,Line A,Supplier 3,night,662,Operator 8,Machine 2,16.2,premium,43.27,12.66,true
2024-05-21,Line A,Supplier 1,night,843,Operator 6,Machine 2,38.58,standard,58.15,19.68,false
2025-02-03,Line A,Supplier 3,day,945,Operator 2,Machine 5,22.92,standard,52.35,36.4,false
2025-05-25,Line B,Supplier 1,night,860,Operator 3,Machine 2,51.45,premium,52.05,24.98,false
2025-11-13,Line B,Supplier 1,evening,739,Operator 2,Machine 5,31.91,premium,70.44,12.66,false
2024-10-30,Line C,Supplier 5,day,364,Operator 7,Machine 6,27.61,premium,44.56,19.88,false
2024-04-01,Line A,Supplier 2,night,922,Operator 5,Machine 5,12.12,premium,61.79,25.22,false
2024-08-16,Line B,Supplier 4,evening,1023,Operator 2,Machine 2,26.5,standard,92.98,18.9,false
2025-09-05,Line D,Supplier 3,night,88,Operator 3,Machine 5,27.1,premium,67.9,24.1,false
2025-07-13,Line A,Supplier 1,night,393,Operator 6,Machine 6,22.59,premium,54.33,10.11,false
2024-06-06,Line A,Supplier 3,evening,917,Operator 2,Machine 1,7.06,premium,47.52,25.89,false
2024-01-13,Line C,Supplier 2,night,446,Operator 8,Machine 2,30.29,premium,20.0,16.9,true
2024-12-27,Line B,Supplier 3,day,1061,Operator 2,Machine 5,16.91,premium,33.66,21.7,false
2025-08-05,Line B,Supplier 5,night,796,Operator 6,Machine 5,32.13,premium,77.38,9.17,true
2025-06-20,Line C,Supplier 5,night,1014,Operator 1,Machine 5,45.74,premium,71.24,21.17,false
2025-07-25,Line C,Supplier 1,night,918,Operator 8,Machine 6,33.55,premium,44.81,26.61,false
2025-05-19,Line C,Supplier 1,evening,998,Operator 7,Machine 6,24.34,premium,82.29,31.29,false
2025-08-05,Line D,Supplier 3,day,135,Operator 2,Machine 5,5.98,premium,42.62,10.34,false
2025-06-01,Line A,Supplier 2,day,351,Operator 6,Machine 3,15.4,premium,37.37,13.61,false
2024-06-28,Line D,Supplier 4,day,583,Operator 6,Machine 1,39.4,standard,64.76,22.26,false
2024-12-19,Line B,Supplier 3,night,184,Operator 4,Machine 5,41.65,premium,33.88,20.94,true
2025-07-18,Line A,Supplier 3,day,583,Operator 2,Machine 6,15.82,premium,63.69,11.45,true
2024-10-29,Line A,Supplier 3,night,50,Operator 5,Machine 2,31.04,standard,61.73,27.45,false
2024-02-14,Line C,Supplier 3,evening,484,Operator 5,Machine 3,29.27,standard,61.89,30.76,false
2024-07-26,Line D,Supplier 1,day,668,Operator 5,Machine 6,19.17,premium,44.5,17.47,false
2024-06-21,Line C,Supplier 3,day,787,Operator 2,Machine 6,13.85,standard,62.66,12.98,false
2025-01-21,Line C,Supplier 3,night,485,Operator 1,Machine 5,39.84,premium,39.45,16.18,false
2025-04-07,Line D,Supplier 1,night,480,Operator 3,Machine 6,24.83,premium,33.82,27.88,false
2024-09-04,Line A,Supplier 3,evening,150,Operator 4,Machine 4,15.66,premium,34.62,18.04,false
2024-06-11,Line B,Supplier 2,night,483,Operator 6,Machine 2,33.16,premium,49.89,16.5,false
2024-04-29,Line D,Supplier 2,night,825,Operator 4,Machine 2,43.65,premium,47.44,21.39,false
2025-01-17,Line D,Supplier 5,day,101,Operator 7,Machine 4,39.02,standard,61.69,15.16,false
2024-09-29,Line C,Supplier 3,day,1250,Operator 2,Machine 5,10.3,premium,49.02,22.03,false
2025-09-15,Line D,Supplier 1,day,491,Operator 8,Machine 2,41.86,standard,52.06,27.42,false
2025-10-16,Line D,Supplier 2,night,656,Operator 1,Machine 4,20.28,standard,69.04,10.82,false
2024-04-29,Line B,Supplier 3,night,1240,Operator 2,Machine 3,5.0,premium,20.0,31.73,false
2025-10-31,Line D,Supplier 2,night,425,Operator 2,Machine 4,41.02,premium,40.94,28.53,false
2025-06-29,Line C,Supplier 3,day,1306,Operator 2,Machine 5,5.0,premium,59.87,23.12,false
2025-05-19,Line A,Supplier 5,evening,889,Operator 5,Machine 3,41.5,premium,53.26,29.26,false
2025-06-21,Line B,Supplier 1,evening,625,Operator 8,Machine 3,40.47,premium,55.2,24.01,false
2025-06-13,Line B,Supplier 5,evening,1341,Operator 2,Machine 6,34.69,premium,31.22,10.5,false
2025-04-18,Line B,Supplier 5,evening,524,Operator 1,Machine 4,32.29,premium,46.18,28.82,false
2024-01-02,Line D,Supplier 4,day,543,Operator 8,Machine 5,21.61,premium,50.14,19.68,false
2024-09-23,Line C,Supplier 5,evening,676,Operator 8,Machine 2,27.22,premium,75.19,29.57,false
2024-04-10,Line A,Supplier 4,night,614,Operator 3,Machine 6,31.38,premium,66.73,21.46,false
2024-06-08,Line A,Supplier 1,evening,804,Operator 7,Machine 4,43.83,premium,55.62,24.86,false
2025-10-21,Line A,Supplier 3,night,675,Operator 6,Machine 4,37.02,premium,47.73,10.59,false
2025-08-28,Line C,Supplier 3,evening,702,Operator 3,Machine 6,19.88,premium,44.49,22.87,false
2024-12-02,Line D,Supplier 3,day,50,Operator 3,Machine 1,43.16,standard,82.5,13.12,false
2024-04-28,Line A,Supplier 3,night,503,Operator 3,Machine 5,15.23,premium,35.34,26.95,false
2024-02-23,Line C,Supplier 2,night,645,Operator 8,Machine 4,34.63,premium,57.85,21.76,false
2024-01-29,Line B,Supplier 2,night,318,Operator 5,Machine 5,25.57,premium,36.0,21.21,true
2025-05-10,Line A,Supplier 3,night,339,Operator 6,Machine 1,36.44,premium,48.49,15.62,true
2024-04-01,Line B,Supplier 3,evening,497,Operator 7,Machine 3,19.73,standard,75.86,30.14,false
2025-09-11,Line C,Supplier 1,night,492,Operator 1,Machine 1,34.24,standard,52.0,29.57,false
2024-12-28,Line B,Supplier 5,night,1115,Operator 2,Machine 5,59.42,premium,45.29,14.69,false
2025-12-02,Line A,Supplier 3,evening,659,Operator 3,Machine 3,22.19,standard,60.3,29.33,true
2025-05-28,Line A,Supplier 2,night,1270,Operator 2,Machine 2,24.15,standard,54.09,36.68,false
2025-10-08,Line B,Supplier 4,night,331,Operator 3,Machine 3,10.43,premium,38.35,26.98,true
2025-05-11,Line A,Supplier 5,night,390,Operator 5,Machine 6,34.23,standard,64.36,24.71,true
2024-05-29,Line C,Supplier 3,evening,982,Operator 8,Machine 6,33.01,premium,46.5,23.43,false
2024-01-01,Line A,Supplier 5,night,908,Operator 2,Machine 1,42.41,standard,68.07,7.0,false
2025-04-10,Line C,Supplier 4,day,662,Operator 5,Machine 6,27.5,premium,38.38,15.44,false
2024-04-19,Line A,Supplier 5,evening,1047,Operator 2,Machine 1,51.99,standard,62.81,24.88,false
2025-11-13,Line B,Supplier 3,day,1034,Operator 2,Machine 1,5.51,premium,20.0,14.51,false
2024-02-03,Line D,Supplier 5,night,682,Operator 5,Machine 2,29.68,premium,43.07,26.31,false
2025-02-20,Line B,Supplier 1,night,618,Operator 1,Machine 1,25.21,standard,52.12,22.95,true
2025-06-02,Line A,Supplier 5,day,476,Operator 2,Machine 6,20.49,premium,51.88,22.34,false
2025-08-22,Line C,Supplier 1,day,1103,Operator 2,Machine 5,60.13,premium,67.66,27.06,false
2024-10-23,Line A,Supplier 1,night,469,Operator 6,Machine 6,46.89,premium,67.07,9.39,true
2025-09-19,Line D,Supplier 4,night,698,Operator 1,Machine 5,35.76,premium,44.24,30.49,false
2024-09-02,Line C,Supplier 5,day,1124,Operator 8,Machine 1,30.89,standard,53.15,19.79,false
2024-11-22,Line B,Supplier 3,evening,50,Operator 8,Machine 5,56.38,premium,47.0,27.64,false
2025-07-26,Line B,Supplier 5,evening,1199,Operator 4,Machine 3,43.35,standard,43.7,31.89,false
2024-08-31,Line C,Supplier 3,evening,1008,Operator 2,Machine 1,14.78,premium,29.75,13.34,false
2024-04-13,Line D,Supplier 1,night,414,Operator 6,Machine 4,22.21,premium,54.83,35.61,true
2024-07-24,Line B,Supplier 2,day,345,Operator 3,Machine 1,46.51,premium,32.15,7.7,false
2024-02-29,Line A,Supplier 2,day,750,Operator 1,Machine 1,20.64,premium,48.96,34.85,false
2025-02-07,Line C,Supplier 1,day,1341,Operator 2,Machine 4,57.87,premium,44.95,9.56,false
2025-06-15,Line D,Supplier 5,night,1405,Operator 2,Machine 3,24.99,premium,41.64,40.0,false
2025-06-09,Line C,Supplier 1,night,744,Operator 1,Machine 6,59.98,standard,54.8,17.33,false
2025-03-30,Line B,Supplier 2,night,1285,Operator 2,Machine 4,26.65,premium,38.48,20.85,false
2024-08-15,Line D,Supplier 4,day,763,Operator 2,Machine 4,31.73,premium,28.86,24.57,false
2024-08-08,Line B,Supplier 5,day,663,Operator 1,Machine 3,22.79,premium,49.0,21.03,false
2024-01-15,Line B,Supplier 1,night,449,Operator 2,Machine 2,42.68,premium,47.49,26.77,false
2024-08-09,Line B,Supplier 1,evening,746,Operator 4,Machine 1,50.84,premium,73.19,32.22,true
2024-12-15,Line B,Supplier 1,day,406,Operator 3,Machine 1,40.13,premium,63.51,24.72,false
2025-04-18,Line C,Supplier 3,night,250,Operator 5,Machine 5,26.37,standard,63.72,23.01,false
2024-09-28,Line C,Supplier 4,evening,652,Operator 2,Machine 5,33.71,standard,72.6,10.88,true
2024-09-03,Line A,Supplier 3,day,268,Operator 1,Machine 5,45.98,premium,38.26,15.0,false
2024-06-22,Line B,Supplier 4,night,930,Operator 2,Machine 6,36.04,premium,35.97,19.25,false
2024-11-22,Line D,Supplier 1,day,488,Operator 7,Machine 6,58.16,premium,36.9,22.84,false
2025-07-08,Line A,Supplier 2,evening,126,Operator 5,Machine 5,31.03,premium,48.54,27.35,false
2025-01-13,Line A,Supplier 3,day,630,Operator 7,Machine 3,33.18,standard,50.55,17.7,false
2025-10-05,Line C,Supplier 3,night,984,Operator 2,Machine 6,52.22,premium,65.35,26.19,false
2024-07-05,Line A,Supplier 3,day,505,Operator 4,Machine 5,30.16,premium,31.56,25.76,true
2024-01-16,Line D,Supplier 4,night,50,Operator 2,Machine 5,24.9,standard,75.49,17.82,false
2025-12-19,Line B,Supplier 4,day,350,Operator 3,Machine 1,33.6,premium,44.07,32.03,false
2024-05-23,Line C,Supplier 4,evening,991,Operator 2,Machine 3,22.28,premium,45.02,20.99,false
2025-12-25,Line D,Supplier 3,evening,426,Operator 2,Machine 1,21.47,premium,47.4,22.64,false
2025-07-09,Line D,Supplier 3,night,1059,Operator 2,Machine 4,19.24,premium,44.35,13.36,true
2025-02-22,Line C,Supplier 4,evening,456,Operator 2,Machine 1,5.0,standard,50.55,28.5,false
2024-08-03,Line D,Supplier 5,day,725,Operator 4,Machine 5,21.08,premium,49.94,16.51,false
2025-07-16,Line A,Supplier 3,evening,749,Operator 4,Machine 6,9.43,premium,44.11,34.86,true
2024-05-09,Line B,Supplier 4,day,619,Operator 7,Machine 1,12.35,premium,53.39,13.2,false
2024-08-14,Line C,Supplier 2,day,50,Operator 5,Machine 5,24.98,premium,41.65,30.12,false
2025-03-20,Line A,Supplier 4,day,1127,Operator 2,Machine 3,41.57,standard,54.77,26.16,false
2024-09-27,Line D,Supplier 3,night,544,Operator 5,Machine 5,22.19,standard,71.33,28.6,false
2024-07-01,Line B,Supplier 1,evening,1052,Operator 2,Machine 3,39.85,premium,36.39,26.42,false
2024-08-21,Line B,Supplier 5,night,309,Operator 8,Machine 1,51.45,premium,42.76,28.88,false
2024-06-28,Line C,Supplier 4,night,652,Operator 4,Machine 3,28.72,premium,47.07,39.47,false
2025-08-25,Line B,Supplier 1,night,809,Operator 2,Machine 5,23.34,standard,80.4,17.18,false
2024-08-26,Line C,Supplier 2,evening,950,Operator 2,Machine 5,40.79,premium,49.83,5.8,false
2025-02-26,Line B,Supplier 3,evening,680,Operator 7,Machine 4,5.94,premium,49.73,24.73,false
2024-12-17,Line A,Supplier 2,night,825,Operator 7,Machine 6,16.94,premium,41.55,34.18,false
2024-01-21,Line A,Supplier 2,evening,50,Operator 8,Machine 3,35.46,premium,44.69,9.44,false
2024-12-10,Line A,Supplier 5,day,368,Operator 2,Machine 5,25.67,standard,52.08,16.46,false
2024-04-04,Line A,Supplier 4,evening,95,Operator 5,Machine 5,22.84,standard,57.72,12.4,false
2024-12-21,Line D,Supplier 5,day,554,Operator 8,Machine 3,28.76,standard,44.87,26.59,false
2024-12-17,Line A,Supplier 3,evening,579,Operator 6,Machine 3,8.11,standard,72.95,20.29,true
2025-11-27,Line A,Supplier 2,day,673,Operator 8,Machine 2,27.39,premium,48.88,13.63,false
2024-11-17,Line B,Supplier 5,day,603,Operator 4,Machine 4,38.16,standard,57.67,20.61,false
2025-08-16,Line C,Supplier 5,evening,876,Operator 1,Machine 5,23.47,standard,65.98,10.14,false
2024-09-11,Line C,Supplier 1,day,577,Operator 3,Machine 1,25.1,standard,63.93,-0.5,false
2025-10-23,Line C,Supplier 1,evening,1744,Operator 7,Machine 4,7.18,premium,48.62,14.48,false
2024-06-11,Line B,Supplier 4,day,426,Operator 4,Machine 3,30.52,standard,55.17,33.75,false
2025-06-21,Line C,Supplier 3,day,890,Operator 5,Machine 5,16.03,standard,59.56,20.52,false
2024-01-05,Line D,Supplier 3,night,78,Operator 8,Machine 6,11.5,premium,66.65,19.99,false
2024-04-04,Line B,Supplier 4,evening,664,Operator 1,Machine 3,32.76,premium,35.62,22.73,false
2024-04-09,Line A,Supplier 5,evening,169,Operator 5,Machine 5,26.08,standard,72.73,22.57,false
2025-06-13,Line C,Supplier 1,night,516,Operator 8,Machine 6,34.3,premium,51.91,17.14,true
2024-12-19,Line C,Supplier 2,day,1225,Operator 2,Machine 2,47.65,premium,33.24,9.26,true
2025-08-04,Line B,Supplier 3,evening,443,Operator 5,Machine 6,19.32,premium,36.89,11.35,true
2024-07-21,Line A,Supplier 3,night,470,Operator 3,Machine 5,29.89,standard,58.31,16.07,false
2025-11-03,Line B,Supplier 2,night,587,Operator 2,Machine 3,22.56,standard,58.78,25.03,false
2025-10-17,Line C,Supplier 1,night,345,Operator 6,Machine 4,36.48,premium,62.24,31.81,true
2025-11-07,Line D,Supplier 3,night,336,Operator 5,Machine 5,33.84,premium,51.31,30.0,true
2025-02-19,Line A,Supplier 5,night,240,Operator 8,Machine 5,36.45,premium,35.21,17.76,true
2025-09-13,Line C,Supplier 1,day,213,Operator 6,Machine 5,27.11,standard,60.9,9.29,false
2024-12-27,Line D,Supplier 2,night,1327,Operator 2,Machine 4,30.4,premium,44.96,21.74,false
2025-03-08,Line C,Supplier 5,evening,256,Operator 1,Machine 5,23.09,premium,41.11,14.44,false
2024-06-15,Line C,Supplier 5,day,50,Operator 4,Machine 5,46.17,premium,44.17,27.9,false
2024-05-04,Line C,Supplier 5,evening,52,Operator 7,Machine 5,22.18,standard,57.97,12.15,false
2024-06-16,Line A,Supplier 2,day,266,Operator 3,Machine 4,33.17,premium,38.25,18.83,false
2024-09-01,Line D,Supplier 1,evening,283,Operator 8,Machine 5,27.27,premium,25.33,21.7,false
2025-09-29,Line A,Supplier 2,day,377,Operator 7,Machine 1,27.1,standard,57.36,32.33,false
2025-02-22,Line A,Supplier 1,night,863,Operator 2,Machine 3,50.65,premium,49.31,19.9,false
2024-08-17,Line C,Supplier 4,day,280,Operator 2,Machine 5,20.87,premium,46.94,16.57,false
2024-08-17,Line C,Supplier 3,day,543,Operator 1,Machine 6,19.71,premium,52.95,16.45,false
2024-10-24,Line C,Supplier 4,evening,364,Operator 8,Machine 6,36.01,premium,39.48,26.8,false
2024-03-11,Line D,Supplier 3,day,595,Operator 7,Machine 1,38.33,premium,49.51,15.81,false
2025-09-08,Line B,Supplier 2,night,387,Operator 6,Machine 5,27.05,premium,48.3,15.81,true
2025-07-25,Line C,Supplier 3,evening,686,Operator 8,Machine 2,31.22,premium,43.44,18.24,false
2024-10-28,Line D,Supplier 5,day,673,Operator 3,Machine 6,61.67,premium,40.78,15.89,true
2025-08-15,Line B,Supplier 1,evening,50,Operator 3,Machine 5,49.21,premium,26.11,18.87,false
2024-03-11,Line B,Supplier 1,day,714,Operator 3,Machine 5,33.37,premium,30.16,33.57,false
2025-06-03,Line C,Supplier 5,evening,971,Operator 1,Machine 4,38.59,premium,63.69,31.57,false
2024-05-22,Line A,Supplier 5,evening,850,Operator 5,Machine 4,27.93,premium,33.69,9.21,false
2025-05-22,Line A,Supplier 3,day,421,Operator 5,Machine 1,7.63,premium,23.59,22.81,false
2024-10-07,Line A,Supplier 3,night,327,Operator 3,Machine 1,33.84,standard,53.99,23.33,false
2025-05-23,Line A,Supplier 1,night,721,Operator 1,Machine 6,28.53,premium,43.68,28.29,false
2024-01-09,Line A,Supplier 4,night,1065,Operator 2,Machine 6,32.43,standard,63.08,24.69,false
2024-06-11,Line A,Supplier 4,evening,905,Operator 2,Machine 1,45.5,standard,62.81,35.58,false
2025-01-22,Line A,Supplier 3,evening,989,Operator 7,Machine 1,8.7,premium,27.48,14.86,false
2024-05-09,Line A,Supplier 2,evening,661,Operator 2,Machine 1,39.33,standard,36.79,17.4,false
2024-01-05,Line B,Supplier 3,night,446,Operator 3,Machine 3,10.7,premium,45.55,12.76,false
2025-10-18,Line C,Supplier 3,night,508,Operator 5,Machine 6,17.27,premium,40.36,19.3,false
2025-06-02,Line A,Supplier 2,day,885,Operator 5,Machine 5,31.02,standard,52.19,26.82,false
2024-11-30,Line A,Supplier 5,day,1251,Operator 4,Machine 3,33.91,premium,40.76,19.62,true
2024-05-27,Line D,Supplier 5,evening,562,Operator 7,Machine 5,37.26,premium,41.46,27.21,false
2025-06-01,Line B,Supplier 4,evening,364,Operator 8,Machine 4,33.15,premium,50.27,29.87,false
2024-12-30,Line C,Supplier 2,day,1044,Operator 5,Machine 2,33.74,premium,45.67,14.29,false
2024-04-05,Line D,Supplier 1,night,1054,Operator 8,Machine 6,44.28,standard,60.66,20.3,true
2025-10-15,Line B,Supplier 1,night,569,Operator 3,Machine 3,35.28,premium,70.12,22.6,false
2024-10-14,Line A,Supplier 5,day,397,Operator 4,Machine 6,42.48,premium,45.58,17.41,false
2024-08-19,Line C,Supplier 4,day,679,Operator 6,Machine 1,47.82,premium,35.98,22.21,false
2024-03-16,Line C,Supplier 1,day,377,Operator 5,Machine 1,19.0,standard,66.54,4.53,false
2025-11-30,Line D,Supplier 5,night,696,Operator 6,Machine 6,32.92,premium,50.63,13.32,true
2024-11-28,Line C,Supplier 3,day,629,Operator 5,Machine 3,48.6,standard,56.23,19.67,false
2024-11-27,Line D,Supplier 2,evening,1240,Operator 2,Machine 4,35.1,premium,51.2,23.11,false
2024-05-22,Line C,Supplier 2,day,431,Operator 7,Machine 5,38.69,standard,57.6,22.48,false
2024-02-28,Line C,Supplier 3,evening,408,Operator 3,Machine 3,44.33,premium,40.28,12.64,false
2024-05-26,Line D,Supplier 3,day,1125,Operator 2,Machine 4,29.3,premium,42.05,21.28,false
2025-02-25,Line C,Supplier 2,day,1052,Operator 3,Machine 2,38.05,standard,74.41,17.04,false
2025-02-13,Line A,Supplier 5,day,960,Operator 7,Machine 5,44.94,standard,55.6,27.42,false
2025-12-21,Line D,Supplier 4,night,492,Operator 4,Machine 2,42.37,premium,28.67,24.03,false
2024-12-25,Line A,Supplier 3,night,378,Operator 1,Machine 4,36.94,premium,33.0,27.64,false
2025-11-11,Line A,Supplier 5,night,284,Operator 7,Machine 6,59.12,premium,28.67,14.85,false
2024-03-07,Line A,Supplier 3,day,646,Operator 7,Machine 1,15.23,standard,43.57,24.35,false
2024-04-09,Line A,Supplier 1,night,478,Operator 5,Machine 5,29.33,premium,55.36,23.7,false
2025-03-06,Line B,Supplier 1,night,590,Operator 4,Machine 6,31.22,premium,38.35,15.23,false
2025-02-04,Line A,Supplier 5,night,700,Operator 1,Machine 1,54.28,premium,20.0,25.74,true
2025-12-24,Line D,Supplier 5,day,569,Operator 2,Machine 4,49.72,premium,28.34,24.34,false
2024-05-25,Line B,Supplier 5,night,50,Operator 8,Machine 1,33.34,standard,58.56,23.37,false
2024-11-27,Line C,Supplier 3,evening,1270,Operator 2,Machine 3,8.72,standard,73.95,26.27,false
2024-12-03,Line A,Supplier 4,evening,337,Operator 8,Machine 3,51.97,standard,58.32,27.46,false
2025-02-13,Line A,Supplier 3,day,962,Operator 1,Machine 5,38.91,standard,51.66,22.43,false
2024-01-15,Line D,Supplier 5,day,543,Operator 4,Machine 2,12.36,standard,61.54,14.0,false
2025-12-19,Line A,Supplier 4,day,50,Operator 6,Machine 5,31.99,standard,95.0,30.18,true
2024-10-20,Line B,Supplier 5,night,544,Operator 8,Machine 3,43.55,premium,49.17,21.99,false
2024-11-27,Line B,Supplier 1,evening,399,Operator 8,Machine 4,36.3,standard,66.94,26.08,false
2025-10-04,Line D,Supplier 3,evening,898,Operator 3,Machine 2,14.47,premium,76.48,22.33,false
2025-09-30,Line B,Supplier 2,evening,608,Operator 8,Machine 6,25.02,premium,28.64,20.43,false
2024-03-06,Line D,Supplier 4,day,934,Operator 8,Machine 6,44.34,standard,63.53,24.85,true
2024-06-18,Line B,Supplier 1,evening,1175,Operator 5,Machine 6,36.6,standard,65.67,28.32,false
2025-07-05,Line B,Supplier 1,night,379,Operator 5,Machine 2,31.21,premium,44.05,30.71,true
2024-10-12,Line D,Supplier 2,day,621,Operator 3,Machine 5,34.29,standard,50.65,25.04,false
2025-09-10,Line B,Supplier 3,day,895,Operator 2,Machine 4,38.03,premium,71.03,39.76,false
2025-04-12,Line A,Supplier 4,evening,589,Operator 5,Machine 4,37.95,standard,67.52,30.06,false
2025-03-17,Line C,Supplier 3,night,719,Operator 1,Machine 5,14.22,premium,38.29,37.77,false
2025-11-07,Line B,Supplier 4,day,713,Operator 8,Machine 6,42.66,premium,61.24,18.14,false
2025-12-31,Line B,Supplier 4,day,476,Operator 8,Machine 4,35.77,premium,37.15,21.98,false
2025-10-14,Line D,Supplier 3,night,369,Operator 1,Machine 5,11.7,premium,66.88,17.22,true
2025-07-20,Line B,Supplier 5,evening,75,Operator 2,Machine 5,53.08,premium,51.38,20.73,false
2025-05-29,Line A,Supplier 1,night,586,Operator 7,Machine 4,12.26,premium,52.82,14.13,false
2024-09-16,Line C,Supplier 3,day,351,Operator 3,Machine 3,38.75,premium,44.53,4.13,false
2024-12-15,Line C,Supplier 4,evening,679,Operator 3,Machine 2,45.7,standard,48.18,24.15,false
2025-09-05,Line D,Supplier 2,night,357,Operator 2,Machine 6,29.0,standard,61.31,15.76,false
2024-04-21,Line D,Supplier 1,day,489,Operator 1,Machine 1,42.28,standard,55.24,34.94,false
2025-08-25,Line D,Supplier 2,night,543,Operator 2,Machine 6,38.54,standard,51.19,22.86,true
2025-01-08,Line D,Supplier 5,night,608,Operator 6,Machine 2,41.3,premium,36.53,9.51,false
2024-06-17,Line A,Supplier 3,day,971,Operator 2,Machine 2,8.55,premium,84.55,24.48,false
2025-09-24,Line A,Supplier 2,night,160,Operator 6,Machine 5,23.6,premium,22.07,17.65,false
2024-08-31,Line A,Supplier 5,evening,97,Operator 5,Machine 5,37.66,premium,59.73,21.2,false
2025-03-07,Line B,Supplier 2,evening,550,Operator 5,Machine 4,22.78,premium,37.7,23.72,false
2024-05-13,Line B,Supplier 4,day,1441,Operator 2,Machine 2,49.49,premium,20.48,19.18,false
2024-12-04,Line D,Supplier 5,evening,609,Operator 6,Machine 5,52.95,premium,60.1,18.32,false
2025-06-05,Line A,Supplier 3,night,233,Operator 6,Machine 5,11.71,premium,20.84,24.11,false
2025-11-07,Line C,Supplier 3,evening,1004,Operator 3,Machine 4,14.76,premium,38.13,15.74,false
2025-01-18,Line D,Supplier 4,evening,611,Operator 5,Machine 3,42.73,standard,50.59,11.67,false
2025-04-30,Line C,Supplier 3,night,1020,Operator 2,Machine 3,31.17,premium,24.91,26.21,false
2024-04-04,Line B,Supplier 2,night,240,Operator 4,Machine 4,20.5,premium,68.28,20.03,false
2025-03-24,Line B,Supplier 3,night,769,Operator 5,Machine 6,5.0,premium,61.07,19.86,true
2024-07-21,Line B,Supplier 5,night,558,Operator 6,Machine 2,21.21,premium,52.51,21.58,false
2025-11-15,Line D,Supplier 3,night,1058,Operator 2,Machine 2,5.0,standard,73.06,17.43,true
2024-09-24,Line C,Supplier 3,night,50,Operator 6,Machine 4,16.89,premium,37.91,26.96,false
2024-11-29,Line A,Supplier 1,day,1402,Operator 2,Machine 2,28.83,premium,39.74,20.91,false
2024-01-14,Line B,Supplier 3,day,663,Operator 6,Machine 1,12.33,standard,73.03,26.3,false
2024-04-27,Line C,Supplier 2,day,540,Operator 2,Machine 4,31.81,premium,50.01,25.39,false
2025-12-09,Line D,Supplier 5,evening,526,Operator 4,Machine 5,38.87,premium,41.2,18.71,true
2025-05-03,Line A,Supplier 2,day,1171,Operator 2,Machine 3,19.63,premium,20.0,21.45,false
2025-06-10,Line C,Supplier 1,day,1254,Operator 2,Machine 1,38.88,premium,56.0,21.25,false
2025-10-30,Line B,Supplier 5,day,190,Operator 6,Machine 5,25.92,standard,85.57,25.23,true
2025-01-22,Line D,Supplier 4,day,383,Operator 1,Machine 1,34.77,premium,55.93,28.94,true
2025-04-19,Line B,Supplier 5,day,1190,Operator 6,Machine 5,43.96,premium,20.0,22.9,false
2024-09-29,Line A,Supplier 4,evening,1061,Operator 2,Machine 5,27.39,premium,47.81,23.37,false
2024-10-03,Line B,Supplier 1,day,828,Operator 1,Machine 4,30.96,premium,33.47,23.56,false
2025-12-29,Line C,Supplier 1,evening,582,Operator 7,Machine 4,40.91,standard,50.73,26.48,true
2025-08-30,Line B,Supplier 1,day,431,Operator 1,Machine 2,39.91,premium,52.81,20.94,true
2025-04-25,Line C,Supplier 5,evening,399,Operator 1,Machine 2,15.68,premium,45.48,19.75,false
2025-04-12,Line A,Supplier 2,day,621,Operator 8,Machine 5,25.64,premium,65.95,22.32,false
2024-04-07,Line D,Supplier 3,day,1379,Operator 2,Machine 3,30.01,premium,58.37,11.74,false
2024-02-06,Line C,Supplier 5,night,770,Operator 5,Machine 6,31.64,premium,64.09,9.59,false
2025-10-30,Line D,Supplier 4,evening,503,Operator 8,Machine 5,50.35,premium,57.43,25.4,false
2024-03-07,Line B,Supplier 1,night,98,Operator 6,Machine 2,59.05,premium,46.31,15.41,false
2024-09-05,Line D,Supplier 2,day,343,Operator 1,Machine 1,20.16,standard,55.15,28.76,false
2024-06-11,Line D,Supplier 1,evening,745,Operator 7,Machine 4,36.51,premium,46.04,14.97,false
2024-03-07,Line B,Supplier 5,night,505,Operator 3,Machine 4,24.69,premium,26.75,34.69,false
2025-11-23,Line B,Supplier 3,night,1012,Operator 2,Machine 3,17.97,premium,43.72,15.38,false
2024-01-25,Line C,Supplier 3,night,466,Operator 1,Machine 4,18.95,premium,48.54,19.02,false
2024-07-19,Line B,Supplier 3,day,584,Operator 5,Machine 1,19.83,premium,43.04,15.33,false
2025-07-08,Line C,Supplier 5,day,897,Operator 1,Machine 6,34.58,standard,62.28,26.46,false
2024-09-23,Line C,Supplier 2,day,1545,Operator 2,Machine 1,48.59,premium,39.28,27.38,false
2025-11-18,Line B,Supplier 1,day,815,Operator 4,Machine 1,41.39,premium,75.97,38.97,false
2024-10-03,Line C,Supplier 4,night,447,Operator 5,Machine 4,38.1,premium,56.41,31.2,true
2025-12-10,Line D,Supplier 4,evening,339,Operator 1,Machine 2,24.0,premium,28.45,24.85,false
2025-06-05,Line A,Supplier 3,evening,580,Operator 5,Machine 3,28.34,premium,29.99,24.61,false
2024-08-09,Line A,Supplier 3,day,420,Operator 3,Machine 2,5.14,premium,41.56,21.7,false
2024-01-21,Line C,Supplier 4,evening,590,Operator 1,Machine 6,49.48,premium,51.95,21.42,false
2024-11-01,Line A,Supplier 2,evening,170,Operator 3,Machine 4,47.61,premium,41.94,17.38,false
2024-10-27,Line D,Supplier 4,night,50,Operator 5,Machine 5,43.62,standard,50.17,16.34,false
2025-05-01,Line C,Supplier 1,day,528,Operator 6,Machine 3,44.07,premium,45.9,27.39,false
2025-06-25,Line B,Supplier 3,day,848,Operator 4,Machine 1,9.04,standard,50.75,17.44,false
2024-07-31,Line B,Supplier 1,evening,581,Operator 7,Machine 4,27.88,premium,49.12,11.11,false
2025-04-24,Line D,Supplier 4,evening,687,Operator 1,Machine 2,20.41,standard,57.42,14.1,false
2024-11-20,Line C,Supplier 2,night,1229,Operator 7,Machine 2,34.25,premium,25.07,28.38,false
2025-08-03,Line B,Supplier 2,day,755,Operator 6,Machine 4,24.69,premium,48.83,4.06,false
2024-11-06,Line A,Supplier 5,night,1341,Operator 2,Machine 2,51.63,premium,38.96,25.07,false
2024-02-08,Line D,Supplier 4,evening,647,Operator 4,Machine 2,29.86,premium,41.61,17.61,true
2024-05-10,Line B,Supplier 4,day,477,Operator 7,Machine 3,35.59,premium,34.75,14.05,false
2024-03-07,Line B,Supplier 1,evening,369,Operator 3,Machine 2,42.45,standard,94.38,19.38,true
2024-08-28,Line A,Supplier 1,night,739,Operator 8,Machine 2,40.0,premium,82.02,29.96,false
2024-04-29,Line C,Supplier 1,day,470,Operator 4,Machine 6,33.42,premium,31.8,17.52,true
2025-07-09,Line C,Supplier 5,evening,589,Operator 1,Machine 5,46.25,premium,31.23,18.41,true
2025-02-12,Line A,Supplier 1,evening,716,Operator 1,Machine 5,47.83,standard,52.76,19.37,true
2025-08-23,Line C,Supplier 3,night,1088,Operator 2,Machine 4,33.19,standard,41.99,27.21,false
2024-11-26,Line B,Supplier 1,day,437,Operator 4,Machine 2,9.61,premium,33.84,24.55,false
2024-10-03,Line A,Supplier 3,evening,703,Operator 3,Machine 4,26.57,premium,42.34,18.92,false
2025-05-21,Line B,Supplier 5,day,782,Operator 1,Machine 6,25.92,standard,69.35,20.42,true
2024-08-13,Line A,Supplier 1,night,653,Operator 2,Machine 6,46.65,premium,33.98,28.63,true
2024-10-25,Line A,Supplier 3,night,882,Operator 1,Machine 2,26.05,premium,28.76,23.73,false
2025-06-25,Line D,Supplier 2,evening,735,Operator 6,Machine 1,30.02,standard,67.64,24.53,false
2025-05-07,Line A,Supplier 4,evening,344,Operator 5,Machine 1,37.13,premium,45.01,6.19,false
2024-10-25,Line C,Supplier 4,night,889,Operator 6,Machine 2,31.58,standard,58.6,25.77,false
2025-11-05,Line D,Supplier 3,evening,50,Operator 5,Machine 5,17.53,premium,47.67,18.84,false
2024-05-31,Line A,Supplier 2,evening,428,Operator 6,Machine 5,30.85,standard,46.62,22.43,false
2025-02-03,Line D,Supplier 3,evening,652,Operator 6,Machine 4,39.18,premium,29.25,24.34,false
2025-09-07,Line A,Supplier 1,evening,50,Operator 4,Machine 2,55.39,premium,50.21,34.19,false
2024-09-09,Line A,Supplier 1,day,1144,Operator 8,Machine 6,26.7,premium,66.51,17.77,true
2025-06-22,Line A,Supplier 4,day,618,Operator 2,Machine 5,34.39,premium,27.69,6.88,true
2024-04-09,Line B,Supplier 3,day,1168,Operator 6,Machine 2,39.72,premium,34.39,25.03,false
2024-12-12,Line A,Supplier 2,night,345,Operator 6,Machine 4,34.27,standard,79.0,18.28,true
2024-09-24,Line A,Supplier 3,day,706,Operator 7,Machine 6,28.65,standard,68.99,18.0,false
2024-07-29,Line D,Supplier 3,night,474,Operator 4,Machine 3,28.26,premium,49.8,15.9,true
2024-09-17,Line B,Supplier 4,day,1131,Operator 2,Machine 5,44.05,premium,54.93,23.3,false
2025-12-30,Line B,Supplier 3,evening,786,Operator 2,Machine 2,16.48,standard,66.99,20.0,false
2024-11-19,Line A,Supplier 3,evening,556,Operator 3,Machine 1,19.94,standard,58.8,33.47,true
2024-08-06,Line A,Supplier 4,day,440,Operator 3,Machine 4,24.27,premium,47.18,19.44,false
2024-03-04,Line B,Supplier 3,day,431,Operator 1,Machine 1,32.87,premium,49.05,36.36,false
2025-04-13,Line A,Supplier 1,day,635,Operator 6,Machine 5,26.19,premium,80.81,27.42,false
2024-03-02,Line A,Supplier 2,day,50,Operator 5,Machine 5,25.54,premium,52.07,28.71,false
2025-07-01,Line B,Supplier 2,day,742,Operator 5,Machine 4,21.86,premium,54.84,27.78,false
2024-04-29,Line D,Supplier 5,day,497,Operator 8,Machine 2,36.12,premium,46.94,18.5,false
2024-11-13,Line B,Supplier 3,evening,371,Operator 5,Machine 6,35.97,standard,56.15,18.78,true
2024-12-01,Line C,Supplier 4,night,553,Operator 8,Machine 6,27.77,standard,60.05,34.78,true
2025-09-08,Line C,Supplier 3,evening,1363,Operator 6,Machine 3,19.29,standard,61.23,9.27,false
2024-03-06,Line A,Supplier 1,night,609,Operator 7,Machine 2,27.75,standard,67.82,8.71,true
2025-11-02,Line D,Supplier 4,day,969,Operator 2,Machine 3,36.09,premium,44.47,25.27,false
2024-06-14,Line C,Supplier 3,evening,1184,Operator 3,Machine 4,5.0,premium,45.38,17.44,true
2025-06-10,Line A,Supplier 2,day,497,Operator 7,Machine 1,23.76,premium,50.46,27.19,false
2025-01-01,Line D,Supplier 3,evening,790,Operator 4,Machine 1,7.15,premium,44.45,13.46,false
2024-01-29,Line B,Supplier 5,day,774,Operator 1,Machine 3,35.25,premium,48.24,16.72,false
2024-07-25,Line D,Supplier 1,night,859,Operator 8,Machine 6,39.35,standard,50.2,14.4,true
2025-09-21,Line B,Supplier 1,day,135,Operator 2,Machine 5,31.41,premium,56.79,19.79,false
2024-01-04,Line B,Supplier 5,evening,1317,Operator 2,Machine 3,24.79,premium,73.43,25.97,false
2024-10-12,Line C,Supplier 3,day,457,Operator 2,Machine 4,25.11,standard,61.22,19.43,false
2025-01-09,Line B,Supplier 5,day,1342,Operator 2,Machine 1,43.04,premium,26.52,21.57,false
2024-03-26,Line C,Supplier 2,evening,508,Operator 3,Machine 2,32.38,premium,28.67,21.65,true
2025-06-30,Line A,Supplier 5,evening,1037,Operator 2,Machine 4,27.38,premium,75.92,15.78,false
2025-05-08,Line A,Supplier 3,day,972,Operator 5,Machine 3,38.17,premium,37.92,22.29,false
2024-06-03,Line B,Supplier 1,night,850,Operator 8,Machine 2,45.52,standard,80.38,21.84,true
2025-06-05,Line C,Supplier 5,evening,674,Operator 2,Machine 5,46.02,standard,84.48,8.56,false
2024-07-12,Line D,Supplier 3,night,533,Operator 5,Machine 1,47.57,standard,71.25,16.92,true
2025-11-27,Line C,Supplier 3,night,237,Operator 4,Machine 1,16.43,premium,51.0,28.83,true
2024-09-25,Line B,Supplier 2,night,467,Operator 8,Machine 2,40.42,standard,84.31,16.31,true
2024-12-05,Line B,Supplier 5,day,1321,Operator 3,Machine 4,20.29,premium,38.31,25.36,false
2025-03-07,Line C,Supplier 4,day,423,Operator 1,Machine 1,22.05,premium,63.03,21.34,false
2024-10-12,Line B,Supplier 5,evening,566,Operator 7,Machine 5,31.8,premium,25.42,16.26,false
2024-04-04,Line B,Supplier 5,night,180,Operator 4,Machine 5,20.03,standard,50.23,8.46,false
2025-04-19,Line B,Supplier 1,night,630,Operator 7,Machine 6,33.15,premium,67.76,17.9,false
2024-05-17,Line A,Supplier 2,night,1005,Operator 2,Machine 1,48.21,premium,20.19,26.31,false
2024-09-23,Line A,Supplier 1,night,677,Operator 1,Machine 2,31.77,premium,64.16,28.14,true
2024-12-14,Line B,Supplier 1,night,147,Operator 1,Machine 4,57.03,premium,29.71,19.48,false
2024-06-13,Line A,Supplier 1,day,283,Operator 5,Machine 4,34.62,standard,64.7,14.98,false
2024-07-31,Line D,Supplier 1,night,1010,Operator 2,Machine 1,44.31,standard,50.28,11.72,false
2025-11-28,Line A,Supplier 1,night,661,Operator 4,Machine 3,50.75,standard,63.46,26.62,true
2024-08-13,Line B,Supplier 3,night,222,Operator 5,Machine 2,35.1,premium,51.15,23.09,true
2024-05-21,Line B,Supplier 3,night,81,Operator 4,Machine 5,19.34,standard,53.23,26.78,true
2025-11-12,Line A,Supplier 5,day,50,Operator 2,Machine 5,40.24,premium,83.35,31.19,true
2025-07-01,Line C,Supplier 5,night,50,Operator 5,Machine 2,25.49,premium,20.0,27.47,true
2024-08-14,Line C,Supplier 5,evening,1455,Operator 2,Machine 6,14.61,premium,41.41,20.3,false
2024-02-28,Line B,Supplier 3,night,50,Operator 5,Machine 5,12.35,premium,31.09,10.64,false
2024-10-16,Line D,Supplier 1,night,50,Operator 5,Machine 5,17.93,premium,78.08,26.32,true
2025-09-14,Line A,Supplier 2,night,50,Operator 2,Machine 5,16.11,premium,65.59,13.5,true
2025-01-01,Line C,Supplier 2,evening,592,Operator 8,Machine 5,37.1,premium,24.45,26.94,false
2024-11-01,Line A,Supplier 4,night,614,Operator 4,Machine 5,15.73,premium,46.16,27.78,false
2024-05-09,Line B,Supplier 3,evening,293,Operator 8,Machine 5,18.85,standard,69.05,26.46,false
2024-08-29,Line D,Supplier 4,day,1235,Operator 2,Machine 4,35.78,premium,44.66,30.13,false
2025-08-27,Line D,Supplier 4,day,249,Operator 5,Machine 5,21.01,standard,57.94,16.19,false
2024-07-15,Line C,Supplier 2,night,625,Operator 3,Machine 4,34.44,premium,36.9,14.95,false
2025-07-03,Line B,Supplier 3,night,833,Operator 3,Machine 5,32.7,premium,83.65,10.92,true
2024-09-06,Line A,Supplier 5,day,1055,Operator 2,Machine 3,17.95,standard,51.56,22.22,false
2024-06-13,Line D,Supplier 1,night,956,Operator 2,Machine 5,40.68,premium,49.76,25.65,false
2024-04-20,Line D,Supplier 1,day,470,Operator 7,Machine 5,34.52,premium,68.58,8.61,false
2025-05-15,Line C,Supplier 4,evening,1141,Operator 6,Machine 5,48.32,premium,47.62,10.97,false
2024-03-18,Line B,Supplier 1,day,381,Operator 7,Machine 4,44.58,premium,21.04,15.25,false
2025-01-27,Line B,Supplier 1,night,653,Operator 7,Machine 2,29.88,premium,46.75,21.66,false
2024-07-15,Line B,Supplier 4,evening,671,Operator 1,Machine 1,29.33,premium,61.52,16.47,false
2025-12-04,Line A,Supplier 5,night,1048,Operator 2,Machine 6,49.12,standard,62.21,25.7,true
2024-03-28,Line B,Supplier 3,day,331,Operator 4,Machine 1,48.86,standard,68.7,25.69,false
2025-06-04,Line A,Supplier 1,night,1221,Operator 2,Machine 5,44.0,premium,34.18,28.39,false
2024-05-02,Line B,Supplier 3,day,595,Operator 1,Machine 3,39.12,premium,63.79,23.84,false
2024-12-03,Line B,Supplier 2,evening,418,Operator 6,Machine 2,21.67,standard,69.11,31.76,false
2024-06-18,Line C,Supplier 1,evening,706,Operator 7,Machine 2,23.04,premium,54.82,33.44,false
2025-04-07,Line A,Supplier 4,day,266,Operator 1,Machine 5,32.9,standard,55.92,23.22,false
2025-03-30,Line A,Supplier 4,day,1329,Operator 2,Machine 4,24.85,premium,66.08,19.21,false
2025-01-04,Line A,Supplier 1,evening,722,Operator 4,Machine 4,39.3,standard,67.93,20.61,false
2024-01-11,Line B,Supplier 3,night,926,Operator 2,Machine 1,39.28,premium,39.26,23.94,false
2024-08-01,Line B,Supplier 5,night,117,Operator 6,Machine 3,24.49,premium,48.28,27.16,true
2024-05-14,Line A,Supplier 5,day,1229,Operator 6,Machine 4,23.29,standard,62.16,14.12,true
2025-09-02,Line B,Supplier 3,evening,445,Operator 8,Machine 3,30.6,premium,34.47,11.97,false
2024-01-08,Line D,Supplier 5,day,348,Operator 2,Machine 5,43.56,premium,41.04,22.85,true
2025-02-27,Line A,Supplier 3,day,1071,Operator 2,Machine 2,28.27,standard,67.17,29.75,false
2024-06-17,Line A,Supplier 2,evening,418,Operator 4,Machine 3,39.72,premium,47.07,23.77,false
2025-05-10,Line B,Supplier 3,evening,50,Operator 4,Machine 5,53.91,standard,50.72,26.78,false
2024-09-24,Line D,Supplier 3,evening,1073,Operator 2,Machine 3,23.6,standard,57.51,25.67,false
2024-05-26,Line D,Supplier 2,day,479,Operator 2,Machine 6,42.95,standard,56.79,16.78,false
2025-12-27,Line C,Supplier 3,day,546,Operator 1,Machine 1,16.05,premium,56.37,22.28,false
2025-12-02,Line D,Supplier 1,day,501,Operator 6,Machine 2,17.21,premium,39.28,24.74,false
2025-11-23,Line A,Supplier 3,night,257,Operator 6,Machine 5,34.25,standard,70.41,24.68,true
2025-04-25,Line A,Supplier 1,day,732,Operator 7,Machine 5,30.07,standard,77.26,24.9,false
2024-05-22,Line A,Supplier 1,day,661,Operator 1,Machine 2,20.45,premium,47.02,22.1,false
2025-10-05,Line B,Supplier 3,evening,1011,Operator 2,Machine 6,15.73,standard,60.3,22.87,false
2024-03-11,Line B,Supplier 4,day,50,Operator 2,Machine 5,22.92,premium,46.46,15.26,false
2024-12-22,Line D,Supplier 1,day,800,Operator 3,Machine 2,21.67,premium,28.64,15.9,false
2025-10-29,Line D,Supplier 2,day,337,Operator 1,Machine 5,25.51,premium,60.2,20.22,false
2024-03-21,Line A,Supplier 4,evening,657,Operator 5,Machine 3,50.05,standard,55.65,18.86,false
2024-06-15,Line C,Supplier 5,night,562,Operator 5,Machine 1,23.1,premium,37.6,22.39,false
2025-06-14,Line A,Supplier 2,night,993,Operator 3,Machine 3,16.17,premium,68.48,33.06,true
2025-02-13,Line B,Supplier 2,night,830,Operator 7,Machine 5,29.3,standard,74.08,27.15,false
2025-02-04,Line B,Supplier 4,night,783,Operator 6,Machine 5,23.95,premium,77.62,21.39,true
2024-08-31,Line A,Supplier 4,day,764,Operator 3,Machine 6,31.55,standard,63.3,16.59,false
2025-06-01,Line A,Supplier 1,day,321,Operator 7,Machine 6,34.31,premium,33.44,25.55,false
2025-03-14,Line A,Supplier 3,evening,519,Operator 6,Machine 2,35.61,standard,66.67,9.37,true
2024-04-25,Line C,Supplier 3,day,126,Operator 6,Machine 5,42.74,premium,41.14,18.56,false
2024-05-20,Line C,Supplier 1,evening,398,Operator 2,Machine 2,24.94,premium,23.83,21.56,false
2024-04-26,Line B,Supplier 1,night,290,Operator 4,Machine 5,34.46,premium,35.75,17.1,false
2024-05-20,Line C,Supplier 5,night,50,Operator 1,Machine 5,30.87,standard,58.24,26.16,true
2024-12-05,Line C,Supplier 2,evening,728,Operator 2,Machine 2,35.46,premium,50.08,29.25,false
2025-01-20,Line C,Supplier 2,day,436,Operator 7,Machine 2,44.51,premium,34.37,28.48,false
2025-05-01,Line B,Supplier 1,night,755,Operator 5,Machine 6,31.14,standard,52.62,24.1,false
2024-07-06,Line B,Supplier 3,evening,50,Operator 3,Machine 5,24.78,standard,53.55,12.33,false
2024-06-18,Line B,Supplier 4,evening,1250,Operator 4,Machine 4,62.74,standard,56.32,21.16,false
2024-05-18,Line B,Supplier 2,evening,730,Operator 2,Machine 3,36.63,standard,69.32,22.92,false
2025-01-05,Line A,Supplier 2,evening,1005,Operator 2,Machine 3,33.0,standard,62.82,23.95,false
2025-06-21,Line C,Supplier 1,day,445,Operator 5,Machine 4,29.82,premium,87.91,22.21,false
2024-02-22,Line A,Supplier 3,day,643,Operator 6,Machine 3,18.17,premium,48.13,19.68,true
2024-08-27,Line A,Supplier 3,night,50,Operator 2,Machine 1,18.29,standard,52.65,16.05,true
2025-04-24,Line C,Supplier 3,night,1610,Operator 2,Machine 5,19.63,premium,34.88,23.79,false
2024-01-19,Line B,Supplier 2,day,50,Operator 8,Machine 5,51.66,standard,53.29,18.17,false
2025-06-04,Line B,Supplier 4,evening,310,Operator 8,Machine 6,42.61,standard,61.85,13.54,true
2025-10-06,Line C,Supplier 5,day,774,Operator 4,Machine 3,27.14,standard,58.22,31.65,false
2024-01-18,Line A,Supplier 5,day,1265,Operator 2,Machine 1,21.44,premium,38.44,19.18,false
2024-03-24,Line D,Supplier 4,night,930,Operator 8,Machine 6,23.46,standard,59.5,21.63,true
2024-07-23,Line C,Supplier 3,night,217,Operator 5,Machine 2,48.93,standard,70.69,26.42,true
2024-12-22,Line D,Supplier 2,night,1021,Operator 2,Machine 1,22.01,premium,43.35,21.26,true
2024-06-06,Line C,Supplier 5,day,1028,Operator 6,Machine 4,30.61,premium,57.08,17.19,false
2025-06-02,Line B,Supplier 1,night,618,Operator 7,Machine 3,22.08,premium,57.51,12.39,false
2025-07-12,Line C,Supplier 3,night,57,Operator 5,Machine 5,36.62,premium,47.66,25.27,false
2025-12-07,Line C,Supplier 1,day,644,Operator 7,Machine 3,47.24,standard,62.33,18.15,false
2024-03-31,Line C,Supplier 2,day,576,Operator 2,Machine 6,33.67,premium,20.0,22.22,true
2025-02-20,Line A,Supplier 3,night,50,Operator 1,Machine 5,29.52,premium,49.06,33.47,false
2024-10-03,Line C,Supplier 2,day,394,Operator 5,Machine 3,41.93,premium,41.94,24.38,false
2025-03-28,Line C,Supplier 3,day,500,Operator 2,Machine 3,34.69,standard,57.75,13.24,true
2025-03-15,Line B,Supplier 3,evening,798,Operator 5,Machine 1,46.6,premium,41.52,24.67,false
2024-11-09,Line D,Supplier 3,night,826,Operator 2,Machine 3,36.1,standard,45.83,32.17,false
2024-01-03,Line A,Supplier 4,day,728,Operator 3,Machine 4,26.38,premium,65.09,17.79,true
2025-12-19,Line A,Supplier 5,day,684,Operator 7,Machine 3,28.53,standard,54.9,28.64,false
2024-04-15,Line B,Supplier 5,day,706,Operator 8,Machine 2,30.63,premium,43.44,23.45,false
2025-07-19,Line B,Supplier 5,evening,1174,Operator 2,Machine 6,42.67,standard,68.57,18.78,false
2024-10-14,Line C,Supplier 3,night,969,Operator 3,Machine 2,26.87,premium,35.64,19.72,true
2025-01-27,Line C,Supplier 5,day,977,Operator 2,Machine 3,48.07,standard,56.28,12.9,false
2024-05-20,Line C,Supplier 2,night,761,Operator 4,Machine 6,23.17,standard,65.02,11.23,true
2025-03-02,Line D,Supplier 5,night,475,Operator 5,Machine 4,37.29,premium,58.93,14.79,true
2024-06-23,Line A,Supplier 3,night,675,Operator 3,Machine 6,27.59,premium,42.57,25.12,false
2024-11-06,Line A,Supplier 4,night,451,Operator 8,Machine 3,30.47,standard,59.43,21.17,true
2024-06-08,Line C,Supplier 3,night,420,Operator 8,Machine 3,10.85,premium,44.98,20.41,false
2025-02-19,Line D,Supplier 3,day,572,Operator 2,Machine 5,41.53,premium,41.42,26.35,true
2025-07-22,Line B,Supplier 3,night,780,Operator 8,Machine 2,16.0,premium,67.38,25.09,true
2025-04-09,Line D,Supplier 3,day,900,Operator 6,Machine 2,18.4,premium,35.71,13.61,false
2024-07-18,Line D,Supplier 5,evening,1004,Operator 2,Machine 2,22.86,standard,65.32,18.19,false
2025-05-25,Line A,Supplier 3,evening,1074,Operator 2,Machine 1,11.77,standard,56.07,35.53,false
2025-08-24,Line B,Supplier 2,evening,797,Operator 1,Machine 2,28.74,premium,68.96,28.1,false
2024-02-05,Line C,Supplier 2,day,778,Operator 4,Machine 5,26.71,standard,57.66,19.57,true
2024-02-04,Line B,Supplier 5,night,606,Operator 8,Machine 6,39.34,premium,71.87,27.56,false
2025-07-10,Line A,Supplier 3,day,1085,Operator 4,Machine 5,44.55,premium,36.46,17.17,true
2024-06-17,Line D,Supplier 5,night,835,Operator 2,Machine 5,34.77,standard,52.29,10.73,false
2024-10-06,Line B,Supplier 4,evening,1065,Operator 2,Machine 5,32.57,premium,36.31,34.29,false
2025-10-29,Line A,Supplier 1,evening,466,Operator 6,Machine 4,47.39,standard,53.03,15.51,false
2025-08-19,Line A,Supplier 4,night,346,Operator 7,Machine 2,47.44,premium,37.27,28.49,false
2025-05-13,Line D,Supplier 2,night,117,Operator 2,Machine 5,23.8,premium,45.38,29.21,false
2024-12-20,Line B,Supplier 3,day,1275,Operator 8,Machine 5,5.0,premium,52.45,16.74,false
2024-05-20,Line A,Supplier 2,day,642,Operator 2,Machine 5,30.19,premium,41.15,23.98,false
2025-08-24,Line B,Supplier 5,night,558,Operator 6,Machine 5,42.9,premium,45.67,11.36,true
2024-09-28,Line B,Supplier 3,evening,941,Operator 3,Machine 4,29.67,standard,66.36,21.67,true
2025-12-27,Line A,Supplier 1,evening,663,Operator 6,Machine 3,32.18,premium,59.76,35.77,false
2025-09-29,Line C,Supplier 3,night,448,Operator 4,Machine 6,31.06,standard,53.63,24.97,true
2025-06-02,Line A,Supplier 3,evening,845,Operator 5,Machine 3,44.0,premium,76.05,25.27,false
2024-05-26,Line A,Supplier 5,evening,50,Operator 8,Machine 5,26.86,premium,34.04,10.4,false
2024-09-23,Line B,Supplier 1,day,1007,Operator 4,Machine 1,22.38,premium,38.59,18.98,false
2024-12-21,Line A,Supplier 3,day,493,Operator 4,Machine 3,51.27,premium,31.38,31.35,false
2024-04-04,Line C,Supplier 3,evening,201,Operator 7,Machine 5,16.94,premium,75.69,19.63,false
2025-08-29,Line B,Supplier 1,night,759,Operator 5,Machine 3,57.51,premium,42.99,30.76,true
2025-02-16,Line B,Supplier 3,day,632,Operator 6,Machine 1,7.11,standard,37.54,16.29,false
2025-01-19,Line A,Supplier 2,day,346,Operator 4,Machine 6,55.44,standard,65.61,26.43,false
2025-12-04,Line B,Supplier 5,day,158,Operator 5,Machine 4,25.71,standard,66.22,27.45,false
2025-11-07,Line A,Supplier 1,evening,664,Operator 1,Machine 1,43.44,premium,45.69,28.83,false
2025-12-08,Line A,Supplier 1,evening,941,Operator 2,Machine 6,39.36,standard,59.78,-1.24,false
2024-03-19,Line C,Supplier 4,day,492,Operator 7,Machine 1,33.3,premium,23.84,35.77,false
2024-04-25,Line D,Supplier 5,night,771,Operator 7,Machine 2,35.96,premium,69.27,24.76,true
2025-12-15,Line D,Supplier 3,night,568,Operator 3,Machine 4,18.43,standard,59.56,22.39,false
2024-08-26,Line B,Supplier 5,day,853,Operator 8,Machine 4,49.59,premium,52.23,16.74,false
2025-09-05,Line A,Supplier 5,night,1131,Operator 5,Machine 1,46.79,premium,46.41,23.36,false
2024-06-08,Line B,Supplier 5,night,962,Operator 5,Machine 5,37.27,premium,69.66,8.11,false
2024-12-25,Line A,Supplier 2,day,1380,Operator 1,Machine 3,27.21,premium,23.26,12.27,false
2025-12-17,Line B,Supplier 2,evening,1094,Operator 2,Machine 5,41.27,premium,22.59,20.38,false
