booking_id,customer_id
SYN-00001,SYN-CUST-0001
SYN-00002,SYN-CUST-0562
SYN-00003,SYN-CUST-1123
SYN-00004,SYN-CUST-1684
SYN-00005,SYN-CUST-2245
SYN-00006,SYN-CUST-2806
SYN-00007,SYN-CUST-0167
SYN-00008,SYN-CUST-0728
SYN-00009,SYN-CUST-1289
SYN-00010,SYN-CUST-1850
SYN-00011,SYN-CUST-2411
SYN-00012,SYN-CUST-2972
SYN-00013,SYN-CUST-0333
SYN-00014,SYN-CUST-0894
SYN-00015,SYN-CUST-1455
SYN-00016,SYN-CUST-2016
SYN-00017,SYN-CUST-2577
SYN-00018,SYN-CUST-3138
SYN-00019,SYN-CUST-0499
SYN-00020,SYN-CUST-1060
SYN-00021,SYN-CUST-1621
SYN-00022,SYN-CUST-2182
SYN-00023,SYN-CUST-2743
SYN-00024,SYN-CUST-0104
SYN-00025,SYN-CUST-0665
SYN-00026,SYN-CUST-1226
SYN-00027,SYN-CUST-1787
SYN-00028,SYN-CUST-2348
SYN-00029,SYN-CUST-2909
SYN-00030,SYN-CUST-0270
SYN-00031,SYN-CUST-0831
SYN-00032,SYN-CUST-1392
SYN-00033,SYN-CUST-1953
SYN-00034,SYN-CUST-2514
SYN-00035,SYN-CUST-3075
SYN-00036,SYN-CUST-0436
SYN-00037,SYN-CUST-0997
SYN-00038,SYN-CUST-1558
SYN-00039,SYN-CUST-2119
SYN-00040,SYN-CUST-2680
SYN-00041,SYN-CUST-0041
SYN-00042,SYN-CUST-0602
SYN-00043,SYN-CUST-1163
SYN-00044,SYN-CUST-1724
SYN-00045,SYN-CUST-2285
SYN-00046,SYN-CUST-2846
SYN-00047,SYN-CUST-0207
SYN-00048,SYN-CUST-0768
SYN-00049,SYN-CUST-1329
SYN-00050,SYN-CUST-1890
SYN-00051,SYN-CUST-2451
SYN-00052,SYN-CUST-3012
SYN-00053,SYN-CUST-0373
SYN-00054,SYN-CUST-0934
SYN-00055,SYN-CUST-1495
SYN-00056,SYN-CUST-2056
SYN-00057,SYN-CUST-2617
SYN-00058,SYN-CUST-3178
SYN-00059,SYN-CUST-0539
SYN-00060,SYN-CUST-1100
SYN-00061,SYN-CUST-1661
SYN-00062,SYN-CUST-2222
SYN-00063,SYN-CUST-2783
SYN-00064,SYN-CUST-0144
SYN-00065,SYN-CUST-0705
SYN-00066,SYN-CUST-1266
SYN-00067,SYN-CUST-1827
SYN-00068,SYN-CUST-2388
SYN-00069,SYN-CUST-2949
SYN-00070,SYN-CUST-0310
SYN-00071,SYN-CUST-0871
SYN-00072,SYN-CUST-1432
SYN-00073,SYN-CUST-1993
SYN-00074,SYN-CUST-2554
SYN-00075,SYN-CUST-3115
SYN-00076,SYN-CUST-0476
SYN-00077,SYN-CUST-1037
SYN-00078,SYN-CUST-1598
SYN-00079,SYN-CUST-2159
SYN-00080,SYN-CUST-2720
SYN-00081,SYN-CUST-0081
SYN-00082,SYN-CUST-0642
SYN-00083,SYN-CUST-1203
SYN-00084,SYN-CUST-1764
SYN-00085,SYN-CUST-2325
SYN-00086,SYN-CUST-2886
SYN-00087,SYN-CUST-0247
SYN-00088,SYN-CUST-0808
SYN-00089,SYN-CUST-1369
SYN-00090,SYN-CUST-1930
SYN-00091,SYN-CUST-2491
SYN-00092,SYN-CUST-3052
SYN-00093,SYN-CUST-0413
SYN-00094,SYN-CUST-0974
SYN-00095,SYN-CUST-1535
SYN-00096,SYN-CUST-2096
SYN-00097,SYN-CUST-2657
SYN-00098,SYN-CUST-0018
SYN-00099,SYN-CUST-0579
SYN-00100,SYN-CUST-1140
SYN-00101,SYN-CUST-1701
SYN-00102,SYN-CUST-2262
SYN-00103,SYN-CUST-2823
SYN-00104,SYN-CUST-0184
SYN-00105,SYN-CUST-0745
SYN-00106,SYN-CUST-1306
SYN-00107,SYN-CUST-1867
SYN-00108,SYN-CUST-2428
SYN-00109,SYN-CUST-2989
SYN-00110,SYN-CUST-0350
SYN-00111,SYN-CUST-0911
SYN-00112,SYN-CUST-1472
SYN-00113,SYN-CUST-2033
SYN-00114,SYN-CUST-2594
SYN-00115,SYN-CUST-3155
SYN-00116,SYN-CUST-0516
SYN-00117,SYN-CUST-1077
SYN-00118,SYN-CUST-1638
SYN-00119,SYN-CUST-2199
SYN-00120,SYN-CUST-2760
SYN-00121,SYN-CUST-0121
SYN-00122,SYN-CUST-0682
SYN-00123,SYN-CUST-1243
SYN-00124,SYN-CUST-1804
SYN-00125,SYN-CUST-2365
SYN-00126,SYN-CUST-2926
SYN-00127,SYN-CUST-0287
SYN-00128,SYN-CUST-0848
SYN-00129,SYN-CUST-1409
SYN-00130,SYN-CUST-1970
SYN-00131,SYN-CUST-2531
SYN-00132,SYN-CUST-3092
SYN-00133,SYN-CUST-0453
SYN-00134,SYN-CUST-1014
SYN-00135,SYN-CUST-1575
SYN-00136,SYN-CUST-2136
SYN-00137,SYN-CUST-2697
SYN-00138,SYN-CUST-0058
SYN-00139,SYN-CUST-0619
SYN-00140,SYN-CUST-1180
SYN-00141,SYN-CUST-1741
SYN-00142,SYN-CUST-2302
SYN-00143,SYN-CUST-2863
SYN-00144,SYN-CUST-0224
SYN-00145,SYN-CUST-0785
SYN-00146,SYN-CUST-1346
SYN-00147,SYN-CUST-1907
SYN-00148,SYN-CUST-2468
SYN-00149,SYN-CUST-3029
SYN-00150,SYN-CUST-0390
SYN-00151,SYN-CUST-0951
SYN-00152,SYN-CUST-1512
SYN-00153,SYN-CUST-2073
SYN-00154,SYN-CUST-2634
SYN-00155,SYN-CUST-3195
SYN-00156,SYN-CUST-0556
SYN-00157,SYN-CUST-1117
SYN-00158,SYN-CUST-1678
SYN-00159,SYN-CUST-2239
SYN-00160,SYN-CUST-2800
SYN-00161,SYN-CUST-0161
SYN-00162,SYN-CUST-0722
SYN-00163,SYN-CUST-1283
SYN-00164,SYN-CUST-1844
SYN-00165,SYN-CUST-2405
SYN-00166,SYN-CUST-2966
SYN-00167,SYN-CUST-0327
SYN-00168,SYN-CUST-0888
SYN-00169,SYN-CUST-1449
SYN-00170,SYN-CUST-2010
SYN-00171,SYN-CUST-2571
SYN-00172,SYN-CUST-3132
SYN-00173,SYN-CUST-0493
SYN-00174,SYN-CUST-1054
SYN-00175,SYN-CUST-1615
SYN-00176,SYN-CUST-2176
SYN-00177,SYN-CUST-2737
SYN-00178,SYN-CUST-0098
SYN-00179,SYN-CUST-0659
SYN-00180,SYN-CUST-1220
SYN-00181,SYN-CUST-1781
SYN-00182,SYN-CUST-2342
SYN-00183,SYN-CUST-2903
SYN-00184,SYN-CUST-0264
SYN-00185,SYN-CUST-0825
SYN-00186,SYN-CUST-1386
SYN-00187,SYN-CUST-1947
SYN-00188,SYN-CUST-2508
SYN-00189,SYN-CUST-3069
SYN-00190,SYN-CUST-0430
SYN-00191,SYN-CUST-0991
SYN-00192,SYN-CUST-1552
SYN-00193,SYN-CUST-2113
SYN-00194,SYN-CUST-2674
SYN-00195,SYN-CUST-0035
SYN-00196,SYN-CUST-0596
SYN-00197,SYN-CUST-1157
SYN-00198,SYN-CUST-1718
SYN-00199,SYN-CUST-2279
SYN-00200,SYN-CUST-2840
SYN-00201,SYN-CUST-0201
SYN-00202,SYN-CUST-0762
SYN-00203,SYN-CUST-1323
SYN-00204,SYN-CUST-1884
SYN-00205,SYN-CUST-2445
SYN-00206,SYN-CUST-3006
SYN-00207,SYN-CUST-0367
SYN-00208,SYN-CUST-0928
SYN-00209,SYN-CUST-1489
SYN-00210,SYN-CUST-2050
SYN-00211,SYN-CUST-2611
SYN-00212,SYN-CUST-3172
SYN-00213,SYN-CUST-0533
SYN-00214,SYN-CUST-1094
SYN-00215,SYN-CUST-1655
SYN-00216,SYN-CUST-2216
SYN-00217,SYN-CUST-2777
SYN-00218,SYN-CUST-0138
SYN-00219,SYN-CUST-0699
SYN-00220,SYN-CUST-1260
SYN-00221,SYN-CUST-1821
SYN-00222,SYN-CUST-2382
SYN-00223,SYN-CUST-2943
SYN-00224,SYN-CUST-0304
SYN-00225,SYN-CUST-0865
SYN-00226,SYN-CUST-1426
SYN-00227,SYN-CUST-1987
SYN-00228,SYN-CUST-2548
SYN-00229,SYN-CUST-3109
SYN-00230,SYN-CUST-0470
SYN-00231,SYN-CUST-1031
SYN-00232,SYN-CUST-1592
SYN-00233,SYN-CUST-2153
SYN-00234,SYN-CUST-2714
SYN-00235,SYN-CUST-0075
SYN-00236,SYN-CUST-0636
SYN-00237,SYN-CUST-1197
SYN-00238,SYN-CUST-1758
SYN-00239,SYN-CUST-2319
SYN-00240,SYN-CUST-2880
SYN-00241,SYN-CUST-0241
SYN-00242,SYN-CUST-0802
SYN-00243,SYN-CUST-1363
SYN-00244,SYN-CUST-1924
SYN-00245,SYN-CUST-2485
SYN-00246,SYN-CUST-3046
SYN-00247,SYN-CUST-0407
SYN-00248,SYN-CUST-0968
SYN-00249,SYN-CUST-1529
SYN-00250,SYN-CUST-2090
SYN-00251,SYN-CUST-2651
SYN-00252,SYN-CUST-0012
SYN-00253,SYN-CUST-0573
SYN-00254,SYN-CUST-1134
SYN-00255,SYN-CUST-1695
SYN-00256,SYN-CUST-2256
SYN-00257,SYN-CUST-2817
SYN-00258,SYN-CUST-0178
SYN-00259,SYN-CUST-0739
SYN-00260,SYN-CUST-1300
SYN-00261,SYN-CUST-1861
SYN-00262,SYN-CUST-2422
SYN-00263,SYN-CUST-2983
SYN-00264,SYN-CUST-0344
SYN-00265,SYN-CUST-0905
SYN-00266,SYN-CUST-1466
SYN-00267,SYN-CUST-2027
SYN-00268,SYN-CUST-2588
SYN-00269,SYN-CUST-3149
SYN-00270,SYN-CUST-0510
SYN-00271,SYN-CUST-1071
SYN-00272,SYN-CUST-1632
SYN-00273,SYN-CUST-2193
SYN-00274,SYN-CUST-2754
SYN-00275,SYN-CUST-0115
SYN-00276,SYN-CUST-0676
SYN-00277,SYN-CUST-1237
SYN-00278,SYN-CUST-1798
SYN-00279,SYN-CUST-2359
SYN-00280,SYN-CUST-2920
SYN-00281,SYN-CUST-0281
SYN-00282,SYN-CUST-0842
SYN-00283,SYN-CUST-1403
SYN-00284,SYN-CUST-1964
SYN-00285,SYN-CUST-2525
SYN-00286,SYN-CUST-3086
SYN-00287,SYN-CUST-0447
SYN-00288,SYN-CUST-1008
SYN-00289,SYN-CUST-1569
SYN-00290,SYN-CUST-2130
SYN-00291,SYN-CUST-2691
SYN-00292,SYN-CUST-0052
SYN-00293,SYN-CUST-0613
SYN-00294,SYN-CUST-1174
SYN-00295,SYN-CUST-1735
SYN-00296,SYN-CUST-2296
SYN-00297,SYN-CUST-2857
SYN-00298,SYN-CUST-0218
SYN-00299,SYN-CUST-0779
SYN-00300,SYN-CUST-1340
SYN-00301,SYN-CUST-1901
SYN-00302,SYN-CUST-2462
SYN-00303,SYN-CUST-3023
SYN-00304,SYN-CUST-0384
SYN-00305,SYN-CUST-0945
SYN-00306,SYN-CUST-1506
SYN-00307,SYN-CUST-2067
SYN-00308,SYN-CUST-2628
SYN-00309,SYN-CUST-3189
SYN-00310,SYN-CUST-0550
SYN-00311,SYN-CUST-1111
SYN-00312,SYN-CUST-1672
SYN-00313,SYN-CUST-2233
SYN-00314,SYN-CUST-2794
SYN-00315,SYN-CUST-0155
SYN-00316,SYN-CUST-0716
SYN-00317,SYN-CUST-1277
SYN-00318,SYN-CUST-1838
SYN-00319,SYN-CUST-2399
SYN-00320,SYN-CUST-2960
SYN-00321,SYN-CUST-0321
SYN-00322,SYN-CUST-0882
SYN-00323,SYN-CUST-1443
SYN-00324,SYN-CUST-2004
SYN-00325,SYN-CUST-2565
SYN-00326,SYN-CUST-3126
SYN-00327,SYN-CUST-0487
SYN-00328,SYN-CUST-1048
SYN-00329,SYN-CUST-1609
SYN-00330,SYN-CUST-2170
SYN-00331,SYN-CUST-2731
SYN-00332,SYN-CUST-0092
SYN-00333,SYN-CUST-0653
SYN-00334,SYN-CUST-1214
SYN-00335,SYN-CUST-1775
SYN-00336,SYN-CUST-2336
SYN-00337,SYN-CUST-2897
SYN-00338,SYN-CUST-0258
SYN-00339,SYN-CUST-0819
SYN-00340,SYN-CUST-1380
SYN-00341,SYN-CUST-1941
SYN-00342,SYN-CUST-2502
SYN-00343,SYN-CUST-3063
SYN-00344,SYN-CUST-0424
SYN-00345,SYN-CUST-0985
SYN-00346,SYN-CUST-1546
SYN-00347,SYN-CUST-2107
SYN-00348,SYN-CUST-2668
SYN-00349,SYN-CUST-0029
SYN-00350,SYN-CUST-0590
SYN-00351,SYN-CUST-1151
SYN-00352,SYN-CUST-1712
SYN-00353,SYN-CUST-2273
SYN-00354,SYN-CUST-2834
SYN-00355,SYN-CUST-0195
SYN-00356,SYN-CUST-0756
SYN-00357,SYN-CUST-1317
SYN-00358,SYN-CUST-1878
SYN-00359,SYN-CUST-2439
SYN-00360,SYN-CUST-3000
SYN-00361,SYN-CUST-0361
SYN-00362,SYN-CUST-0922
SYN-00363,SYN-CUST-1483
SYN-00364,SYN-CUST-2044
SYN-00365,SYN-CUST-2605
SYN-00366,SYN-CUST-3166
SYN-00367,SYN-CUST-0527
SYN-00368,SYN-CUST-1088
SYN-00369,SYN-CUST-1649
SYN-00370,SYN-CUST-2210
SYN-00371,SYN-CUST-2771
SYN-00372,SYN-CUST-0132
SYN-00373,SYN-CUST-0693
SYN-00374,SYN-CUST-1254
SYN-00375,SYN-CUST-1815
SYN-00376,SYN-CUST-2376
SYN-00377,SYN-CUST-2937
SYN-00378,SYN-CUST-0298
SYN-00379,SYN-CUST-0859
SYN-00380,SYN-CUST-1420
SYN-00381,SYN-CUST-1981
SYN-00382,SYN-CUST-2542
SYN-00383,SYN-CUST-3103
SYN-00384,SYN-CUST-0464
SYN-00385,SYN-CUST-1025
SYN-00386,SYN-CUST-1586
SYN-00387,SYN-CUST-2147
SYN-00388,SYN-CUST-2708
SYN-00389,SYN-CUST-0069
SYN-00390,SYN-CUST-0630
SYN-00391,SYN-CUST-1191
SYN-00392,SYN-CUST-1752
SYN-00393,SYN-CUST-2313
SYN-00394,SYN-CUST-2874
SYN-00395,SYN-CUST-0235
SYN-00396,SYN-CUST-0796
SYN-00397,SYN-CUST-1357
SYN-00398,SYN-CUST-1918
SYN-00399,SYN-CUST-2479
SYN-00400,SYN-CUST-3040
SYN-00401,SYN-CUST-0401
SYN-00402,SYN-CUST-0962
SYN-00403,SYN-CUST-1523
SYN-00404,SYN-CUST-2084
SYN-00405,SYN-CUST-2645
SYN-00406,SYN-CUST-0006
SYN-00407,SYN-CUST-0567
SYN-00408,SYN-CUST-1128
SYN-00409,SYN-CUST-1689
SYN-00410,SYN-CUST-2250
SYN-00411,SYN-CUST-2811
SYN-00412,SYN-CUST-0172
SYN-00413,SYN-CUST-0733
SYN-00414,SYN-CUST-1294
SYN-00415,SYN-CUST-1855
SYN-00416,SYN-CUST-2416
SYN-00417,SYN-CUST-2977
SYN-00418,SYN-CUST-0338
SYN-00419,SYN-CUST-0899
SYN-00420,SYN-CUST-1460
SYN-00421,SYN-CUST-2021
SYN-00422,SYN-CUST-2582
SYN-00423,SYN-CUST-3143
SYN-00424,SYN-CUST-0504
SYN-00425,SYN-CUST-1065
SYN-00426,SYN-CUST-1626
SYN-00427,SYN-CUST-2187
SYN-00428,SYN-CUST-2748
SYN-00429,SYN-CUST-0109
SYN-00430,SYN-CUST-0670
SYN-00431,SYN-CUST-1231
SYN-00432,SYN-CUST-1792
SYN-00433,SYN-CUST-2353
SYN-00434,SYN-CUST-2914
SYN-00435,SYN-CUST-0275
SYN-00436,SYN-CUST-0836
SYN-00437,SYN-CUST-1397
SYN-00438,SYN-CUST-1958
SYN-00439,SYN-CUST-2519
SYN-00440,SYN-CUST-3080
SYN-00441,SYN-CUST-0441
SYN-00442,SYN-CUST-1002
SYN-00443,SYN-CUST-1563
SYN-00444,SYN-CUST-2124
SYN-00445,SYN-CUST-2685
SYN-00446,SYN-CUST-0046
SYN-00447,SYN-CUST-0607
SYN-00448,SYN-CUST-1168
SYN-00449,SYN-CUST-1729
SYN-00450,SYN-CUST-2290
SYN-00451,SYN-CUST-2851
SYN-00452,SYN-CUST-0212
SYN-00453,SYN-CUST-0773
SYN-00454,SYN-CUST-1334
SYN-00455,SYN-CUST-1895
SYN-00456,SYN-CUST-2456
SYN-00457,SYN-CUST-3017
SYN-00458,SYN-CUST-0378
SYN-00459,SYN-CUST-0939
SYN-00460,SYN-CUST-1500
SYN-00461,SYN-CUST-2061
SYN-00462,SYN-CUST-2622
SYN-00463,SYN-CUST-3183
SYN-00464,SYN-CUST-0544
SYN-00465,SYN-CUST-1105
SYN-00466,SYN-CUST-1666
SYN-00467,SYN-CUST-2227
SYN-00468,SYN-CUST-2788
SYN-00469,SYN-CUST-0149
SYN-00470,SYN-CUST-0710
SYN-00471,SYN-CUST-1271
SYN-00472,SYN-CUST-1832
SYN-00473,SYN-CUST-2393
SYN-00474,SYN-CUST-2954
SYN-00475,SYN-CUST-0315
SYN-00476,SYN-CUST-0876
SYN-00477,SYN-CUST-1437
SYN-00478,SYN-CUST-1998
SYN-00479,SYN-CUST-2559
SYN-00480,SYN-CUST-3120
SYN-00481,SYN-CUST-0481
SYN-00482,SYN-CUST-1042
SYN-00483,SYN-CUST-1603
SYN-00484,SYN-CUST-2164
SYN-00485,SYN-CUST-2725
SYN-00486,SYN-CUST-0086
SYN-00487,SYN-CUST-0647
SYN-00488,SYN-CUST-1208
SYN-00489,SYN-CUST-1769
SYN-00490,SYN-CUST-2330
SYN-00491,SYN-CUST-2891
SYN-00492,SYN-CUST-0252
SYN-00493,SYN-CUST-0813
SYN-00494,SYN-CUST-1374
SYN-00495,SYN-CUST-1935
SYN-00496,SYN-CUST-2496
SYN-00497,SYN-CUST-3057
SYN-00498,SYN-CUST-0418
SYN-00499,SYN-CUST-0979
SYN-00500,SYN-CUST-1540
SYN-00501,SYN-CUST-2101
SYN-00502,SYN-CUST-2662
SYN-00503,SYN-CUST-0023
SYN-00504,SYN-CUST-0584
SYN-00505,SYN-CUST-1145
SYN-00506,SYN-CUST-1706
SYN-00507,SYN-CUST-2267
SYN-00508,SYN-CUST-2828
SYN-00509,SYN-CUST-0189
SYN-00510,SYN-CUST-0750
SYN-00511,SYN-CUST-1311
SYN-00512,SYN-CUST-1872
SYN-00513,SYN-CUST-2433
SYN-00514,SYN-CUST-2994
SYN-00515,SYN-CUST-0355
SYN-00516,SYN-CUST-0916
SYN-00517,SYN-CUST-1477
SYN-00518,SYN-CUST-2038
SYN-00519,SYN-CUST-2599
SYN-00520,SYN-CUST-3160
SYN-00521,SYN-CUST-0521
SYN-00522,SYN-CUST-1082
SYN-00523,SYN-CUST-1643
SYN-00524,SYN-CUST-2204
SYN-00525,SYN-CUST-2765
SYN-00526,SYN-CUST-0126
SYN-00527,SYN-CUST-0687
SYN-00528,SYN-CUST-1248
SYN-00529,SYN-CUST-1809
SYN-00530,SYN-CUST-2370
SYN-00531,SYN-CUST-2931
SYN-00532,SYN-CUST-0292
SYN-00533,SYN-CUST-0853
SYN-00534,SYN-CUST-1414
SYN-00535,SYN-CUST-1975
SYN-00536,SYN-CUST-2536
SYN-00537,SYN-CUST-3097
SYN-00538,SYN-CUST-0458
SYN-00539,SYN-CUST-1019
SYN-00540,SYN-CUST-1580
SYN-00541,SYN-CUST-2141
SYN-00542,SYN-CUST-2702
SYN-00543,SYN-CUST-0063
SYN-00544,SYN-CUST-0624
SYN-00545,SYN-CUST-1185
SYN-00546,SYN-CUST-1746
SYN-00547,SYN-CUST-2307
SYN-00548,SYN-CUST-2868
SYN-00549,SYN-CUST-0229
SYN-00550,SYN-CUST-0790
SYN-00551,SYN-CUST-1351
SYN-00552,SYN-CUST-1912
SYN-00553,SYN-CUST-2473
SYN-00554,SYN-CUST-3034
SYN-00555,SYN-CUST-0395
SYN-00556,SYN-CUST-0956
SYN-00557,SYN-CUST-1517
SYN-00558,SYN-CUST-2078
SYN-00559,SYN-CUST-2639
SYN-00560,SYN-CUST-3200
SYN-00561,SYN-CUST-0561
SYN-00562,SYN-CUST-1122
SYN-00563,SYN-CUST-1683
SYN-00564,SYN-CUST-2244
SYN-00565,SYN-CUST-2805
SYN-00566,SYN-CUST-0166
SYN-00567,SYN-CUST-0727
SYN-00568,SYN-CUST-1288
SYN-00569,SYN-CUST-1849
SYN-00570,SYN-CUST-2410
SYN-00571,SYN-CUST-2971
SYN-00572,SYN-CUST-0332
SYN-00573,SYN-CUST-0893
SYN-00574,SYN-CUST-1454
SYN-00575,SYN-CUST-2015
SYN-00576,SYN-CUST-2576
SYN-00577,SYN-CUST-3137
SYN-00578,SYN-CUST-0498
SYN-00579,SYN-CUST-1059
SYN-00580,SYN-CUST-1620
SYN-00581,SYN-CUST-2181
SYN-00582,SYN-CUST-2742
SYN-00583,SYN-CUST-0103
SYN-00584,SYN-CUST-0664
SYN-00585,SYN-CUST-1225
SYN-00586,SYN-CUST-1786
SYN-00587,SYN-CUST-2347
SYN-00588,SYN-CUST-2908
SYN-00589,SYN-CUST-0269
SYN-00590,SYN-CUST-0830
SYN-00591,SYN-CUST-1391
SYN-00592,SYN-CUST-1952
SYN-00593,SYN-CUST-2513
SYN-00594,SYN-CUST-3074
SYN-00595,SYN-CUST-0435
SYN-00596,SYN-CUST-0996
SYN-00597,SYN-CUST-1557
SYN-00598,SYN-CUST-2118
SYN-00599,SYN-CUST-2679
SYN-00600,SYN-CUST-0040
SYN-00601,SYN-CUST-0601
SYN-00602,SYN-CUST-1162
SYN-00603,SYN-CUST-1723
SYN-00604,SYN-CUST-2284
SYN-00605,SYN-CUST-2845
SYN-00606,SYN-CUST-0206
SYN-00607,SYN-CUST-0767
SYN-00608,SYN-CUST-1328
SYN-00609,SYN-CUST-1889
SYN-00610,SYN-CUST-2450
SYN-00611,SYN-CUST-3011
SYN-00612,SYN-CUST-0372
SYN-00613,SYN-CUST-0933
SYN-00614,SYN-CUST-1494
SYN-00615,SYN-CUST-2055
SYN-00616,SYN-CUST-2616
SYN-00617,SYN-CUST-3177
SYN-00618,SYN-CUST-0538
SYN-00619,SYN-CUST-1099
SYN-00620,SYN-CUST-1660
SYN-00621,SYN-CUST-2221
SYN-00622,SYN-CUST-2782
SYN-00623,SYN-CUST-0143
SYN-00624,SYN-CUST-0704
SYN-00625,SYN-CUST-1265
SYN-00626,SYN-CUST-1826
SYN-00627,SYN-CUST-2387
SYN-00628,SYN-CUST-2948
SYN-00629,SYN-CUST-0309
SYN-00630,SYN-CUST-0870
SYN-00631,SYN-CUST-1431
SYN-00632,SYN-CUST-1992
SYN-00633,SYN-CUST-2553
SYN-00634,SYN-CUST-3114
SYN-00635,SYN-CUST-0475
SYN-00636,SYN-CUST-1036
SYN-00637,SYN-CUST-1597
SYN-00638,SYN-CUST-2158
SYN-00639,SYN-CUST-2719
SYN-00640,SYN-CUST-0080
SYN-00641,SYN-CUST-0641
SYN-00642,SYN-CUST-1202
SYN-00643,SYN-CUST-1763
SYN-00644,SYN-CUST-2324
SYN-00645,SYN-CUST-2885
SYN-00646,SYN-CUST-0246
SYN-00647,SYN-CUST-0807
SYN-00648,SYN-CUST-1368
SYN-00649,SYN-CUST-1929
SYN-00650,SYN-CUST-2490
SYN-00651,SYN-CUST-3051
SYN-00652,SYN-CUST-0412
SYN-00653,SYN-CUST-0973
SYN-00654,SYN-CUST-1534
SYN-00655,SYN-CUST-2095
SYN-00656,SYN-CUST-2656
SYN-00657,SYN-CUST-0017
SYN-00658,SYN-CUST-0578
SYN-00659,SYN-CUST-1139
SYN-00660,SYN-CUST-1700
SYN-00661,SYN-CUST-2261
SYN-00662,SYN-CUST-2822
SYN-00663,SYN-CUST-0183
SYN-00664,SYN-CUST-0744
SYN-00665,SYN-CUST-1305
SYN-00666,SYN-CUST-1866
SYN-00667,SYN-CUST-2427
SYN-00668,SYN-CUST-2988
SYN-00669,SYN-CUST-0349
SYN-00670,SYN-CUST-0910
SYN-00671,SYN-CUST-1471
SYN-00672,SYN-CUST-2032
SYN-00673,SYN-CUST-2593
SYN-00674,SYN-CUST-3154
SYN-00675,SYN-CUST-0515
SYN-00676,SYN-CUST-1076
SYN-00677,SYN-CUST-1637
SYN-00678,SYN-CUST-2198
SYN-00679,SYN-CUST-2759
SYN-00680,SYN-CUST-0120
SYN-00681,SYN-CUST-0681
SYN-00682,SYN-CUST-1242
SYN-00683,SYN-CUST-1803
SYN-00684,SYN-CUST-2364
SYN-00685,SYN-CUST-2925
SYN-00686,SYN-CUST-0286
SYN-00687,SYN-CUST-0847
SYN-00688,SYN-CUST-1408
SYN-00689,SYN-CUST-1969
SYN-00690,SYN-CUST-2530
SYN-00691,SYN-CUST-3091
SYN-00692,SYN-CUST-0452
SYN-00693,SYN-CUST-1013
SYN-00694,SYN-CUST-1574
SYN-00695,SYN-CUST-2135
SYN-00696,SYN-CUST-2696
SYN-00697,SYN-CUST-0057
SYN-00698,SYN-CUST-0618
SYN-00699,SYN-CUST-1179
SYN-00700,SYN-CUST-1740
SYN-00701,SYN-CUST-2301
SYN-00702,SYN-CUST-2862
SYN-00703,SYN-CUST-0223
SYN-00704,SYN-CUST-0784
SYN-00705,SYN-CUST-1345
SYN-00706,SYN-CUST-1906
SYN-00707,SYN-CUST-2467
SYN-00708,SYN-CUST-3028
SYN-00709,SYN-CUST-0389
SYN-00710,SYN-CUST-0950
SYN-00711,SYN-CUST-1511
SYN-00712,SYN-CUST-2072
SYN-00713,SYN-CUST-2633
SYN-00714,SYN-CUST-3194
SYN-00715,SYN-CUST-0555
SYN-00716,SYN-CUST-1116
SYN-00717,SYN-CUST-1677
SYN-00718,SYN-CUST-2238
SYN-00719,SYN-CUST-2799
SYN-00720,SYN-CUST-0160
SYN-00721,SYN-CUST-0721
SYN-00722,SYN-CUST-1282
SYN-00723,SYN-CUST-1843
SYN-00724,SYN-CUST-2404
SYN-00725,SYN-CUST-2965
SYN-00726,SYN-CUST-0326
SYN-00727,SYN-CUST-0887
SYN-00728,SYN-CUST-1448
SYN-00729,SYN-CUST-2009
SYN-00730,SYN-CUST-2570
SYN-00731,SYN-CUST-3131
SYN-00732,SYN-CUST-0492
SYN-00733,SYN-CUST-1053
SYN-00734,SYN-CUST-1614
SYN-00735,SYN-CUST-2175
SYN-00736,SYN-CUST-2736
SYN-00737,SYN-CUST-0097
SYN-00738,SYN-CUST-0658
SYN-00739,SYN-CUST-1219
SYN-00740,SYN-CUST-1780
SYN-00741,SYN-CUST-2341
SYN-00742,SYN-CUST-2902
SYN-00743,SYN-CUST-0263
SYN-00744,SYN-CUST-0824
SYN-00745,SYN-CUST-1385
SYN-00746,SYN-CUST-1946
SYN-00747,SYN-CUST-2507
SYN-00748,SYN-CUST-3068
SYN-00749,SYN-CUST-0429
SYN-00750,SYN-CUST-0990
SYN-00751,SYN-CUST-1551
SYN-00752,SYN-CUST-2112
SYN-00753,SYN-CUST-2673
SYN-00754,SYN-CUST-0034
SYN-00755,SYN-CUST-0595
SYN-00756,SYN-CUST-1156
SYN-00757,SYN-CUST-1717
SYN-00758,SYN-CUST-2278
SYN-00759,SYN-CUST-2839
SYN-00760,SYN-CUST-0200
SYN-00761,SYN-CUST-0761
SYN-00762,SYN-CUST-1322
SYN-00763,SYN-CUST-1883
SYN-00764,SYN-CUST-2444
SYN-00765,SYN-CUST-3005
SYN-00766,SYN-CUST-0366
SYN-00767,SYN-CUST-0927
SYN-00768,SYN-CUST-1488
SYN-00769,SYN-CUST-2049
SYN-00770,SYN-CUST-2610
SYN-00771,SYN-CUST-3171
SYN-00772,SYN-CUST-0532
SYN-00773,SYN-CUST-1093
SYN-00774,SYN-CUST-1654
SYN-00775,SYN-CUST-2215
SYN-00776,SYN-CUST-2776
SYN-00777,SYN-CUST-0137
SYN-00778,SYN-CUST-0698
SYN-00779,SYN-CUST-1259
SYN-00780,SYN-CUST-1820
SYN-00781,SYN-CUST-2381
SYN-00782,SYN-CUST-2942
SYN-00783,SYN-CUST-0303
SYN-00784,SYN-CUST-0864
SYN-00785,SYN-CUST-1425
SYN-00786,SYN-CUST-1986
SYN-00787,SYN-CUST-2547
SYN-00788,SYN-CUST-3108
SYN-00789,SYN-CUST-0469
SYN-00790,SYN-CUST-1030
SYN-00791,SYN-CUST-1591
SYN-00792,SYN-CUST-2152
SYN-00793,SYN-CUST-2713
SYN-00794,SYN-CUST-0074
SYN-00795,SYN-CUST-0635
SYN-00796,SYN-CUST-1196
SYN-00797,SYN-CUST-1757
SYN-00798,SYN-CUST-2318
SYN-00799,SYN-CUST-2879
SYN-00800,SYN-CUST-0240
SYN-00801,SYN-CUST-0801
SYN-00802,SYN-CUST-1362
SYN-00803,SYN-CUST-1923
SYN-00804,SYN-CUST-2484
SYN-00805,SYN-CUST-3045
SYN-00806,SYN-CUST-0406
SYN-00807,SYN-CUST-0967
SYN-00808,SYN-CUST-1528
SYN-00809,SYN-CUST-2089
SYN-00810,SYN-CUST-2650
SYN-00811,SYN-CUST-0011
SYN-00812,SYN-CUST-0572
SYN-00813,SYN-CUST-1133
SYN-00814,SYN-CUST-1694
SYN-00815,SYN-CUST-2255
SYN-00816,SYN-CUST-2816
SYN-00817,SYN-CUST-0177
SYN-00818,SYN-CUST-0738
SYN-00819,SYN-CUST-1299
SYN-00820,SYN-CUST-1860
SYN-00821,SYN-CUST-2421
SYN-00822,SYN-CUST-2982
SYN-00823,SYN-CUST-0343
SYN-00824,SYN-CUST-0904
SYN-00825,SYN-CUST-1465
SYN-00826,SYN-CUST-2026
SYN-00827,SYN-CUST-2587
SYN-00828,SYN-CUST-3148
SYN-00829,SYN-CUST-0509
SYN-00830,SYN-CUST-1070
SYN-00831,SYN-CUST-1631
SYN-00832,SYN-CUST-2192
SYN-00833,SYN-CUST-2753
SYN-00834,SYN-CUST-0114
SYN-00835,SYN-CUST-0675
SYN-00836,SYN-CUST-1236
SYN-00837,SYN-CUST-1797
SYN-00838,SYN-CUST-2358
SYN-00839,SYN-CUST-2919
SYN-00840,SYN-CUST-0280
SYN-00841,SYN-CUST-0841
SYN-00842,SYN-CUST-1402
SYN-00843,SYN-CUST-1963
SYN-00844,SYN-CUST-2524
SYN-00845,SYN-CUST-3085
SYN-00846,SYN-CUST-0446
SYN-00847,SYN-CUST-1007
SYN-00848,SYN-CUST-1568
SYN-00849,SYN-CUST-2129
SYN-00850,SYN-CUST-2690
SYN-00851,SYN-CUST-0051
SYN-00852,SYN-CUST-0612
SYN-00853,SYN-CUST-1173
SYN-00854,SYN-CUST-1734
SYN-00855,SYN-CUST-2295
SYN-00856,SYN-CUST-2856
SYN-00857,SYN-CUST-0217
SYN-00858,SYN-CUST-0778
SYN-00859,SYN-CUST-1339
SYN-00860,SYN-CUST-1900
SYN-00861,SYN-CUST-2461
SYN-00862,SYN-CUST-3022
SYN-00863,SYN-CUST-0383
SYN-00864,SYN-CUST-0944
SYN-00865,SYN-CUST-1505
SYN-00866,SYN-CUST-2066
SYN-00867,SYN-CUST-2627
SYN-00868,SYN-CUST-3188
SYN-00869,SYN-CUST-0549
SYN-00870,SYN-CUST-1110
SYN-00871,SYN-CUST-1671
SYN-00872,SYN-CUST-2232
SYN-00873,SYN-CUST-2793
SYN-00874,SYN-CUST-0154
SYN-00875,SYN-CUST-0715
SYN-00876,SYN-CUST-1276
SYN-00877,SYN-CUST-1837
SYN-00878,SYN-CUST-2398
SYN-00879,SYN-CUST-2959
SYN-00880,SYN-CUST-0320
SYN-00881,SYN-CUST-0881
SYN-00882,SYN-CUST-1442
SYN-00883,SYN-CUST-2003
SYN-00884,SYN-CUST-2564
SYN-00885,SYN-CUST-3125
SYN-00886,SYN-CUST-0486
SYN-00887,SYN-CUST-1047
SYN-00888,SYN-CUST-1608
SYN-00889,SYN-CUST-2169
SYN-00890,SYN-CUST-2730
SYN-00891,SYN-CUST-0091
SYN-00892,SYN-CUST-0652
SYN-00893,SYN-CUST-1213
SYN-00894,SYN-CUST-1774
SYN-00895,SYN-CUST-2335
SYN-00896,SYN-CUST-2896
SYN-00897,SYN-CUST-0257
SYN-00898,SYN-CUST-0818
SYN-00899,SYN-CUST-1379
SYN-00900,SYN-CUST-1940
SYN-00901,SYN-CUST-2501
SYN-00902,SYN-CUST-3062
SYN-00903,SYN-CUST-0423
SYN-00904,SYN-CUST-0984
SYN-00905,SYN-CUST-1545
SYN-00906,SYN-CUST-2106
SYN-00907,SYN-CUST-2667
SYN-00908,SYN-CUST-0028
SYN-00909,SYN-CUST-0589
SYN-00910,SYN-CUST-1150
SYN-00911,SYN-CUST-1711
SYN-00912,SYN-CUST-2272
SYN-00913,SYN-CUST-2833
SYN-00914,SYN-CUST-0194
SYN-00915,SYN-CUST-0755
SYN-00916,SYN-CUST-1316
SYN-00917,SYN-CUST-1877
SYN-00918,SYN-CUST-2438
SYN-00919,SYN-CUST-2999
SYN-00920,SYN-CUST-0360
SYN-00921,SYN-CUST-0921
SYN-00922,SYN-CUST-1482
SYN-00923,SYN-CUST-2043
SYN-00924,SYN-CUST-2604
SYN-00925,SYN-CUST-3165
SYN-00926,SYN-CUST-0526
SYN-00927,SYN-CUST-1087
SYN-00928,SYN-CUST-1648
SYN-00929,SYN-CUST-2209
SYN-00930,SYN-CUST-2770
SYN-00931,SYN-CUST-0131
SYN-00932,SYN-CUST-0692
SYN-00933,SYN-CUST-1253
SYN-00934,SYN-CUST-1814
SYN-00935,SYN-CUST-2375
SYN-00936,SYN-CUST-2936
SYN-00937,SYN-CUST-0297
SYN-00938,SYN-CUST-0858
SYN-00939,SYN-CUST-1419
SYN-00940,SYN-CUST-1980
SYN-00941,SYN-CUST-2541
SYN-00942,SYN-CUST-3102
SYN-00943,SYN-CUST-0463
SYN-00944,SYN-CUST-1024
SYN-00945,SYN-CUST-1585
SYN-00946,SYN-CUST-2146
SYN-00947,SYN-CUST-2707
SYN-00948,SYN-CUST-0068
SYN-00949,SYN-CUST-0629
SYN-00950,SYN-CUST-1190
SYN-00951,SYN-CUST-1751
SYN-00952,SYN-CUST-2312
SYN-00953,SYN-CUST-2873
SYN-00954,SYN-CUST-0234
SYN-00955,SYN-CUST-0795
SYN-00956,SYN-CUST-1356
SYN-00957,SYN-CUST-1917
SYN-00958,SYN-CUST-2478
SYN-00959,SYN-CUST-3039
SYN-00960,SYN-CUST-0400
SYN-00961,SYN-CUST-0961
SYN-00962,SYN-CUST-1522
SYN-00963,SYN-CUST-2083
SYN-00964,SYN-CUST-2644
SYN-00965,SYN-CUST-0005
SYN-00966,SYN-CUST-0566
SYN-00967,SYN-CUST-1127
SYN-00968,SYN-CUST-1688
SYN-00969,SYN-CUST-2249
SYN-00970,SYN-CUST-2810
SYN-00971,SYN-CUST-0171
SYN-00972,SYN-CUST-0732
SYN-00973,SYN-CUST-1293
SYN-00974,SYN-CUST-1854
SYN-00975,SYN-CUST-2415
SYN-00976,SYN-CUST-2976
SYN-00977,SYN-CUST-0337
SYN-00978,SYN-CUST-0898
SYN-00979,SYN-CUST-1459
SYN-00980,SYN-CUST-2020
SYN-00981,SYN-CUST-2581
SYN-00982,SYN-CUST-3142
SYN-00983,SYN-CUST-0503
SYN-00984,SYN-CUST-1064
SYN-00985,SYN-CUST-1625
SYN-00986,SYN-CUST-2186
SYN-00987,SYN-CUST-2747
SYN-00988,SYN-CUST-0108
SYN-00989,SYN-CUST-0669
SYN-00990,SYN-CUST-1230
SYN-00991,SYN-CUST-1791
SYN-00992,SYN-CUST-2352
SYN-00993,SYN-CUST-2913
SYN-00994,SYN-CUST-0274
SYN-00995,SYN-CUST-0835
SYN-00996,SYN-CUST-1396
SYN-00997,SYN-CUST-1957
SYN-00998,SYN-CUST-2518
SYN-00999,SYN-CUST-3079
SYN-01000,SYN-CUST-0440
SYN-01001,SYN-CUST-1001
SYN-01002,SYN-CUST-1562
SYN-01003,SYN-CUST-2123
SYN-01004,SYN-CUST-2684
SYN-01005,SYN-CUST-0045
SYN-01006,SYN-CUST-0606
SYN-01007,SYN-CUST-1167
SYN-01008,SYN-CUST-1728
SYN-01009,SYN-CUST-2289
SYN-01010,SYN-CUST-2850
SYN-01011,SYN-CUST-0211
SYN-01012,SYN-CUST-0772
SYN-01013,SYN-CUST-1333
SYN-01014,SYN-CUST-1894
SYN-01015,SYN-CUST-2455
SYN-01016,SYN-CUST-3016
SYN-01017,SYN-CUST-0377
SYN-01018,SYN-CUST-0938
SYN-01019,SYN-CUST-1499
SYN-01020,SYN-CUST-2060
SYN-01021,SYN-CUST-2621
SYN-01022,SYN-CUST-3182
SYN-01023,SYN-CUST-0543
SYN-01024,SYN-CUST-1104
SYN-01025,SYN-CUST-1665
SYN-01026,SYN-CUST-2226
SYN-01027,SYN-CUST-2787
SYN-01028,SYN-CUST-0148
SYN-01029,SYN-CUST-0709
SYN-01030,SYN-CUST-1270
SYN-01031,SYN-CUST-1831
SYN-01032,SYN-CUST-2392
SYN-01033,SYN-CUST-2953
SYN-01034,SYN-CUST-0314
SYN-01035,SYN-CUST-0875
SYN-01036,SYN-CUST-1436
SYN-01037,SYN-CUST-1997
SYN-01038,SYN-CUST-2558
SYN-01039,SYN-CUST-3119
SYN-01040,SYN-CUST-0480
SYN-01041,SYN-CUST-1041
SYN-01042,SYN-CUST-1602
SYN-01043,SYN-CUST-2163
SYN-01044,SYN-CUST-2724
SYN-01045,SYN-CUST-0085
SYN-01046,SYN-CUST-0646
SYN-01047,SYN-CUST-1207
SYN-01048,SYN-CUST-1768
SYN-01049,SYN-CUST-2329
SYN-01050,SYN-CUST-2890
SYN-01051,SYN-CUST-0251
SYN-01052,SYN-CUST-0812
SYN-01053,SYN-CUST-1373
SYN-01054,SYN-CUST-1934
SYN-01055,SYN-CUST-2495
SYN-01056,SYN-CUST-3056
SYN-01057,SYN-CUST-0417
SYN-01058,SYN-CUST-0978
SYN-01059,SYN-CUST-1539
SYN-01060,SYN-CUST-2100
SYN-01061,SYN-CUST-2661
SYN-01062,SYN-CUST-0022
SYN-01063,SYN-CUST-0583
SYN-01064,SYN-CUST-1144
SYN-01065,SYN-CUST-1705
SYN-01066,SYN-CUST-2266
SYN-01067,SYN-CUST-2827
SYN-01068,SYN-CUST-0188
SYN-01069,SYN-CUST-0749
SYN-01070,SYN-CUST-1310
SYN-01071,SYN-CUST-1871
SYN-01072,SYN-CUST-2432
SYN-01073,SYN-CUST-2993
SYN-01074,SYN-CUST-0354
SYN-01075,SYN-CUST-0915
SYN-01076,SYN-CUST-1476
SYN-01077,SYN-CUST-2037
SYN-01078,SYN-CUST-2598
SYN-01079,SYN-CUST-3159
SYN-01080,SYN-CUST-0520
SYN-01081,SYN-CUST-1081
SYN-01082,SYN-CUST-1642
SYN-01083,SYN-CUST-2203
SYN-01084,SYN-CUST-2764
SYN-01085,SYN-CUST-0125
SYN-01086,SYN-CUST-0686
SYN-01087,SYN-CUST-1247
SYN-01088,SYN-CUST-1808
SYN-01089,SYN-CUST-2369
SYN-01090,SYN-CUST-2930
SYN-01091,SYN-CUST-0291
SYN-01092,SYN-CUST-0852
SYN-01093,SYN-CUST-1413
SYN-01094,SYN-CUST-1974
SYN-01095,SYN-CUST-2535
SYN-01096,SYN-CUST-3096
SYN-01097,SYN-CUST-0457
SYN-01098,SYN-CUST-1018
SYN-01099,SYN-CUST-1579
SYN-01100,SYN-CUST-2140
SYN-01101,SYN-CUST-2701
SYN-01102,SYN-CUST-0062
SYN-01103,SYN-CUST-0623
SYN-01104,SYN-CUST-1184
SYN-01105,SYN-CUST-1745
SYN-01106,SYN-CUST-2306
SYN-01107,SYN-CUST-2867
SYN-01108,SYN-CUST-0228
SYN-01109,SYN-CUST-0789
SYN-01110,SYN-CUST-1350
SYN-01111,SYN-CUST-1911
SYN-01112,SYN-CUST-2472
SYN-01113,SYN-CUST-3033
SYN-01114,SYN-CUST-0394
SYN-01115,SYN-CUST-0955
SYN-01116,SYN-CUST-1516
SYN-01117,SYN-CUST-2077
SYN-01118,SYN-CUST-2638
SYN-01119,SYN-CUST-3199
SYN-01120,SYN-CUST-0560
SYN-01121,SYN-CUST-1121
SYN-01122,SYN-CUST-1682
SYN-01123,SYN-CUST-2243
SYN-01124,SYN-CUST-2804
SYN-01125,SYN-CUST-0165
SYN-01126,SYN-CUST-0726
SYN-01127,SYN-CUST-1287
SYN-01128,SYN-CUST-1848
SYN-01129,SYN-CUST-2409
SYN-01130,SYN-CUST-2970
SYN-01131,SYN-CUST-0331
SYN-01132,SYN-CUST-0892
SYN-01133,SYN-CUST-1453
SYN-01134,SYN-CUST-2014
SYN-01135,SYN-CUST-2575
SYN-01136,SYN-CUST-3136
SYN-01137,SYN-CUST-0497
SYN-01138,SYN-CUST-1058
SYN-01139,SYN-CUST-1619
SYN-01140,SYN-CUST-2180
SYN-01141,SYN-CUST-2741
SYN-01142,SYN-CUST-0102
SYN-01143,SYN-CUST-0663
SYN-01144,SYN-CUST-1224
SYN-01145,SYN-CUST-1785
SYN-01146,SYN-CUST-2346
SYN-01147,SYN-CUST-2907
SYN-01148,SYN-CUST-0268
SYN-01149,SYN-CUST-0829
SYN-01150,SYN-CUST-1390
SYN-01151,SYN-CUST-1951
SYN-01152,SYN-CUST-2512
SYN-01153,SYN-CUST-3073
SYN-01154,SYN-CUST-0434
SYN-01155,SYN-CUST-0995
SYN-01156,SYN-CUST-1556
SYN-01157,SYN-CUST-2117
SYN-01158,SYN-CUST-2678
SYN-01159,SYN-CUST-0039
SYN-01160,SYN-CUST-0600
SYN-01161,SYN-CUST-1161
SYN-01162,SYN-CUST-1722
SYN-01163,SYN-CUST-2283
SYN-01164,SYN-CUST-2844
SYN-01165,SYN-CUST-0205
SYN-01166,SYN-CUST-0766
SYN-01167,SYN-CUST-1327
SYN-01168,SYN-CUST-1888
SYN-01169,SYN-CUST-2449
SYN-01170,SYN-CUST-3010
SYN-01171,SYN-CUST-0371
SYN-01172,SYN-CUST-0932
SYN-01173,SYN-CUST-1493
SYN-01174,SYN-CUST-2054
SYN-01175,SYN-CUST-2615
SYN-01176,SYN-CUST-3176
SYN-01177,SYN-CUST-0537
SYN-01178,SYN-CUST-1098
SYN-01179,SYN-CUST-1659
SYN-01180,SYN-CUST-2220
SYN-01181,SYN-CUST-2781
SYN-01182,SYN-CUST-0142
SYN-01183,SYN-CUST-0703
SYN-01184,SYN-CUST-1264
SYN-01185,SYN-CUST-1825
SYN-01186,SYN-CUST-2386
SYN-01187,SYN-CUST-2947
SYN-01188,SYN-CUST-0308
SYN-01189,SYN-CUST-0869
SYN-01190,SYN-CUST-1430
SYN-01191,SYN-CUST-1991
SYN-01192,SYN-CUST-2552
SYN-01193,SYN-CUST-3113
SYN-01194,SYN-CUST-0474
SYN-01195,SYN-CUST-1035
SYN-01196,SYN-CUST-1596
SYN-01197,SYN-CUST-2157
SYN-01198,SYN-CUST-2718
SYN-01199,SYN-CUST-0079
SYN-01200,SYN-CUST-0640
SYN-01201,SYN-CUST-1201
SYN-01202,SYN-CUST-1762
SYN-01203,SYN-CUST-2323
SYN-01204,SYN-CUST-2884
SYN-01205,SYN-CUST-0245
SYN-01206,SYN-CUST-0806
SYN-01207,SYN-CUST-1367
SYN-01208,SYN-CUST-1928
SYN-01209,SYN-CUST-2489
SYN-01210,SYN-CUST-3050
SYN-01211,SYN-CUST-0411
SYN-01212,SYN-CUST-0972
SYN-01213,SYN-CUST-1533
SYN-01214,SYN-CUST-2094
SYN-01215,SYN-CUST-2655
SYN-01216,SYN-CUST-0016
SYN-01217,SYN-CUST-0577
SYN-01218,SYN-CUST-1138
SYN-01219,SYN-CUST-1699
SYN-01220,SYN-CUST-2260
SYN-01221,SYN-CUST-2821
SYN-01222,SYN-CUST-0182
SYN-01223,SYN-CUST-0743
SYN-01224,SYN-CUST-1304
SYN-01225,SYN-CUST-1865
SYN-01226,SYN-CUST-2426
SYN-01227,SYN-CUST-2987
SYN-01228,SYN-CUST-0348
SYN-01229,SYN-CUST-0909
SYN-01230,SYN-CUST-1470
SYN-01231,SYN-CUST-2031
SYN-01232,SYN-CUST-2592
SYN-01233,SYN-CUST-3153
SYN-01234,SYN-CUST-0514
SYN-01235,SYN-CUST-1075
SYN-01236,SYN-CUST-1636
SYN-01237,SYN-CUST-2197
SYN-01238,SYN-CUST-2758
SYN-01239,SYN-CUST-0119
SYN-01240,SYN-CUST-0680
SYN-01241,SYN-CUST-1241
SYN-01242,SYN-CUST-1802
SYN-01243,SYN-CUST-2363
SYN-01244,SYN-CUST-2924
SYN-01245,SYN-CUST-0285
SYN-01246,SYN-CUST-0846
SYN-01247,SYN-CUST-1407
SYN-01248,SYN-CUST-1968
SYN-01249,SYN-CUST-2529
SYN-01250,SYN-CUST-3090
SYN-01251,SYN-CUST-0451
SYN-01252,SYN-CUST-1012
SYN-01253,SYN-CUST-1573
SYN-01254,SYN-CUST-2134
SYN-01255,SYN-CUST-2695
SYN-01256,SYN-CUST-0056
SYN-01257,SYN-CUST-0617
SYN-01258,SYN-CUST-1178
SYN-01259,SYN-CUST-1739
SYN-01260,SYN-CUST-2300
SYN-01261,SYN-CUST-2861
SYN-01262,SYN-CUST-0222
SYN-01263,SYN-CUST-0783
SYN-01264,SYN-CUST-1344
SYN-01265,SYN-CUST-1905
SYN-01266,SYN-CUST-2466
SYN-01267,SYN-CUST-3027
SYN-01268,SYN-CUST-0388
SYN-01269,SYN-CUST-0949
SYN-01270,SYN-CUST-1510
SYN-01271,SYN-CUST-2071
SYN-01272,SYN-CUST-2632
SYN-01273,SYN-CUST-3193
SYN-01274,SYN-CUST-0554
SYN-01275,SYN-CUST-1115
SYN-01276,SYN-CUST-1676
SYN-01277,SYN-CUST-2237
SYN-01278,SYN-CUST-2798
SYN-01279,SYN-CUST-0159
SYN-01280,SYN-CUST-0720
SYN-01281,SYN-CUST-1281
SYN-01282,SYN-CUST-1842
SYN-01283,SYN-CUST-2403
SYN-01284,SYN-CUST-2964
SYN-01285,SYN-CUST-0325
SYN-01286,SYN-CUST-0886
SYN-01287,SYN-CUST-1447
SYN-01288,SYN-CUST-2008
SYN-01289,SYN-CUST-2569
SYN-01290,SYN-CUST-3130
SYN-01291,SYN-CUST-0491
SYN-01292,SYN-CUST-1052
SYN-01293,SYN-CUST-1613
SYN-01294,SYN-CUST-2174
SYN-01295,SYN-CUST-2735
SYN-01296,SYN-CUST-0096
SYN-01297,SYN-CUST-0657
SYN-01298,SYN-CUST-1218
SYN-01299,SYN-CUST-1779
SYN-01300,SYN-CUST-2340
SYN-01301,SYN-CUST-2901
SYN-01302,SYN-CUST-0262
SYN-01303,SYN-CUST-0823
SYN-01304,SYN-CUST-1384
SYN-01305,SYN-CUST-1945
SYN-01306,SYN-CUST-2506
SYN-01307,SYN-CUST-3067
SYN-01308,SYN-CUST-0428
SYN-01309,SYN-CUST-0989
SYN-01310,SYN-CUST-1550
SYN-01311,SYN-CUST-2111
SYN-01312,SYN-CUST-2672
SYN-01313,SYN-CUST-0033
SYN-01314,SYN-CUST-0594
SYN-01315,SYN-CUST-1155
SYN-01316,SYN-CUST-1716
SYN-01317,SYN-CUST-2277
SYN-01318,SYN-CUST-2838
SYN-01319,SYN-CUST-0199
SYN-01320,SYN-CUST-0760
SYN-01321,SYN-CUST-1321
SYN-01322,SYN-CUST-1882
SYN-01323,SYN-CUST-2443
SYN-01324,SYN-CUST-3004
SYN-01325,SYN-CUST-0365
SYN-01326,SYN-CUST-0926
SYN-01327,SYN-CUST-1487
SYN-01328,SYN-CUST-2048
SYN-01329,SYN-CUST-2609
SYN-01330,SYN-CUST-3170
SYN-01331,SYN-CUST-0531
SYN-01332,SYN-CUST-1092
SYN-01333,SYN-CUST-1653
SYN-01334,SYN-CUST-2214
SYN-01335,SYN-CUST-2775
SYN-01336,SYN-CUST-0136
SYN-01337,SYN-CUST-0697
SYN-01338,SYN-CUST-1258
SYN-01339,SYN-CUST-1819
SYN-01340,SYN-CUST-2380
SYN-01341,SYN-CUST-2941
SYN-01342,SYN-CUST-0302
SYN-01343,SYN-CUST-0863
SYN-01344,SYN-CUST-1424
SYN-01345,SYN-CUST-1985
SYN-01346,SYN-CUST-2546
SYN-01347,SYN-CUST-3107
SYN-01348,SYN-CUST-0468
SYN-01349,SYN-CUST-1029
SYN-01350,SYN-CUST-1590
SYN-01351,SYN-CUST-2151
SYN-01352,SYN-CUST-2712
SYN-01353,SYN-CUST-0073
SYN-01354,SYN-CUST-0634
SYN-01355,SYN-CUST-1195
SYN-01356,SYN-CUST-1756
SYN-01357,SYN-CUST-2317
SYN-01358,SYN-CUST-2878
SYN-01359,SYN-CUST-0239
SYN-01360,SYN-CUST-0800
SYN-01361,SYN-CUST-1361
SYN-01362,SYN-CUST-1922
SYN-01363,SYN-CUST-2483
SYN-01364,SYN-CUST-3044
SYN-01365,SYN-CUST-0405
SYN-01366,SYN-CUST-0966
SYN-01367,SYN-CUST-1527
SYN-01368,SYN-CUST-2088
SYN-01369,SYN-CUST-2649
SYN-01370,SYN-CUST-0010
SYN-01371,SYN-CUST-0571
SYN-01372,SYN-CUST-1132
SYN-01373,SYN-CUST-1693
SYN-01374,SYN-CUST-2254
SYN-01375,SYN-CUST-2815
SYN-01376,SYN-CUST-0176
SYN-01377,SYN-CUST-0737
SYN-01378,SYN-CUST-1298
SYN-01379,SYN-CUST-1859
SYN-01380,SYN-CUST-2420
SYN-01381,SYN-CUST-2981
SYN-01382,SYN-CUST-0342
SYN-01383,SYN-CUST-0903
SYN-01384,SYN-CUST-1464
SYN-01385,SYN-CUST-2025
SYN-01386,SYN-CUST-2586
SYN-01387,SYN-CUST-3147
SYN-01388,SYN-CUST-0508
SYN-01389,SYN-CUST-1069
SYN-01390,SYN-CUST-1630
SYN-01391,SYN-CUST-2191
SYN-01392,SYN-CUST-2752
SYN-01393,SYN-CUST-0113
SYN-01394,SYN-CUST-0674
SYN-01395,SYN-CUST-1235
SYN-01396,SYN-CUST-1796
SYN-01397,SYN-CUST-2357
SYN-01398,SYN-CUST-2918
SYN-01399,SYN-CUST-0279
SYN-01400,SYN-CUST-0840
SYN-01401,SYN-CUST-1401
SYN-01402,SYN-CUST-1962
SYN-01403,SYN-CUST-2523
SYN-01404,SYN-CUST-3084
SYN-01405,SYN-CUST-0445
SYN-01406,SYN-CUST-1006
SYN-01407,SYN-CUST-1567
SYN-01408,SYN-CUST-2128
SYN-01409,SYN-CUST-2689
SYN-01410,SYN-CUST-0050
SYN-01411,SYN-CUST-0611
SYN-01412,SYN-CUST-1172
SYN-01413,SYN-CUST-1733
SYN-01414,SYN-CUST-2294
SYN-01415,SYN-CUST-2855
SYN-01416,SYN-CUST-0216
SYN-01417,SYN-CUST-0777
SYN-01418,SYN-CUST-1338
SYN-01419,SYN-CUST-1899
SYN-01420,SYN-CUST-2460
SYN-01421,SYN-CUST-3021
SYN-01422,SYN-CUST-0382
SYN-01423,SYN-CUST-0943
SYN-01424,SYN-CUST-1504
SYN-01425,SYN-CUST-2065
SYN-01426,SYN-CUST-2626
SYN-01427,SYN-CUST-3187
SYN-01428,SYN-CUST-0548
SYN-01429,SYN-CUST-1109
SYN-01430,SYN-CUST-1670
SYN-01431,SYN-CUST-2231
SYN-01432,SYN-CUST-2792
SYN-01433,SYN-CUST-0153
SYN-01434,SYN-CUST-0714
SYN-01435,SYN-CUST-1275
SYN-01436,SYN-CUST-1836
SYN-01437,SYN-CUST-2397
SYN-01438,SYN-CUST-2958
SYN-01439,SYN-CUST-0319
SYN-01440,SYN-CUST-0880
SYN-01441,SYN-CUST-1441
SYN-01442,SYN-CUST-2002
SYN-01443,SYN-CUST-2563
SYN-01444,SYN-CUST-3124
SYN-01445,SYN-CUST-0485
SYN-01446,SYN-CUST-1046
SYN-01447,SYN-CUST-1607
SYN-01448,SYN-CUST-2168
SYN-01449,SYN-CUST-2729
SYN-01450,SYN-CUST-0090
SYN-01451,SYN-CUST-0651
SYN-01452,SYN-CUST-1212
SYN-01453,SYN-CUST-1773
SYN-01454,SYN-CUST-2334
SYN-01455,SYN-CUST-2895
SYN-01456,SYN-CUST-0256
SYN-01457,SYN-CUST-0817
SYN-01458,SYN-CUST-1378
SYN-01459,SYN-CUST-1939
SYN-01460,SYN-CUST-2500
SYN-01461,SYN-CUST-3061
SYN-01462,SYN-CUST-0422
SYN-01463,SYN-CUST-0983
SYN-01464,SYN-CUST-1544
SYN-01465,SYN-CUST-2105
SYN-01466,SYN-CUST-2666
SYN-01467,SYN-CUST-0027
SYN-01468,SYN-CUST-0588
SYN-01469,SYN-CUST-1149
SYN-01470,SYN-CUST-1710
SYN-01471,SYN-CUST-2271
SYN-01472,SYN-CUST-2832
SYN-01473,SYN-CUST-0193
SYN-01474,SYN-CUST-0754
SYN-01475,SYN-CUST-1315
SYN-01476,SYN-CUST-1876
SYN-01477,SYN-CUST-2437
SYN-01478,SYN-CUST-2998
SYN-01479,SYN-CUST-0359
SYN-01480,SYN-CUST-0920
SYN-01481,SYN-CUST-1481
SYN-01482,SYN-CUST-2042
SYN-01483,SYN-CUST-2603
SYN-01484,SYN-CUST-3164
SYN-01485,SYN-CUST-0525
SYN-01486,SYN-CUST-1086
SYN-01487,SYN-CUST-1647
SYN-01488,SYN-CUST-2208
SYN-01489,SYN-CUST-2769
SYN-01490,SYN-CUST-0130
SYN-01491,SYN-CUST-0691
SYN-01492,SYN-CUST-1252
SYN-01493,SYN-CUST-1813
SYN-01494,SYN-CUST-2374
SYN-01495,SYN-CUST-2935
SYN-01496,SYN-CUST-0296
SYN-01497,SYN-CUST-0857
SYN-01498,SYN-CUST-1418
SYN-01499,SYN-CUST-1979
SYN-01500,SYN-CUST-2540
SYN-01501,SYN-CUST-3101
SYN-01502,SYN-CUST-0462
SYN-01503,SYN-CUST-1023
SYN-01504,SYN-CUST-1584
SYN-01505,SYN-CUST-2145
SYN-01506,SYN-CUST-2706
SYN-01507,SYN-CUST-0067
SYN-01508,SYN-CUST-0628
SYN-01509,SYN-CUST-1189
SYN-01510,SYN-CUST-1750
SYN-01511,SYN-CUST-2311
SYN-01512,SYN-CUST-2872
SYN-01513,SYN-CUST-0233
SYN-01514,SYN-CUST-0794
SYN-01515,SYN-CUST-1355
SYN-01516,SYN-CUST-1916
SYN-01517,SYN-CUST-2477
SYN-01518,SYN-CUST-3038
SYN-01519,SYN-CUST-0399
SYN-01520,SYN-CUST-0960
SYN-01521,SYN-CUST-1521
SYN-01522,SYN-CUST-2082
SYN-01523,SYN-CUST-2643
SYN-01524,SYN-CUST-0004
SYN-01525,SYN-CUST-0565
SYN-01526,SYN-CUST-1126
SYN-01527,SYN-CUST-1687
SYN-01528,SYN-CUST-2248
SYN-01529,SYN-CUST-2809
SYN-01530,SYN-CUST-0170
SYN-01531,SYN-CUST-0731
SYN-01532,SYN-CUST-1292
SYN-01533,SYN-CUST-1853
SYN-01534,SYN-CUST-2414
SYN-01535,SYN-CUST-2975
SYN-01536,SYN-CUST-0336
SYN-01537,SYN-CUST-0897
SYN-01538,SYN-CUST-1458
SYN-01539,SYN-CUST-2019
SYN-01540,SYN-CUST-2580
SYN-01541,SYN-CUST-3141
SYN-01542,SYN-CUST-0502
SYN-01543,SYN-CUST-1063
SYN-01544,SYN-CUST-1624
SYN-01545,SYN-CUST-2185
SYN-01546,SYN-CUST-2746
SYN-01547,SYN-CUST-0107
SYN-01548,SYN-CUST-0668
SYN-01549,SYN-CUST-1229
SYN-01550,SYN-CUST-1790
SYN-01551,SYN-CUST-2351
SYN-01552,SYN-CUST-2912
SYN-01553,SYN-CUST-0273
SYN-01554,SYN-CUST-0834
SYN-01555,SYN-CUST-1395
SYN-01556,SYN-CUST-1956
SYN-01557,SYN-CUST-2517
SYN-01558,SYN-CUST-3078
SYN-01559,SYN-CUST-0439
SYN-01560,SYN-CUST-1000
SYN-01561,SYN-CUST-1561
SYN-01562,SYN-CUST-2122
SYN-01563,SYN-CUST-2683
SYN-01564,SYN-CUST-0044
SYN-01565,SYN-CUST-0605
SYN-01566,SYN-CUST-1166
SYN-01567,SYN-CUST-1727
SYN-01568,SYN-CUST-2288
SYN-01569,SYN-CUST-2849
SYN-01570,SYN-CUST-0210
SYN-01571,SYN-CUST-0771
SYN-01572,SYN-CUST-1332
SYN-01573,SYN-CUST-1893
SYN-01574,SYN-CUST-2454
SYN-01575,SYN-CUST-3015
SYN-01576,SYN-CUST-0376
SYN-01577,SYN-CUST-0937
SYN-01578,SYN-CUST-1498
SYN-01579,SYN-CUST-2059
SYN-01580,SYN-CUST-2620
SYN-01581,SYN-CUST-3181
SYN-01582,SYN-CUST-0542
SYN-01583,SYN-CUST-1103
SYN-01584,SYN-CUST-1664
SYN-01585,SYN-CUST-2225
SYN-01586,SYN-CUST-2786
SYN-01587,SYN-CUST-0147
SYN-01588,SYN-CUST-0708
SYN-01589,SYN-CUST-1269
SYN-01590,SYN-CUST-1830
SYN-01591,SYN-CUST-2391
SYN-01592,SYN-CUST-2952
SYN-01593,SYN-CUST-0313
SYN-01594,SYN-CUST-0874
SYN-01595,SYN-CUST-1435
SYN-01596,SYN-CUST-1996
SYN-01597,SYN-CUST-2557
SYN-01598,SYN-CUST-3118
SYN-01599,SYN-CUST-0479
SYN-01600,SYN-CUST-1040
SYN-01601,SYN-CUST-1601
SYN-01602,SYN-CUST-2162
SYN-01603,SYN-CUST-2723
SYN-01604,SYN-CUST-0084
SYN-01605,SYN-CUST-0645
SYN-01606,SYN-CUST-1206
SYN-01607,SYN-CUST-1767
SYN-01608,SYN-CUST-2328
SYN-01609,SYN-CUST-2889
SYN-01610,SYN-CUST-0250
SYN-01611,SYN-CUST-0811
SYN-01612,SYN-CUST-1372
SYN-01613,SYN-CUST-1933
SYN-01614,SYN-CUST-2494
SYN-01615,SYN-CUST-3055
SYN-01616,SYN-CUST-0416
SYN-01617,SYN-CUST-0977
SYN-01618,SYN-CUST-1538
SYN-01619,SYN-CUST-2099
SYN-01620,SYN-CUST-2660
SYN-01621,SYN-CUST-0021
SYN-01622,SYN-CUST-0582
SYN-01623,SYN-CUST-1143
SYN-01624,SYN-CUST-1704
SYN-01625,SYN-CUST-2265
SYN-01626,SYN-CUST-2826
SYN-01627,SYN-CUST-0187
SYN-01628,SYN-CUST-0748
SYN-01629,SYN-CUST-1309
SYN-01630,SYN-CUST-1870
SYN-01631,SYN-CUST-2431
SYN-01632,SYN-CUST-2992
SYN-01633,SYN-CUST-0353
SYN-01634,SYN-CUST-0914
SYN-01635,SYN-CUST-1475
SYN-01636,SYN-CUST-2036
SYN-01637,SYN-CUST-2597
SYN-01638,SYN-CUST-3158
SYN-01639,SYN-CUST-0519
SYN-01640,SYN-CUST-1080
SYN-01641,SYN-CUST-1641
SYN-01642,SYN-CUST-2202
SYN-01643,SYN-CUST-2763
SYN-01644,SYN-CUST-0124
SYN-01645,SYN-CUST-0685
SYN-01646,SYN-CUST-1246
SYN-01647,SYN-CUST-1807
SYN-01648,SYN-CUST-2368
SYN-01649,SYN-CUST-2929
SYN-01650,SYN-CUST-0290
SYN-01651,SYN-CUST-0851
SYN-01652,SYN-CUST-1412
SYN-01653,SYN-CUST-1973
SYN-01654,SYN-CUST-2534
SYN-01655,SYN-CUST-3095
SYN-01656,SYN-CUST-0456
SYN-01657,SYN-CUST-1017
SYN-01658,SYN-CUST-1578
SYN-01659,SYN-CUST-2139
SYN-01660,SYN-CUST-2700
SYN-01661,SYN-CUST-0061
SYN-01662,SYN-CUST-0622
SYN-01663,SYN-CUST-1183
SYN-01664,SYN-CUST-1744
SYN-01665,SYN-CUST-2305
SYN-01666,SYN-CUST-2866
SYN-01667,SYN-CUST-0227
SYN-01668,SYN-CUST-0788
SYN-01669,SYN-CUST-1349
SYN-01670,SYN-CUST-1910
SYN-01671,SYN-CUST-2471
SYN-01672,SYN-CUST-3032
SYN-01673,SYN-CUST-0393
SYN-01674,SYN-CUST-0954
SYN-01675,SYN-CUST-1515
SYN-01676,SYN-CUST-2076
SYN-01677,SYN-CUST-2637
SYN-01678,SYN-CUST-3198
SYN-01679,SYN-CUST-0559
SYN-01680,SYN-CUST-1120
SYN-01681,SYN-CUST-1681
SYN-01682,SYN-CUST-2242
SYN-01683,SYN-CUST-2803
SYN-01684,SYN-CUST-0164
SYN-01685,SYN-CUST-0725
SYN-01686,SYN-CUST-1286
SYN-01687,SYN-CUST-1847
SYN-01688,SYN-CUST-2408
SYN-01689,SYN-CUST-2969
SYN-01690,SYN-CUST-0330
SYN-01691,SYN-CUST-0891
SYN-01692,SYN-CUST-1452
SYN-01693,SYN-CUST-2013
SYN-01694,SYN-CUST-2574
SYN-01695,SYN-CUST-3135
SYN-01696,SYN-CUST-0496
SYN-01697,SYN-CUST-1057
SYN-01698,SYN-CUST-1618
SYN-01699,SYN-CUST-2179
SYN-01700,SYN-CUST-2740
SYN-01701,SYN-CUST-0101
SYN-01702,SYN-CUST-0662
SYN-01703,SYN-CUST-1223
SYN-01704,SYN-CUST-1784
SYN-01705,SYN-CUST-2345
SYN-01706,SYN-CUST-2906
SYN-01707,SYN-CUST-0267
SYN-01708,SYN-CUST-0828
SYN-01709,SYN-CUST-1389
SYN-01710,SYN-CUST-1950
SYN-01711,SYN-CUST-2511
SYN-01712,SYN-CUST-3072
SYN-01713,SYN-CUST-0433
SYN-01714,SYN-CUST-0994
SYN-01715,SYN-CUST-1555
SYN-01716,SYN-CUST-2116
SYN-01717,SYN-CUST-2677
SYN-01718,SYN-CUST-0038
SYN-01719,SYN-CUST-0599
SYN-01720,SYN-CUST-1160
SYN-01721,SYN-CUST-1721
SYN-01722,SYN-CUST-2282
SYN-01723,SYN-CUST-2843
SYN-01724,SYN-CUST-0204
SYN-01725,SYN-CUST-0765
SYN-01726,SYN-CUST-1326
SYN-01727,SYN-CUST-1887
SYN-01728,SYN-CUST-2448
SYN-01729,SYN-CUST-3009
SYN-01730,SYN-CUST-0370
SYN-01731,SYN-CUST-0931
SYN-01732,SYN-CUST-1492
SYN-01733,SYN-CUST-2053
SYN-01734,SYN-CUST-2614
SYN-01735,SYN-CUST-3175
SYN-01736,SYN-CUST-0536
SYN-01737,SYN-CUST-1097
SYN-01738,SYN-CUST-1658
SYN-01739,SYN-CUST-2219
SYN-01740,SYN-CUST-2780
SYN-01741,SYN-CUST-0141
SYN-01742,SYN-CUST-0702
SYN-01743,SYN-CUST-1263
SYN-01744,SYN-CUST-1824
SYN-01745,SYN-CUST-2385
SYN-01746,SYN-CUST-2946
SYN-01747,SYN-CUST-0307
SYN-01748,SYN-CUST-0868
SYN-01749,SYN-CUST-1429
SYN-01750,SYN-CUST-1990
SYN-01751,SYN-CUST-2551
SYN-01752,SYN-CUST-3112
SYN-01753,SYN-CUST-0473
SYN-01754,SYN-CUST-1034
SYN-01755,SYN-CUST-1595
SYN-01756,SYN-CUST-2156
SYN-01757,SYN-CUST-2717
SYN-01758,SYN-CUST-0078
SYN-01759,SYN-CUST-0639
SYN-01760,SYN-CUST-1200
SYN-01761,SYN-CUST-1761
SYN-01762,SYN-CUST-2322
SYN-01763,SYN-CUST-2883
SYN-01764,SYN-CUST-0244
SYN-01765,SYN-CUST-0805
SYN-01766,SYN-CUST-1366
SYN-01767,SYN-CUST-1927
SYN-01768,SYN-CUST-2488
SYN-01769,SYN-CUST-3049
SYN-01770,SYN-CUST-0410
SYN-01771,SYN-CUST-0971
SYN-01772,SYN-CUST-1532
SYN-01773,SYN-CUST-2093
SYN-01774,SYN-CUST-2654
SYN-01775,SYN-CUST-0015
SYN-01776,SYN-CUST-0576
SYN-01777,SYN-CUST-1137
SYN-01778,SYN-CUST-1698
SYN-01779,SYN-CUST-2259
SYN-01780,SYN-CUST-2820
SYN-01781,SYN-CUST-0181
SYN-01782,SYN-CUST-0742
SYN-01783,SYN-CUST-1303
SYN-01784,SYN-CUST-1864
SYN-01785,SYN-CUST-2425
SYN-01786,SYN-CUST-2986
SYN-01787,SYN-CUST-0347
SYN-01788,SYN-CUST-0908
SYN-01789,SYN-CUST-1469
SYN-01790,SYN-CUST-2030
SYN-01791,SYN-CUST-2591
SYN-01792,SYN-CUST-3152
SYN-01793,SYN-CUST-0513
SYN-01794,SYN-CUST-1074
SYN-01795,SYN-CUST-1635
SYN-01796,SYN-CUST-2196
SYN-01797,SYN-CUST-2757
SYN-01798,SYN-CUST-0118
SYN-01799,SYN-CUST-0679
SYN-01800,SYN-CUST-1240
SYN-01801,SYN-CUST-1801
SYN-01802,SYN-CUST-2362
SYN-01803,SYN-CUST-2923
SYN-01804,SYN-CUST-0284
SYN-01805,SYN-CUST-0845
SYN-01806,SYN-CUST-1406
SYN-01807,SYN-CUST-1967
SYN-01808,SYN-CUST-2528
SYN-01809,SYN-CUST-3089
SYN-01810,SYN-CUST-0450
SYN-01811,SYN-CUST-1011
SYN-01812,SYN-CUST-1572
SYN-01813,SYN-CUST-2133
SYN-01814,SYN-CUST-2694
SYN-01815,SYN-CUST-0055
SYN-01816,SYN-CUST-0616
SYN-01817,SYN-CUST-1177
SYN-01818,SYN-CUST-1738
SYN-01819,SYN-CUST-2299
SYN-01820,SYN-CUST-2860
SYN-01821,SYN-CUST-0221
SYN-01822,SYN-CUST-0782
SYN-01823,SYN-CUST-1343
SYN-01824,SYN-CUST-1904
SYN-01825,SYN-CUST-2465
SYN-01826,SYN-CUST-3026
SYN-01827,SYN-CUST-0387
SYN-01828,SYN-CUST-0948
SYN-01829,SYN-CUST-1509
SYN-01830,SYN-CUST-2070
SYN-01831,SYN-CUST-2631
SYN-01832,SYN-CUST-3192
SYN-01833,SYN-CUST-0553
SYN-01834,SYN-CUST-1114
SYN-01835,SYN-CUST-1675
SYN-01836,SYN-CUST-2236
SYN-01837,SYN-CUST-2797
SYN-01838,SYN-CUST-0158
SYN-01839,SYN-CUST-0719
SYN-01840,SYN-CUST-1280
SYN-01841,SYN-CUST-1841
SYN-01842,SYN-CUST-2402
SYN-01843,SYN-CUST-2963
SYN-01844,SYN-CUST-0324
SYN-01845,SYN-CUST-0885
SYN-01846,SYN-CUST-1446
SYN-01847,SYN-CUST-2007
SYN-01848,SYN-CUST-2568
SYN-01849,SYN-CUST-3129
SYN-01850,SYN-CUST-0490
SYN-01851,SYN-CUST-1051
SYN-01852,SYN-CUST-1612
SYN-01853,SYN-CUST-2173
SYN-01854,SYN-CUST-2734
SYN-01855,SYN-CUST-0095
SYN-01856,SYN-CUST-0656
SYN-01857,SYN-CUST-1217
SYN-01858,SYN-CUST-1778
SYN-01859,SYN-CUST-2339
SYN-01860,SYN-CUST-2900
SYN-01861,SYN-CUST-0261
SYN-01862,SYN-CUST-0822
SYN-01863,SYN-CUST-1383
SYN-01864,SYN-CUST-1944
SYN-01865,SYN-CUST-2505
SYN-01866,SYN-CUST-3066
SYN-01867,SYN-CUST-0427
SYN-01868,SYN-CUST-0988
SYN-01869,SYN-CUST-1549
SYN-01870,SYN-CUST-2110
SYN-01871,SYN-CUST-2671
SYN-01872,SYN-CUST-0032
SYN-01873,SYN-CUST-0593
SYN-01874,SYN-CUST-1154
SYN-01875,SYN-CUST-1715
SYN-01876,SYN-CUST-2276
SYN-01877,SYN-CUST-2837
SYN-01878,SYN-CUST-0198
SYN-01879,SYN-CUST-0759
SYN-01880,SYN-CUST-1320
SYN-01881,SYN-CUST-1881
SYN-01882,SYN-CUST-2442
SYN-01883,SYN-CUST-3003
SYN-01884,SYN-CUST-0364
SYN-01885,SYN-CUST-0925
SYN-01886,SYN-CUST-1486
SYN-01887,SYN-CUST-2047
SYN-01888,SYN-CUST-2608
SYN-01889,SYN-CUST-3169
SYN-01890,SYN-CUST-0530
SYN-01891,SYN-CUST-1091
SYN-01892,SYN-CUST-1652
SYN-01893,SYN-CUST-2213
SYN-01894,SYN-CUST-2774
SYN-01895,SYN-CUST-0135
SYN-01896,SYN-CUST-0696
SYN-01897,SYN-CUST-1257
SYN-01898,SYN-CUST-1818
SYN-01899,SYN-CUST-2379
SYN-01900,SYN-CUST-2940
SYN-01901,SYN-CUST-0301
SYN-01902,SYN-CUST-0862
SYN-01903,SYN-CUST-1423
SYN-01904,SYN-CUST-1984
SYN-01905,SYN-CUST-2545
SYN-01906,SYN-CUST-3106
SYN-01907,SYN-CUST-0467
SYN-01908,SYN-CUST-1028
SYN-01909,SYN-CUST-1589
SYN-01910,SYN-CUST-2150
SYN-01911,SYN-CUST-2711
SYN-01912,SYN-CUST-0072
SYN-01913,SYN-CUST-0633
SYN-01914,SYN-CUST-1194
SYN-01915,SYN-CUST-1755
SYN-01916,SYN-CUST-2316
SYN-01917,SYN-CUST-2877
SYN-01918,SYN-CUST-0238
SYN-01919,SYN-CUST-0799
SYN-01920,SYN-CUST-1360
SYN-01921,SYN-CUST-1921
SYN-01922,SYN-CUST-2482
SYN-01923,SYN-CUST-3043
SYN-01924,SYN-CUST-0404
SYN-01925,SYN-CUST-0965
SYN-01926,SYN-CUST-1526
SYN-01927,SYN-CUST-2087
SYN-01928,SYN-CUST-2648
SYN-01929,SYN-CUST-0009
SYN-01930,SYN-CUST-0570
SYN-01931,SYN-CUST-1131
SYN-01932,SYN-CUST-1692
SYN-01933,SYN-CUST-2253
SYN-01934,SYN-CUST-2814
SYN-01935,SYN-CUST-0175
SYN-01936,SYN-CUST-0736
SYN-01937,SYN-CUST-1297
SYN-01938,SYN-CUST-1858
SYN-01939,SYN-CUST-2419
SYN-01940,SYN-CUST-2980
SYN-01941,SYN-CUST-0341
SYN-01942,SYN-CUST-0902
SYN-01943,SYN-CUST-1463
SYN-01944,SYN-CUST-2024
SYN-01945,SYN-CUST-2585
SYN-01946,SYN-CUST-3146
SYN-01947,SYN-CUST-0507
SYN-01948,SYN-CUST-1068
SYN-01949,SYN-CUST-1629
SYN-01950,SYN-CUST-2190
SYN-01951,SYN-CUST-2751
SYN-01952,SYN-CUST-0112
SYN-01953,SYN-CUST-0673
SYN-01954,SYN-CUST-1234
SYN-01955,SYN-CUST-1795
SYN-01956,SYN-CUST-2356
SYN-01957,SYN-CUST-2917
SYN-01958,SYN-CUST-0278
SYN-01959,SYN-CUST-0839
SYN-01960,SYN-CUST-1400
SYN-01961,SYN-CUST-1961
SYN-01962,SYN-CUST-2522
SYN-01963,SYN-CUST-3083
SYN-01964,SYN-CUST-0444
SYN-01965,SYN-CUST-1005
SYN-01966,SYN-CUST-1566
SYN-01967,SYN-CUST-2127
SYN-01968,SYN-CUST-2688
SYN-01969,SYN-CUST-0049
SYN-01970,SYN-CUST-0610
SYN-01971,SYN-CUST-1171
SYN-01972,SYN-CUST-1732
SYN-01973,SYN-CUST-2293
SYN-01974,SYN-CUST-2854
SYN-01975,SYN-CUST-0215
SYN-01976,SYN-CUST-0776
SYN-01977,SYN-CUST-1337
SYN-01978,SYN-CUST-1898
SYN-01979,SYN-CUST-2459
SYN-01980,SYN-CUST-3020
SYN-01981,SYN-CUST-0381
SYN-01982,SYN-CUST-0942
SYN-01983,SYN-CUST-1503
SYN-01984,SYN-CUST-2064
SYN-01985,SYN-CUST-2625
SYN-01986,SYN-CUST-3186
SYN-01987,SYN-CUST-0547
SYN-01988,SYN-CUST-1108
SYN-01989,SYN-CUST-1669
SYN-01990,SYN-CUST-2230
SYN-01991,SYN-CUST-2791
SYN-01992,SYN-CUST-0152
SYN-01993,SYN-CUST-0713
SYN-01994,SYN-CUST-1274
SYN-01995,SYN-CUST-1835
SYN-01996,SYN-CUST-2396
SYN-01997,SYN-CUST-2957
SYN-01998,SYN-CUST-0318
SYN-01999,SYN-CUST-0879
SYN-02000,SYN-CUST-1440
SYN-02001,SYN-CUST-2001
SYN-02002,SYN-CUST-2562
SYN-02003,SYN-CUST-3123
SYN-02004,SYN-CUST-0484
SYN-02005,SYN-CUST-1045
SYN-02006,SYN-CUST-1606
SYN-02007,SYN-CUST-2167
SYN-02008,SYN-CUST-2728
SYN-02009,SYN-CUST-0089
SYN-02010,SYN-CUST-0650
SYN-02011,SYN-CUST-1211
SYN-02012,SYN-CUST-1772
SYN-02013,SYN-CUST-2333
SYN-02014,SYN-CUST-2894
SYN-02015,SYN-CUST-0255
SYN-02016,SYN-CUST-0816
SYN-02017,SYN-CUST-1377
SYN-02018,SYN-CUST-1938
SYN-02019,SYN-CUST-2499
SYN-02020,SYN-CUST-3060
SYN-02021,SYN-CUST-0421
SYN-02022,SYN-CUST-0982
SYN-02023,SYN-CUST-1543
SYN-02024,SYN-CUST-2104
SYN-02025,SYN-CUST-2665
SYN-02026,SYN-CUST-0026
SYN-02027,SYN-CUST-0587
SYN-02028,SYN-CUST-1148
SYN-02029,SYN-CUST-1709
SYN-02030,SYN-CUST-2270
SYN-02031,SYN-CUST-2831
SYN-02032,SYN-CUST-0192
SYN-02033,SYN-CUST-0753
SYN-02034,SYN-CUST-1314
SYN-02035,SYN-CUST-1875
SYN-02036,SYN-CUST-2436
SYN-02037,SYN-CUST-2997
SYN-02038,SYN-CUST-0358
SYN-02039,SYN-CUST-0919
SYN-02040,SYN-CUST-1480
SYN-02041,SYN-CUST-2041
SYN-02042,SYN-CUST-2602
SYN-02043,SYN-CUST-3163
SYN-02044,SYN-CUST-0524
SYN-02045,SYN-CUST-1085
SYN-02046,SYN-CUST-1646
SYN-02047,SYN-CUST-2207
SYN-02048,SYN-CUST-2768
SYN-02049,SYN-CUST-0129
SYN-02050,SYN-CUST-0690
SYN-02051,SYN-CUST-1251
SYN-02052,SYN-CUST-1812
SYN-02053,SYN-CUST-2373
SYN-02054,SYN-CUST-2934
SYN-02055,SYN-CUST-0295
SYN-02056,SYN-CUST-0856
SYN-02057,SYN-CUST-1417
SYN-02058,SYN-CUST-1978
SYN-02059,SYN-CUST-2539
SYN-02060,SYN-CUST-3100
SYN-02061,SYN-CUST-0461
SYN-02062,SYN-CUST-1022
SYN-02063,SYN-CUST-1583
SYN-02064,SYN-CUST-2144
SYN-02065,SYN-CUST-2705
SYN-02066,SYN-CUST-0066
SYN-02067,SYN-CUST-0627
SYN-02068,SYN-CUST-1188
SYN-02069,SYN-CUST-1749
SYN-02070,SYN-CUST-2310
SYN-02071,SYN-CUST-2871
SYN-02072,SYN-CUST-0232
SYN-02073,SYN-CUST-0793
SYN-02074,SYN-CUST-1354
SYN-02075,SYN-CUST-1915
SYN-02076,SYN-CUST-2476
SYN-02077,SYN-CUST-3037
SYN-02078,SYN-CUST-0398
SYN-02079,SYN-CUST-0959
SYN-02080,SYN-CUST-1520
SYN-02081,SYN-CUST-2081
SYN-02082,SYN-CUST-2642
SYN-02083,SYN-CUST-0003
SYN-02084,SYN-CUST-0564
SYN-02085,SYN-CUST-1125
SYN-02086,SYN-CUST-1686
SYN-02087,SYN-CUST-2247
SYN-02088,SYN-CUST-2808
SYN-02089,SYN-CUST-0169
SYN-02090,SYN-CUST-0730
SYN-02091,SYN-CUST-1291
SYN-02092,SYN-CUST-1852
SYN-02093,SYN-CUST-2413
SYN-02094,SYN-CUST-2974
SYN-02095,SYN-CUST-0335
SYN-02096,SYN-CUST-0896
SYN-02097,SYN-CUST-1457
SYN-02098,SYN-CUST-2018
SYN-02099,SYN-CUST-2579
SYN-02100,SYN-CUST-3140
SYN-02101,SYN-CUST-0501
SYN-02102,SYN-CUST-1062
SYN-02103,SYN-CUST-1623
SYN-02104,SYN-CUST-2184
SYN-02105,SYN-CUST-2745
SYN-02106,SYN-CUST-0106
SYN-02107,SYN-CUST-0667
SYN-02108,SYN-CUST-1228
SYN-02109,SYN-CUST-1789
SYN-02110,SYN-CUST-2350
SYN-02111,SYN-CUST-2911
SYN-02112,SYN-CUST-0272
SYN-02113,SYN-CUST-0833
SYN-02114,SYN-CUST-1394
SYN-02115,SYN-CUST-1955
SYN-02116,SYN-CUST-2516
SYN-02117,SYN-CUST-3077
SYN-02118,SYN-CUST-0438
SYN-02119,SYN-CUST-0999
SYN-02120,SYN-CUST-1560
SYN-02121,SYN-CUST-2121
SYN-02122,SYN-CUST-2682
SYN-02123,SYN-CUST-0043
SYN-02124,SYN-CUST-0604
SYN-02125,SYN-CUST-1165
SYN-02126,SYN-CUST-1726
SYN-02127,SYN-CUST-2287
SYN-02128,SYN-CUST-2848
SYN-02129,SYN-CUST-0209
SYN-02130,SYN-CUST-0770
SYN-02131,SYN-CUST-1331
SYN-02132,SYN-CUST-1892
SYN-02133,SYN-CUST-2453
SYN-02134,SYN-CUST-3014
SYN-02135,SYN-CUST-0375
SYN-02136,SYN-CUST-0936
SYN-02137,SYN-CUST-1497
SYN-02138,SYN-CUST-2058
SYN-02139,SYN-CUST-2619
SYN-02140,SYN-CUST-3180
SYN-02141,SYN-CUST-0541
SYN-02142,SYN-CUST-1102
SYN-02143,SYN-CUST-1663
SYN-02144,SYN-CUST-2224
SYN-02145,SYN-CUST-2785
SYN-02146,SYN-CUST-0146
SYN-02147,SYN-CUST-0707
SYN-02148,SYN-CUST-1268
SYN-02149,SYN-CUST-1829
SYN-02150,SYN-CUST-2390
SYN-02151,SYN-CUST-2951
SYN-02152,SYN-CUST-0312
SYN-02153,SYN-CUST-0873
SYN-02154,SYN-CUST-1434
SYN-02155,SYN-CUST-1995
SYN-02156,SYN-CUST-2556
SYN-02157,SYN-CUST-3117
SYN-02158,SYN-CUST-0478
SYN-02159,SYN-CUST-1039
SYN-02160,SYN-CUST-1600
SYN-02161,SYN-CUST-2161
SYN-02162,SYN-CUST-2722
SYN-02163,SYN-CUST-0083
SYN-02164,SYN-CUST-0644
SYN-02165,SYN-CUST-1205
SYN-02166,SYN-CUST-1766
SYN-02167,SYN-CUST-2327
SYN-02168,SYN-CUST-2888
SYN-02169,SYN-CUST-0249
SYN-02170,SYN-CUST-0810
SYN-02171,SYN-CUST-1371
SYN-02172,SYN-CUST-1932
SYN-02173,SYN-CUST-2493
SYN-02174,SYN-CUST-3054
SYN-02175,SYN-CUST-0415
SYN-02176,SYN-CUST-0976
SYN-02177,SYN-CUST-1537
SYN-02178,SYN-CUST-2098
SYN-02179,SYN-CUST-2659
SYN-02180,SYN-CUST-0020
SYN-02181,SYN-CUST-0581
SYN-02182,SYN-CUST-1142
SYN-02183,SYN-CUST-1703
SYN-02184,SYN-CUST-2264
SYN-02185,SYN-CUST-2825
SYN-02186,SYN-CUST-0186
SYN-02187,SYN-CUST-0747
SYN-02188,SYN-CUST-1308
SYN-02189,SYN-CUST-1869
SYN-02190,SYN-CUST-2430
SYN-02191,SYN-CUST-2991
SYN-02192,SYN-CUST-0352
SYN-02193,SYN-CUST-0913
SYN-02194,SYN-CUST-1474
SYN-02195,SYN-CUST-2035
SYN-02196,SYN-CUST-2596
SYN-02197,SYN-CUST-3157
SYN-02198,SYN-CUST-0518
SYN-02199,SYN-CUST-1079
SYN-02200,SYN-CUST-1640
SYN-02201,SYN-CUST-2201
SYN-02202,SYN-CUST-2762
SYN-02203,SYN-CUST-0123
SYN-02204,SYN-CUST-0684
SYN-02205,SYN-CUST-1245
SYN-02206,SYN-CUST-1806
SYN-02207,SYN-CUST-2367
SYN-02208,SYN-CUST-2928
SYN-02209,SYN-CUST-0289
SYN-02210,SYN-CUST-0850
SYN-02211,SYN-CUST-1411
SYN-02212,SYN-CUST-1972
SYN-02213,SYN-CUST-2533
SYN-02214,SYN-CUST-3094
SYN-02215,SYN-CUST-0455
SYN-02216,SYN-CUST-1016
SYN-02217,SYN-CUST-1577
SYN-02218,SYN-CUST-2138
SYN-02219,SYN-CUST-2699
SYN-02220,SYN-CUST-0060
SYN-02221,SYN-CUST-0621
SYN-02222,SYN-CUST-1182
SYN-02223,SYN-CUST-1743
SYN-02224,SYN-CUST-2304
SYN-02225,SYN-CUST-2865
SYN-02226,SYN-CUST-0226
SYN-02227,SYN-CUST-0787
SYN-02228,SYN-CUST-1348
SYN-02229,SYN-CUST-1909
SYN-02230,SYN-CUST-2470
SYN-02231,SYN-CUST-3031
SYN-02232,SYN-CUST-0392
SYN-02233,SYN-CUST-0953
SYN-02234,SYN-CUST-1514
SYN-02235,SYN-CUST-2075
SYN-02236,SYN-CUST-2636
SYN-02237,SYN-CUST-3197
SYN-02238,SYN-CUST-0558
SYN-02239,SYN-CUST-1119
SYN-02240,SYN-CUST-1680
SYN-02241,SYN-CUST-2241
SYN-02242,SYN-CUST-2802
SYN-02243,SYN-CUST-0163
SYN-02244,SYN-CUST-0724
SYN-02245,SYN-CUST-1285
SYN-02246,SYN-CUST-1846
SYN-02247,SYN-CUST-2407
SYN-02248,SYN-CUST-2968
SYN-02249,SYN-CUST-0329
SYN-02250,SYN-CUST-0890
SYN-02251,SYN-CUST-1451
SYN-02252,SYN-CUST-2012
SYN-02253,SYN-CUST-2573
SYN-02254,SYN-CUST-3134
SYN-02255,SYN-CUST-0495
SYN-02256,SYN-CUST-1056
SYN-02257,SYN-CUST-1617
SYN-02258,SYN-CUST-2178
SYN-02259,SYN-CUST-2739
SYN-02260,SYN-CUST-0100
SYN-02261,SYN-CUST-0661
SYN-02262,SYN-CUST-1222
SYN-02263,SYN-CUST-1783
SYN-02264,SYN-CUST-2344
SYN-02265,SYN-CUST-2905
SYN-02266,SYN-CUST-0266
SYN-02267,SYN-CUST-0827
SYN-02268,SYN-CUST-1388
SYN-02269,SYN-CUST-1949
SYN-02270,SYN-CUST-2510
SYN-02271,SYN-CUST-3071
SYN-02272,SYN-CUST-0432
SYN-02273,SYN-CUST-0993
SYN-02274,SYN-CUST-1554
SYN-02275,SYN-CUST-2115
SYN-02276,SYN-CUST-2676
SYN-02277,SYN-CUST-0037
SYN-02278,SYN-CUST-0598
SYN-02279,SYN-CUST-1159
SYN-02280,SYN-CUST-1720
SYN-02281,SYN-CUST-2281
SYN-02282,SYN-CUST-2842
SYN-02283,SYN-CUST-0203
SYN-02284,SYN-CUST-0764
SYN-02285,SYN-CUST-1325
SYN-02286,SYN-CUST-1886
SYN-02287,SYN-CUST-2447
SYN-02288,SYN-CUST-3008
SYN-02289,SYN-CUST-0369
SYN-02290,SYN-CUST-0930
SYN-02291,SYN-CUST-1491
SYN-02292,SYN-CUST-2052
SYN-02293,SYN-CUST-2613
SYN-02294,SYN-CUST-3174
SYN-02295,SYN-CUST-0535
SYN-02296,SYN-CUST-1096
SYN-02297,SYN-CUST-1657
SYN-02298,SYN-CUST-2218
SYN-02299,SYN-CUST-2779
SYN-02300,SYN-CUST-0140
SYN-02301,SYN-CUST-0701
SYN-02302,SYN-CUST-1262
SYN-02303,SYN-CUST-1823
SYN-02304,SYN-CUST-2384
SYN-02305,SYN-CUST-2945
SYN-02306,SYN-CUST-0306
SYN-02307,SYN-CUST-0867
SYN-02308,SYN-CUST-1428
SYN-02309,SYN-CUST-1989
SYN-02310,SYN-CUST-2550
SYN-02311,SYN-CUST-3111
SYN-02312,SYN-CUST-0472
SYN-02313,SYN-CUST-1033
SYN-02314,SYN-CUST-1594
SYN-02315,SYN-CUST-2155
SYN-02316,SYN-CUST-2716
SYN-02317,SYN-CUST-0077
SYN-02318,SYN-CUST-0638
SYN-02319,SYN-CUST-1199
SYN-02320,SYN-CUST-1760
SYN-02321,SYN-CUST-2321
SYN-02322,SYN-CUST-2882
SYN-02323,SYN-CUST-0243
SYN-02324,SYN-CUST-0804
SYN-02325,SYN-CUST-1365
SYN-02326,SYN-CUST-1926
SYN-02327,SYN-CUST-2487
SYN-02328,SYN-CUST-3048
SYN-02329,SYN-CUST-0409
SYN-02330,SYN-CUST-0970
SYN-02331,SYN-CUST-1531
SYN-02332,SYN-CUST-2092
SYN-02333,SYN-CUST-2653
SYN-02334,SYN-CUST-0014
SYN-02335,SYN-CUST-0575
SYN-02336,SYN-CUST-1136
SYN-02337,SYN-CUST-1697
SYN-02338,SYN-CUST-2258
SYN-02339,SYN-CUST-2819
SYN-02340,SYN-CUST-0180
SYN-02341,SYN-CUST-0741
SYN-02342,SYN-CUST-1302
SYN-02343,SYN-CUST-1863
SYN-02344,SYN-CUST-2424
SYN-02345,SYN-CUST-2985
SYN-02346,SYN-CUST-0346
SYN-02347,SYN-CUST-0907
SYN-02348,SYN-CUST-1468
SYN-02349,SYN-CUST-2029
SYN-02350,SYN-CUST-2590
SYN-02351,SYN-CUST-3151
SYN-02352,SYN-CUST-0512
SYN-02353,SYN-CUST-1073
SYN-02354,SYN-CUST-1634
SYN-02355,SYN-CUST-2195
SYN-02356,SYN-CUST-2756
SYN-02357,SYN-CUST-0117
SYN-02358,SYN-CUST-0678
SYN-02359,SYN-CUST-1239
SYN-02360,SYN-CUST-1800
SYN-02361,SYN-CUST-2361
SYN-02362,SYN-CUST-2922
SYN-02363,SYN-CUST-0283
SYN-02364,SYN-CUST-0844
SYN-02365,SYN-CUST-1405
SYN-02366,SYN-CUST-1966
SYN-02367,SYN-CUST-2527
SYN-02368,SYN-CUST-3088
SYN-02369,SYN-CUST-0449
SYN-02370,SYN-CUST-1010
SYN-02371,SYN-CUST-1571
SYN-02372,SYN-CUST-2132
SYN-02373,SYN-CUST-2693
SYN-02374,SYN-CUST-0054
SYN-02375,SYN-CUST-0615
SYN-02376,SYN-CUST-1176
SYN-02377,SYN-CUST-1737
SYN-02378,SYN-CUST-2298
SYN-02379,SYN-CUST-2859
SYN-02380,SYN-CUST-0220
SYN-02381,SYN-CUST-0781
SYN-02382,SYN-CUST-1342
SYN-02383,SYN-CUST-1903
SYN-02384,SYN-CUST-2464
SYN-02385,SYN-CUST-3025
SYN-02386,SYN-CUST-0386
SYN-02387,SYN-CUST-0947
SYN-02388,SYN-CUST-1508
SYN-02389,SYN-CUST-2069
SYN-02390,SYN-CUST-2630
SYN-02391,SYN-CUST-3191
SYN-02392,SYN-CUST-0552
SYN-02393,SYN-CUST-1113
SYN-02394,SYN-CUST-1674
SYN-02395,SYN-CUST-2235
SYN-02396,SYN-CUST-2796
SYN-02397,SYN-CUST-0157
SYN-02398,SYN-CUST-0718
SYN-02399,SYN-CUST-1279
SYN-02400,SYN-CUST-1840
SYN-02401,SYN-CUST-2401
SYN-02402,SYN-CUST-2962
SYN-02403,SYN-CUST-0323
SYN-02404,SYN-CUST-0884
SYN-02405,SYN-CUST-1445
SYN-02406,SYN-CUST-2006
SYN-02407,SYN-CUST-2567
SYN-02408,SYN-CUST-3128
SYN-02409,SYN-CUST-0489
SYN-02410,SYN-CUST-1050
SYN-02411,SYN-CUST-1611
SYN-02412,SYN-CUST-2172
SYN-02413,SYN-CUST-2733
SYN-02414,SYN-CUST-0094
SYN-02415,SYN-CUST-0655
SYN-02416,SYN-CUST-1216
SYN-02417,SYN-CUST-1777
SYN-02418,SYN-CUST-2338
SYN-02419,SYN-CUST-2899
SYN-02420,SYN-CUST-0260
SYN-02421,SYN-CUST-0821
SYN-02422,SYN-CUST-1382
SYN-02423,SYN-CUST-1943
SYN-02424,SYN-CUST-2504
SYN-02425,SYN-CUST-3065
SYN-02426,SYN-CUST-0426
SYN-02427,SYN-CUST-0987
SYN-02428,SYN-CUST-1548
SYN-02429,SYN-CUST-2109
SYN-02430,SYN-CUST-2670
SYN-02431,SYN-CUST-0031
SYN-02432,SYN-CUST-0592
SYN-02433,SYN-CUST-1153
SYN-02434,SYN-CUST-1714
SYN-02435,SYN-CUST-2275
SYN-02436,SYN-CUST-2836
SYN-02437,SYN-CUST-0197
SYN-02438,SYN-CUST-0758
SYN-02439,SYN-CUST-1319
SYN-02440,SYN-CUST-1880
SYN-02441,SYN-CUST-2441
SYN-02442,SYN-CUST-3002
SYN-02443,SYN-CUST-0363
SYN-02444,SYN-CUST-0924
SYN-02445,SYN-CUST-1485
SYN-02446,SYN-CUST-2046
SYN-02447,SYN-CUST-2607
SYN-02448,SYN-CUST-3168
SYN-02449,SYN-CUST-0529
SYN-02450,SYN-CUST-1090
SYN-02451,SYN-CUST-1651
SYN-02452,SYN-CUST-2212
SYN-02453,SYN-CUST-2773
SYN-02454,SYN-CUST-0134
SYN-02455,SYN-CUST-0695
SYN-02456,SYN-CUST-1256
SYN-02457,SYN-CUST-1817
SYN-02458,SYN-CUST-2378
SYN-02459,SYN-CUST-2939
SYN-02460,SYN-CUST-0300
SYN-02461,SYN-CUST-0861
SYN-02462,SYN-CUST-1422
SYN-02463,SYN-CUST-1983
SYN-02464,SYN-CUST-2544
SYN-02465,SYN-CUST-3105
SYN-02466,SYN-CUST-0466
SYN-02467,SYN-CUST-1027
SYN-02468,SYN-CUST-1588
SYN-02469,SYN-CUST-2149
SYN-02470,SYN-CUST-2710
SYN-02471,SYN-CUST-0071
SYN-02472,SYN-CUST-0632
SYN-02473,SYN-CUST-1193
SYN-02474,SYN-CUST-1754
SYN-02475,SYN-CUST-2315
SYN-02476,SYN-CUST-2876
SYN-02477,SYN-CUST-0237
SYN-02478,SYN-CUST-0798
SYN-02479,SYN-CUST-1359
SYN-02480,SYN-CUST-1920
SYN-02481,SYN-CUST-2481
SYN-02482,SYN-CUST-3042
SYN-02483,SYN-CUST-0403
SYN-02484,SYN-CUST-0964
SYN-02485,SYN-CUST-1525
SYN-02486,SYN-CUST-2086
SYN-02487,SYN-CUST-2647
SYN-02488,SYN-CUST-0008
SYN-02489,SYN-CUST-0569
SYN-02490,SYN-CUST-1130
SYN-02491,SYN-CUST-1691
SYN-02492,SYN-CUST-2252
SYN-02493,SYN-CUST-2813
SYN-02494,SYN-CUST-0174
SYN-02495,SYN-CUST-0735
SYN-02496,SYN-CUST-1296
SYN-02497,SYN-CUST-1857
SYN-02498,SYN-CUST-2418
SYN-02499,SYN-CUST-2979
SYN-02500,SYN-CUST-0340
SYN-02501,SYN-CUST-0901
SYN-02502,SYN-CUST-1462
SYN-02503,SYN-CUST-2023
SYN-02504,SYN-CUST-2584
SYN-02505,SYN-CUST-3145
SYN-02506,SYN-CUST-0506
SYN-02507,SYN-CUST-1067
SYN-02508,SYN-CUST-1628
SYN-02509,SYN-CUST-2189
SYN-02510,SYN-CUST-2750
SYN-02511,SYN-CUST-0111
SYN-02512,SYN-CUST-0672
SYN-02513,SYN-CUST-1233
SYN-02514,SYN-CUST-1794
SYN-02515,SYN-CUST-2355
SYN-02516,SYN-CUST-2916
SYN-02517,SYN-CUST-0277
SYN-02518,SYN-CUST-0838
SYN-02519,SYN-CUST-1399
SYN-02520,SYN-CUST-1960
SYN-02521,SYN-CUST-2521
SYN-02522,SYN-CUST-3082
SYN-02523,SYN-CUST-0443
SYN-02524,SYN-CUST-1004
SYN-02525,SYN-CUST-1565
SYN-02526,SYN-CUST-2126
SYN-02527,SYN-CUST-2687
SYN-02528,SYN-CUST-0048
SYN-02529,SYN-CUST-0609
SYN-02530,SYN-CUST-1170
SYN-02531,SYN-CUST-1731
SYN-02532,SYN-CUST-2292
SYN-02533,SYN-CUST-2853
SYN-02534,SYN-CUST-0214
SYN-02535,SYN-CUST-0775
SYN-02536,SYN-CUST-1336
SYN-02537,SYN-CUST-1897
SYN-02538,SYN-CUST-2458
SYN-02539,SYN-CUST-3019
SYN-02540,SYN-CUST-0380
SYN-02541,SYN-CUST-0941
SYN-02542,SYN-CUST-1502
SYN-02543,SYN-CUST-2063
SYN-02544,SYN-CUST-2624
SYN-02545,SYN-CUST-3185
SYN-02546,SYN-CUST-0546
SYN-02547,SYN-CUST-1107
SYN-02548,SYN-CUST-1668
SYN-02549,SYN-CUST-2229
SYN-02550,SYN-CUST-2790
SYN-02551,SYN-CUST-0151
SYN-02552,SYN-CUST-0712
SYN-02553,SYN-CUST-1273
SYN-02554,SYN-CUST-1834
SYN-02555,SYN-CUST-2395
SYN-02556,SYN-CUST-2956
SYN-02557,SYN-CUST-0317
SYN-02558,SYN-CUST-0878
SYN-02559,SYN-CUST-1439
SYN-02560,SYN-CUST-2000
SYN-02561,SYN-CUST-2561
SYN-02562,SYN-CUST-3122
SYN-02563,SYN-CUST-0483
SYN-02564,SYN-CUST-1044
SYN-02565,SYN-CUST-1605
SYN-02566,SYN-CUST-2166
SYN-02567,SYN-CUST-2727
SYN-02568,SYN-CUST-0088
SYN-02569,SYN-CUST-0649
SYN-02570,SYN-CUST-1210
SYN-02571,SYN-CUST-1771
SYN-02572,SYN-CUST-2332
SYN-02573,SYN-CUST-2893
SYN-02574,SYN-CUST-0254
SYN-02575,SYN-CUST-0815
SYN-02576,SYN-CUST-1376
SYN-02577,SYN-CUST-1937
SYN-02578,SYN-CUST-2498
SYN-02579,SYN-CUST-3059
SYN-02580,SYN-CUST-0420
SYN-02581,SYN-CUST-0981
SYN-02582,SYN-CUST-1542
SYN-02583,SYN-CUST-2103
SYN-02584,SYN-CUST-2664
SYN-02585,SYN-CUST-0025
SYN-02586,SYN-CUST-0586
SYN-02587,SYN-CUST-1147
SYN-02588,SYN-CUST-1708
SYN-02589,SYN-CUST-2269
SYN-02590,SYN-CUST-2830
SYN-02591,SYN-CUST-0191
SYN-02592,SYN-CUST-0752
SYN-02593,SYN-CUST-1313
SYN-02594,SYN-CUST-1874
SYN-02595,SYN-CUST-2435
SYN-02596,SYN-CUST-2996
SYN-02597,SYN-CUST-0357
SYN-02598,SYN-CUST-0918
SYN-02599,SYN-CUST-1479
SYN-02600,SYN-CUST-2040
SYN-02601,SYN-CUST-2601
SYN-02602,SYN-CUST-3162
SYN-02603,SYN-CUST-0523
SYN-02604,SYN-CUST-1084
SYN-02605,SYN-CUST-1645
SYN-02606,SYN-CUST-2206
SYN-02607,SYN-CUST-2767
SYN-02608,SYN-CUST-0128
SYN-02609,SYN-CUST-0689
SYN-02610,SYN-CUST-1250
SYN-02611,SYN-CUST-1811
SYN-02612,SYN-CUST-2372
SYN-02613,SYN-CUST-2933
SYN-02614,SYN-CUST-0294
SYN-02615,SYN-CUST-0855
SYN-02616,SYN-CUST-1416
SYN-02617,SYN-CUST-1977
SYN-02618,SYN-CUST-2538
SYN-02619,SYN-CUST-3099
SYN-02620,SYN-CUST-0460
SYN-02621,SYN-CUST-1021
SYN-02622,SYN-CUST-1582
SYN-02623,SYN-CUST-2143
SYN-02624,SYN-CUST-2704
SYN-02625,SYN-CUST-0065
SYN-02626,SYN-CUST-0626
SYN-02627,SYN-CUST-1187
SYN-02628,SYN-CUST-1748
SYN-02629,SYN-CUST-2309
SYN-02630,SYN-CUST-2870
SYN-02631,SYN-CUST-0231
SYN-02632,SYN-CUST-0792
SYN-02633,SYN-CUST-1353
SYN-02634,SYN-CUST-1914
SYN-02635,SYN-CUST-2475
SYN-02636,SYN-CUST-3036
SYN-02637,SYN-CUST-0397
SYN-02638,SYN-CUST-0958
SYN-02639,SYN-CUST-1519
SYN-02640,SYN-CUST-2080
SYN-02641,SYN-CUST-2641
SYN-02642,SYN-CUST-0002
SYN-02643,SYN-CUST-0563
SYN-02644,SYN-CUST-1124
SYN-02645,SYN-CUST-1685
SYN-02646,SYN-CUST-2246
SYN-02647,SYN-CUST-2807
SYN-02648,SYN-CUST-0168
SYN-02649,SYN-CUST-0729
SYN-02650,SYN-CUST-1290
SYN-02651,SYN-CUST-1851
SYN-02652,SYN-CUST-2412
SYN-02653,SYN-CUST-2973
SYN-02654,SYN-CUST-0334
SYN-02655,SYN-CUST-0895
SYN-02656,SYN-CUST-1456
SYN-02657,SYN-CUST-2017
SYN-02658,SYN-CUST-2578
SYN-02659,SYN-CUST-3139
SYN-02660,SYN-CUST-0500
SYN-02661,SYN-CUST-1061
SYN-02662,SYN-CUST-1622
SYN-02663,SYN-CUST-2183
SYN-02664,SYN-CUST-2744
SYN-02665,SYN-CUST-0105
SYN-02666,SYN-CUST-0666
SYN-02667,SYN-CUST-1227
SYN-02668,SYN-CUST-1788
SYN-02669,SYN-CUST-2349
SYN-02670,SYN-CUST-2910
SYN-02671,SYN-CUST-0271
SYN-02672,SYN-CUST-0832
SYN-02673,SYN-CUST-1393
SYN-02674,SYN-CUST-1954
SYN-02675,SYN-CUST-2515
SYN-02676,SYN-CUST-3076
SYN-02677,SYN-CUST-0437
SYN-02678,SYN-CUST-0998
SYN-02679,SYN-CUST-1559
SYN-02680,SYN-CUST-2120
SYN-02681,SYN-CUST-2681
SYN-02682,SYN-CUST-0042
SYN-02683,SYN-CUST-0603
SYN-02684,SYN-CUST-1164
SYN-02685,SYN-CUST-1725
SYN-02686,SYN-CUST-2286
SYN-02687,SYN-CUST-2847
SYN-02688,SYN-CUST-0208
SYN-02689,SYN-CUST-0769
SYN-02690,SYN-CUST-1330
SYN-02691,SYN-CUST-1891
SYN-02692,SYN-CUST-2452
SYN-02693,SYN-CUST-3013
SYN-02694,SYN-CUST-0374
SYN-02695,SYN-CUST-0935
SYN-02696,SYN-CUST-1496
SYN-02697,SYN-CUST-2057
SYN-02698,SYN-CUST-2618
SYN-02699,SYN-CUST-3179
SYN-02700,SYN-CUST-0540
SYN-02701,SYN-CUST-1101
SYN-02702,SYN-CUST-1662
SYN-02703,SYN-CUST-2223
SYN-02704,SYN-CUST-2784
SYN-02705,SYN-CUST-0145
SYN-02706,SYN-CUST-0706
SYN-02707,SYN-CUST-1267
SYN-02708,SYN-CUST-1828
SYN-02709,SYN-CUST-2389
SYN-02710,SYN-CUST-2950
SYN-02711,SYN-CUST-0311
SYN-02712,SYN-CUST-0872
SYN-02713,SYN-CUST-1433
SYN-02714,SYN-CUST-1994
SYN-02715,SYN-CUST-2555
SYN-02716,SYN-CUST-3116
SYN-02717,SYN-CUST-0477
SYN-02718,SYN-CUST-1038
SYN-02719,SYN-CUST-1599
SYN-02720,SYN-CUST-2160
SYN-02721,SYN-CUST-2721
SYN-02722,SYN-CUST-0082
SYN-02723,SYN-CUST-0643
SYN-02724,SYN-CUST-1204
SYN-02725,SYN-CUST-1765
SYN-02726,SYN-CUST-2326
SYN-02727,SYN-CUST-2887
SYN-02728,SYN-CUST-0248
SYN-02729,SYN-CUST-0809
SYN-02730,SYN-CUST-1370
SYN-02731,SYN-CUST-1931
SYN-02732,SYN-CUST-2492
SYN-02733,SYN-CUST-3053
SYN-02734,SYN-CUST-0414
SYN-02735,SYN-CUST-0975
SYN-02736,SYN-CUST-1536
SYN-02737,SYN-CUST-2097
SYN-02738,SYN-CUST-2658
SYN-02739,SYN-CUST-0019
SYN-02740,SYN-CUST-0580
SYN-02741,SYN-CUST-1141
SYN-02742,SYN-CUST-1702
SYN-02743,SYN-CUST-2263
SYN-02744,SYN-CUST-2824
SYN-02745,SYN-CUST-0185
SYN-02746,SYN-CUST-0746
SYN-02747,SYN-CUST-1307
SYN-02748,SYN-CUST-1868
SYN-02749,SYN-CUST-2429
SYN-02750,SYN-CUST-2990
SYN-02751,SYN-CUST-0351
SYN-02752,SYN-CUST-0912
SYN-02753,SYN-CUST-1473
SYN-02754,SYN-CUST-2034
SYN-02755,SYN-CUST-2595
SYN-02756,SYN-CUST-3156
SYN-02757,SYN-CUST-0517
SYN-02758,SYN-CUST-1078
SYN-02759,SYN-CUST-1639
SYN-02760,SYN-CUST-2200
SYN-02761,SYN-CUST-2761
SYN-02762,SYN-CUST-0122
SYN-02763,SYN-CUST-0683
SYN-02764,SYN-CUST-1244
SYN-02765,SYN-CUST-1805
SYN-02766,SYN-CUST-2366
SYN-02767,SYN-CUST-2927
SYN-02768,SYN-CUST-0288
SYN-02769,SYN-CUST-0849
SYN-02770,SYN-CUST-1410
SYN-02771,SYN-CUST-1971
SYN-02772,SYN-CUST-2532
SYN-02773,SYN-CUST-3093
SYN-02774,SYN-CUST-0454
SYN-02775,SYN-CUST-1015
SYN-02776,SYN-CUST-1576
SYN-02777,SYN-CUST-2137
SYN-02778,SYN-CUST-2698
SYN-02779,SYN-CUST-0059
SYN-02780,SYN-CUST-0620
SYN-02781,SYN-CUST-1181
SYN-02782,SYN-CUST-1742
SYN-02783,SYN-CUST-2303
SYN-02784,SYN-CUST-2864
SYN-02785,SYN-CUST-0225
SYN-02786,SYN-CUST-0786
SYN-02787,SYN-CUST-1347
SYN-02788,SYN-CUST-1908
SYN-02789,SYN-CUST-2469
SYN-02790,SYN-CUST-3030
SYN-02791,SYN-CUST-0391
SYN-02792,SYN-CUST-0952
SYN-02793,SYN-CUST-1513
SYN-02794,SYN-CUST-2074
SYN-02795,SYN-CUST-2635
SYN-02796,SYN-CUST-3196
SYN-02797,SYN-CUST-0557
SYN-02798,SYN-CUST-1118
SYN-02799,SYN-CUST-1679
SYN-02800,SYN-CUST-2240
SYN-02801,SYN-CUST-2801
SYN-02802,SYN-CUST-0162
SYN-02803,SYN-CUST-0723
SYN-02804,SYN-CUST-1284
SYN-02805,SYN-CUST-1845
SYN-02806,SYN-CUST-2406
SYN-02807,SYN-CUST-2967
SYN-02808,SYN-CUST-0328
SYN-02809,SYN-CUST-0889
SYN-02810,SYN-CUST-1450
SYN-02811,SYN-CUST-2011
SYN-02812,SYN-CUST-2572
SYN-02813,SYN-CUST-3133
SYN-02814,SYN-CUST-0494
SYN-02815,SYN-CUST-1055
SYN-02816,SYN-CUST-1616
SYN-02817,SYN-CUST-2177
SYN-02818,SYN-CUST-2738
SYN-02819,SYN-CUST-0099
SYN-02820,SYN-CUST-0660
SYN-02821,SYN-CUST-1221
SYN-02822,SYN-CUST-1782
SYN-02823,SYN-CUST-2343
SYN-02824,SYN-CUST-2904
SYN-02825,SYN-CUST-0265
SYN-02826,SYN-CUST-0826
SYN-02827,SYN-CUST-1387
SYN-02828,SYN-CUST-1948
SYN-02829,SYN-CUST-2509
SYN-02830,SYN-CUST-3070
SYN-02831,SYN-CUST-0431
SYN-02832,SYN-CUST-0992
SYN-02833,SYN-CUST-1553
SYN-02834,SYN-CUST-2114
SYN-02835,SYN-CUST-2675
SYN-02836,SYN-CUST-0036
SYN-02837,SYN-CUST-0597
SYN-02838,SYN-CUST-1158
SYN-02839,SYN-CUST-1719
SYN-02840,SYN-CUST-2280
SYN-02841,SYN-CUST-2841
SYN-02842,SYN-CUST-0202
SYN-02843,SYN-CUST-0763
SYN-02844,SYN-CUST-1324
SYN-02845,SYN-CUST-1885
SYN-02846,SYN-CUST-2446
SYN-02847,SYN-CUST-3007
SYN-02848,SYN-CUST-0368
SYN-02849,SYN-CUST-0929
SYN-02850,SYN-CUST-1490
SYN-02851,SYN-CUST-2051
SYN-02852,SYN-CUST-2612
SYN-02853,SYN-CUST-3173
SYN-02854,SYN-CUST-0534
SYN-02855,SYN-CUST-1095
SYN-02856,SYN-CUST-1656
SYN-02857,SYN-CUST-2217
SYN-02858,SYN-CUST-2778
SYN-02859,SYN-CUST-0139
SYN-02860,SYN-CUST-0700
SYN-02861,SYN-CUST-1261
SYN-02862,SYN-CUST-1822
SYN-02863,SYN-CUST-2383
SYN-02864,SYN-CUST-2944
SYN-02865,SYN-CUST-0305
SYN-02866,SYN-CUST-0866
SYN-02867,SYN-CUST-1427
SYN-02868,SYN-CUST-1988
SYN-02869,SYN-CUST-2549
SYN-02870,SYN-CUST-3110
SYN-02871,SYN-CUST-0471
SYN-02872,SYN-CUST-1032
SYN-02873,SYN-CUST-1593
SYN-02874,SYN-CUST-2154
SYN-02875,SYN-CUST-2715
SYN-02876,SYN-CUST-0076
SYN-02877,SYN-CUST-0637
SYN-02878,SYN-CUST-1198
SYN-02879,SYN-CUST-1759
SYN-02880,SYN-CUST-2320
SYN-02881,SYN-CUST-2881
SYN-02882,SYN-CUST-0242
SYN-02883,SYN-CUST-0803
SYN-02884,SYN-CUST-1364
SYN-02885,SYN-CUST-1925
SYN-02886,SYN-CUST-2486
SYN-02887,SYN-CUST-3047
SYN-02888,SYN-CUST-0408
SYN-02889,SYN-CUST-0969
SYN-02890,SYN-CUST-1530
SYN-02891,SYN-CUST-2091
SYN-02892,SYN-CUST-2652
SYN-02893,SYN-CUST-0013
SYN-02894,SYN-CUST-0574
SYN-02895,SYN-CUST-1135
SYN-02896,SYN-CUST-1696
SYN-02897,SYN-CUST-2257
SYN-02898,SYN-CUST-2818
SYN-02899,SYN-CUST-0179
SYN-02900,SYN-CUST-0740
SYN-02901,SYN-CUST-1301
SYN-02902,SYN-CUST-1862
SYN-02903,SYN-CUST-2423
SYN-02904,SYN-CUST-2984
SYN-02905,SYN-CUST-0345
SYN-02906,SYN-CUST-0906
SYN-02907,SYN-CUST-1467
SYN-02908,SYN-CUST-2028
SYN-02909,SYN-CUST-2589
SYN-02910,SYN-CUST-3150
SYN-02911,SYN-CUST-0511
SYN-02912,SYN-CUST-1072
SYN-02913,SYN-CUST-1633
SYN-02914,SYN-CUST-2194
SYN-02915,SYN-CUST-2755
SYN-02916,SYN-CUST-0116
SYN-02917,SYN-CUST-0677
SYN-02918,SYN-CUST-1238
SYN-02919,SYN-CUST-1799
SYN-02920,SYN-CUST-2360
SYN-02921,SYN-CUST-2921
SYN-02922,SYN-CUST-0282
SYN-02923,SYN-CUST-0843
SYN-02924,SYN-CUST-1404
SYN-02925,SYN-CUST-1965
SYN-02926,SYN-CUST-2526
SYN-02927,SYN-CUST-3087
SYN-02928,SYN-CUST-0448
SYN-02929,SYN-CUST-1009
SYN-02930,SYN-CUST-1570
SYN-02931,SYN-CUST-2131
SYN-02932,SYN-CUST-2692
SYN-02933,SYN-CUST-0053
SYN-02934,SYN-CUST-0614
SYN-02935,SYN-CUST-1175
SYN-02936,SYN-CUST-1736
SYN-02937,SYN-CUST-2297
SYN-02938,SYN-CUST-2858
SYN-02939,SYN-CUST-0219
SYN-02940,SYN-CUST-0780
SYN-02941,SYN-CUST-1341
SYN-02942,SYN-CUST-1902
SYN-02943,SYN-CUST-2463
SYN-02944,SYN-CUST-3024
SYN-02945,SYN-CUST-0385
SYN-02946,SYN-CUST-0946
SYN-02947,SYN-CUST-1507
SYN-02948,SYN-CUST-2068
SYN-02949,SYN-CUST-2629
SYN-02950,SYN-CUST-3190
SYN-02951,SYN-CUST-0551
SYN-02952,SYN-CUST-1112
SYN-02953,SYN-CUST-1673
SYN-02954,SYN-CUST-2234
SYN-02955,SYN-CUST-2795
SYN-02956,SYN-CUST-0156
SYN-02957,SYN-CUST-0717
SYN-02958,SYN-CUST-1278
SYN-02959,SYN-CUST-1839
SYN-02960,SYN-CUST-2400
SYN-02961,SYN-CUST-2961
SYN-02962,SYN-CUST-0322
SYN-02963,SYN-CUST-0883
SYN-02964,SYN-CUST-1444
SYN-02965,SYN-CUST-2005
SYN-02966,SYN-CUST-2566
SYN-02967,SYN-CUST-3127
SYN-02968,SYN-CUST-0488
SYN-02969,SYN-CUST-1049
SYN-02970,SYN-CUST-1610
SYN-02971,SYN-CUST-2171
SYN-02972,SYN-CUST-2732
SYN-02973,SYN-CUST-0093
SYN-02974,SYN-CUST-0654
SYN-02975,SYN-CUST-1215
SYN-02976,SYN-CUST-1776
SYN-02977,SYN-CUST-2337
SYN-02978,SYN-CUST-2898
SYN-02979,SYN-CUST-0259
SYN-02980,SYN-CUST-0820
SYN-02981,SYN-CUST-1381
SYN-02982,SYN-CUST-1942
SYN-02983,SYN-CUST-2503
SYN-02984,SYN-CUST-3064
SYN-02985,SYN-CUST-0425
SYN-02986,SYN-CUST-0986
SYN-02987,SYN-CUST-1547
SYN-02988,SYN-CUST-2108
SYN-02989,SYN-CUST-2669
SYN-02990,SYN-CUST-0030
SYN-02991,SYN-CUST-0591
SYN-02992,SYN-CUST-1152
SYN-02993,SYN-CUST-1713
SYN-02994,SYN-CUST-2274
SYN-02995,SYN-CUST-2835
SYN-02996,SYN-CUST-0196
SYN-02997,SYN-CUST-0757
SYN-02998,SYN-CUST-1318
SYN-02999,SYN-CUST-1879
SYN-03000,SYN-CUST-2440
SYN-03001,SYN-CUST-3001
SYN-03002,SYN-CUST-0362
SYN-03003,SYN-CUST-0923
SYN-03004,SYN-CUST-1484
SYN-03005,SYN-CUST-2045
SYN-03006,SYN-CUST-2606
SYN-03007,SYN-CUST-3167
SYN-03008,SYN-CUST-0528
SYN-03009,SYN-CUST-1089
SYN-03010,SYN-CUST-1650
SYN-03011,SYN-CUST-2211
SYN-03012,SYN-CUST-2772
SYN-03013,SYN-CUST-0133
SYN-03014,SYN-CUST-0694
SYN-03015,SYN-CUST-1255
SYN-03016,SYN-CUST-1816
SYN-03017,SYN-CUST-2377
SYN-03018,SYN-CUST-2938
SYN-03019,SYN-CUST-0299
SYN-03020,SYN-CUST-0860
SYN-03021,SYN-CUST-1421
SYN-03022,SYN-CUST-1982
SYN-03023,SYN-CUST-2543
SYN-03024,SYN-CUST-3104
SYN-03025,SYN-CUST-0465
SYN-03026,SYN-CUST-1026
SYN-03027,SYN-CUST-1587
SYN-03028,SYN-CUST-2148
SYN-03029,SYN-CUST-2709
SYN-03030,SYN-CUST-0070
SYN-03031,SYN-CUST-0631
SYN-03032,SYN-CUST-1192
SYN-03033,SYN-CUST-1753
SYN-03034,SYN-CUST-2314
SYN-03035,SYN-CUST-2875
SYN-03036,SYN-CUST-0236
SYN-03037,SYN-CUST-0797
SYN-03038,SYN-CUST-1358
SYN-03039,SYN-CUST-1919
SYN-03040,SYN-CUST-2480
SYN-03041,SYN-CUST-3041
SYN-03042,SYN-CUST-0402
SYN-03043,SYN-CUST-0963
SYN-03044,SYN-CUST-1524
SYN-03045,SYN-CUST-2085
SYN-03046,SYN-CUST-2646
SYN-03047,SYN-CUST-0007
SYN-03048,SYN-CUST-0568
SYN-03049,SYN-CUST-1129
SYN-03050,SYN-CUST-1690
SYN-03051,SYN-CUST-2251
SYN-03052,SYN-CUST-2812
SYN-03053,SYN-CUST-0173
SYN-03054,SYN-CUST-0734
SYN-03055,SYN-CUST-1295
SYN-03056,SYN-CUST-1856
SYN-03057,SYN-CUST-2417
SYN-03058,SYN-CUST-2978
SYN-03059,SYN-CUST-0339
SYN-03060,SYN-CUST-0900
SYN-03061,SYN-CUST-1461
SYN-03062,SYN-CUST-2022
SYN-03063,SYN-CUST-2583
SYN-03064,SYN-CUST-3144
SYN-03065,SYN-CUST-0505
SYN-03066,SYN-CUST-1066
SYN-03067,SYN-CUST-1627
SYN-03068,SYN-CUST-2188
SYN-03069,SYN-CUST-2749
SYN-03070,SYN-CUST-0110
SYN-03071,SYN-CUST-0671
SYN-03072,SYN-CUST-1232
SYN-03073,SYN-CUST-1793
SYN-03074,SYN-CUST-2354
SYN-03075,SYN-CUST-2915
SYN-03076,SYN-CUST-0276
SYN-03077,SYN-CUST-0837
SYN-03078,SYN-CUST-1398
SYN-03079,SYN-CUST-1959
SYN-03080,SYN-CUST-2520
SYN-03081,SYN-CUST-3081
SYN-03082,SYN-CUST-0442
SYN-03083,SYN-CUST-1003
SYN-03084,SYN-CUST-1564
SYN-03085,SYN-CUST-2125
SYN-03086,SYN-CUST-2686
SYN-03087,SYN-CUST-0047
SYN-03088,SYN-CUST-0608
SYN-03089,SYN-CUST-1169
SYN-03090,SYN-CUST-1730
SYN-03091,SYN-CUST-2291
SYN-03092,SYN-CUST-2852
SYN-03093,SYN-CUST-0213
SYN-03094,SYN-CUST-0774
SYN-03095,SYN-CUST-1335
SYN-03096,SYN-CUST-1896
SYN-03097,SYN-CUST-2457
SYN-03098,SYN-CUST-3018
SYN-03099,SYN-CUST-0379
SYN-03100,SYN-CUST-0940
SYN-03101,SYN-CUST-1501
SYN-03102,SYN-CUST-2062
SYN-03103,SYN-CUST-2623
SYN-03104,SYN-CUST-3184
SYN-03105,SYN-CUST-0545
SYN-03106,SYN-CUST-1106
SYN-03107,SYN-CUST-1667
SYN-03108,SYN-CUST-2228
SYN-03109,SYN-CUST-2789
SYN-03110,SYN-CUST-0150
SYN-03111,SYN-CUST-0711
SYN-03112,SYN-CUST-1272
SYN-03113,SYN-CUST-1833
SYN-03114,SYN-CUST-2394
SYN-03115,SYN-CUST-2955
SYN-03116,SYN-CUST-0316
SYN-03117,SYN-CUST-0877
SYN-03118,SYN-CUST-1438
SYN-03119,SYN-CUST-1999
SYN-03120,SYN-CUST-2560
SYN-03121,SYN-CUST-3121
SYN-03122,SYN-CUST-0482
SYN-03123,SYN-CUST-1043
SYN-03124,SYN-CUST-1604
SYN-03125,SYN-CUST-2165
SYN-03126,SYN-CUST-2726
SYN-03127,SYN-CUST-0087
SYN-03128,SYN-CUST-0648
SYN-03129,SYN-CUST-1209
SYN-03130,SYN-CUST-1770
SYN-03131,SYN-CUST-2331
SYN-03132,SYN-CUST-2892
SYN-03133,SYN-CUST-0253
SYN-03134,SYN-CUST-0814
SYN-03135,SYN-CUST-1375
SYN-03136,SYN-CUST-1936
SYN-03137,SYN-CUST-2497
SYN-03138,SYN-CUST-3058
SYN-03139,SYN-CUST-0419
SYN-03140,SYN-CUST-0980
SYN-03141,SYN-CUST-1541
SYN-03142,SYN-CUST-2102
SYN-03143,SYN-CUST-2663
SYN-03144,SYN-CUST-0024
SYN-03145,SYN-CUST-0585
SYN-03146,SYN-CUST-1146
SYN-03147,SYN-CUST-1707
SYN-03148,SYN-CUST-2268
SYN-03149,SYN-CUST-2829
SYN-03150,SYN-CUST-0190
SYN-03151,SYN-CUST-0751
SYN-03152,SYN-CUST-1312
SYN-03153,SYN-CUST-1873
SYN-03154,SYN-CUST-2434
SYN-03155,SYN-CUST-2995
SYN-03156,SYN-CUST-0356
SYN-03157,SYN-CUST-0917
SYN-03158,SYN-CUST-1478
SYN-03159,SYN-CUST-2039
SYN-03160,SYN-CUST-2600
SYN-03161,SYN-CUST-3161
SYN-03162,SYN-CUST-0522
SYN-03163,SYN-CUST-1083
SYN-03164,SYN-CUST-1644
SYN-03165,SYN-CUST-2205
SYN-03166,SYN-CUST-2766
SYN-03167,SYN-CUST-0127
SYN-03168,SYN-CUST-0688
SYN-03169,SYN-CUST-1249
SYN-03170,SYN-CUST-1810
SYN-03171,SYN-CUST-2371
SYN-03172,SYN-CUST-2932
SYN-03173,SYN-CUST-0293
SYN-03174,SYN-CUST-0854
SYN-03175,SYN-CUST-1415
SYN-03176,SYN-CUST-1976
SYN-03177,SYN-CUST-2537
SYN-03178,SYN-CUST-3098
SYN-03179,SYN-CUST-0459
SYN-03180,SYN-CUST-1020
SYN-03181,SYN-CUST-1581
SYN-03182,SYN-CUST-2142
SYN-03183,SYN-CUST-2703
SYN-03184,SYN-CUST-0064
SYN-03185,SYN-CUST-0625
SYN-03186,SYN-CUST-1186
SYN-03187,SYN-CUST-1747
SYN-03188,SYN-CUST-2308
SYN-03189,SYN-CUST-2869
SYN-03190,SYN-CUST-0230
SYN-03191,SYN-CUST-0791
SYN-03192,SYN-CUST-1352
SYN-03193,SYN-CUST-1913
SYN-03194,SYN-CUST-2474
SYN-03195,SYN-CUST-3035
SYN-03196,SYN-CUST-0396
SYN-03197,SYN-CUST-0957
SYN-03198,SYN-CUST-1518
SYN-03199,SYN-CUST-2079
SYN-03200,SYN-CUST-2640
SYN-03201,SYN-CUST-0001
SYN-03202,SYN-CUST-0562
SYN-03203,SYN-CUST-1123
SYN-03204,SYN-CUST-1684
SYN-03205,SYN-CUST-2245
SYN-03206,SYN-CUST-2806
SYN-03207,SYN-CUST-0167
SYN-03208,SYN-CUST-0728
SYN-03209,SYN-CUST-1289
SYN-03210,SYN-CUST-1850
SYN-03211,SYN-CUST-2411
SYN-03212,SYN-CUST-2972
SYN-03213,SYN-CUST-0333
SYN-03214,SYN-CUST-0894
SYN-03215,SYN-CUST-1455
SYN-03216,SYN-CUST-2016
SYN-03217,SYN-CUST-2577
SYN-03218,SYN-CUST-3138
SYN-03219,SYN-CUST-0499
SYN-03220,SYN-CUST-1060
SYN-03221,SYN-CUST-1621
SYN-03222,SYN-CUST-2182
SYN-03223,SYN-CUST-2743
SYN-03224,SYN-CUST-0104
SYN-03225,SYN-CUST-0665
SYN-03226,SYN-CUST-1226
SYN-03227,SYN-CUST-1787
SYN-03228,SYN-CUST-2348
SYN-03229,SYN-CUST-2909
SYN-03230,SYN-CUST-0270
SYN-03231,SYN-CUST-0831
SYN-03232,SYN-CUST-1392
SYN-03233,SYN-CUST-1953
SYN-03234,SYN-CUST-2514
SYN-03235,SYN-CUST-3075
SYN-03236,SYN-CUST-0436
SYN-03237,SYN-CUST-0997
SYN-03238,SYN-CUST-1558
SYN-03239,SYN-CUST-2119
SYN-03240,SYN-CUST-2680
SYN-03241,SYN-CUST-0041
SYN-03242,SYN-CUST-0602
SYN-03243,SYN-CUST-1163
SYN-03244,SYN-CUST-1724
SYN-03245,SYN-CUST-2285
SYN-03246,SYN-CUST-2846
SYN-03247,SYN-CUST-0207
SYN-03248,SYN-CUST-0768
SYN-03249,SYN-CUST-1329
SYN-03250,SYN-CUST-1890
SYN-03251,SYN-CUST-2451
SYN-03252,SYN-CUST-3012
SYN-03253,SYN-CUST-0373
SYN-03254,SYN-CUST-0934
SYN-03255,SYN-CUST-1495
SYN-03256,SYN-CUST-2056
SYN-03257,SYN-CUST-2617
SYN-03258,SYN-CUST-3178
SYN-03259,SYN-CUST-0539
SYN-03260,SYN-CUST-1100
SYN-03261,SYN-CUST-1661
SYN-03262,SYN-CUST-2222
SYN-03263,SYN-CUST-2783
SYN-03264,SYN-CUST-0144
SYN-03265,SYN-CUST-0705
SYN-03266,SYN-CUST-1266
SYN-03267,SYN-CUST-1827
SYN-03268,SYN-CUST-2388
SYN-03269,SYN-CUST-2949
SYN-03270,SYN-CUST-0310
SYN-03271,SYN-CUST-0871
SYN-03272,SYN-CUST-1432
SYN-03273,SYN-CUST-1993
SYN-03274,SYN-CUST-2554
SYN-03275,SYN-CUST-3115
SYN-03276,SYN-CUST-0476
SYN-03277,SYN-CUST-1037
SYN-03278,SYN-CUST-1598
SYN-03279,SYN-CUST-2159
SYN-03280,SYN-CUST-2720
SYN-03281,SYN-CUST-0081
SYN-03282,SYN-CUST-0642
SYN-03283,SYN-CUST-1203
SYN-03284,SYN-CUST-1764
SYN-03285,SYN-CUST-2325
SYN-03286,SYN-CUST-2886
SYN-03287,SYN-CUST-0247
SYN-03288,SYN-CUST-0808
SYN-03289,SYN-CUST-1369
SYN-03290,SYN-CUST-1930
SYN-03291,SYN-CUST-2491
SYN-03292,SYN-CUST-3052
SYN-03293,SYN-CUST-0413
SYN-03294,SYN-CUST-0974
SYN-03295,SYN-CUST-1535
SYN-03296,SYN-CUST-2096
SYN-03297,SYN-CUST-2657
SYN-03298,SYN-CUST-0018
SYN-03299,SYN-CUST-0579
SYN-03300,SYN-CUST-1140
SYN-03301,SYN-CUST-1701
SYN-03302,SYN-CUST-2262
SYN-03303,SYN-CUST-2823
SYN-03304,SYN-CUST-0184
SYN-03305,SYN-CUST-0745
SYN-03306,SYN-CUST-1306
SYN-03307,SYN-CUST-1867
SYN-03308,SYN-CUST-2428
SYN-03309,SYN-CUST-2989
SYN-03310,SYN-CUST-0350
SYN-03311,SYN-CUST-0911
SYN-03312,SYN-CUST-1472
SYN-03313,SYN-CUST-2033
SYN-03314,SYN-CUST-2594
SYN-03315,SYN-CUST-3155
SYN-03316,SYN-CUST-0516
SYN-03317,SYN-CUST-1077
SYN-03318,SYN-CUST-1638
SYN-03319,SYN-CUST-2199
SYN-03320,SYN-CUST-2760
SYN-03321,SYN-CUST-0121
SYN-03322,SYN-CUST-0682
SYN-03323,SYN-CUST-1243
SYN-03324,SYN-CUST-1804
SYN-03325,SYN-CUST-2365
SYN-03326,SYN-CUST-2926
SYN-03327,SYN-CUST-0287
SYN-03328,SYN-CUST-0848
SYN-03329,SYN-CUST-1409
SYN-03330,SYN-CUST-1970
SYN-03331,SYN-CUST-2531
SYN-03332,SYN-CUST-3092
SYN-03333,SYN-CUST-0453
SYN-03334,SYN-CUST-1014
SYN-03335,SYN-CUST-1575
SYN-03336,SYN-CUST-2136
SYN-03337,SYN-CUST-2697
SYN-03338,SYN-CUST-0058
SYN-03339,SYN-CUST-0619
SYN-03340,SYN-CUST-1180
SYN-03341,SYN-CUST-1741
SYN-03342,SYN-CUST-2302
SYN-03343,SYN-CUST-2863
SYN-03344,SYN-CUST-0224
SYN-03345,SYN-CUST-0785
SYN-03346,SYN-CUST-1346
SYN-03347,SYN-CUST-1907
SYN-03348,SYN-CUST-2468
SYN-03349,SYN-CUST-3029
SYN-03350,SYN-CUST-0390
SYN-03351,SYN-CUST-0951
SYN-03352,SYN-CUST-1512
SYN-03353,SYN-CUST-2073
SYN-03354,SYN-CUST-2634
SYN-03355,SYN-CUST-3195
SYN-03356,SYN-CUST-0556
SYN-03357,SYN-CUST-1117
SYN-03358,SYN-CUST-1678
SYN-03359,SYN-CUST-2239
SYN-03360,SYN-CUST-2800
SYN-03361,SYN-CUST-0161
SYN-03362,SYN-CUST-0722
SYN-03363,SYN-CUST-1283
SYN-03364,SYN-CUST-1844
SYN-03365,SYN-CUST-2405
SYN-03366,SYN-CUST-2966
SYN-03367,SYN-CUST-0327
SYN-03368,SYN-CUST-0888
SYN-03369,SYN-CUST-1449
SYN-03370,SYN-CUST-2010
SYN-03371,SYN-CUST-2571
SYN-03372,SYN-CUST-3132
SYN-03373,SYN-CUST-0493
SYN-03374,SYN-CUST-1054
SYN-03375,SYN-CUST-1615
SYN-03376,SYN-CUST-2176
SYN-03377,SYN-CUST-2737
SYN-03378,SYN-CUST-0098
SYN-03379,SYN-CUST-0659
SYN-03380,SYN-CUST-1220
SYN-03381,SYN-CUST-1781
SYN-03382,SYN-CUST-2342
SYN-03383,SYN-CUST-2903
SYN-03384,SYN-CUST-0264
SYN-03385,SYN-CUST-0825
SYN-03386,SYN-CUST-1386
SYN-03387,SYN-CUST-1947
SYN-03388,SYN-CUST-2508
SYN-03389,SYN-CUST-3069
SYN-03390,SYN-CUST-0430
SYN-03391,SYN-CUST-0991
SYN-03392,SYN-CUST-1552
SYN-03393,SYN-CUST-2113
SYN-03394,SYN-CUST-2674
SYN-03395,SYN-CUST-0035
SYN-03396,SYN-CUST-0596
SYN-03397,SYN-CUST-1157
SYN-03398,SYN-CUST-1718
SYN-03399,SYN-CUST-2279
SYN-03400,SYN-CUST-2840
SYN-03401,SYN-CUST-0201
SYN-03402,SYN-CUST-0762
SYN-03403,SYN-CUST-1323
SYN-03404,SYN-CUST-1884
SYN-03405,SYN-CUST-2445
SYN-03406,SYN-CUST-3006
SYN-03407,SYN-CUST-0367
SYN-03408,SYN-CUST-0928
SYN-03409,SYN-CUST-1489
SYN-03410,SYN-CUST-2050
SYN-03411,SYN-CUST-2611
SYN-03412,SYN-CUST-3172
SYN-03413,SYN-CUST-0533
SYN-03414,SYN-CUST-1094
SYN-03415,SYN-CUST-1655
SYN-03416,SYN-CUST-2216
SYN-03417,SYN-CUST-2777
SYN-03418,SYN-CUST-0138
SYN-03419,SYN-CUST-0699
SYN-03420,SYN-CUST-1260
SYN-03421,SYN-CUST-1821
SYN-03422,SYN-CUST-2382
SYN-03423,SYN-CUST-2943
SYN-03424,SYN-CUST-0304
SYN-03425,SYN-CUST-0865
SYN-03426,SYN-CUST-1426
SYN-03427,SYN-CUST-1987
SYN-03428,SYN-CUST-2548
SYN-03429,SYN-CUST-3109
SYN-03430,SYN-CUST-0470
SYN-03431,SYN-CUST-1031
SYN-03432,SYN-CUST-1592
SYN-03433,SYN-CUST-2153
SYN-03434,SYN-CUST-2714
SYN-03435,SYN-CUST-0075
SYN-03436,SYN-CUST-0636
SYN-03437,SYN-CUST-1197
SYN-03438,SYN-CUST-1758
SYN-03439,SYN-CUST-2319
SYN-03440,SYN-CUST-2880
SYN-03441,SYN-CUST-0241
SYN-03442,SYN-CUST-0802
SYN-03443,SYN-CUST-1363
SYN-03444,SYN-CUST-1924
SYN-03445,SYN-CUST-2485
SYN-03446,SYN-CUST-3046
SYN-03447,SYN-CUST-0407
SYN-03448,SYN-CUST-0968
SYN-03449,SYN-CUST-1529
SYN-03450,SYN-CUST-2090
SYN-03451,SYN-CUST-2651
SYN-03452,SYN-CUST-0012
SYN-03453,SYN-CUST-0573
SYN-03454,SYN-CUST-1134
SYN-03455,SYN-CUST-1695
SYN-03456,SYN-CUST-2256
SYN-03457,SYN-CUST-2817
SYN-03458,SYN-CUST-0178
SYN-03459,SYN-CUST-0739
SYN-03460,SYN-CUST-1300
SYN-03461,SYN-CUST-1861
SYN-03462,SYN-CUST-2422
SYN-03463,SYN-CUST-2983
SYN-03464,SYN-CUST-0344
SYN-03465,SYN-CUST-0905
SYN-03466,SYN-CUST-1466
SYN-03467,SYN-CUST-2027
SYN-03468,SYN-CUST-2588
SYN-03469,SYN-CUST-3149
SYN-03470,SYN-CUST-0510
SYN-03471,SYN-CUST-1071
SYN-03472,SYN-CUST-1632
SYN-03473,SYN-CUST-2193
SYN-03474,SYN-CUST-2754
SYN-03475,SYN-CUST-0115
SYN-03476,SYN-CUST-0676
SYN-03477,SYN-CUST-1237
SYN-03478,SYN-CUST-1798
SYN-03479,SYN-CUST-2359
SYN-03480,SYN-CUST-2920
SYN-03481,SYN-CUST-0281
SYN-03482,SYN-CUST-0842
SYN-03483,SYN-CUST-1403
SYN-03484,SYN-CUST-1964
SYN-03485,SYN-CUST-2525
SYN-03486,SYN-CUST-3086
SYN-03487,SYN-CUST-0447
SYN-03488,SYN-CUST-1008
SYN-03489,SYN-CUST-1569
SYN-03490,SYN-CUST-2130
SYN-03491,SYN-CUST-2691
SYN-03492,SYN-CUST-0052
SYN-03493,SYN-CUST-0613
SYN-03494,SYN-CUST-1174
SYN-03495,SYN-CUST-1735
SYN-03496,SYN-CUST-2296
SYN-03497,SYN-CUST-2857
SYN-03498,SYN-CUST-0218
SYN-03499,SYN-CUST-0779
SYN-03500,SYN-CUST-1340
SYN-03501,SYN-CUST-1901
SYN-03502,SYN-CUST-2462
SYN-03503,SYN-CUST-3023
SYN-03504,SYN-CUST-0384
SYN-03505,SYN-CUST-0945
SYN-03506,SYN-CUST-1506
SYN-03507,SYN-CUST-2067
SYN-03508,SYN-CUST-2628
SYN-03509,SYN-CUST-3189
SYN-03510,SYN-CUST-0550
SYN-03511,SYN-CUST-1111
SYN-03512,SYN-CUST-1672
SYN-03513,SYN-CUST-2233
SYN-03514,SYN-CUST-2794
SYN-03515,SYN-CUST-0155
SYN-03516,SYN-CUST-0716
SYN-03517,SYN-CUST-1277
SYN-03518,SYN-CUST-1838
SYN-03519,SYN-CUST-2399
SYN-03520,SYN-CUST-2960
SYN-03521,SYN-CUST-0321
SYN-03522,SYN-CUST-0882
SYN-03523,SYN-CUST-1443
SYN-03524,SYN-CUST-2004
SYN-03525,SYN-CUST-2565
SYN-03526,SYN-CUST-3126
SYN-03527,SYN-CUST-0487
SYN-03528,SYN-CUST-1048
SYN-03529,SYN-CUST-1609
SYN-03530,SYN-CUST-2170
SYN-03531,SYN-CUST-2731
SYN-03532,SYN-CUST-0092
SYN-03533,SYN-CUST-0653
SYN-03534,SYN-CUST-1214
SYN-03535,SYN-CUST-1775
SYN-03536,SYN-CUST-2336
SYN-03537,SYN-CUST-2897
SYN-03538,SYN-CUST-0258
SYN-03539,SYN-CUST-0819
SYN-03540,SYN-CUST-1380
SYN-03541,SYN-CUST-1941
SYN-03542,SYN-CUST-2502
SYN-03543,SYN-CUST-3063
SYN-03544,SYN-CUST-0424
SYN-03545,SYN-CUST-0985
SYN-03546,SYN-CUST-1546
SYN-03547,SYN-CUST-2107
SYN-03548,SYN-CUST-2668
SYN-03549,SYN-CUST-0029
SYN-03550,SYN-CUST-0590
SYN-03551,SYN-CUST-1151
SYN-03552,SYN-CUST-1712
SYN-03553,SYN-CUST-2273
SYN-03554,SYN-CUST-2834
SYN-03555,SYN-CUST-0195
SYN-03556,SYN-CUST-0756
SYN-03557,SYN-CUST-1317
SYN-03558,SYN-CUST-1878
SYN-03559,SYN-CUST-2439
SYN-03560,SYN-CUST-3000
SYN-03561,SYN-CUST-0361
SYN-03562,SYN-CUST-0922
SYN-03563,SYN-CUST-1483
SYN-03564,SYN-CUST-2044
SYN-03565,SYN-CUST-2605
SYN-03566,SYN-CUST-3166
SYN-03567,SYN-CUST-0527
SYN-03568,SYN-CUST-1088
SYN-03569,SYN-CUST-1649
SYN-03570,SYN-CUST-2210
SYN-03571,SYN-CUST-2771
SYN-03572,SYN-CUST-0132
SYN-03573,SYN-CUST-0693
SYN-03574,SYN-CUST-1254
SYN-03575,SYN-CUST-1815
SYN-03576,SYN-CUST-2376
SYN-03577,SYN-CUST-2937
SYN-03578,SYN-CUST-0298
SYN-03579,SYN-CUST-0859
SYN-03580,SYN-CUST-1420
SYN-03581,SYN-CUST-1981
SYN-03582,SYN-CUST-2542
SYN-03583,SYN-CUST-3103
SYN-03584,SYN-CUST-0464
SYN-03585,SYN-CUST-1025
SYN-03586,SYN-CUST-1586
SYN-03587,SYN-CUST-2147
SYN-03588,SYN-CUST-2708
SYN-03589,SYN-CUST-0069
SYN-03590,SYN-CUST-0630
SYN-03591,SYN-CUST-1191
SYN-03592,SYN-CUST-1752
SYN-03593,SYN-CUST-2313
SYN-03594,SYN-CUST-2874
SYN-03595,SYN-CUST-0235
SYN-03596,SYN-CUST-0796
SYN-03597,SYN-CUST-1357
SYN-03598,SYN-CUST-1918
SYN-03599,SYN-CUST-2479
SYN-03600,SYN-CUST-3040
SYN-03601,SYN-CUST-0401
SYN-03602,SYN-CUST-0962
SYN-03603,SYN-CUST-1523
SYN-03604,SYN-CUST-2084
SYN-03605,SYN-CUST-2645
SYN-03606,SYN-CUST-0006
SYN-03607,SYN-CUST-0567
SYN-03608,SYN-CUST-1128
SYN-03609,SYN-CUST-1689
SYN-03610,SYN-CUST-2250
SYN-03611,SYN-CUST-2811
SYN-03612,SYN-CUST-0172
SYN-03613,SYN-CUST-0733
SYN-03614,SYN-CUST-1294
SYN-03615,SYN-CUST-1855
SYN-03616,SYN-CUST-2416
SYN-03617,SYN-CUST-2977
SYN-03618,SYN-CUST-0338
SYN-03619,SYN-CUST-0899
SYN-03620,SYN-CUST-1460
SYN-03621,SYN-CUST-2021
SYN-03622,SYN-CUST-2582
SYN-03623,SYN-CUST-3143
SYN-03624,SYN-CUST-0504
SYN-03625,SYN-CUST-1065
SYN-03626,SYN-CUST-1626
SYN-03627,SYN-CUST-2187
SYN-03628,SYN-CUST-2748
SYN-03629,SYN-CUST-0109
SYN-03630,SYN-CUST-0670
SYN-03631,SYN-CUST-1231
SYN-03632,SYN-CUST-1792
SYN-03633,SYN-CUST-2353
SYN-03634,SYN-CUST-2914
SYN-03635,SYN-CUST-0275
SYN-03636,SYN-CUST-0836
SYN-03637,SYN-CUST-1397
SYN-03638,SYN-CUST-1958
SYN-03639,SYN-CUST-2519
SYN-03640,SYN-CUST-3080
SYN-03641,SYN-CUST-0441
SYN-03642,SYN-CUST-1002
SYN-03643,SYN-CUST-1563
SYN-03644,SYN-CUST-2124
SYN-03645,SYN-CUST-2685
SYN-03646,SYN-CUST-0046
SYN-03647,SYN-CUST-0607
SYN-03648,SYN-CUST-1168
SYN-03649,SYN-CUST-1729
SYN-03650,SYN-CUST-2290
SYN-03651,SYN-CUST-2851
SYN-03652,SYN-CUST-0212
SYN-03653,SYN-CUST-0773
SYN-03654,SYN-CUST-1334
SYN-03655,SYN-CUST-1895
SYN-03656,SYN-CUST-2456
SYN-03657,SYN-CUST-3017
SYN-03658,SYN-CUST-0378
SYN-03659,SYN-CUST-0939
SYN-03660,SYN-CUST-1500
SYN-03661,SYN-CUST-2061
SYN-03662,SYN-CUST-2622
SYN-03663,SYN-CUST-3183
SYN-03664,SYN-CUST-0544
SYN-03665,SYN-CUST-1105
SYN-03666,SYN-CUST-1666
SYN-03667,SYN-CUST-2227
SYN-03668,SYN-CUST-2788
SYN-03669,SYN-CUST-0149
SYN-03670,SYN-CUST-0710
SYN-03671,SYN-CUST-1271
SYN-03672,SYN-CUST-1832
SYN-03673,SYN-CUST-2393
SYN-03674,SYN-CUST-2954
SYN-03675,SYN-CUST-0315
SYN-03676,SYN-CUST-0876
SYN-03677,SYN-CUST-1437
SYN-03678,SYN-CUST-1998
SYN-03679,SYN-CUST-2559
SYN-03680,SYN-CUST-3120
SYN-03681,SYN-CUST-0481
SYN-03682,SYN-CUST-1042
SYN-03683,SYN-CUST-1603
SYN-03684,SYN-CUST-2164
SYN-03685,SYN-CUST-2725
SYN-03686,SYN-CUST-0086
SYN-03687,SYN-CUST-0647
SYN-03688,SYN-CUST-1208
SYN-03689,SYN-CUST-1769
SYN-03690,SYN-CUST-2330
SYN-03691,SYN-CUST-2891
SYN-03692,SYN-CUST-0252
SYN-03693,SYN-CUST-0813
SYN-03694,SYN-CUST-1374
SYN-03695,SYN-CUST-1935
SYN-03696,SYN-CUST-2496
SYN-03697,SYN-CUST-3057
SYN-03698,SYN-CUST-0418
SYN-03699,SYN-CUST-0979
SYN-03700,SYN-CUST-1540
SYN-03701,SYN-CUST-2101
SYN-03702,SYN-CUST-2662
SYN-03703,SYN-CUST-0023
SYN-03704,SYN-CUST-0584
SYN-03705,SYN-CUST-1145
SYN-03706,SYN-CUST-1706
SYN-03707,SYN-CUST-2267
SYN-03708,SYN-CUST-2828
SYN-03709,SYN-CUST-0189
SYN-03710,SYN-CUST-0750
SYN-03711,SYN-CUST-1311
SYN-03712,SYN-CUST-1872
SYN-03713,SYN-CUST-2433
SYN-03714,SYN-CUST-2994
SYN-03715,SYN-CUST-0355
SYN-03716,SYN-CUST-0916
SYN-03717,SYN-CUST-1477
SYN-03718,SYN-CUST-2038
SYN-03719,SYN-CUST-2599
SYN-03720,SYN-CUST-3160
SYN-03721,SYN-CUST-0521
SYN-03722,SYN-CUST-1082
SYN-03723,SYN-CUST-1643
SYN-03724,SYN-CUST-2204
SYN-03725,SYN-CUST-2765
SYN-03726,SYN-CUST-0126
SYN-03727,SYN-CUST-0687
SYN-03728,SYN-CUST-1248
SYN-03729,SYN-CUST-1809
SYN-03730,SYN-CUST-2370
SYN-03731,SYN-CUST-2931
SYN-03732,SYN-CUST-0292
SYN-03733,SYN-CUST-0853
SYN-03734,SYN-CUST-1414
SYN-03735,SYN-CUST-1975
SYN-03736,SYN-CUST-2536
SYN-03737,SYN-CUST-3097
SYN-03738,SYN-CUST-0458
SYN-03739,SYN-CUST-1019
SYN-03740,SYN-CUST-1580
SYN-03741,SYN-CUST-2141
SYN-03742,SYN-CUST-2702
SYN-03743,SYN-CUST-0063
SYN-03744,SYN-CUST-0624
SYN-03745,SYN-CUST-1185
SYN-03746,SYN-CUST-1746
SYN-03747,SYN-CUST-2307
SYN-03748,SYN-CUST-2868
SYN-03749,SYN-CUST-0229
SYN-03750,SYN-CUST-0790
SYN-03751,SYN-CUST-1351
SYN-03752,SYN-CUST-1912
SYN-03753,SYN-CUST-2473
SYN-03754,SYN-CUST-3034
SYN-03755,SYN-CUST-0395
SYN-03756,SYN-CUST-0956
SYN-03757,SYN-CUST-1517
SYN-03758,SYN-CUST-2078
SYN-03759,SYN-CUST-2639
SYN-03760,SYN-CUST-3200
SYN-03761,SYN-CUST-0561
SYN-03762,SYN-CUST-1122
SYN-03763,SYN-CUST-1683
SYN-03764,SYN-CUST-2244
SYN-03765,SYN-CUST-2805
SYN-03766,SYN-CUST-0166
SYN-03767,SYN-CUST-0727
SYN-03768,SYN-CUST-1288
SYN-03769,SYN-CUST-1849
SYN-03770,SYN-CUST-2410
SYN-03771,SYN-CUST-2971
SYN-03772,SYN-CUST-0332
SYN-03773,SYN-CUST-0893
SYN-03774,SYN-CUST-1454
SYN-03775,SYN-CUST-2015
SYN-03776,SYN-CUST-2576
SYN-03777,SYN-CUST-3137
SYN-03778,SYN-CUST-0498
SYN-03779,SYN-CUST-1059
SYN-03780,SYN-CUST-1620
SYN-03781,SYN-CUST-2181
SYN-03782,SYN-CUST-2742
SYN-03783,SYN-CUST-0103
SYN-03784,SYN-CUST-0664
SYN-03785,SYN-CUST-1225
SYN-03786,SYN-CUST-1786
SYN-03787,SYN-CUST-2347
SYN-03788,SYN-CUST-2908
SYN-03789,SYN-CUST-0269
SYN-03790,SYN-CUST-0830
SYN-03791,SYN-CUST-1391
SYN-03792,SYN-CUST-1952
SYN-03793,SYN-CUST-2513
SYN-03794,SYN-CUST-3074
SYN-03795,SYN-CUST-0435
SYN-03796,SYN-CUST-0996
SYN-03797,SYN-CUST-1557
SYN-03798,SYN-CUST-2118
SYN-03799,SYN-CUST-2679
SYN-03800,SYN-CUST-0040
SYN-03801,SYN-CUST-0601
SYN-03802,SYN-CUST-1162
SYN-03803,SYN-CUST-1723
SYN-03804,SYN-CUST-2284
SYN-03805,SYN-CUST-2845
SYN-03806,SYN-CUST-0206
SYN-03807,SYN-CUST-0767
SYN-03808,SYN-CUST-1328
SYN-03809,SYN-CUST-1889
SYN-03810,SYN-CUST-2450
SYN-03811,SYN-CUST-3011
SYN-03812,SYN-CUST-0372
SYN-03813,SYN-CUST-0933
SYN-03814,SYN-CUST-1494
SYN-03815,SYN-CUST-2055
SYN-03816,SYN-CUST-2616
SYN-03817,SYN-CUST-3177
SYN-03818,SYN-CUST-0538
SYN-03819,SYN-CUST-1099
SYN-03820,SYN-CUST-1660
SYN-03821,SYN-CUST-2221
SYN-03822,SYN-CUST-2782
SYN-03823,SYN-CUST-0143
SYN-03824,SYN-CUST-0704
SYN-03825,SYN-CUST-1265
SYN-03826,SYN-CUST-1826
SYN-03827,SYN-CUST-2387
SYN-03828,SYN-CUST-2948
SYN-03829,SYN-CUST-0309
SYN-03830,SYN-CUST-0870
SYN-03831,SYN-CUST-1431
SYN-03832,SYN-CUST-1992
SYN-03833,SYN-CUST-2553
SYN-03834,SYN-CUST-3114
SYN-03835,SYN-CUST-0475
SYN-03836,SYN-CUST-1036
SYN-03837,SYN-CUST-1597
SYN-03838,SYN-CUST-2158
SYN-03839,SYN-CUST-2719
SYN-03840,SYN-CUST-0080
SYN-03841,SYN-CUST-0641
SYN-03842,SYN-CUST-1202
SYN-03843,SYN-CUST-1763
SYN-03844,SYN-CUST-2324
SYN-03845,SYN-CUST-2885
SYN-03846,SYN-CUST-0246
SYN-03847,SYN-CUST-0807
SYN-03848,SYN-CUST-1368
SYN-03849,SYN-CUST-1929
SYN-03850,SYN-CUST-2490
SYN-03851,SYN-CUST-3051
SYN-03852,SYN-CUST-0412
SYN-03853,SYN-CUST-0973
SYN-03854,SYN-CUST-1534
SYN-03855,SYN-CUST-2095
SYN-03856,SYN-CUST-2656
SYN-03857,SYN-CUST-0017
SYN-03858,SYN-CUST-0578
SYN-03859,SYN-CUST-1139
SYN-03860,SYN-CUST-1700
SYN-03861,SYN-CUST-2261
SYN-03862,SYN-CUST-2822
SYN-03863,SYN-CUST-0183
SYN-03864,SYN-CUST-0744
SYN-03865,SYN-CUST-1305
SYN-03866,SYN-CUST-1866
SYN-03867,SYN-CUST-2427
SYN-03868,SYN-CUST-2988
SYN-03869,SYN-CUST-0349
SYN-03870,SYN-CUST-0910
SYN-03871,SYN-CUST-1471
SYN-03872,SYN-CUST-2032
SYN-03873,SYN-CUST-2593
SYN-03874,SYN-CUST-3154
SYN-03875,SYN-CUST-0515
SYN-03876,SYN-CUST-1076
SYN-03877,SYN-CUST-1637
SYN-03878,SYN-CUST-2198
SYN-03879,SYN-CUST-2759
SYN-03880,SYN-CUST-0120
SYN-03881,SYN-CUST-0681
SYN-03882,SYN-CUST-1242
SYN-03883,SYN-CUST-1803
SYN-03884,SYN-CUST-2364
SYN-03885,SYN-CUST-2925
SYN-03886,SYN-CUST-0286
SYN-03887,SYN-CUST-0847
SYN-03888,SYN-CUST-1408
SYN-03889,SYN-CUST-1969
SYN-03890,SYN-CUST-2530
SYN-03891,SYN-CUST-3091
SYN-03892,SYN-CUST-0452
SYN-03893,SYN-CUST-1013
SYN-03894,SYN-CUST-1574
SYN-03895,SYN-CUST-2135
SYN-03896,SYN-CUST-2696
SYN-03897,SYN-CUST-0057
SYN-03898,SYN-CUST-0618
SYN-03899,SYN-CUST-1179
SYN-03900,SYN-CUST-1740
SYN-03901,SYN-CUST-2301
SYN-03902,SYN-CUST-2862
SYN-03903,SYN-CUST-0223
SYN-03904,SYN-CUST-0784
SYN-03905,SYN-CUST-1345
SYN-03906,SYN-CUST-1906
SYN-03907,SYN-CUST-2467
SYN-03908,SYN-CUST-3028
SYN-03909,SYN-CUST-0389
SYN-03910,SYN-CUST-0950
SYN-03911,SYN-CUST-1511
SYN-03912,SYN-CUST-2072
SYN-03913,SYN-CUST-2633
SYN-03914,SYN-CUST-3194
SYN-03915,SYN-CUST-0555
SYN-03916,SYN-CUST-1116
SYN-03917,SYN-CUST-1677
SYN-03918,SYN-CUST-2238
SYN-03919,SYN-CUST-2799
SYN-03920,SYN-CUST-0160
SYN-03921,SYN-CUST-0721
SYN-03922,SYN-CUST-1282
SYN-03923,SYN-CUST-1843
SYN-03924,SYN-CUST-2404
SYN-03925,SYN-CUST-2965
SYN-03926,SYN-CUST-0326
SYN-03927,SYN-CUST-0887
SYN-03928,SYN-CUST-1448
SYN-03929,SYN-CUST-2009
SYN-03930,SYN-CUST-2570
SYN-03931,SYN-CUST-3131
SYN-03932,SYN-CUST-0492
SYN-03933,SYN-CUST-1053
SYN-03934,SYN-CUST-1614
SYN-03935,SYN-CUST-2175
SYN-03936,SYN-CUST-2736
SYN-03937,SYN-CUST-0097
SYN-03938,SYN-CUST-0658
SYN-03939,SYN-CUST-1219
SYN-03940,SYN-CUST-1780
SYN-03941,SYN-CUST-2341
SYN-03942,SYN-CUST-2902
SYN-03943,SYN-CUST-0263
SYN-03944,SYN-CUST-0824
SYN-03945,SYN-CUST-1385
SYN-03946,SYN-CUST-1946
SYN-03947,SYN-CUST-2507
SYN-03948,SYN-CUST-3068
SYN-03949,SYN-CUST-0429
SYN-03950,SYN-CUST-0990
SYN-03951,SYN-CUST-1551
SYN-03952,SYN-CUST-2112
SYN-03953,SYN-CUST-2673
SYN-03954,SYN-CUST-0034
SYN-03955,SYN-CUST-0595
SYN-03956,SYN-CUST-1156
SYN-03957,SYN-CUST-1717
SYN-03958,SYN-CUST-2278
SYN-03959,SYN-CUST-2839
SYN-03960,SYN-CUST-0200
SYN-03961,SYN-CUST-0761
SYN-03962,SYN-CUST-1322
SYN-03963,SYN-CUST-1883
SYN-03964,SYN-CUST-2444
SYN-03965,SYN-CUST-3005
SYN-03966,SYN-CUST-0366
SYN-03967,SYN-CUST-0927
SYN-03968,SYN-CUST-1488
SYN-03969,SYN-CUST-2049
SYN-03970,SYN-CUST-2610
SYN-03971,SYN-CUST-3171
SYN-03972,SYN-CUST-0532
SYN-03973,SYN-CUST-1093
SYN-03974,SYN-CUST-1654
SYN-03975,SYN-CUST-2215
SYN-03976,SYN-CUST-2776
SYN-03977,SYN-CUST-0137
SYN-03978,SYN-CUST-0698
SYN-03979,SYN-CUST-1259
SYN-03980,SYN-CUST-1820
SYN-03981,SYN-CUST-2381
SYN-03982,SYN-CUST-2942
SYN-03983,SYN-CUST-0303
SYN-03984,SYN-CUST-0864
SYN-03985,SYN-CUST-1425
SYN-03986,SYN-CUST-1986
SYN-03987,SYN-CUST-2547
SYN-03988,SYN-CUST-3108
SYN-03989,SYN-CUST-0469
SYN-03990,SYN-CUST-1030
SYN-03991,SYN-CUST-1591
SYN-03992,SYN-CUST-2152
SYN-03993,SYN-CUST-2713
SYN-03994,SYN-CUST-0074
SYN-03995,SYN-CUST-0635
SYN-03996,SYN-CUST-1196
SYN-03997,SYN-CUST-1757
SYN-03998,SYN-CUST-2318
SYN-03999,SYN-CUST-2879
SYN-04000,SYN-CUST-0240
SYN-04001,SYN-CUST-0801
SYN-04002,SYN-CUST-1362
SYN-04003,SYN-CUST-1923
SYN-04004,SYN-CUST-2484
SYN-04005,SYN-CUST-3045
SYN-04006,SYN-CUST-0406
SYN-04007,SYN-CUST-0967
SYN-04008,SYN-CUST-1528
SYN-04009,SYN-CUST-2089
SYN-04010,SYN-CUST-2650
SYN-04011,SYN-CUST-0011
SYN-04012,SYN-CUST-0572
SYN-04013,SYN-CUST-1133
SYN-04014,SYN-CUST-1694
SYN-04015,SYN-CUST-2255
SYN-04016,SYN-CUST-2816
SYN-04017,SYN-CUST-0177
SYN-04018,SYN-CUST-0738
SYN-04019,SYN-CUST-1299
SYN-04020,SYN-CUST-1860
SYN-04021,SYN-CUST-2421
SYN-04022,SYN-CUST-2982
SYN-04023,SYN-CUST-0343
SYN-04024,SYN-CUST-0904
SYN-04025,SYN-CUST-1465
SYN-04026,SYN-CUST-2026
SYN-04027,SYN-CUST-2587
SYN-04028,SYN-CUST-3148
SYN-04029,SYN-CUST-0509
SYN-04030,SYN-CUST-1070
SYN-04031,SYN-CUST-1631
SYN-04032,SYN-CUST-2192
SYN-04033,SYN-CUST-2753
SYN-04034,SYN-CUST-0114
SYN-04035,SYN-CUST-0675
SYN-04036,SYN-CUST-1236
SYN-04037,SYN-CUST-1797
SYN-04038,SYN-CUST-2358
SYN-04039,SYN-CUST-2919
SYN-04040,SYN-CUST-0280
SYN-04041,SYN-CUST-0841
SYN-04042,SYN-CUST-1402
SYN-04043,SYN-CUST-1963
SYN-04044,SYN-CUST-2524
SYN-04045,SYN-CUST-3085
SYN-04046,SYN-CUST-0446
SYN-04047,SYN-CUST-1007
SYN-04048,SYN-CUST-1568
SYN-04049,SYN-CUST-2129
SYN-04050,SYN-CUST-2690
SYN-04051,SYN-CUST-0051
SYN-04052,SYN-CUST-0612
SYN-04053,SYN-CUST-1173
SYN-04054,SYN-CUST-1734
SYN-04055,SYN-CUST-2295
SYN-04056,SYN-CUST-2856
SYN-04057,SYN-CUST-0217
SYN-04058,SYN-CUST-0778
SYN-04059,SYN-CUST-1339
SYN-04060,SYN-CUST-1900
SYN-04061,SYN-CUST-2461
SYN-04062,SYN-CUST-3022
SYN-04063,SYN-CUST-0383
SYN-04064,SYN-CUST-0944
SYN-04065,SYN-CUST-1505
SYN-04066,SYN-CUST-2066
SYN-04067,SYN-CUST-2627
SYN-04068,SYN-CUST-3188
SYN-04069,SYN-CUST-0549
SYN-04070,SYN-CUST-1110
SYN-04071,SYN-CUST-1671
SYN-04072,SYN-CUST-2232
SYN-04073,SYN-CUST-2793
SYN-04074,SYN-CUST-0154
SYN-04075,SYN-CUST-0715
SYN-04076,SYN-CUST-1276
SYN-04077,SYN-CUST-1837
SYN-04078,SYN-CUST-2398
SYN-04079,SYN-CUST-2959
SYN-04080,SYN-CUST-0320
SYN-04081,SYN-CUST-0881
SYN-04082,SYN-CUST-1442
SYN-04083,SYN-CUST-2003
SYN-04084,SYN-CUST-2564
SYN-04085,SYN-CUST-3125
SYN-04086,SYN-CUST-0486
SYN-04087,SYN-CUST-1047
SYN-04088,SYN-CUST-1608
SYN-04089,SYN-CUST-2169
SYN-04090,SYN-CUST-2730
SYN-04091,SYN-CUST-0091
SYN-04092,SYN-CUST-0652
SYN-04093,SYN-CUST-1213
SYN-04094,SYN-CUST-1774
SYN-04095,SYN-CUST-2335
SYN-04096,SYN-CUST-2896
SYN-04097,SYN-CUST-0257
SYN-04098,SYN-CUST-0818
SYN-04099,SYN-CUST-1379
SYN-04100,SYN-CUST-1940
SYN-04101,SYN-CUST-2501
SYN-04102,SYN-CUST-3062
SYN-04103,SYN-CUST-0423
SYN-04104,SYN-CUST-0984
SYN-04105,SYN-CUST-1545
SYN-04106,SYN-CUST-2106
SYN-04107,SYN-CUST-2667
SYN-04108,SYN-CUST-0028
SYN-04109,SYN-CUST-0589
SYN-04110,SYN-CUST-1150
SYN-04111,SYN-CUST-1711
SYN-04112,SYN-CUST-2272
SYN-04113,SYN-CUST-2833
SYN-04114,SYN-CUST-0194
SYN-04115,SYN-CUST-0755
SYN-04116,SYN-CUST-1316
SYN-04117,SYN-CUST-1877
SYN-04118,SYN-CUST-2438
SYN-04119,SYN-CUST-2999
SYN-04120,SYN-CUST-0360
SYN-04121,SYN-CUST-0921
SYN-04122,SYN-CUST-1482
SYN-04123,SYN-CUST-2043
SYN-04124,SYN-CUST-2604
SYN-04125,SYN-CUST-3165
SYN-04126,SYN-CUST-0526
SYN-04127,SYN-CUST-1087
SYN-04128,SYN-CUST-1648
SYN-04129,SYN-CUST-2209
SYN-04130,SYN-CUST-2770
SYN-04131,SYN-CUST-0131
SYN-04132,SYN-CUST-0692
SYN-04133,SYN-CUST-1253
SYN-04134,SYN-CUST-1814
SYN-04135,SYN-CUST-2375
SYN-04136,SYN-CUST-2936
SYN-04137,SYN-CUST-0297
SYN-04138,SYN-CUST-0858
SYN-04139,SYN-CUST-1419
SYN-04140,SYN-CUST-1980
SYN-04141,SYN-CUST-2541
SYN-04142,SYN-CUST-3102
SYN-04143,SYN-CUST-0463
SYN-04144,SYN-CUST-1024
SYN-04145,SYN-CUST-1585
SYN-04146,SYN-CUST-2146
SYN-04147,SYN-CUST-2707
SYN-04148,SYN-CUST-0068
SYN-04149,SYN-CUST-0629
SYN-04150,SYN-CUST-1190
SYN-04151,SYN-CUST-1751
SYN-04152,SYN-CUST-2312
SYN-04153,SYN-CUST-2873
SYN-04154,SYN-CUST-0234
SYN-04155,SYN-CUST-0795
SYN-04156,SYN-CUST-1356
SYN-04157,SYN-CUST-1917
SYN-04158,SYN-CUST-2478
SYN-04159,SYN-CUST-3039
SYN-04160,SYN-CUST-0400
SYN-04161,SYN-CUST-0961
SYN-04162,SYN-CUST-1522
SYN-04163,SYN-CUST-2083
SYN-04164,SYN-CUST-2644
SYN-04165,SYN-CUST-0005
SYN-04166,SYN-CUST-0566
SYN-04167,SYN-CUST-1127
SYN-04168,SYN-CUST-1688
SYN-04169,SYN-CUST-2249
SYN-04170,SYN-CUST-2810
SYN-04171,SYN-CUST-0171
SYN-04172,SYN-CUST-0732
SYN-04173,SYN-CUST-1293
SYN-04174,SYN-CUST-1854
SYN-04175,SYN-CUST-2415
SYN-04176,SYN-CUST-2976
SYN-04177,SYN-CUST-0337
SYN-04178,SYN-CUST-0898
SYN-04179,SYN-CUST-1459
SYN-04180,SYN-CUST-2020
SYN-04181,SYN-CUST-2581
SYN-04182,SYN-CUST-3142
SYN-04183,SYN-CUST-0503
SYN-04184,SYN-CUST-1064
SYN-04185,SYN-CUST-1625
SYN-04186,SYN-CUST-2186
SYN-04187,SYN-CUST-2747
SYN-04188,SYN-CUST-0108
SYN-04189,SYN-CUST-0669
SYN-04190,SYN-CUST-1230
SYN-04191,SYN-CUST-1791
SYN-04192,SYN-CUST-2352
SYN-04193,SYN-CUST-2913
SYN-04194,SYN-CUST-0274
SYN-04195,SYN-CUST-0835
SYN-04196,SYN-CUST-1396
SYN-04197,SYN-CUST-1957
SYN-04198,SYN-CUST-2518
SYN-04199,SYN-CUST-3079
SYN-04200,SYN-CUST-0440
SYN-04201,SYN-CUST-1001
SYN-04202,SYN-CUST-1562
SYN-04203,SYN-CUST-2123
SYN-04204,SYN-CUST-2684
SYN-04205,SYN-CUST-0045
SYN-04206,SYN-CUST-0606
SYN-04207,SYN-CUST-1167
SYN-04208,SYN-CUST-1728
SYN-04209,SYN-CUST-2289
SYN-04210,SYN-CUST-2850
SYN-04211,SYN-CUST-0211
SYN-04212,SYN-CUST-0772
SYN-04213,SYN-CUST-1333
SYN-04214,SYN-CUST-1894
SYN-04215,SYN-CUST-2455
SYN-04216,SYN-CUST-3016
SYN-04217,SYN-CUST-0377
SYN-04218,SYN-CUST-0938
SYN-04219,SYN-CUST-1499
SYN-04220,SYN-CUST-2060
SYN-04221,SYN-CUST-2621
SYN-04222,SYN-CUST-3182
SYN-04223,SYN-CUST-0543
SYN-04224,SYN-CUST-1104
SYN-04225,SYN-CUST-1665
SYN-04226,SYN-CUST-2226
SYN-04227,SYN-CUST-2787
SYN-04228,SYN-CUST-0148
SYN-04229,SYN-CUST-0709
SYN-04230,SYN-CUST-1270
SYN-04231,SYN-CUST-1831
SYN-04232,SYN-CUST-2392
SYN-04233,SYN-CUST-2953
SYN-04234,SYN-CUST-0314
SYN-04235,SYN-CUST-0875
SYN-04236,SYN-CUST-1436
SYN-04237,SYN-CUST-1997
SYN-04238,SYN-CUST-2558
SYN-04239,SYN-CUST-3119
SYN-04240,SYN-CUST-0480
SYN-04241,SYN-CUST-1041
SYN-04242,SYN-CUST-1602
SYN-04243,SYN-CUST-2163
SYN-04244,SYN-CUST-2724
SYN-04245,SYN-CUST-0085
SYN-04246,SYN-CUST-0646
SYN-04247,SYN-CUST-1207
SYN-04248,SYN-CUST-1768
SYN-04249,SYN-CUST-2329
SYN-04250,SYN-CUST-2890
SYN-04251,SYN-CUST-0251
SYN-04252,SYN-CUST-0812
SYN-04253,SYN-CUST-1373
SYN-04254,SYN-CUST-1934
SYN-04255,SYN-CUST-2495
SYN-04256,SYN-CUST-3056
SYN-04257,SYN-CUST-0417
SYN-04258,SYN-CUST-0978
SYN-04259,SYN-CUST-1539
SYN-04260,SYN-CUST-2100
SYN-04261,SYN-CUST-2661
SYN-04262,SYN-CUST-0022
SYN-04263,SYN-CUST-0583
SYN-04264,SYN-CUST-1144
SYN-04265,SYN-CUST-1705
SYN-04266,SYN-CUST-2266
SYN-04267,SYN-CUST-2827
SYN-04268,SYN-CUST-0188
SYN-04269,SYN-CUST-0749
SYN-04270,SYN-CUST-1310
SYN-04271,SYN-CUST-1871
SYN-04272,SYN-CUST-2432
SYN-04273,SYN-CUST-2993
SYN-04274,SYN-CUST-0354
SYN-04275,SYN-CUST-0915
SYN-04276,SYN-CUST-1476
SYN-04277,SYN-CUST-2037
SYN-04278,SYN-CUST-2598
SYN-04279,SYN-CUST-3159
SYN-04280,SYN-CUST-0520
SYN-04281,SYN-CUST-1081
SYN-04282,SYN-CUST-1642
SYN-04283,SYN-CUST-2203
SYN-04284,SYN-CUST-2764
SYN-04285,SYN-CUST-0125
SYN-04286,SYN-CUST-0686
SYN-04287,SYN-CUST-1247
SYN-04288,SYN-CUST-1808
SYN-04289,SYN-CUST-2369
SYN-04290,SYN-CUST-2930
SYN-04291,SYN-CUST-0291
SYN-04292,SYN-CUST-0852
SYN-04293,SYN-CUST-1413
SYN-04294,SYN-CUST-1974
SYN-04295,SYN-CUST-2535
SYN-04296,SYN-CUST-3096
SYN-04297,SYN-CUST-0457
SYN-04298,SYN-CUST-1018
SYN-04299,SYN-CUST-1579
SYN-04300,SYN-CUST-2140
SYN-04301,SYN-CUST-2701
SYN-04302,SYN-CUST-0062
SYN-04303,SYN-CUST-0623
SYN-04304,SYN-CUST-1184
SYN-04305,SYN-CUST-1745
SYN-04306,SYN-CUST-2306
SYN-04307,SYN-CUST-2867
SYN-04308,SYN-CUST-0228
SYN-04309,SYN-CUST-0789
SYN-04310,SYN-CUST-1350
SYN-04311,SYN-CUST-1911
SYN-04312,SYN-CUST-2472
SYN-04313,SYN-CUST-3033
SYN-04314,SYN-CUST-0394
SYN-04315,SYN-CUST-0955
SYN-04316,SYN-CUST-1516
SYN-04317,SYN-CUST-2077
SYN-04318,SYN-CUST-2638
SYN-04319,SYN-CUST-3199
SYN-04320,SYN-CUST-0560
SYN-04321,SYN-CUST-1121
SYN-04322,SYN-CUST-1682
SYN-04323,SYN-CUST-2243
SYN-04324,SYN-CUST-2804
SYN-04325,SYN-CUST-0165
SYN-04326,SYN-CUST-0726
SYN-04327,SYN-CUST-1287
SYN-04328,SYN-CUST-1848
SYN-04329,SYN-CUST-2409
SYN-04330,SYN-CUST-2970
SYN-04331,SYN-CUST-0331
SYN-04332,SYN-CUST-0892
SYN-04333,SYN-CUST-1453
SYN-04334,SYN-CUST-2014
SYN-04335,SYN-CUST-2575
SYN-04336,SYN-CUST-3136
SYN-04337,SYN-CUST-0497
SYN-04338,SYN-CUST-1058
SYN-04339,SYN-CUST-1619
SYN-04340,SYN-CUST-2180
SYN-04341,SYN-CUST-2741
SYN-04342,SYN-CUST-0102
SYN-04343,SYN-CUST-0663
SYN-04344,SYN-CUST-1224
SYN-04345,SYN-CUST-1785
SYN-04346,SYN-CUST-2346
SYN-04347,SYN-CUST-2907
SYN-04348,SYN-CUST-0268
SYN-04349,SYN-CUST-0829
SYN-04350,SYN-CUST-1390
SYN-04351,SYN-CUST-1951
SYN-04352,SYN-CUST-2512
SYN-04353,SYN-CUST-3073
SYN-04354,SYN-CUST-0434
SYN-04355,SYN-CUST-0995
SYN-04356,SYN-CUST-1556
SYN-04357,SYN-CUST-2117
SYN-04358,SYN-CUST-2678
SYN-04359,SYN-CUST-0039
SYN-04360,SYN-CUST-0600
SYN-04361,SYN-CUST-1161
SYN-04362,SYN-CUST-1722
SYN-04363,SYN-CUST-2283
SYN-04364,SYN-CUST-2844
SYN-04365,SYN-CUST-0205
SYN-04366,SYN-CUST-0766
SYN-04367,SYN-CUST-1327
SYN-04368,SYN-CUST-1888
SYN-04369,SYN-CUST-2449
SYN-04370,SYN-CUST-3010
SYN-04371,SYN-CUST-0371
SYN-04372,SYN-CUST-0932
SYN-04373,SYN-CUST-1493
SYN-04374,SYN-CUST-2054
SYN-04375,SYN-CUST-2615
SYN-04376,SYN-CUST-3176
SYN-04377,SYN-CUST-0537
SYN-04378,SYN-CUST-1098
SYN-04379,SYN-CUST-1659
SYN-04380,SYN-CUST-2220
SYN-04381,SYN-CUST-2781
SYN-04382,SYN-CUST-0142
SYN-04383,SYN-CUST-0703
SYN-04384,SYN-CUST-1264
SYN-04385,SYN-CUST-1825
SYN-04386,SYN-CUST-2386
SYN-04387,SYN-CUST-2947
SYN-04388,SYN-CUST-0308
SYN-04389,SYN-CUST-0869
SYN-04390,SYN-CUST-1430
SYN-04391,SYN-CUST-1991
SYN-04392,SYN-CUST-2552
SYN-04393,SYN-CUST-3113
SYN-04394,SYN-CUST-0474
SYN-04395,SYN-CUST-1035
SYN-04396,SYN-CUST-1596
SYN-04397,SYN-CUST-2157
SYN-04398,SYN-CUST-2718
SYN-04399,SYN-CUST-0079
SYN-04400,SYN-CUST-0640
SYN-04401,SYN-CUST-1201
SYN-04402,SYN-CUST-1762
SYN-04403,SYN-CUST-2323
SYN-04404,SYN-CUST-2884
SYN-04405,SYN-CUST-0245
SYN-04406,SYN-CUST-0806
SYN-04407,SYN-CUST-1367
SYN-04408,SYN-CUST-1928
SYN-04409,SYN-CUST-2489
SYN-04410,SYN-CUST-3050
SYN-04411,SYN-CUST-0411
SYN-04412,SYN-CUST-0972
SYN-04413,SYN-CUST-1533
SYN-04414,SYN-CUST-2094
SYN-04415,SYN-CUST-2655
SYN-04416,SYN-CUST-0016
SYN-04417,SYN-CUST-0577
SYN-04418,SYN-CUST-1138
SYN-04419,SYN-CUST-1699
SYN-04420,SYN-CUST-2260
SYN-04421,SYN-CUST-2821
SYN-04422,SYN-CUST-0182
SYN-04423,SYN-CUST-0743
SYN-04424,SYN-CUST-1304
SYN-04425,SYN-CUST-1865
SYN-04426,SYN-CUST-2426
SYN-04427,SYN-CUST-2987
SYN-04428,SYN-CUST-0348
SYN-04429,SYN-CUST-0909
SYN-04430,SYN-CUST-1470
SYN-04431,SYN-CUST-2031
SYN-04432,SYN-CUST-2592
SYN-04433,SYN-CUST-3153
SYN-04434,SYN-CUST-0514
SYN-04435,SYN-CUST-1075
SYN-04436,SYN-CUST-1636
SYN-04437,SYN-CUST-2197
SYN-04438,SYN-CUST-2758
SYN-04439,SYN-CUST-0119
SYN-04440,SYN-CUST-0680
SYN-04441,SYN-CUST-1241
SYN-04442,SYN-CUST-1802
SYN-04443,SYN-CUST-2363
SYN-04444,SYN-CUST-2924
SYN-04445,SYN-CUST-0285
SYN-04446,SYN-CUST-0846
SYN-04447,SYN-CUST-1407
SYN-04448,SYN-CUST-1968
SYN-04449,SYN-CUST-2529
SYN-04450,SYN-CUST-3090
SYN-04451,SYN-CUST-0451
SYN-04452,SYN-CUST-1012
SYN-04453,SYN-CUST-1573
SYN-04454,SYN-CUST-2134
SYN-04455,SYN-CUST-2695
SYN-04456,SYN-CUST-0056
SYN-04457,SYN-CUST-0617
SYN-04458,SYN-CUST-1178
SYN-04459,SYN-CUST-1739
SYN-04460,SYN-CUST-2300
SYN-04461,SYN-CUST-2861
SYN-04462,SYN-CUST-0222
SYN-04463,SYN-CUST-0783
SYN-04464,SYN-CUST-1344
SYN-04465,SYN-CUST-1905
SYN-04466,SYN-CUST-2466
SYN-04467,SYN-CUST-3027
SYN-04468,SYN-CUST-0388
SYN-04469,SYN-CUST-0949
SYN-04470,SYN-CUST-1510
SYN-04471,SYN-CUST-2071
SYN-04472,SYN-CUST-2632
SYN-04473,SYN-CUST-3193
SYN-04474,SYN-CUST-0554
SYN-04475,SYN-CUST-1115
SYN-04476,SYN-CUST-1676
SYN-04477,SYN-CUST-2237
SYN-04478,SYN-CUST-2798
SYN-04479,SYN-CUST-0159
SYN-04480,SYN-CUST-0720
SYN-04481,SYN-CUST-1281
SYN-04482,SYN-CUST-1842
SYN-04483,SYN-CUST-2403
SYN-04484,SYN-CUST-2964
SYN-04485,SYN-CUST-0325
SYN-04486,SYN-CUST-0886
SYN-04487,SYN-CUST-1447
SYN-04488,SYN-CUST-2008
SYN-04489,SYN-CUST-2569
SYN-04490,SYN-CUST-3130
SYN-04491,SYN-CUST-0491
SYN-04492,SYN-CUST-1052
SYN-04493,SYN-CUST-1613
SYN-04494,SYN-CUST-2174
SYN-04495,SYN-CUST-2735
SYN-04496,SYN-CUST-0096
SYN-04497,SYN-CUST-0657
SYN-04498,SYN-CUST-1218
SYN-04499,SYN-CUST-1779
SYN-04500,SYN-CUST-2340
SYN-04501,SYN-CUST-2901
SYN-04502,SYN-CUST-0262
SYN-04503,SYN-CUST-0823
SYN-04504,SYN-CUST-1384
SYN-04505,SYN-CUST-1945
SYN-04506,SYN-CUST-2506
SYN-04507,SYN-CUST-3067
SYN-04508,SYN-CUST-0428
SYN-04509,SYN-CUST-0989
SYN-04510,SYN-CUST-1550
SYN-04511,SYN-CUST-2111
SYN-04512,SYN-CUST-2672
SYN-04513,SYN-CUST-0033
SYN-04514,SYN-CUST-0594
SYN-04515,SYN-CUST-1155
SYN-04516,SYN-CUST-1716
SYN-04517,SYN-CUST-2277
SYN-04518,SYN-CUST-2838
SYN-04519,SYN-CUST-0199
SYN-04520,SYN-CUST-0760
SYN-04521,SYN-CUST-1321
SYN-04522,SYN-CUST-1882
SYN-04523,SYN-CUST-2443
SYN-04524,SYN-CUST-3004
SYN-04525,SYN-CUST-0365
SYN-04526,SYN-CUST-0926
SYN-04527,SYN-CUST-1487
SYN-04528,SYN-CUST-2048
SYN-04529,SYN-CUST-2609
SYN-04530,SYN-CUST-3170
SYN-04531,SYN-CUST-0531
SYN-04532,SYN-CUST-1092
SYN-04533,SYN-CUST-1653
SYN-04534,SYN-CUST-2214
SYN-04535,SYN-CUST-2775
SYN-04536,SYN-CUST-0136
SYN-04537,SYN-CUST-0697
SYN-04538,SYN-CUST-1258
SYN-04539,SYN-CUST-1819
SYN-04540,SYN-CUST-2380
SYN-04541,SYN-CUST-2941
SYN-04542,SYN-CUST-0302
SYN-04543,SYN-CUST-0863
SYN-04544,SYN-CUST-1424
SYN-04545,SYN-CUST-1985
SYN-04546,SYN-CUST-2546
SYN-04547,SYN-CUST-3107
SYN-04548,SYN-CUST-0468
SYN-04549,SYN-CUST-1029
SYN-04550,SYN-CUST-1590
SYN-04551,SYN-CUST-2151
SYN-04552,SYN-CUST-2712
SYN-04553,SYN-CUST-0073
SYN-04554,SYN-CUST-0634
SYN-04555,SYN-CUST-1195
SYN-04556,SYN-CUST-1756
SYN-04557,SYN-CUST-2317
SYN-04558,SYN-CUST-2878
SYN-04559,SYN-CUST-0239
SYN-04560,SYN-CUST-0800
SYN-04561,SYN-CUST-1361
SYN-04562,SYN-CUST-1922
SYN-04563,SYN-CUST-2483
SYN-04564,SYN-CUST-3044
SYN-04565,SYN-CUST-0405
SYN-04566,SYN-CUST-0966
SYN-04567,SYN-CUST-1527
SYN-04568,SYN-CUST-2088
SYN-04569,SYN-CUST-2649
SYN-04570,SYN-CUST-0010
SYN-04571,SYN-CUST-0571
SYN-04572,SYN-CUST-1132
SYN-04573,SYN-CUST-1693
SYN-04574,SYN-CUST-2254
SYN-04575,SYN-CUST-2815
SYN-04576,SYN-CUST-0176
SYN-04577,SYN-CUST-0737
SYN-04578,SYN-CUST-1298
SYN-04579,SYN-CUST-1859
SYN-04580,SYN-CUST-2420
SYN-04581,SYN-CUST-2981
SYN-04582,SYN-CUST-0342
SYN-04583,SYN-CUST-0903
SYN-04584,SYN-CUST-1464
SYN-04585,SYN-CUST-2025
SYN-04586,SYN-CUST-2586
SYN-04587,SYN-CUST-3147
SYN-04588,SYN-CUST-0508
SYN-04589,SYN-CUST-1069
SYN-04590,SYN-CUST-1630
SYN-04591,SYN-CUST-2191
SYN-04592,SYN-CUST-2752
SYN-04593,SYN-CUST-0113
SYN-04594,SYN-CUST-0674
SYN-04595,SYN-CUST-1235
SYN-04596,SYN-CUST-1796
SYN-04597,SYN-CUST-2357
SYN-04598,SYN-CUST-2918
SYN-04599,SYN-CUST-0279
SYN-04600,SYN-CUST-0840
SYN-04601,SYN-CUST-1401
SYN-04602,SYN-CUST-1962
SYN-04603,SYN-CUST-2523
SYN-04604,SYN-CUST-3084
SYN-04605,SYN-CUST-0445
SYN-04606,SYN-CUST-1006
SYN-04607,SYN-CUST-1567
SYN-04608,SYN-CUST-2128
SYN-04609,SYN-CUST-2689
SYN-04610,SYN-CUST-0050
SYN-04611,SYN-CUST-0611
SYN-04612,SYN-CUST-1172
SYN-04613,SYN-CUST-1733
SYN-04614,SYN-CUST-2294
SYN-04615,SYN-CUST-2855
SYN-04616,SYN-CUST-0216
SYN-04617,SYN-CUST-0777
SYN-04618,SYN-CUST-1338
SYN-04619,SYN-CUST-1899
SYN-04620,SYN-CUST-2460
SYN-04621,SYN-CUST-3021
SYN-04622,SYN-CUST-0382
SYN-04623,SYN-CUST-0943
SYN-04624,SYN-CUST-1504
SYN-04625,SYN-CUST-2065
SYN-04626,SYN-CUST-2626
SYN-04627,SYN-CUST-3187
SYN-04628,SYN-CUST-0548
SYN-04629,SYN-CUST-1109
SYN-04630,SYN-CUST-1670
SYN-04631,SYN-CUST-2231
SYN-04632,SYN-CUST-2792
SYN-04633,SYN-CUST-0153
SYN-04634,SYN-CUST-0714
SYN-04635,SYN-CUST-1275
SYN-04636,SYN-CUST-1836
SYN-04637,SYN-CUST-2397
SYN-04638,SYN-CUST-2958
SYN-04639,SYN-CUST-0319
SYN-04640,SYN-CUST-0880
SYN-04641,SYN-CUST-1441
SYN-04642,SYN-CUST-2002
SYN-04643,SYN-CUST-2563
SYN-04644,SYN-CUST-3124
SYN-04645,SYN-CUST-0485
SYN-04646,SYN-CUST-1046
SYN-04647,SYN-CUST-1607
SYN-04648,SYN-CUST-2168
SYN-04649,SYN-CUST-2729
SYN-04650,SYN-CUST-0090
SYN-04651,SYN-CUST-0651
SYN-04652,SYN-CUST-1212
SYN-04653,SYN-CUST-1773
SYN-04654,SYN-CUST-2334
SYN-04655,SYN-CUST-2895
SYN-04656,SYN-CUST-0256
SYN-04657,SYN-CUST-0817
SYN-04658,SYN-CUST-1378
SYN-04659,SYN-CUST-1939
SYN-04660,SYN-CUST-2500
SYN-04661,SYN-CUST-3061
SYN-04662,SYN-CUST-0422
SYN-04663,SYN-CUST-0983
SYN-04664,SYN-CUST-1544
SYN-04665,SYN-CUST-2105
SYN-04666,SYN-CUST-2666
SYN-04667,SYN-CUST-0027
SYN-04668,SYN-CUST-0588
SYN-04669,SYN-CUST-1149
SYN-04670,SYN-CUST-1710
SYN-04671,SYN-CUST-2271
SYN-04672,SYN-CUST-2832
SYN-04673,SYN-CUST-0193
SYN-04674,SYN-CUST-0754
SYN-04675,SYN-CUST-1315
SYN-04676,SYN-CUST-1876
SYN-04677,SYN-CUST-2437
SYN-04678,SYN-CUST-2998
SYN-04679,SYN-CUST-0359
SYN-04680,SYN-CUST-0920
SYN-04681,SYN-CUST-1481
SYN-04682,SYN-CUST-2042
SYN-04683,SYN-CUST-2603
SYN-04684,SYN-CUST-3164
SYN-04685,SYN-CUST-0525
SYN-04686,SYN-CUST-1086
SYN-04687,SYN-CUST-1647
SYN-04688,SYN-CUST-2208
SYN-04689,SYN-CUST-2769
SYN-04690,SYN-CUST-0130
SYN-04691,SYN-CUST-0691
SYN-04692,SYN-CUST-1252
SYN-04693,SYN-CUST-1813
SYN-04694,SYN-CUST-2374
SYN-04695,SYN-CUST-2935
SYN-04696,SYN-CUST-0296
SYN-04697,SYN-CUST-0857
SYN-04698,SYN-CUST-1418
SYN-04699,SYN-CUST-1979
SYN-04700,SYN-CUST-2540
SYN-04701,SYN-CUST-3101
SYN-04702,SYN-CUST-0462
SYN-04703,SYN-CUST-1023
SYN-04704,SYN-CUST-1584
SYN-04705,SYN-CUST-2145
SYN-04706,SYN-CUST-2706
SYN-04707,SYN-CUST-0067
SYN-04708,SYN-CUST-0628
SYN-04709,SYN-CUST-1189
SYN-04710,SYN-CUST-1750
SYN-04711,SYN-CUST-2311
SYN-04712,SYN-CUST-2872
SYN-04713,SYN-CUST-0233
SYN-04714,SYN-CUST-0794
SYN-04715,SYN-CUST-1355
SYN-04716,SYN-CUST-1916
SYN-04717,SYN-CUST-2477
SYN-04718,SYN-CUST-3038
SYN-04719,SYN-CUST-0399
SYN-04720,SYN-CUST-0960
SYN-04721,SYN-CUST-1521
SYN-04722,SYN-CUST-2082
SYN-04723,SYN-CUST-2643
SYN-04724,SYN-CUST-0004
SYN-04725,SYN-CUST-0565
SYN-04726,SYN-CUST-1126
SYN-04727,SYN-CUST-1687
SYN-04728,SYN-CUST-2248
SYN-04729,SYN-CUST-2809
SYN-04730,SYN-CUST-0170
SYN-04731,SYN-CUST-0731
SYN-04732,SYN-CUST-1292
SYN-04733,SYN-CUST-1853
SYN-04734,SYN-CUST-2414
SYN-04735,SYN-CUST-2975
SYN-04736,SYN-CUST-0336
SYN-04737,SYN-CUST-0897
SYN-04738,SYN-CUST-1458
SYN-04739,SYN-CUST-2019
SYN-04740,SYN-CUST-2580
SYN-04741,SYN-CUST-3141
SYN-04742,SYN-CUST-0502
SYN-04743,SYN-CUST-1063
SYN-04744,SYN-CUST-1624
SYN-04745,SYN-CUST-2185
SYN-04746,SYN-CUST-2746
SYN-04747,SYN-CUST-0107
SYN-04748,SYN-CUST-0668
SYN-04749,SYN-CUST-1229
SYN-04750,SYN-CUST-1790
SYN-04751,SYN-CUST-2351
SYN-04752,SYN-CUST-2912
SYN-04753,SYN-CUST-0273
SYN-04754,SYN-CUST-0834
SYN-04755,SYN-CUST-1395
SYN-04756,SYN-CUST-1956
SYN-04757,SYN-CUST-2517
SYN-04758,SYN-CUST-3078
SYN-04759,SYN-CUST-0439
SYN-04760,SYN-CUST-1000
SYN-04761,SYN-CUST-1561
SYN-04762,SYN-CUST-2122
SYN-04763,SYN-CUST-2683
SYN-04764,SYN-CUST-0044
SYN-04765,SYN-CUST-0605
SYN-04766,SYN-CUST-1166
SYN-04767,SYN-CUST-1727
SYN-04768,SYN-CUST-2288
SYN-04769,SYN-CUST-2849
SYN-04770,SYN-CUST-0210
SYN-04771,SYN-CUST-0771
SYN-04772,SYN-CUST-1332
SYN-04773,SYN-CUST-1893
SYN-04774,SYN-CUST-2454
SYN-04775,SYN-CUST-3015
SYN-04776,SYN-CUST-0376
SYN-04777,SYN-CUST-0937
SYN-04778,SYN-CUST-1498
SYN-04779,SYN-CUST-2059
SYN-04780,SYN-CUST-2620
SYN-04781,SYN-CUST-3181
SYN-04782,SYN-CUST-0542
SYN-04783,SYN-CUST-1103
SYN-04784,SYN-CUST-1664
SYN-04785,SYN-CUST-2225
SYN-04786,SYN-CUST-2786
SYN-04787,SYN-CUST-0147
SYN-04788,SYN-CUST-0708
SYN-04789,SYN-CUST-1269
SYN-04790,SYN-CUST-1830
SYN-04791,SYN-CUST-2391
SYN-04792,SYN-CUST-2952
SYN-04793,SYN-CUST-0313
SYN-04794,SYN-CUST-0874
SYN-04795,SYN-CUST-1435
SYN-04796,SYN-CUST-1996
SYN-04797,SYN-CUST-2557
SYN-04798,SYN-CUST-3118
SYN-04799,SYN-CUST-0479
SYN-04800,SYN-CUST-1040
SYN-04801,SYN-CUST-1601
SYN-04802,SYN-CUST-2162
SYN-04803,SYN-CUST-2723
SYN-04804,SYN-CUST-0084
SYN-04805,SYN-CUST-0645
SYN-04806,SYN-CUST-1206
SYN-04807,SYN-CUST-1767
SYN-04808,SYN-CUST-2328
SYN-04809,SYN-CUST-2889
SYN-04810,SYN-CUST-0250
SYN-04811,SYN-CUST-0811
SYN-04812,SYN-CUST-1372
SYN-04813,SYN-CUST-1933
SYN-04814,SYN-CUST-2494
SYN-04815,SYN-CUST-3055
SYN-04816,SYN-CUST-0416
SYN-04817,SYN-CUST-0977
SYN-04818,SYN-CUST-1538
SYN-04819,SYN-CUST-2099
SYN-04820,SYN-CUST-2660
SYN-04821,SYN-CUST-0021
SYN-04822,SYN-CUST-0582
SYN-04823,SYN-CUST-1143
SYN-04824,SYN-CUST-1704
SYN-04825,SYN-CUST-2265
SYN-04826,SYN-CUST-2826
SYN-04827,SYN-CUST-0187
SYN-04828,SYN-CUST-0748
SYN-04829,SYN-CUST-1309
SYN-04830,SYN-CUST-1870
SYN-04831,SYN-CUST-2431
SYN-04832,SYN-CUST-2992
SYN-04833,SYN-CUST-0353
SYN-04834,SYN-CUST-0914
SYN-04835,SYN-CUST-1475
SYN-04836,SYN-CUST-2036
SYN-04837,SYN-CUST-2597
SYN-04838,SYN-CUST-3158
SYN-04839,SYN-CUST-0519
SYN-04840,SYN-CUST-1080
SYN-04841,SYN-CUST-1641
SYN-04842,SYN-CUST-2202
SYN-04843,SYN-CUST-2763
SYN-04844,SYN-CUST-0124
SYN-04845,SYN-CUST-0685
SYN-04846,SYN-CUST-1246
SYN-04847,SYN-CUST-1807
SYN-04848,SYN-CUST-2368
SYN-04849,SYN-CUST-2929
SYN-04850,SYN-CUST-0290
SYN-04851,SYN-CUST-0851
SYN-04852,SYN-CUST-1412
SYN-04853,SYN-CUST-1973
SYN-04854,SYN-CUST-2534
SYN-04855,SYN-CUST-3095
SYN-04856,SYN-CUST-0456
SYN-04857,SYN-CUST-1017
SYN-04858,SYN-CUST-1578
SYN-04859,SYN-CUST-2139
SYN-04860,SYN-CUST-2700
SYN-04861,SYN-CUST-0061
SYN-04862,SYN-CUST-0622
SYN-04863,SYN-CUST-1183
SYN-04864,SYN-CUST-1744
SYN-04865,SYN-CUST-2305
SYN-04866,SYN-CUST-2866
SYN-04867,SYN-CUST-0227
SYN-04868,SYN-CUST-0788
SYN-04869,SYN-CUST-1349
SYN-04870,SYN-CUST-1910
SYN-04871,SYN-CUST-2471
SYN-04872,SYN-CUST-3032
SYN-04873,SYN-CUST-0393
SYN-04874,SYN-CUST-0954
SYN-04875,SYN-CUST-1515
SYN-04876,SYN-CUST-2076
SYN-04877,SYN-CUST-2637
SYN-04878,SYN-CUST-3198
SYN-04879,SYN-CUST-0559
SYN-04880,SYN-CUST-1120
SYN-04881,SYN-CUST-1681
SYN-04882,SYN-CUST-2242
SYN-04883,SYN-CUST-2803
SYN-04884,SYN-CUST-0164
SYN-04885,SYN-CUST-0725
SYN-04886,SYN-CUST-1286
SYN-04887,SYN-CUST-1847
SYN-04888,SYN-CUST-2408
SYN-04889,SYN-CUST-2969
SYN-04890,SYN-CUST-0330
SYN-04891,SYN-CUST-0891
SYN-04892,SYN-CUST-1452
SYN-04893,SYN-CUST-2013
SYN-04894,SYN-CUST-2574
SYN-04895,SYN-CUST-3135
SYN-04896,SYN-CUST-0496
SYN-04897,SYN-CUST-1057
SYN-04898,SYN-CUST-1618
SYN-04899,SYN-CUST-2179
SYN-04900,SYN-CUST-2740
SYN-04901,SYN-CUST-0101
SYN-04902,SYN-CUST-0662
SYN-04903,SYN-CUST-1223
SYN-04904,SYN-CUST-1784
SYN-04905,SYN-CUST-2345
SYN-04906,SYN-CUST-2906
SYN-04907,SYN-CUST-0267
SYN-04908,SYN-CUST-0828
SYN-04909,SYN-CUST-1389
SYN-04910,SYN-CUST-1950
SYN-04911,SYN-CUST-2511
SYN-04912,SYN-CUST-3072
SYN-04913,SYN-CUST-0433
SYN-04914,SYN-CUST-0994
SYN-04915,SYN-CUST-1555
SYN-04916,SYN-CUST-2116
SYN-04917,SYN-CUST-2677
SYN-04918,SYN-CUST-0038
SYN-04919,SYN-CUST-0599
SYN-04920,SYN-CUST-1160
SYN-04921,SYN-CUST-1721
SYN-04922,SYN-CUST-2282
SYN-04923,SYN-CUST-2843
SYN-04924,SYN-CUST-0204
SYN-04925,SYN-CUST-0765
SYN-04926,SYN-CUST-1326
SYN-04927,SYN-CUST-1887
SYN-04928,SYN-CUST-2448
SYN-04929,SYN-CUST-3009
SYN-04930,SYN-CUST-0370
SYN-04931,SYN-CUST-0931
SYN-04932,SYN-CUST-1492
SYN-04933,SYN-CUST-2053
SYN-04934,SYN-CUST-2614
SYN-04935,SYN-CUST-3175
SYN-04936,SYN-CUST-0536
SYN-04937,SYN-CUST-1097
SYN-04938,SYN-CUST-1658
SYN-04939,SYN-CUST-2219
SYN-04940,SYN-CUST-2780
SYN-04941,SYN-CUST-0141
SYN-04942,SYN-CUST-0702
SYN-04943,SYN-CUST-1263
SYN-04944,SYN-CUST-1824
SYN-04945,SYN-CUST-2385
SYN-04946,SYN-CUST-2946
SYN-04947,SYN-CUST-0307
SYN-04948,SYN-CUST-0868
SYN-04949,SYN-CUST-1429
SYN-04950,SYN-CUST-1990
SYN-04951,SYN-CUST-2551
SYN-04952,SYN-CUST-3112
SYN-04953,SYN-CUST-0473
SYN-04954,SYN-CUST-1034
SYN-04955,SYN-CUST-1595
SYN-04956,SYN-CUST-2156
SYN-04957,SYN-CUST-2717
SYN-04958,SYN-CUST-0078
SYN-04959,SYN-CUST-0639
SYN-04960,SYN-CUST-1200
SYN-04961,SYN-CUST-1761
SYN-04962,SYN-CUST-2322
SYN-04963,SYN-CUST-2883
SYN-04964,SYN-CUST-0244
SYN-04965,SYN-CUST-0805
SYN-04966,SYN-CUST-1366
SYN-04967,SYN-CUST-1927
SYN-04968,SYN-CUST-2488
SYN-04969,SYN-CUST-3049
SYN-04970,SYN-CUST-0410
SYN-04971,SYN-CUST-0971
SYN-04972,SYN-CUST-1532
SYN-04973,SYN-CUST-2093
SYN-04974,SYN-CUST-2654
SYN-04975,SYN-CUST-0015
SYN-04976,SYN-CUST-0576
SYN-04977,SYN-CUST-1137
SYN-04978,SYN-CUST-1698
SYN-04979,SYN-CUST-2259
SYN-04980,SYN-CUST-2820
SYN-04981,SYN-CUST-0181
SYN-04982,SYN-CUST-0742
SYN-04983,SYN-CUST-1303
SYN-04984,SYN-CUST-1864
SYN-04985,SYN-CUST-2425
SYN-04986,SYN-CUST-2986
SYN-04987,SYN-CUST-0347
SYN-04988,SYN-CUST-0908
SYN-04989,SYN-CUST-1469
SYN-04990,SYN-CUST-2030
SYN-04991,SYN-CUST-2591
SYN-04992,SYN-CUST-3152
SYN-04993,SYN-CUST-0513
SYN-04994,SYN-CUST-1074
SYN-04995,SYN-CUST-1635
SYN-04996,SYN-CUST-2196
SYN-04997,SYN-CUST-2757
SYN-04998,SYN-CUST-0118
SYN-04999,SYN-CUST-0679
SYN-05000,SYN-CUST-1240
SYN-05001,SYN-CUST-1801
SYN-05002,SYN-CUST-2362
SYN-05003,SYN-CUST-2923
SYN-05004,SYN-CUST-0284
SYN-05005,SYN-CUST-0845
SYN-05006,SYN-CUST-1406
SYN-05007,SYN-CUST-1967
SYN-05008,SYN-CUST-2528
SYN-05009,SYN-CUST-3089
SYN-05010,SYN-CUST-0450
SYN-05011,SYN-CUST-1011
SYN-05012,SYN-CUST-1572
SYN-05013,SYN-CUST-2133
SYN-05014,SYN-CUST-2694
SYN-05015,SYN-CUST-0055
SYN-05016,SYN-CUST-0616
SYN-05017,SYN-CUST-1177
SYN-05018,SYN-CUST-1738
SYN-05019,SYN-CUST-2299
SYN-05020,SYN-CUST-2860
SYN-05021,SYN-CUST-0221
SYN-05022,SYN-CUST-0782
SYN-05023,SYN-CUST-1343
SYN-05024,SYN-CUST-1904
SYN-05025,SYN-CUST-2465
SYN-05026,SYN-CUST-3026
SYN-05027,SYN-CUST-0387
SYN-05028,SYN-CUST-0948
SYN-05029,SYN-CUST-1509
SYN-05030,SYN-CUST-2070
SYN-05031,SYN-CUST-2631
SYN-05032,SYN-CUST-3192
SYN-05033,SYN-CUST-0553
SYN-05034,SYN-CUST-1114
SYN-05035,SYN-CUST-1675
SYN-05036,SYN-CUST-2236
SYN-05037,SYN-CUST-2797
SYN-05038,SYN-CUST-0158
SYN-05039,SYN-CUST-0719
SYN-05040,SYN-CUST-1280
SYN-05041,SYN-CUST-1841
SYN-05042,SYN-CUST-2402
SYN-05043,SYN-CUST-2963
SYN-05044,SYN-CUST-0324
SYN-05045,SYN-CUST-0885
SYN-05046,SYN-CUST-1446
SYN-05047,SYN-CUST-2007
SYN-05048,SYN-CUST-2568
SYN-05049,SYN-CUST-3129
SYN-05050,SYN-CUST-0490
SYN-05051,SYN-CUST-1051
SYN-05052,SYN-CUST-1612
SYN-05053,SYN-CUST-2173
SYN-05054,SYN-CUST-2734
SYN-05055,SYN-CUST-0095
SYN-05056,SYN-CUST-0656
SYN-05057,SYN-CUST-1217
SYN-05058,SYN-CUST-1778
SYN-05059,SYN-CUST-2339
SYN-05060,SYN-CUST-2900
SYN-05061,SYN-CUST-0261
SYN-05062,SYN-CUST-0822
SYN-05063,SYN-CUST-1383
SYN-05064,SYN-CUST-1944
SYN-05065,SYN-CUST-2505
SYN-05066,SYN-CUST-3066
SYN-05067,SYN-CUST-0427
SYN-05068,SYN-CUST-0988
SYN-05069,SYN-CUST-1549
SYN-05070,SYN-CUST-2110
SYN-05071,SYN-CUST-2671
SYN-05072,SYN-CUST-0032
SYN-05073,SYN-CUST-0593
SYN-05074,SYN-CUST-1154
SYN-05075,SYN-CUST-1715
SYN-05076,SYN-CUST-2276
SYN-05077,SYN-CUST-2837
SYN-05078,SYN-CUST-0198
SYN-05079,SYN-CUST-0759
SYN-05080,SYN-CUST-1320
SYN-05081,SYN-CUST-1881
SYN-05082,SYN-CUST-2442
SYN-05083,SYN-CUST-3003
SYN-05084,SYN-CUST-0364
SYN-05085,SYN-CUST-0925
SYN-05086,SYN-CUST-1486
SYN-05087,SYN-CUST-2047
SYN-05088,SYN-CUST-2608
SYN-05089,SYN-CUST-3169
SYN-05090,SYN-CUST-0530
SYN-05091,SYN-CUST-1091
SYN-05092,SYN-CUST-1652
SYN-05093,SYN-CUST-2213
SYN-05094,SYN-CUST-2774
SYN-05095,SYN-CUST-0135
SYN-05096,SYN-CUST-0696
SYN-05097,SYN-CUST-1257
SYN-05098,SYN-CUST-1818
SYN-05099,SYN-CUST-2379
SYN-05100,SYN-CUST-2940
SYN-05101,SYN-CUST-0301
SYN-05102,SYN-CUST-0862
SYN-05103,SYN-CUST-1423
SYN-05104,SYN-CUST-1984
SYN-05105,SYN-CUST-2545
SYN-05106,SYN-CUST-3106
SYN-05107,SYN-CUST-0467
SYN-05108,SYN-CUST-1028
SYN-05109,SYN-CUST-1589
SYN-05110,SYN-CUST-2150
SYN-05111,SYN-CUST-2711
SYN-05112,SYN-CUST-0072
SYN-05113,SYN-CUST-0633
SYN-05114,SYN-CUST-1194
SYN-05115,SYN-CUST-1755
SYN-05116,SYN-CUST-2316
SYN-05117,SYN-CUST-2877
SYN-05118,SYN-CUST-0238
SYN-05119,SYN-CUST-0799
SYN-05120,SYN-CUST-1360
SYN-05121,SYN-CUST-1921
SYN-05122,SYN-CUST-2482
SYN-05123,SYN-CUST-3043
SYN-05124,SYN-CUST-0404
SYN-05125,SYN-CUST-0965
SYN-05126,SYN-CUST-1526
SYN-05127,SYN-CUST-2087
SYN-05128,SYN-CUST-2648
SYN-05129,SYN-CUST-0009
SYN-05130,SYN-CUST-0570
SYN-05131,SYN-CUST-1131
SYN-05132,SYN-CUST-1692
SYN-05133,SYN-CUST-2253
SYN-05134,SYN-CUST-2814
SYN-05135,SYN-CUST-0175
SYN-05136,SYN-CUST-0736
SYN-05137,SYN-CUST-1297
SYN-05138,SYN-CUST-1858
SYN-05139,SYN-CUST-2419
SYN-05140,SYN-CUST-2980
SYN-05141,SYN-CUST-0341
SYN-05142,SYN-CUST-0902
SYN-05143,SYN-CUST-1463
SYN-05144,SYN-CUST-2024
SYN-05145,SYN-CUST-2585
SYN-05146,SYN-CUST-3146
SYN-05147,SYN-CUST-0507
SYN-05148,SYN-CUST-1068
SYN-05149,SYN-CUST-1629
SYN-05150,SYN-CUST-2190
SYN-05151,SYN-CUST-2751
SYN-05152,SYN-CUST-0112
SYN-05153,SYN-CUST-0673
SYN-05154,SYN-CUST-1234
SYN-05155,SYN-CUST-1795
SYN-05156,SYN-CUST-2356
SYN-05157,SYN-CUST-2917
SYN-05158,SYN-CUST-0278
SYN-05159,SYN-CUST-0839
SYN-05160,SYN-CUST-1400
SYN-05161,SYN-CUST-1961
SYN-05162,SYN-CUST-2522
SYN-05163,SYN-CUST-3083
SYN-05164,SYN-CUST-0444
SYN-05165,SYN-CUST-1005
SYN-05166,SYN-CUST-1566
SYN-05167,SYN-CUST-2127
SYN-05168,SYN-CUST-2688
SYN-05169,SYN-CUST-0049
SYN-05170,SYN-CUST-0610
SYN-05171,SYN-CUST-1171
SYN-05172,SYN-CUST-1732
SYN-05173,SYN-CUST-2293
SYN-05174,SYN-CUST-2854
SYN-05175,SYN-CUST-0215
SYN-05176,SYN-CUST-0776
SYN-05177,SYN-CUST-1337
SYN-05178,SYN-CUST-1898
SYN-05179,SYN-CUST-2459
SYN-05180,SYN-CUST-3020
SYN-05181,SYN-CUST-0381
SYN-05182,SYN-CUST-0942
SYN-05183,SYN-CUST-1503
SYN-05184,SYN-CUST-2064
SYN-05185,SYN-CUST-2625
SYN-05186,SYN-CUST-3186
SYN-05187,SYN-CUST-0547
SYN-05188,SYN-CUST-1108
SYN-05189,SYN-CUST-1669
SYN-05190,SYN-CUST-2230
SYN-05191,SYN-CUST-2791
SYN-05192,SYN-CUST-0152
SYN-05193,SYN-CUST-0713
SYN-05194,SYN-CUST-1274
SYN-05195,SYN-CUST-1835
SYN-05196,SYN-CUST-2396
SYN-05197,SYN-CUST-2957
SYN-05198,SYN-CUST-0318
SYN-05199,SYN-CUST-0879
SYN-05200,SYN-CUST-1440
SYN-05201,SYN-CUST-2001
SYN-05202,SYN-CUST-2562
SYN-05203,SYN-CUST-3123
SYN-05204,SYN-CUST-0484
SYN-05205,SYN-CUST-1045
SYN-05206,SYN-CUST-1606
SYN-05207,SYN-CUST-2167
SYN-05208,SYN-CUST-2728
SYN-05209,SYN-CUST-0089
SYN-05210,SYN-CUST-0650
SYN-05211,SYN-CUST-1211
SYN-05212,SYN-CUST-1772
SYN-05213,SYN-CUST-2333
SYN-05214,SYN-CUST-2894
SYN-05215,SYN-CUST-0255
SYN-05216,SYN-CUST-0816
SYN-05217,SYN-CUST-1377
SYN-05218,SYN-CUST-1938
SYN-05219,SYN-CUST-2499
SYN-05220,SYN-CUST-3060
SYN-05221,SYN-CUST-0421
SYN-05222,SYN-CUST-0982
SYN-05223,SYN-CUST-1543
SYN-05224,SYN-CUST-2104
SYN-05225,SYN-CUST-2665
SYN-05226,SYN-CUST-0026
SYN-05227,SYN-CUST-0587
SYN-05228,SYN-CUST-1148
SYN-05229,SYN-CUST-1709
SYN-05230,SYN-CUST-2270
SYN-05231,SYN-CUST-2831
SYN-05232,SYN-CUST-0192
SYN-05233,SYN-CUST-0753
SYN-05234,SYN-CUST-1314
SYN-05235,SYN-CUST-1875
SYN-05236,SYN-CUST-2436
SYN-05237,SYN-CUST-2997
SYN-05238,SYN-CUST-0358
SYN-05239,SYN-CUST-0919
SYN-05240,SYN-CUST-1480
SYN-05241,SYN-CUST-2041
SYN-05242,SYN-CUST-2602
SYN-05243,SYN-CUST-3163
SYN-05244,SYN-CUST-0524
SYN-05245,SYN-CUST-1085
SYN-05246,SYN-CUST-1646
SYN-05247,SYN-CUST-2207
SYN-05248,SYN-CUST-2768
SYN-05249,SYN-CUST-0129
SYN-05250,SYN-CUST-0690
SYN-05251,SYN-CUST-1251
SYN-05252,SYN-CUST-1812
SYN-05253,SYN-CUST-2373
SYN-05254,SYN-CUST-2934
SYN-05255,SYN-CUST-0295
SYN-05256,SYN-CUST-0856
SYN-05257,SYN-CUST-1417
SYN-05258,SYN-CUST-1978
SYN-05259,SYN-CUST-2539
SYN-05260,SYN-CUST-3100
SYN-05261,SYN-CUST-0461
SYN-05262,SYN-CUST-1022
SYN-05263,SYN-CUST-1583
SYN-05264,SYN-CUST-2144
SYN-05265,SYN-CUST-2705
SYN-05266,SYN-CUST-0066
SYN-05267,SYN-CUST-0627
SYN-05268,SYN-CUST-1188
SYN-05269,SYN-CUST-1749
SYN-05270,SYN-CUST-2310
SYN-05271,SYN-CUST-2871
SYN-05272,SYN-CUST-0232
SYN-05273,SYN-CUST-0793
SYN-05274,SYN-CUST-1354
SYN-05275,SYN-CUST-1915
SYN-05276,SYN-CUST-2476
SYN-05277,SYN-CUST-3037
SYN-05278,SYN-CUST-0398
SYN-05279,SYN-CUST-0959
SYN-05280,SYN-CUST-1520
SYN-05281,SYN-CUST-2081
SYN-05282,SYN-CUST-2642
SYN-05283,SYN-CUST-0003
SYN-05284,SYN-CUST-0564
SYN-05285,SYN-CUST-1125
SYN-05286,SYN-CUST-1686
SYN-05287,SYN-CUST-2247
SYN-05288,SYN-CUST-2808
SYN-05289,SYN-CUST-0169
SYN-05290,SYN-CUST-0730
SYN-05291,SYN-CUST-1291
SYN-05292,SYN-CUST-1852
SYN-05293,SYN-CUST-2413
SYN-05294,SYN-CUST-2974
SYN-05295,SYN-CUST-0335
SYN-05296,SYN-CUST-0896
SYN-05297,SYN-CUST-1457
SYN-05298,SYN-CUST-2018
SYN-05299,SYN-CUST-2579
SYN-05300,SYN-CUST-3140
SYN-05301,SYN-CUST-0501
SYN-05302,SYN-CUST-1062
SYN-05303,SYN-CUST-1623
SYN-05304,SYN-CUST-2184
SYN-05305,SYN-CUST-2745
SYN-05306,SYN-CUST-0106
SYN-05307,SYN-CUST-0667
SYN-05308,SYN-CUST-1228
SYN-05309,SYN-CUST-1789
SYN-05310,SYN-CUST-2350
SYN-05311,SYN-CUST-2911
SYN-05312,SYN-CUST-0272
SYN-05313,SYN-CUST-0833
SYN-05314,SYN-CUST-1394
SYN-05315,SYN-CUST-1955
SYN-05316,SYN-CUST-2516
SYN-05317,SYN-CUST-3077
SYN-05318,SYN-CUST-0438
SYN-05319,SYN-CUST-0999
SYN-05320,SYN-CUST-1560
SYN-05321,SYN-CUST-2121
SYN-05322,SYN-CUST-2682
SYN-05323,SYN-CUST-0043
SYN-05324,SYN-CUST-0604
SYN-05325,SYN-CUST-1165
SYN-05326,SYN-CUST-1726
SYN-05327,SYN-CUST-2287
SYN-05328,SYN-CUST-2848
SYN-05329,SYN-CUST-0209
SYN-05330,SYN-CUST-0770
SYN-05331,SYN-CUST-1331
SYN-05332,SYN-CUST-1892
SYN-05333,SYN-CUST-2453
SYN-05334,SYN-CUST-3014
SYN-05335,SYN-CUST-0375
SYN-05336,SYN-CUST-0936
SYN-05337,SYN-CUST-1497
SYN-05338,SYN-CUST-2058
SYN-05339,SYN-CUST-2619
SYN-05340,SYN-CUST-3180
SYN-05341,SYN-CUST-0541
SYN-05342,SYN-CUST-1102
SYN-05343,SYN-CUST-1663
SYN-05344,SYN-CUST-2224
SYN-05345,SYN-CUST-2785
SYN-05346,SYN-CUST-0146
SYN-05347,SYN-CUST-0707
SYN-05348,SYN-CUST-1268
SYN-05349,SYN-CUST-1829
SYN-05350,SYN-CUST-2390
SYN-05351,SYN-CUST-2951
SYN-05352,SYN-CUST-0312
SYN-05353,SYN-CUST-0873
SYN-05354,SYN-CUST-1434
SYN-05355,SYN-CUST-1995
SYN-05356,SYN-CUST-2556
SYN-05357,SYN-CUST-3117
SYN-05358,SYN-CUST-0478
SYN-05359,SYN-CUST-1039
SYN-05360,SYN-CUST-1600
SYN-05361,SYN-CUST-2161
SYN-05362,SYN-CUST-2722
SYN-05363,SYN-CUST-0083
SYN-05364,SYN-CUST-0644
SYN-05365,SYN-CUST-1205
SYN-05366,SYN-CUST-1766
SYN-05367,SYN-CUST-2327
SYN-05368,SYN-CUST-2888
SYN-05369,SYN-CUST-0249
SYN-05370,SYN-CUST-0810
SYN-05371,SYN-CUST-1371
SYN-05372,SYN-CUST-1932
SYN-05373,SYN-CUST-2493
SYN-05374,SYN-CUST-3054
SYN-05375,SYN-CUST-0415
SYN-05376,SYN-CUST-0976
SYN-05377,SYN-CUST-1537
SYN-05378,SYN-CUST-2098
SYN-05379,SYN-CUST-2659
SYN-05380,SYN-CUST-0020
SYN-05381,SYN-CUST-0581
SYN-05382,SYN-CUST-1142
SYN-05383,SYN-CUST-1703
SYN-05384,SYN-CUST-2264
SYN-05385,SYN-CUST-2825
SYN-05386,SYN-CUST-0186
SYN-05387,SYN-CUST-0747
SYN-05388,SYN-CUST-1308
SYN-05389,SYN-CUST-1869
SYN-05390,SYN-CUST-2430
SYN-05391,SYN-CUST-2991
SYN-05392,SYN-CUST-0352
SYN-05393,SYN-CUST-0913
SYN-05394,SYN-CUST-1474
SYN-05395,SYN-CUST-2035
SYN-05396,SYN-CUST-2596
SYN-05397,SYN-CUST-3157
SYN-05398,SYN-CUST-0518
SYN-05399,SYN-CUST-1079
SYN-05400,SYN-CUST-1640
SYN-05401,SYN-CUST-2201
SYN-05402,SYN-CUST-2762
SYN-05403,SYN-CUST-0123
SYN-05404,SYN-CUST-0684
SYN-05405,SYN-CUST-1245
SYN-05406,SYN-CUST-1806
SYN-05407,SYN-CUST-2367
SYN-05408,SYN-CUST-2928
SYN-05409,SYN-CUST-0289
SYN-05410,SYN-CUST-0850
SYN-05411,SYN-CUST-1411
SYN-05412,SYN-CUST-1972
SYN-05413,SYN-CUST-2533
SYN-05414,SYN-CUST-3094
SYN-05415,SYN-CUST-0455
SYN-05416,SYN-CUST-1016
SYN-05417,SYN-CUST-1577
SYN-05418,SYN-CUST-2138
SYN-05419,SYN-CUST-2699
SYN-05420,SYN-CUST-0060
SYN-05421,SYN-CUST-0621
SYN-05422,SYN-CUST-1182
SYN-05423,SYN-CUST-1743
SYN-05424,SYN-CUST-2304
SYN-05425,SYN-CUST-2865
SYN-05426,SYN-CUST-0226
SYN-05427,SYN-CUST-0787
SYN-05428,SYN-CUST-1348
SYN-05429,SYN-CUST-1909
SYN-05430,SYN-CUST-2470
SYN-05431,SYN-CUST-3031
SYN-05432,SYN-CUST-0392
SYN-05433,SYN-CUST-0953
SYN-05434,SYN-CUST-1514
SYN-05435,SYN-CUST-2075
SYN-05436,SYN-CUST-2636
SYN-05437,SYN-CUST-3197
SYN-05438,SYN-CUST-0558
SYN-05439,SYN-CUST-1119
SYN-05440,SYN-CUST-1680
SYN-05441,SYN-CUST-2241
SYN-05442,SYN-CUST-2802
SYN-05443,SYN-CUST-0163
SYN-05444,SYN-CUST-0724
SYN-05445,SYN-CUST-1285
SYN-05446,SYN-CUST-1846
SYN-05447,SYN-CUST-2407
SYN-05448,SYN-CUST-2968
SYN-05449,SYN-CUST-0329
SYN-05450,SYN-CUST-0890
SYN-05451,SYN-CUST-1451
SYN-05452,SYN-CUST-2012
SYN-05453,SYN-CUST-2573
SYN-05454,SYN-CUST-3134
SYN-05455,SYN-CUST-0495
SYN-05456,SYN-CUST-1056
SYN-05457,SYN-CUST-1617
SYN-05458,SYN-CUST-2178
SYN-05459,SYN-CUST-2739
SYN-05460,SYN-CUST-0100
SYN-05461,SYN-CUST-0661
SYN-05462,SYN-CUST-1222
SYN-05463,SYN-CUST-1783
SYN-05464,SYN-CUST-2344
SYN-05465,SYN-CUST-2905
SYN-05466,SYN-CUST-0266
SYN-05467,SYN-CUST-0827
SYN-05468,SYN-CUST-1388
SYN-05469,SYN-CUST-1949
SYN-05470,SYN-CUST-2510
SYN-05471,SYN-CUST-3071
SYN-05472,SYN-CUST-0432
SYN-05473,SYN-CUST-0993
SYN-05474,SYN-CUST-1554
SYN-05475,SYN-CUST-2115
SYN-05476,SYN-CUST-2676
SYN-05477,SYN-CUST-0037
SYN-05478,SYN-CUST-0598
SYN-05479,SYN-CUST-1159
SYN-05480,SYN-CUST-1720
SYN-05481,SYN-CUST-2281
SYN-05482,SYN-CUST-2842
SYN-05483,SYN-CUST-0203
SYN-05484,SYN-CUST-0764
SYN-05485,SYN-CUST-1325
SYN-05486,SYN-CUST-1886
SYN-05487,SYN-CUST-2447
SYN-05488,SYN-CUST-3008
SYN-05489,SYN-CUST-0369
SYN-05490,SYN-CUST-0930
SYN-05491,SYN-CUST-1491
SYN-05492,SYN-CUST-2052
SYN-05493,SYN-CUST-2613
SYN-05494,SYN-CUST-3174
SYN-05495,SYN-CUST-0535
SYN-05496,SYN-CUST-1096
SYN-05497,SYN-CUST-1657
SYN-05498,SYN-CUST-2218
SYN-05499,SYN-CUST-2779
SYN-05500,SYN-CUST-0140
SYN-05501,SYN-CUST-0701
SYN-05502,SYN-CUST-1262
SYN-05503,SYN-CUST-1823
SYN-05504,SYN-CUST-2384
SYN-05505,SYN-CUST-2945
SYN-05506,SYN-CUST-0306
SYN-05507,SYN-CUST-0867
SYN-05508,SYN-CUST-1428
SYN-05509,SYN-CUST-1989
SYN-05510,SYN-CUST-2550
SYN-05511,SYN-CUST-3111
SYN-05512,SYN-CUST-0472
SYN-05513,SYN-CUST-1033
SYN-05514,SYN-CUST-1594
SYN-05515,SYN-CUST-2155
SYN-05516,SYN-CUST-2716
SYN-05517,SYN-CUST-0077
SYN-05518,SYN-CUST-0638
SYN-05519,SYN-CUST-1199
SYN-05520,SYN-CUST-1760
SYN-05521,SYN-CUST-2321
SYN-05522,SYN-CUST-2882
SYN-05523,SYN-CUST-0243
SYN-05524,SYN-CUST-0804
SYN-05525,SYN-CUST-1365
SYN-05526,SYN-CUST-1926
SYN-05527,SYN-CUST-2487
SYN-05528,SYN-CUST-3048
SYN-05529,SYN-CUST-0409
SYN-05530,SYN-CUST-0970
SYN-05531,SYN-CUST-1531
SYN-05532,SYN-CUST-2092
SYN-05533,SYN-CUST-2653
SYN-05534,SYN-CUST-0014
SYN-05535,SYN-CUST-0575
SYN-05536,SYN-CUST-1136
SYN-05537,SYN-CUST-1697
SYN-05538,SYN-CUST-2258
SYN-05539,SYN-CUST-2819
SYN-05540,SYN-CUST-0180
SYN-05541,SYN-CUST-0741
SYN-05542,SYN-CUST-1302
SYN-05543,SYN-CUST-1863
SYN-05544,SYN-CUST-2424
SYN-05545,SYN-CUST-2985
SYN-05546,SYN-CUST-0346
SYN-05547,SYN-CUST-0907
SYN-05548,SYN-CUST-1468
SYN-05549,SYN-CUST-2029
SYN-05550,SYN-CUST-2590
SYN-05551,SYN-CUST-3151
SYN-05552,SYN-CUST-0512
SYN-05553,SYN-CUST-1073
SYN-05554,SYN-CUST-1634
SYN-05555,SYN-CUST-2195
SYN-05556,SYN-CUST-2756
SYN-05557,SYN-CUST-0117
SYN-05558,SYN-CUST-0678
SYN-05559,SYN-CUST-1239
SYN-05560,SYN-CUST-1800
SYN-05561,SYN-CUST-2361
SYN-05562,SYN-CUST-2922
SYN-05563,SYN-CUST-0283
SYN-05564,SYN-CUST-0844
SYN-05565,SYN-CUST-1405
SYN-05566,SYN-CUST-1966
SYN-05567,SYN-CUST-2527
SYN-05568,SYN-CUST-3088
SYN-05569,SYN-CUST-0449
SYN-05570,SYN-CUST-1010
SYN-05571,SYN-CUST-1571
SYN-05572,SYN-CUST-2132
SYN-05573,SYN-CUST-2693
SYN-05574,SYN-CUST-0054
SYN-05575,SYN-CUST-0615
SYN-05576,SYN-CUST-1176
SYN-05577,SYN-CUST-1737
SYN-05578,SYN-CUST-2298
SYN-05579,SYN-CUST-2859
SYN-05580,SYN-CUST-0220
SYN-05581,SYN-CUST-0781
SYN-05582,SYN-CUST-1342
SYN-05583,SYN-CUST-1903
SYN-05584,SYN-CUST-2464
SYN-05585,SYN-CUST-3025
SYN-05586,SYN-CUST-0386
SYN-05587,SYN-CUST-0947
SYN-05588,SYN-CUST-1508
SYN-05589,SYN-CUST-2069
SYN-05590,SYN-CUST-2630
SYN-05591,SYN-CUST-3191
SYN-05592,SYN-CUST-0552
SYN-05593,SYN-CUST-1113
SYN-05594,SYN-CUST-1674
SYN-05595,SYN-CUST-2235
SYN-05596,SYN-CUST-2796
SYN-05597,SYN-CUST-0157
SYN-05598,SYN-CUST-0718
SYN-05599,SYN-CUST-1279
SYN-05600,SYN-CUST-1840
SYN-05601,SYN-CUST-2401
SYN-05602,SYN-CUST-2962
SYN-05603,SYN-CUST-0323
SYN-05604,SYN-CUST-0884
SYN-05605,SYN-CUST-1445
SYN-05606,SYN-CUST-2006
SYN-05607,SYN-CUST-2567
SYN-05608,SYN-CUST-3128
SYN-05609,SYN-CUST-0489
SYN-05610,SYN-CUST-1050
SYN-05611,SYN-CUST-1611
SYN-05612,SYN-CUST-2172
SYN-05613,SYN-CUST-2733
SYN-05614,SYN-CUST-0094
SYN-05615,SYN-CUST-0655
SYN-05616,SYN-CUST-1216
SYN-05617,SYN-CUST-1777
SYN-05618,SYN-CUST-2338
SYN-05619,SYN-CUST-2899
SYN-05620,SYN-CUST-0260
SYN-05621,SYN-CUST-0821
SYN-05622,SYN-CUST-1382
SYN-05623,SYN-CUST-1943
SYN-05624,SYN-CUST-2504
SYN-05625,SYN-CUST-3065
SYN-05626,SYN-CUST-0426
SYN-05627,SYN-CUST-0987
SYN-05628,SYN-CUST-1548
SYN-05629,SYN-CUST-2109
SYN-05630,SYN-CUST-2670
SYN-05631,SYN-CUST-0031
SYN-05632,SYN-CUST-0592
SYN-05633,SYN-CUST-1153
SYN-05634,SYN-CUST-1714
SYN-05635,SYN-CUST-2275
SYN-05636,SYN-CUST-2836
SYN-05637,SYN-CUST-0197
SYN-05638,SYN-CUST-0758
SYN-05639,SYN-CUST-1319
SYN-05640,SYN-CUST-1880
SYN-05641,SYN-CUST-2441
SYN-05642,SYN-CUST-3002
SYN-05643,SYN-CUST-0363
SYN-05644,SYN-CUST-0924
SYN-05645,SYN-CUST-1485
SYN-05646,SYN-CUST-2046
SYN-05647,SYN-CUST-2607
SYN-05648,SYN-CUST-3168
SYN-05649,SYN-CUST-0529
SYN-05650,SYN-CUST-1090
SYN-05651,SYN-CUST-1651
SYN-05652,SYN-CUST-2212
SYN-05653,SYN-CUST-2773
SYN-05654,SYN-CUST-0134
SYN-05655,SYN-CUST-0695
SYN-05656,SYN-CUST-1256
SYN-05657,SYN-CUST-1817
SYN-05658,SYN-CUST-2378
SYN-05659,SYN-CUST-2939
SYN-05660,SYN-CUST-0300
SYN-05661,SYN-CUST-0861
SYN-05662,SYN-CUST-1422
SYN-05663,SYN-CUST-1983
SYN-05664,SYN-CUST-2544
SYN-05665,SYN-CUST-3105
SYN-05666,SYN-CUST-0466
SYN-05667,SYN-CUST-1027
SYN-05668,SYN-CUST-1588
SYN-05669,SYN-CUST-2149
SYN-05670,SYN-CUST-2710
SYN-05671,SYN-CUST-0071
SYN-05672,SYN-CUST-0632
SYN-05673,SYN-CUST-1193
SYN-05674,SYN-CUST-1754
SYN-05675,SYN-CUST-2315
SYN-05676,SYN-CUST-2876
SYN-05677,SYN-CUST-0237
SYN-05678,SYN-CUST-0798
SYN-05679,SYN-CUST-1359
SYN-05680,SYN-CUST-1920
SYN-05681,SYN-CUST-2481
SYN-05682,SYN-CUST-3042
SYN-05683,SYN-CUST-0403
SYN-05684,SYN-CUST-0964
SYN-05685,SYN-CUST-1525
SYN-05686,SYN-CUST-2086
SYN-05687,SYN-CUST-2647
SYN-05688,SYN-CUST-0008
SYN-05689,SYN-CUST-0569
SYN-05690,SYN-CUST-1130
SYN-05691,SYN-CUST-1691
SYN-05692,SYN-CUST-2252
SYN-05693,SYN-CUST-2813
SYN-05694,SYN-CUST-0174
SYN-05695,SYN-CUST-0735
SYN-05696,SYN-CUST-1296
SYN-05697,SYN-CUST-1857
SYN-05698,SYN-CUST-2418
SYN-05699,SYN-CUST-2979
SYN-05700,SYN-CUST-0340
SYN-05701,SYN-CUST-0901
SYN-05702,SYN-CUST-1462
SYN-05703,SYN-CUST-2023
SYN-05704,SYN-CUST-2584
SYN-05705,SYN-CUST-3145
SYN-05706,SYN-CUST-0506
SYN-05707,SYN-CUST-1067
SYN-05708,SYN-CUST-1628
SYN-05709,SYN-CUST-2189
SYN-05710,SYN-CUST-2750
SYN-05711,SYN-CUST-0111
SYN-05712,SYN-CUST-0672
SYN-05713,SYN-CUST-1233
SYN-05714,SYN-CUST-1794
SYN-05715,SYN-CUST-2355
SYN-05716,SYN-CUST-2916
SYN-05717,SYN-CUST-0277
SYN-05718,SYN-CUST-0838
SYN-05719,SYN-CUST-1399
SYN-05720,SYN-CUST-1960
SYN-05721,SYN-CUST-2521
SYN-05722,SYN-CUST-3082
SYN-05723,SYN-CUST-0443
SYN-05724,SYN-CUST-1004
SYN-05725,SYN-CUST-1565
SYN-05726,SYN-CUST-2126
SYN-05727,SYN-CUST-2687
SYN-05728,SYN-CUST-0048
SYN-05729,SYN-CUST-0609
SYN-05730,SYN-CUST-1170
SYN-05731,SYN-CUST-1731
SYN-05732,SYN-CUST-2292
SYN-05733,SYN-CUST-2853
SYN-05734,SYN-CUST-0214
SYN-05735,SYN-CUST-0775
SYN-05736,SYN-CUST-1336
SYN-05737,SYN-CUST-1897
SYN-05738,SYN-CUST-2458
SYN-05739,SYN-CUST-3019
SYN-05740,SYN-CUST-0380
SYN-05741,SYN-CUST-0941
SYN-05742,SYN-CUST-1502
SYN-05743,SYN-CUST-2063
SYN-05744,SYN-CUST-2624
SYN-05745,SYN-CUST-3185
SYN-05746,SYN-CUST-0546
SYN-05747,SYN-CUST-1107
SYN-05748,SYN-CUST-1668
SYN-05749,SYN-CUST-2229
SYN-05750,SYN-CUST-2790
SYN-05751,SYN-CUST-0151
SYN-05752,SYN-CUST-0712
SYN-05753,SYN-CUST-1273
SYN-05754,SYN-CUST-1834
SYN-05755,SYN-CUST-2395
SYN-05756,SYN-CUST-2956
SYN-05757,SYN-CUST-0317
SYN-05758,SYN-CUST-0878
SYN-05759,SYN-CUST-1439
SYN-05760,SYN-CUST-2000
SYN-05761,SYN-CUST-2561
SYN-05762,SYN-CUST-3122
SYN-05763,SYN-CUST-0483
SYN-05764,SYN-CUST-1044
SYN-05765,SYN-CUST-1605
SYN-05766,SYN-CUST-2166
SYN-05767,SYN-CUST-2727
SYN-05768,SYN-CUST-0088
SYN-05769,SYN-CUST-0649
SYN-05770,SYN-CUST-1210
SYN-05771,SYN-CUST-1771
SYN-05772,SYN-CUST-2332
SYN-05773,SYN-CUST-2893
SYN-05774,SYN-CUST-0254
SYN-05775,SYN-CUST-0815
SYN-05776,SYN-CUST-1376
SYN-05777,SYN-CUST-1937
SYN-05778,SYN-CUST-2498
SYN-05779,SYN-CUST-3059
SYN-05780,SYN-CUST-0420
SYN-05781,SYN-CUST-0981
SYN-05782,SYN-CUST-1542
SYN-05783,SYN-CUST-2103
SYN-05784,SYN-CUST-2664
SYN-05785,SYN-CUST-0025
SYN-05786,SYN-CUST-0586
SYN-05787,SYN-CUST-1147
SYN-05788,SYN-CUST-1708
SYN-05789,SYN-CUST-2269
SYN-05790,SYN-CUST-2830
SYN-05791,SYN-CUST-0191
SYN-05792,SYN-CUST-0752
SYN-05793,SYN-CUST-1313
SYN-05794,SYN-CUST-1874
SYN-05795,SYN-CUST-2435
SYN-05796,SYN-CUST-2996
SYN-05797,SYN-CUST-0357
SYN-05798,SYN-CUST-0918
SYN-05799,SYN-CUST-1479
SYN-05800,SYN-CUST-2040
SYN-05801,SYN-CUST-2601
SYN-05802,SYN-CUST-3162
SYN-05803,SYN-CUST-0523
SYN-05804,SYN-CUST-1084
SYN-05805,SYN-CUST-1645
SYN-05806,SYN-CUST-2206
SYN-05807,SYN-CUST-2767
SYN-05808,SYN-CUST-0128
SYN-05809,SYN-CUST-0689
SYN-05810,SYN-CUST-1250
SYN-05811,SYN-CUST-1811
SYN-05812,SYN-CUST-2372
SYN-05813,SYN-CUST-2933
SYN-05814,SYN-CUST-0294
SYN-05815,SYN-CUST-0855
SYN-05816,SYN-CUST-1416
SYN-05817,SYN-CUST-1977
SYN-05818,SYN-CUST-2538
SYN-05819,SYN-CUST-3099
SYN-05820,SYN-CUST-0460
SYN-05821,SYN-CUST-1021
SYN-05822,SYN-CUST-1582
SYN-05823,SYN-CUST-2143
SYN-05824,SYN-CUST-2704
SYN-05825,SYN-CUST-0065
SYN-05826,SYN-CUST-0626
SYN-05827,SYN-CUST-1187
SYN-05828,SYN-CUST-1748
SYN-05829,SYN-CUST-2309
SYN-05830,SYN-CUST-2870
SYN-05831,SYN-CUST-0231
SYN-05832,SYN-CUST-0792
SYN-05833,SYN-CUST-1353
SYN-05834,SYN-CUST-1914
SYN-05835,SYN-CUST-2475
SYN-05836,SYN-CUST-3036
SYN-05837,SYN-CUST-0397
SYN-05838,SYN-CUST-0958
SYN-05839,SYN-CUST-1519
SYN-05840,SYN-CUST-2080
SYN-05841,SYN-CUST-2641
SYN-05842,SYN-CUST-0002
SYN-05843,SYN-CUST-0563
SYN-05844,SYN-CUST-1124
SYN-05845,SYN-CUST-1685
SYN-05846,SYN-CUST-2246
SYN-05847,SYN-CUST-2807
SYN-05848,SYN-CUST-0168
SYN-05849,SYN-CUST-0729
SYN-05850,SYN-CUST-1290
SYN-05851,SYN-CUST-1851
SYN-05852,SYN-CUST-2412
SYN-05853,SYN-CUST-2973
SYN-05854,SYN-CUST-0334
SYN-05855,SYN-CUST-0895
SYN-05856,SYN-CUST-1456
SYN-05857,SYN-CUST-2017
SYN-05858,SYN-CUST-2578
SYN-05859,SYN-CUST-3139
SYN-05860,SYN-CUST-0500
SYN-05861,SYN-CUST-1061
SYN-05862,SYN-CUST-1622
SYN-05863,SYN-CUST-2183
SYN-05864,SYN-CUST-2744
SYN-05865,SYN-CUST-0105
SYN-05866,SYN-CUST-0666
SYN-05867,SYN-CUST-1227
SYN-05868,SYN-CUST-1788
SYN-05869,SYN-CUST-2349
SYN-05870,SYN-CUST-2910
SYN-05871,SYN-CUST-0271
SYN-05872,SYN-CUST-0832
SYN-05873,SYN-CUST-1393
SYN-05874,SYN-CUST-1954
SYN-05875,SYN-CUST-2515
SYN-05876,SYN-CUST-3076
SYN-05877,SYN-CUST-0437
SYN-05878,SYN-CUST-0998
SYN-05879,SYN-CUST-1559
SYN-05880,SYN-CUST-2120
SYN-05881,SYN-CUST-2681
SYN-05882,SYN-CUST-0042
SYN-05883,SYN-CUST-0603
SYN-05884,SYN-CUST-1164
SYN-05885,SYN-CUST-1725
SYN-05886,SYN-CUST-2286
SYN-05887,SYN-CUST-2847
SYN-05888,SYN-CUST-0208
SYN-05889,SYN-CUST-0769
SYN-05890,SYN-CUST-1330
SYN-05891,SYN-CUST-1891
SYN-05892,SYN-CUST-2452
SYN-05893,SYN-CUST-3013
SYN-05894,SYN-CUST-0374
SYN-05895,SYN-CUST-0935
SYN-05896,SYN-CUST-1496
SYN-05897,SYN-CUST-2057
SYN-05898,SYN-CUST-2618
SYN-05899,SYN-CUST-3179
SYN-05900,SYN-CUST-0540
SYN-05901,SYN-CUST-1101
SYN-05902,SYN-CUST-1662
SYN-05903,SYN-CUST-2223
SYN-05904,SYN-CUST-2784
SYN-05905,SYN-CUST-0145
SYN-05906,SYN-CUST-0706
SYN-05907,SYN-CUST-1267
SYN-05908,SYN-CUST-1828
SYN-05909,SYN-CUST-2389
SYN-05910,SYN-CUST-2950
SYN-05911,SYN-CUST-0311
SYN-05912,SYN-CUST-0872
SYN-05913,SYN-CUST-1433
SYN-05914,SYN-CUST-1994
SYN-05915,SYN-CUST-2555
SYN-05916,SYN-CUST-3116
SYN-05917,SYN-CUST-0477
SYN-05918,SYN-CUST-1038
SYN-05919,SYN-CUST-1599
SYN-05920,SYN-CUST-2160
SYN-05921,SYN-CUST-2721
SYN-05922,SYN-CUST-0082
SYN-05923,SYN-CUST-0643
SYN-05924,SYN-CUST-1204
SYN-05925,SYN-CUST-1765
SYN-05926,SYN-CUST-2326
SYN-05927,SYN-CUST-2887
SYN-05928,SYN-CUST-0248
SYN-05929,SYN-CUST-0809
SYN-05930,SYN-CUST-1370
SYN-05931,SYN-CUST-1931
SYN-05932,SYN-CUST-2492
SYN-05933,SYN-CUST-3053
SYN-05934,SYN-CUST-0414
SYN-05935,SYN-CUST-0975
SYN-05936,SYN-CUST-1536
SYN-05937,SYN-CUST-2097
SYN-05938,SYN-CUST-2658
SYN-05939,SYN-CUST-0019
SYN-05940,SYN-CUST-0580
SYN-05941,SYN-CUST-1141
SYN-05942,SYN-CUST-1702
SYN-05943,SYN-CUST-2263
SYN-05944,SYN-CUST-2824
SYN-05945,SYN-CUST-0185
SYN-05946,SYN-CUST-0746
SYN-05947,SYN-CUST-1307
SYN-05948,SYN-CUST-1868
SYN-05949,SYN-CUST-2429
SYN-05950,SYN-CUST-2990
SYN-05951,SYN-CUST-0351
SYN-05952,SYN-CUST-0912
SYN-05953,SYN-CUST-1473
SYN-05954,SYN-CUST-2034
SYN-05955,SYN-CUST-2595
SYN-05956,SYN-CUST-3156
SYN-05957,SYN-CUST-0517
SYN-05958,SYN-CUST-1078
SYN-05959,SYN-CUST-1639
SYN-05960,SYN-CUST-2200
SYN-05961,SYN-CUST-2761
SYN-05962,SYN-CUST-0122
SYN-05963,SYN-CUST-0683
SYN-05964,SYN-CUST-1244
SYN-05965,SYN-CUST-1805
SYN-05966,SYN-CUST-2366
SYN-05967,SYN-CUST-2927
SYN-05968,SYN-CUST-0288
SYN-05969,SYN-CUST-0849
SYN-05970,SYN-CUST-1410
SYN-05971,SYN-CUST-1971
SYN-05972,SYN-CUST-2532
SYN-05973,SYN-CUST-3093
SYN-05974,SYN-CUST-0454
SYN-05975,SYN-CUST-1015
SYN-05976,SYN-CUST-1576
SYN-05977,SYN-CUST-2137
SYN-05978,SYN-CUST-2698
SYN-05979,SYN-CUST-0059
SYN-05980,SYN-CUST-0620
SYN-05981,SYN-CUST-1181
SYN-05982,SYN-CUST-1742
SYN-05983,SYN-CUST-2303
SYN-05984,SYN-CUST-2864
SYN-05985,SYN-CUST-0225
SYN-05986,SYN-CUST-0786
SYN-05987,SYN-CUST-1347
SYN-05988,SYN-CUST-1908
SYN-05989,SYN-CUST-2469
SYN-05990,SYN-CUST-3030
SYN-05991,SYN-CUST-0391
SYN-05992,SYN-CUST-0952
SYN-05993,SYN-CUST-1513
SYN-05994,SYN-CUST-2074
SYN-05995,SYN-CUST-2635
SYN-05996,SYN-CUST-3196
SYN-05997,SYN-CUST-0557
SYN-05998,SYN-CUST-1118
SYN-05999,SYN-CUST-1679
SYN-06000,SYN-CUST-2240
SYN-06001,SYN-CUST-2801
SYN-06002,SYN-CUST-0162
SYN-06003,SYN-CUST-0723
SYN-06004,SYN-CUST-1284
SYN-06005,SYN-CUST-1845
SYN-06006,SYN-CUST-2406
SYN-06007,SYN-CUST-2967
SYN-06008,SYN-CUST-0328
SYN-06009,SYN-CUST-0889
SYN-06010,SYN-CUST-1450
SYN-06011,SYN-CUST-2011
SYN-06012,SYN-CUST-2572
SYN-06013,SYN-CUST-3133
SYN-06014,SYN-CUST-0494
SYN-06015,SYN-CUST-1055
SYN-06016,SYN-CUST-1616
SYN-06017,SYN-CUST-2177
SYN-06018,SYN-CUST-2738
SYN-06019,SYN-CUST-0099
SYN-06020,SYN-CUST-0660
SYN-06021,SYN-CUST-1221
SYN-06022,SYN-CUST-1782
SYN-06023,SYN-CUST-2343
SYN-06024,SYN-CUST-2904
SYN-06025,SYN-CUST-0265
SYN-06026,SYN-CUST-0826
SYN-06027,SYN-CUST-1387
SYN-06028,SYN-CUST-1948
SYN-06029,SYN-CUST-2509
SYN-06030,SYN-CUST-3070
SYN-06031,SYN-CUST-0431
SYN-06032,SYN-CUST-0992
SYN-06033,SYN-CUST-1553
SYN-06034,SYN-CUST-2114
SYN-06035,SYN-CUST-2675
SYN-06036,SYN-CUST-0036
SYN-06037,SYN-CUST-0597
SYN-06038,SYN-CUST-1158
SYN-06039,SYN-CUST-1719
SYN-06040,SYN-CUST-2280
SYN-06041,SYN-CUST-2841
SYN-06042,SYN-CUST-0202
SYN-06043,SYN-CUST-0763
SYN-06044,SYN-CUST-1324
SYN-06045,SYN-CUST-1885
SYN-06046,SYN-CUST-2446
SYN-06047,SYN-CUST-3007
SYN-06048,SYN-CUST-0368
SYN-06049,SYN-CUST-0929
SYN-06050,SYN-CUST-1490
SYN-06051,SYN-CUST-2051
SYN-06052,SYN-CUST-2612
SYN-06053,SYN-CUST-3173
SYN-06054,SYN-CUST-0534
SYN-06055,SYN-CUST-1095
SYN-06056,SYN-CUST-1656
SYN-06057,SYN-CUST-2217
SYN-06058,SYN-CUST-2778
SYN-06059,SYN-CUST-0139
SYN-06060,SYN-CUST-0700
SYN-06061,SYN-CUST-1261
SYN-06062,SYN-CUST-1822
SYN-06063,SYN-CUST-2383
SYN-06064,SYN-CUST-2944
SYN-06065,SYN-CUST-0305
SYN-06066,SYN-CUST-0866
SYN-06067,SYN-CUST-1427
SYN-06068,SYN-CUST-1988
SYN-06069,SYN-CUST-2549
SYN-06070,SYN-CUST-3110
SYN-06071,SYN-CUST-0471
SYN-06072,SYN-CUST-1032
SYN-06073,SYN-CUST-1593
SYN-06074,SYN-CUST-2154
SYN-06075,SYN-CUST-2715
SYN-06076,SYN-CUST-0076
SYN-06077,SYN-CUST-0637
SYN-06078,SYN-CUST-1198
SYN-06079,SYN-CUST-1759
SYN-06080,SYN-CUST-2320
SYN-06081,SYN-CUST-2881
SYN-06082,SYN-CUST-0242
SYN-06083,SYN-CUST-0803
SYN-06084,SYN-CUST-1364
SYN-06085,SYN-CUST-1925
SYN-06086,SYN-CUST-2486
SYN-06087,SYN-CUST-3047
SYN-06088,SYN-CUST-0408
SYN-06089,SYN-CUST-0969
SYN-06090,SYN-CUST-1530
SYN-06091,SYN-CUST-2091
SYN-06092,SYN-CUST-2652
SYN-06093,SYN-CUST-0013
SYN-06094,SYN-CUST-0574
SYN-06095,SYN-CUST-1135
SYN-06096,SYN-CUST-1696
SYN-06097,SYN-CUST-2257
SYN-06098,SYN-CUST-2818
SYN-06099,SYN-CUST-0179
SYN-06100,SYN-CUST-0740
SYN-06101,SYN-CUST-1301
SYN-06102,SYN-CUST-1862
SYN-06103,SYN-CUST-2423
SYN-06104,SYN-CUST-2984
SYN-06105,SYN-CUST-0345
SYN-06106,SYN-CUST-0906
SYN-06107,SYN-CUST-1467
SYN-06108,SYN-CUST-2028
SYN-06109,SYN-CUST-2589
SYN-06110,SYN-CUST-3150
SYN-06111,SYN-CUST-0511
SYN-06112,SYN-CUST-1072
SYN-06113,SYN-CUST-1633
SYN-06114,SYN-CUST-2194
SYN-06115,SYN-CUST-2755
SYN-06116,SYN-CUST-0116
SYN-06117,SYN-CUST-0677
SYN-06118,SYN-CUST-1238
SYN-06119,SYN-CUST-1799
SYN-06120,SYN-CUST-2360
SYN-06121,SYN-CUST-2921
SYN-06122,SYN-CUST-0282
SYN-06123,SYN-CUST-0843
SYN-06124,SYN-CUST-1404
SYN-06125,SYN-CUST-1965
SYN-06126,SYN-CUST-2526
SYN-06127,SYN-CUST-3087
SYN-06128,SYN-CUST-0448
SYN-06129,SYN-CUST-1009
SYN-06130,SYN-CUST-1570
SYN-06131,SYN-CUST-2131
SYN-06132,SYN-CUST-2692
SYN-06133,SYN-CUST-0053
SYN-06134,SYN-CUST-0614
SYN-06135,SYN-CUST-1175
SYN-06136,SYN-CUST-1736
SYN-06137,SYN-CUST-2297
SYN-06138,SYN-CUST-2858
SYN-06139,SYN-CUST-0219
SYN-06140,SYN-CUST-0780
SYN-06141,SYN-CUST-1341
SYN-06142,SYN-CUST-1902
SYN-06143,SYN-CUST-2463
SYN-06144,SYN-CUST-3024
SYN-06145,SYN-CUST-0385
SYN-06146,SYN-CUST-0946
SYN-06147,SYN-CUST-1507
SYN-06148,SYN-CUST-2068
SYN-06149,SYN-CUST-2629
SYN-06150,SYN-CUST-3190
SYN-06151,SYN-CUST-0551
SYN-06152,SYN-CUST-1112
SYN-06153,SYN-CUST-1673
SYN-06154,SYN-CUST-2234
SYN-06155,SYN-CUST-2795
SYN-06156,SYN-CUST-0156
SYN-06157,SYN-CUST-0717
SYN-06158,SYN-CUST-1278
SYN-06159,SYN-CUST-1839
SYN-06160,SYN-CUST-2400
SYN-06161,SYN-CUST-2961
SYN-06162,SYN-CUST-0322
SYN-06163,SYN-CUST-0883
SYN-06164,SYN-CUST-1444
SYN-06165,SYN-CUST-2005
SYN-06166,SYN-CUST-2566
SYN-06167,SYN-CUST-3127
SYN-06168,SYN-CUST-0488
SYN-06169,SYN-CUST-1049
SYN-06170,SYN-CUST-1610
SYN-06171,SYN-CUST-2171
SYN-06172,SYN-CUST-2732
SYN-06173,SYN-CUST-0093
SYN-06174,SYN-CUST-0654
SYN-06175,SYN-CUST-1215
SYN-06176,SYN-CUST-1776
SYN-06177,SYN-CUST-2337
SYN-06178,SYN-CUST-2898
SYN-06179,SYN-CUST-0259
SYN-06180,SYN-CUST-0820
SYN-06181,SYN-CUST-1381
SYN-06182,SYN-CUST-1942
SYN-06183,SYN-CUST-2503
SYN-06184,SYN-CUST-3064
SYN-06185,SYN-CUST-0425
SYN-06186,SYN-CUST-0986
SYN-06187,SYN-CUST-1547
SYN-06188,SYN-CUST-2108
SYN-06189,SYN-CUST-2669
SYN-06190,SYN-CUST-0030
SYN-06191,SYN-CUST-0591
SYN-06192,SYN-CUST-1152
SYN-06193,SYN-CUST-1713
SYN-06194,SYN-CUST-2274
SYN-06195,SYN-CUST-2835
SYN-06196,SYN-CUST-0196
SYN-06197,SYN-CUST-0757
SYN-06198,SYN-CUST-1318
SYN-06199,SYN-CUST-1879
SYN-06200,SYN-CUST-2440
SYN-06201,SYN-CUST-3001
SYN-06202,SYN-CUST-0362
SYN-06203,SYN-CUST-0923
SYN-06204,SYN-CUST-1484
SYN-06205,SYN-CUST-2045
SYN-06206,SYN-CUST-2606
SYN-06207,SYN-CUST-3167
SYN-06208,SYN-CUST-0528
SYN-06209,SYN-CUST-1089
SYN-06210,SYN-CUST-1650
SYN-06211,SYN-CUST-2211
SYN-06212,SYN-CUST-2772
SYN-06213,SYN-CUST-0133
SYN-06214,SYN-CUST-0694
SYN-06215,SYN-CUST-1255
SYN-06216,SYN-CUST-1816
SYN-06217,SYN-CUST-2377
SYN-06218,SYN-CUST-2938
SYN-06219,SYN-CUST-0299
SYN-06220,SYN-CUST-0860
SYN-06221,SYN-CUST-1421
SYN-06222,SYN-CUST-1982
SYN-06223,SYN-CUST-2543
SYN-06224,SYN-CUST-3104
SYN-06225,SYN-CUST-0465
SYN-06226,SYN-CUST-1026
SYN-06227,SYN-CUST-1587
SYN-06228,SYN-CUST-2148
SYN-06229,SYN-CUST-2709
SYN-06230,SYN-CUST-0070
SYN-06231,SYN-CUST-0631
SYN-06232,SYN-CUST-1192
SYN-06233,SYN-CUST-1753
SYN-06234,SYN-CUST-2314
SYN-06235,SYN-CUST-2875
SYN-06236,SYN-CUST-0236
SYN-06237,SYN-CUST-0797
SYN-06238,SYN-CUST-1358
SYN-06239,SYN-CUST-1919
SYN-06240,SYN-CUST-2480
SYN-06241,SYN-CUST-3041
SYN-06242,SYN-CUST-0402
SYN-06243,SYN-CUST-0963
SYN-06244,SYN-CUST-1524
SYN-06245,SYN-CUST-2085
SYN-06246,SYN-CUST-2646
SYN-06247,SYN-CUST-0007
SYN-06248,SYN-CUST-0568
SYN-06249,SYN-CUST-1129
SYN-06250,SYN-CUST-1690
SYN-06251,SYN-CUST-2251
SYN-06252,SYN-CUST-2812
SYN-06253,SYN-CUST-0173
SYN-06254,SYN-CUST-0734
SYN-06255,SYN-CUST-1295
SYN-06256,SYN-CUST-1856
SYN-06257,SYN-CUST-2417
SYN-06258,SYN-CUST-2978
SYN-06259,SYN-CUST-0339
SYN-06260,SYN-CUST-0900
SYN-06261,SYN-CUST-1461
SYN-06262,SYN-CUST-2022
SYN-06263,SYN-CUST-2583
SYN-06264,SYN-CUST-3144
SYN-06265,SYN-CUST-0505
SYN-06266,SYN-CUST-1066
SYN-06267,SYN-CUST-1627
SYN-06268,SYN-CUST-2188
SYN-06269,SYN-CUST-2749
SYN-06270,SYN-CUST-0110
SYN-06271,SYN-CUST-0671
SYN-06272,SYN-CUST-1232
SYN-06273,SYN-CUST-1793
SYN-06274,SYN-CUST-2354
SYN-06275,SYN-CUST-2915
SYN-06276,SYN-CUST-0276
SYN-06277,SYN-CUST-0837
SYN-06278,SYN-CUST-1398
SYN-06279,SYN-CUST-1959
SYN-06280,SYN-CUST-2520
SYN-06281,SYN-CUST-3081
SYN-06282,SYN-CUST-0442
SYN-06283,SYN-CUST-1003
SYN-06284,SYN-CUST-1564
SYN-06285,SYN-CUST-2125
SYN-06286,SYN-CUST-2686
SYN-06287,SYN-CUST-0047
SYN-06288,SYN-CUST-0608
SYN-06289,SYN-CUST-1169
SYN-06290,SYN-CUST-1730
SYN-06291,SYN-CUST-2291
SYN-06292,SYN-CUST-2852
SYN-06293,SYN-CUST-0213
SYN-06294,SYN-CUST-0774
SYN-06295,SYN-CUST-1335
SYN-06296,SYN-CUST-1896
SYN-06297,SYN-CUST-2457
SYN-06298,SYN-CUST-3018
SYN-06299,SYN-CUST-0379
SYN-06300,SYN-CUST-0940
SYN-06301,SYN-CUST-1501
SYN-06302,SYN-CUST-2062
SYN-06303,SYN-CUST-2623
SYN-06304,SYN-CUST-3184
SYN-06305,SYN-CUST-0545
SYN-06306,SYN-CUST-1106
SYN-06307,SYN-CUST-1667
SYN-06308,SYN-CUST-2228
SYN-06309,SYN-CUST-2789
SYN-06310,SYN-CUST-0150
SYN-06311,SYN-CUST-0711
SYN-06312,SYN-CUST-1272
SYN-06313,SYN-CUST-1833
SYN-06314,SYN-CUST-2394
SYN-06315,SYN-CUST-2955
SYN-06316,SYN-CUST-0316
SYN-06317,SYN-CUST-0877
SYN-06318,SYN-CUST-1438
SYN-06319,SYN-CUST-1999
SYN-06320,SYN-CUST-2560
SYN-06321,SYN-CUST-3121
SYN-06322,SYN-CUST-0482
SYN-06323,SYN-CUST-1043
SYN-06324,SYN-CUST-1604
SYN-06325,SYN-CUST-2165
SYN-06326,SYN-CUST-2726
SYN-06327,SYN-CUST-0087
SYN-06328,SYN-CUST-0648
SYN-06329,SYN-CUST-1209
SYN-06330,SYN-CUST-1770
SYN-06331,SYN-CUST-2331
SYN-06332,SYN-CUST-2892
SYN-06333,SYN-CUST-0253
SYN-06334,SYN-CUST-0814
SYN-06335,SYN-CUST-1375
SYN-06336,SYN-CUST-1936
SYN-06337,SYN-CUST-2497
SYN-06338,SYN-CUST-3058
SYN-06339,SYN-CUST-0419
SYN-06340,SYN-CUST-0980
SYN-06341,SYN-CUST-1541
SYN-06342,SYN-CUST-2102
SYN-06343,SYN-CUST-2663
SYN-06344,SYN-CUST-0024
SYN-06345,SYN-CUST-0585
SYN-06346,SYN-CUST-1146
SYN-06347,SYN-CUST-1707
SYN-06348,SYN-CUST-2268
SYN-06349,SYN-CUST-2829
SYN-06350,SYN-CUST-0190
SYN-06351,SYN-CUST-0751
SYN-06352,SYN-CUST-1312
SYN-06353,SYN-CUST-1873
SYN-06354,SYN-CUST-2434
SYN-06355,SYN-CUST-2995
SYN-06356,SYN-CUST-0356
SYN-06357,SYN-CUST-0917
SYN-06358,SYN-CUST-1478
SYN-06359,SYN-CUST-2039
SYN-06360,SYN-CUST-2600
SYN-06361,SYN-CUST-3161
SYN-06362,SYN-CUST-0522
SYN-06363,SYN-CUST-1083
SYN-06364,SYN-CUST-1644
SYN-06365,SYN-CUST-2205
SYN-06366,SYN-CUST-2766
SYN-06367,SYN-CUST-0127
SYN-06368,SYN-CUST-0688
SYN-06369,SYN-CUST-1249
SYN-06370,SYN-CUST-1810
SYN-06371,SYN-CUST-2371
SYN-06372,SYN-CUST-2932
SYN-06373,SYN-CUST-0293
SYN-06374,SYN-CUST-0854
SYN-06375,SYN-CUST-1415
SYN-06376,SYN-CUST-1976
SYN-06377,SYN-CUST-2537
SYN-06378,SYN-CUST-3098
SYN-06379,SYN-CUST-0459
SYN-06380,SYN-CUST-1020
SYN-06381,SYN-CUST-1581
SYN-06382,SYN-CUST-2142
SYN-06383,SYN-CUST-2703
SYN-06384,SYN-CUST-0064
SYN-06385,SYN-CUST-0625
SYN-06386,SYN-CUST-1186
SYN-06387,SYN-CUST-1747
SYN-06388,SYN-CUST-2308
SYN-06389,SYN-CUST-2869
SYN-06390,SYN-CUST-0230
SYN-06391,SYN-CUST-0791
SYN-06392,SYN-CUST-1352
SYN-06393,SYN-CUST-1913
SYN-06394,SYN-CUST-2474
SYN-06395,SYN-CUST-3035
SYN-06396,SYN-CUST-0396
SYN-06397,SYN-CUST-0957
SYN-06398,SYN-CUST-1518
SYN-06399,SYN-CUST-2079
SYN-06400,SYN-CUST-2640
SYN-06401,SYN-CUST-0001
SYN-06402,SYN-CUST-0562
SYN-06403,SYN-CUST-1123
SYN-06404,SYN-CUST-1684
SYN-06405,SYN-CUST-2245
SYN-06406,SYN-CUST-2806
SYN-06407,SYN-CUST-0167
SYN-06408,SYN-CUST-0728
SYN-06409,SYN-CUST-1289
SYN-06410,SYN-CUST-1850
SYN-06411,SYN-CUST-2411
SYN-06412,SYN-CUST-2972
SYN-06413,SYN-CUST-0333
SYN-06414,SYN-CUST-0894
SYN-06415,SYN-CUST-1455
SYN-06416,SYN-CUST-2016
SYN-06417,SYN-CUST-2577
SYN-06418,SYN-CUST-3138
SYN-06419,SYN-CUST-0499
SYN-06420,SYN-CUST-1060
SYN-06421,SYN-CUST-1621
SYN-06422,SYN-CUST-2182
SYN-06423,SYN-CUST-2743
SYN-06424,SYN-CUST-0104
SYN-06425,SYN-CUST-0665
SYN-06426,SYN-CUST-1226
SYN-06427,SYN-CUST-1787
SYN-06428,SYN-CUST-2348
SYN-06429,SYN-CUST-2909
SYN-06430,SYN-CUST-0270
SYN-06431,SYN-CUST-0831
SYN-06432,SYN-CUST-1392
SYN-06433,SYN-CUST-1953
SYN-06434,SYN-CUST-2514
SYN-06435,SYN-CUST-3075
SYN-06436,SYN-CUST-0436
SYN-06437,SYN-CUST-0997
SYN-06438,SYN-CUST-1558
SYN-06439,SYN-CUST-2119
SYN-06440,SYN-CUST-2680
SYN-06441,SYN-CUST-0041
SYN-06442,SYN-CUST-0602
SYN-06443,SYN-CUST-1163
SYN-06444,SYN-CUST-1724
SYN-06445,SYN-CUST-2285
SYN-06446,SYN-CUST-2846
SYN-06447,SYN-CUST-0207
SYN-06448,SYN-CUST-0768
SYN-06449,SYN-CUST-1329
SYN-06450,SYN-CUST-1890
SYN-06451,SYN-CUST-2451
SYN-06452,SYN-CUST-3012
SYN-06453,SYN-CUST-0373
SYN-06454,SYN-CUST-0934
SYN-06455,SYN-CUST-1495
SYN-06456,SYN-CUST-2056
SYN-06457,SYN-CUST-2617
SYN-06458,SYN-CUST-3178
SYN-06459,SYN-CUST-0539
SYN-06460,SYN-CUST-1100
SYN-06461,SYN-CUST-1661
SYN-06462,SYN-CUST-2222
SYN-06463,SYN-CUST-2783
SYN-06464,SYN-CUST-0144
SYN-06465,SYN-CUST-0705
SYN-06466,SYN-CUST-1266
SYN-06467,SYN-CUST-1827
SYN-06468,SYN-CUST-2388
SYN-06469,SYN-CUST-2949
SYN-06470,SYN-CUST-0310
SYN-06471,SYN-CUST-0871
SYN-06472,SYN-CUST-1432
SYN-06473,SYN-CUST-1993
SYN-06474,SYN-CUST-2554
SYN-06475,SYN-CUST-3115
SYN-06476,SYN-CUST-0476
SYN-06477,SYN-CUST-1037
SYN-06478,SYN-CUST-1598
SYN-06479,SYN-CUST-2159
SYN-06480,SYN-CUST-2720
SYN-06481,SYN-CUST-0081
SYN-06482,SYN-CUST-0642
SYN-06483,SYN-CUST-1203
SYN-06484,SYN-CUST-1764
SYN-06485,SYN-CUST-2325
SYN-06486,SYN-CUST-2886
SYN-06487,SYN-CUST-0247
SYN-06488,SYN-CUST-0808
SYN-06489,SYN-CUST-1369
SYN-06490,SYN-CUST-1930
SYN-06491,SYN-CUST-2491
SYN-06492,SYN-CUST-3052
SYN-06493,SYN-CUST-0413
SYN-06494,SYN-CUST-0974
SYN-06495,SYN-CUST-1535
SYN-06496,SYN-CUST-2096
SYN-06497,SYN-CUST-2657
SYN-06498,SYN-CUST-0018
SYN-06499,SYN-CUST-0579
SYN-06500,SYN-CUST-1140
SYN-06501,SYN-CUST-1701
SYN-06502,SYN-CUST-2262
SYN-06503,SYN-CUST-2823
SYN-06504,SYN-CUST-0184
SYN-06505,SYN-CUST-0745
SYN-06506,SYN-CUST-1306
SYN-06507,SYN-CUST-1867
SYN-06508,SYN-CUST-2428
SYN-06509,SYN-CUST-2989
SYN-06510,SYN-CUST-0350
SYN-06511,SYN-CUST-0911
SYN-06512,SYN-CUST-1472
SYN-06513,SYN-CUST-2033
SYN-06514,SYN-CUST-2594
SYN-06515,SYN-CUST-3155
SYN-06516,SYN-CUST-0516
SYN-06517,SYN-CUST-1077
SYN-06518,SYN-CUST-1638
SYN-06519,SYN-CUST-2199
SYN-06520,SYN-CUST-2760
SYN-06521,SYN-CUST-0121
SYN-06522,SYN-CUST-0682
SYN-06523,SYN-CUST-1243
SYN-06524,SYN-CUST-1804
SYN-06525,SYN-CUST-2365
SYN-06526,SYN-CUST-2926
SYN-06527,SYN-CUST-0287
SYN-06528,SYN-CUST-0848
SYN-06529,SYN-CUST-1409
SYN-06530,SYN-CUST-1970
SYN-06531,SYN-CUST-2531
SYN-06532,SYN-CUST-3092
SYN-06533,SYN-CUST-0453
SYN-06534,SYN-CUST-1014
SYN-06535,SYN-CUST-1575
SYN-06536,SYN-CUST-2136
SYN-06537,SYN-CUST-2697
SYN-06538,SYN-CUST-0058
SYN-06539,SYN-CUST-0619
SYN-06540,SYN-CUST-1180
SYN-06541,SYN-CUST-1741
SYN-06542,SYN-CUST-2302
SYN-06543,SYN-CUST-2863
SYN-06544,SYN-CUST-0224
SYN-06545,SYN-CUST-0785
SYN-06546,SYN-CUST-1346
SYN-06547,SYN-CUST-1907
SYN-06548,SYN-CUST-2468
SYN-06549,SYN-CUST-3029
SYN-06550,SYN-CUST-0390
SYN-06551,SYN-CUST-0951
SYN-06552,SYN-CUST-1512
SYN-06553,SYN-CUST-2073
SYN-06554,SYN-CUST-2634
SYN-06555,SYN-CUST-3195
SYN-06556,SYN-CUST-0556
SYN-06557,SYN-CUST-1117
SYN-06558,SYN-CUST-1678
SYN-06559,SYN-CUST-2239
SYN-06560,SYN-CUST-2800
SYN-06561,SYN-CUST-0161
SYN-06562,SYN-CUST-0722
SYN-06563,SYN-CUST-1283
SYN-06564,SYN-CUST-1844
SYN-06565,SYN-CUST-2405
SYN-06566,SYN-CUST-2966
SYN-06567,SYN-CUST-0327
SYN-06568,SYN-CUST-0888
SYN-06569,SYN-CUST-1449
SYN-06570,SYN-CUST-2010
SYN-06571,SYN-CUST-2571
SYN-06572,SYN-CUST-3132
SYN-06573,SYN-CUST-0493
SYN-06574,SYN-CUST-1054
SYN-06575,SYN-CUST-1615
SYN-06576,SYN-CUST-2176
SYN-06577,SYN-CUST-2737
SYN-06578,SYN-CUST-0098
SYN-06579,SYN-CUST-0659
SYN-06580,SYN-CUST-1220
SYN-06581,SYN-CUST-1781
SYN-06582,SYN-CUST-2342
SYN-06583,SYN-CUST-2903
SYN-06584,SYN-CUST-0264
SYN-06585,SYN-CUST-0825
SYN-06586,SYN-CUST-1386
SYN-06587,SYN-CUST-1947
SYN-06588,SYN-CUST-2508
SYN-06589,SYN-CUST-3069
SYN-06590,SYN-CUST-0430
SYN-06591,SYN-CUST-0991
SYN-06592,SYN-CUST-1552
SYN-06593,SYN-CUST-2113
SYN-06594,SYN-CUST-2674
SYN-06595,SYN-CUST-0035
SYN-06596,SYN-CUST-0596
SYN-06597,SYN-CUST-1157
SYN-06598,SYN-CUST-1718
SYN-06599,SYN-CUST-2279
SYN-06600,SYN-CUST-2840
SYN-06601,SYN-CUST-0201
SYN-06602,SYN-CUST-0762
SYN-06603,SYN-CUST-1323
SYN-06604,SYN-CUST-1884
SYN-06605,SYN-CUST-2445
SYN-06606,SYN-CUST-3006
SYN-06607,SYN-CUST-0367
SYN-06608,SYN-CUST-0928
SYN-06609,SYN-CUST-1489
SYN-06610,SYN-CUST-2050
SYN-06611,SYN-CUST-2611
SYN-06612,SYN-CUST-3172
SYN-06613,SYN-CUST-0533
SYN-06614,SYN-CUST-1094
SYN-06615,SYN-CUST-1655
SYN-06616,SYN-CUST-2216
SYN-06617,SYN-CUST-2777
SYN-06618,SYN-CUST-0138
SYN-06619,SYN-CUST-0699
SYN-06620,SYN-CUST-1260
SYN-06621,SYN-CUST-1821
SYN-06622,SYN-CUST-2382
SYN-06623,SYN-CUST-2943
SYN-06624,SYN-CUST-0304
SYN-06625,SYN-CUST-0865
SYN-06626,SYN-CUST-1426
SYN-06627,SYN-CUST-1987
SYN-06628,SYN-CUST-2548
SYN-06629,SYN-CUST-3109
SYN-06630,SYN-CUST-0470
SYN-06631,SYN-CUST-1031
SYN-06632,SYN-CUST-1592
SYN-06633,SYN-CUST-2153
SYN-06634,SYN-CUST-2714
SYN-06635,SYN-CUST-0075
SYN-06636,SYN-CUST-0636
SYN-06637,SYN-CUST-1197
SYN-06638,SYN-CUST-1758
SYN-06639,SYN-CUST-2319
SYN-06640,SYN-CUST-2880
SYN-06641,SYN-CUST-0241
SYN-06642,SYN-CUST-0802
SYN-06643,SYN-CUST-1363
SYN-06644,SYN-CUST-1924
SYN-06645,SYN-CUST-2485
SYN-06646,SYN-CUST-3046
SYN-06647,SYN-CUST-0407
SYN-06648,SYN-CUST-0968
SYN-06649,SYN-CUST-1529
SYN-06650,SYN-CUST-2090
SYN-06651,SYN-CUST-2651
SYN-06652,SYN-CUST-0012
SYN-06653,SYN-CUST-0573
SYN-06654,SYN-CUST-1134
SYN-06655,SYN-CUST-1695
SYN-06656,SYN-CUST-2256
SYN-06657,SYN-CUST-2817
SYN-06658,SYN-CUST-0178
SYN-06659,SYN-CUST-0739
SYN-06660,SYN-CUST-1300
SYN-06661,SYN-CUST-1861
SYN-06662,SYN-CUST-2422
SYN-06663,SYN-CUST-2983
SYN-06664,SYN-CUST-0344
SYN-06665,SYN-CUST-0905
SYN-06666,SYN-CUST-1466
SYN-06667,SYN-CUST-2027
SYN-06668,SYN-CUST-2588
SYN-06669,SYN-CUST-3149
SYN-06670,SYN-CUST-0510
SYN-06671,SYN-CUST-1071
SYN-06672,SYN-CUST-1632
SYN-06673,SYN-CUST-2193
SYN-06674,SYN-CUST-2754
SYN-06675,SYN-CUST-0115
SYN-06676,SYN-CUST-0676
SYN-06677,SYN-CUST-1237
SYN-06678,SYN-CUST-1798
SYN-06679,SYN-CUST-2359
SYN-06680,SYN-CUST-2920
SYN-06681,SYN-CUST-0281
SYN-06682,SYN-CUST-0842
SYN-06683,SYN-CUST-1403
SYN-06684,SYN-CUST-1964
SYN-06685,SYN-CUST-2525
SYN-06686,SYN-CUST-3086
SYN-06687,SYN-CUST-0447
SYN-06688,SYN-CUST-1008
SYN-06689,SYN-CUST-1569
SYN-06690,SYN-CUST-2130
SYN-06691,SYN-CUST-2691
SYN-06692,SYN-CUST-0052
SYN-06693,SYN-CUST-0613
SYN-06694,SYN-CUST-1174
SYN-06695,SYN-CUST-1735
SYN-06696,SYN-CUST-2296
SYN-06697,SYN-CUST-2857
SYN-06698,SYN-CUST-0218
SYN-06699,SYN-CUST-0779
SYN-06700,SYN-CUST-1340
SYN-06701,SYN-CUST-1901
SYN-06702,SYN-CUST-2462
SYN-06703,SYN-CUST-3023
SYN-06704,SYN-CUST-0384
SYN-06705,SYN-CUST-0945
SYN-06706,SYN-CUST-1506
SYN-06707,SYN-CUST-2067
SYN-06708,SYN-CUST-2628
SYN-06709,SYN-CUST-3189
SYN-06710,SYN-CUST-0550
SYN-06711,SYN-CUST-1111
SYN-06712,SYN-CUST-1672
SYN-06713,SYN-CUST-2233
SYN-06714,SYN-CUST-2794
SYN-06715,SYN-CUST-0155
SYN-06716,SYN-CUST-0716
SYN-06717,SYN-CUST-1277
SYN-06718,SYN-CUST-1838
SYN-06719,SYN-CUST-2399
SYN-06720,SYN-CUST-2960
SYN-06721,SYN-CUST-0321
SYN-06722,SYN-CUST-0882
SYN-06723,SYN-CUST-1443
SYN-06724,SYN-CUST-2004
SYN-06725,SYN-CUST-2565
SYN-06726,SYN-CUST-3126
SYN-06727,SYN-CUST-0487
SYN-06728,SYN-CUST-1048
SYN-06729,SYN-CUST-1609
SYN-06730,SYN-CUST-2170
SYN-06731,SYN-CUST-2731
SYN-06732,SYN-CUST-0092
SYN-06733,SYN-CUST-0653
SYN-06734,SYN-CUST-1214
SYN-06735,SYN-CUST-1775
SYN-06736,SYN-CUST-2336
SYN-06737,SYN-CUST-2897
SYN-06738,SYN-CUST-0258
SYN-06739,SYN-CUST-0819
SYN-06740,SYN-CUST-1380
SYN-06741,SYN-CUST-1941
SYN-06742,SYN-CUST-2502
SYN-06743,SYN-CUST-3063
SYN-06744,SYN-CUST-0424
SYN-06745,SYN-CUST-0985
SYN-06746,SYN-CUST-1546
SYN-06747,SYN-CUST-2107
SYN-06748,SYN-CUST-2668
SYN-06749,SYN-CUST-0029
SYN-06750,SYN-CUST-0590
SYN-06751,SYN-CUST-1151
SYN-06752,SYN-CUST-1712
SYN-06753,SYN-CUST-2273
SYN-06754,SYN-CUST-2834
SYN-06755,SYN-CUST-0195
SYN-06756,SYN-CUST-0756
SYN-06757,SYN-CUST-1317
SYN-06758,SYN-CUST-1878
SYN-06759,SYN-CUST-2439
SYN-06760,SYN-CUST-3000
SYN-06761,SYN-CUST-0361
SYN-06762,SYN-CUST-0922
SYN-06763,SYN-CUST-1483
SYN-06764,SYN-CUST-2044
SYN-06765,SYN-CUST-2605
SYN-06766,SYN-CUST-3166
SYN-06767,SYN-CUST-0527
SYN-06768,SYN-CUST-1088
SYN-06769,SYN-CUST-1649
SYN-06770,SYN-CUST-2210
SYN-06771,SYN-CUST-2771
SYN-06772,SYN-CUST-0132
SYN-06773,SYN-CUST-0693
SYN-06774,SYN-CUST-1254
SYN-06775,SYN-CUST-1815
SYN-06776,SYN-CUST-2376
SYN-06777,SYN-CUST-2937
SYN-06778,SYN-CUST-0298
SYN-06779,SYN-CUST-0859
SYN-06780,SYN-CUST-1420
SYN-06781,SYN-CUST-1981
SYN-06782,SYN-CUST-2542
SYN-06783,SYN-CUST-3103
SYN-06784,SYN-CUST-0464
SYN-06785,SYN-CUST-1025
SYN-06786,SYN-CUST-1586
SYN-06787,SYN-CUST-2147
SYN-06788,SYN-CUST-2708
SYN-06789,SYN-CUST-0069
SYN-06790,SYN-CUST-0630
SYN-06791,SYN-CUST-1191
SYN-06792,SYN-CUST-1752
SYN-06793,SYN-CUST-2313
SYN-06794,SYN-CUST-2874
SYN-06795,SYN-CUST-0235
SYN-06796,SYN-CUST-0796
SYN-06797,SYN-CUST-1357
SYN-06798,SYN-CUST-1918
SYN-06799,SYN-CUST-2479
SYN-06800,SYN-CUST-3040
SYN-06801,SYN-CUST-0401
SYN-06802,SYN-CUST-0962
SYN-06803,SYN-CUST-1523
SYN-06804,SYN-CUST-2084
SYN-06805,SYN-CUST-2645
SYN-06806,SYN-CUST-0006
SYN-06807,SYN-CUST-0567
SYN-06808,SYN-CUST-1128
SYN-06809,SYN-CUST-1689
SYN-06810,SYN-CUST-2250
SYN-06811,SYN-CUST-2811
SYN-06812,SYN-CUST-0172
SYN-06813,SYN-CUST-0733
SYN-06814,SYN-CUST-1294
SYN-06815,SYN-CUST-1855
SYN-06816,SYN-CUST-2416
SYN-06817,SYN-CUST-2977
SYN-06818,SYN-CUST-0338
SYN-06819,SYN-CUST-0899
SYN-06820,SYN-CUST-1460
SYN-06821,SYN-CUST-2021
SYN-06822,SYN-CUST-2582
SYN-06823,SYN-CUST-3143
SYN-06824,SYN-CUST-0504
SYN-06825,SYN-CUST-1065
SYN-06826,SYN-CUST-1626
SYN-06827,SYN-CUST-2187
SYN-06828,SYN-CUST-2748
SYN-06829,SYN-CUST-0109
SYN-06830,SYN-CUST-0670
SYN-06831,SYN-CUST-1231
SYN-06832,SYN-CUST-1792
SYN-06833,SYN-CUST-2353
SYN-06834,SYN-CUST-2914
SYN-06835,SYN-CUST-0275
SYN-06836,SYN-CUST-0836
SYN-06837,SYN-CUST-1397
SYN-06838,SYN-CUST-1958
SYN-06839,SYN-CUST-2519
SYN-06840,SYN-CUST-3080
SYN-06841,SYN-CUST-0441
SYN-06842,SYN-CUST-1002
SYN-06843,SYN-CUST-1563
SYN-06844,SYN-CUST-2124
SYN-06845,SYN-CUST-2685
SYN-06846,SYN-CUST-0046
SYN-06847,SYN-CUST-0607
SYN-06848,SYN-CUST-1168
SYN-06849,SYN-CUST-1729
SYN-06850,SYN-CUST-2290
SYN-06851,SYN-CUST-2851
SYN-06852,SYN-CUST-0212
SYN-06853,SYN-CUST-0773
SYN-06854,SYN-CUST-1334
SYN-06855,SYN-CUST-1895
SYN-06856,SYN-CUST-2456
SYN-06857,SYN-CUST-3017
SYN-06858,SYN-CUST-0378
SYN-06859,SYN-CUST-0939
SYN-06860,SYN-CUST-1500
SYN-06861,SYN-CUST-2061
SYN-06862,SYN-CUST-2622
SYN-06863,SYN-CUST-3183
SYN-06864,SYN-CUST-0544
SYN-06865,SYN-CUST-1105
SYN-06866,SYN-CUST-1666
SYN-06867,SYN-CUST-2227
SYN-06868,SYN-CUST-2788
SYN-06869,SYN-CUST-0149
SYN-06870,SYN-CUST-0710
SYN-06871,SYN-CUST-1271
SYN-06872,SYN-CUST-1832
SYN-06873,SYN-CUST-2393
SYN-06874,SYN-CUST-2954
SYN-06875,SYN-CUST-0315
SYN-06876,SYN-CUST-0876
SYN-06877,SYN-CUST-1437
SYN-06878,SYN-CUST-1998
SYN-06879,SYN-CUST-2559
SYN-06880,SYN-CUST-3120
SYN-06881,SYN-CUST-0481
SYN-06882,SYN-CUST-1042
SYN-06883,SYN-CUST-1603
SYN-06884,SYN-CUST-2164
SYN-06885,SYN-CUST-2725
SYN-06886,SYN-CUST-0086
SYN-06887,SYN-CUST-0647
SYN-06888,SYN-CUST-1208
SYN-06889,SYN-CUST-1769
SYN-06890,SYN-CUST-2330
SYN-06891,SYN-CUST-2891
SYN-06892,SYN-CUST-0252
SYN-06893,SYN-CUST-0813
SYN-06894,SYN-CUST-1374
SYN-06895,SYN-CUST-1935
SYN-06896,SYN-CUST-2496
SYN-06897,SYN-CUST-3057
SYN-06898,SYN-CUST-0418
SYN-06899,SYN-CUST-0979
SYN-06900,SYN-CUST-1540
SYN-06901,SYN-CUST-2101
SYN-06902,SYN-CUST-2662
SYN-06903,SYN-CUST-0023
SYN-06904,SYN-CUST-0584
SYN-06905,SYN-CUST-1145
SYN-06906,SYN-CUST-1706
SYN-06907,SYN-CUST-2267
SYN-06908,SYN-CUST-2828
SYN-06909,SYN-CUST-0189
SYN-06910,SYN-CUST-0750
SYN-06911,SYN-CUST-1311
SYN-06912,SYN-CUST-1872
SYN-06913,SYN-CUST-2433
SYN-06914,SYN-CUST-2994
SYN-06915,SYN-CUST-0355
SYN-06916,SYN-CUST-0916
SYN-06917,SYN-CUST-1477
SYN-06918,SYN-CUST-2038
SYN-06919,SYN-CUST-2599
SYN-06920,SYN-CUST-3160
SYN-06921,SYN-CUST-0521
SYN-06922,SYN-CUST-1082
SYN-06923,SYN-CUST-1643
SYN-06924,SYN-CUST-2204
SYN-06925,SYN-CUST-2765
SYN-06926,SYN-CUST-0126
SYN-06927,SYN-CUST-0687
SYN-06928,SYN-CUST-1248
SYN-06929,SYN-CUST-1809
SYN-06930,SYN-CUST-2370
SYN-06931,SYN-CUST-2931
SYN-06932,SYN-CUST-0292
SYN-06933,SYN-CUST-0853
SYN-06934,SYN-CUST-1414
SYN-06935,SYN-CUST-1975
SYN-06936,SYN-CUST-2536
SYN-06937,SYN-CUST-3097
SYN-06938,SYN-CUST-0458
SYN-06939,SYN-CUST-1019
SYN-06940,SYN-CUST-1580
SYN-06941,SYN-CUST-2141
SYN-06942,SYN-CUST-2702
SYN-06943,SYN-CUST-0063
SYN-06944,SYN-CUST-0624
SYN-06945,SYN-CUST-1185
SYN-06946,SYN-CUST-1746
SYN-06947,SYN-CUST-2307
SYN-06948,SYN-CUST-2868
SYN-06949,SYN-CUST-0229
SYN-06950,SYN-CUST-0790
SYN-06951,SYN-CUST-1351
SYN-06952,SYN-CUST-1912
SYN-06953,SYN-CUST-2473
SYN-06954,SYN-CUST-3034
SYN-06955,SYN-CUST-0395
SYN-06956,SYN-CUST-0956
SYN-06957,SYN-CUST-1517
SYN-06958,SYN-CUST-2078
SYN-06959,SYN-CUST-2639
SYN-06960,SYN-CUST-3200
SYN-06961,SYN-CUST-0561
SYN-06962,SYN-CUST-1122
SYN-06963,SYN-CUST-1683
SYN-06964,SYN-CUST-2244
SYN-06965,SYN-CUST-2805
SYN-06966,SYN-CUST-0166
SYN-06967,SYN-CUST-0727
SYN-06968,SYN-CUST-1288
SYN-06969,SYN-CUST-1849
SYN-06970,SYN-CUST-2410
SYN-06971,SYN-CUST-2971
SYN-06972,SYN-CUST-0332
SYN-06973,SYN-CUST-0893
SYN-06974,SYN-CUST-1454
SYN-06975,SYN-CUST-2015
SYN-06976,SYN-CUST-2576
SYN-06977,SYN-CUST-3137
SYN-06978,SYN-CUST-0498
SYN-06979,SYN-CUST-1059
SYN-06980,SYN-CUST-1620
SYN-06981,SYN-CUST-2181
SYN-06982,SYN-CUST-2742
SYN-06983,SYN-CUST-0103
SYN-06984,SYN-CUST-0664
SYN-06985,SYN-CUST-1225
SYN-06986,SYN-CUST-1786
SYN-06987,SYN-CUST-2347
SYN-06988,SYN-CUST-2908
SYN-06989,SYN-CUST-0269
SYN-06990,SYN-CUST-0830
SYN-06991,SYN-CUST-1391
SYN-06992,SYN-CUST-1952
SYN-06993,SYN-CUST-2513
SYN-06994,SYN-CUST-3074
SYN-06995,SYN-CUST-0435
SYN-06996,SYN-CUST-0996
SYN-06997,SYN-CUST-1557
SYN-06998,SYN-CUST-2118
SYN-06999,SYN-CUST-2679
SYN-07000,SYN-CUST-0040
SYN-07001,SYN-CUST-0601
SYN-07002,SYN-CUST-1162
SYN-07003,SYN-CUST-1723
SYN-07004,SYN-CUST-2284
SYN-07005,SYN-CUST-2845
SYN-07006,SYN-CUST-0206
SYN-07007,SYN-CUST-0767
SYN-07008,SYN-CUST-1328
SYN-07009,SYN-CUST-1889
SYN-07010,SYN-CUST-2450
SYN-07011,SYN-CUST-3011
SYN-07012,SYN-CUST-0372
SYN-07013,SYN-CUST-0933
SYN-07014,SYN-CUST-1494
SYN-07015,SYN-CUST-2055
SYN-07016,SYN-CUST-2616
SYN-07017,SYN-CUST-3177
SYN-07018,SYN-CUST-0538
SYN-07019,SYN-CUST-1099
SYN-07020,SYN-CUST-1660
SYN-07021,SYN-CUST-2221
SYN-07022,SYN-CUST-2782
SYN-07023,SYN-CUST-0143
SYN-07024,SYN-CUST-0704
SYN-07025,SYN-CUST-1265
SYN-07026,SYN-CUST-1826
SYN-07027,SYN-CUST-2387
SYN-07028,SYN-CUST-2948
SYN-07029,SYN-CUST-0309
SYN-07030,SYN-CUST-0870
SYN-07031,SYN-CUST-1431
SYN-07032,SYN-CUST-1992
SYN-07033,SYN-CUST-2553
SYN-07034,SYN-CUST-3114
SYN-07035,SYN-CUST-0475
SYN-07036,SYN-CUST-1036
SYN-07037,SYN-CUST-1597
SYN-07038,SYN-CUST-2158
SYN-07039,SYN-CUST-2719
SYN-07040,SYN-CUST-0080
SYN-07041,SYN-CUST-0641
SYN-07042,SYN-CUST-1202
SYN-07043,SYN-CUST-1763
SYN-07044,SYN-CUST-2324
SYN-07045,SYN-CUST-2885
SYN-07046,SYN-CUST-0246
SYN-07047,SYN-CUST-0807
SYN-07048,SYN-CUST-1368
SYN-07049,SYN-CUST-1929
SYN-07050,SYN-CUST-2490
SYN-07051,SYN-CUST-3051
SYN-07052,SYN-CUST-0412
SYN-07053,SYN-CUST-0973
SYN-07054,SYN-CUST-1534
SYN-07055,SYN-CUST-2095
SYN-07056,SYN-CUST-2656
SYN-07057,SYN-CUST-0017
SYN-07058,SYN-CUST-0578
SYN-07059,SYN-CUST-1139
SYN-07060,SYN-CUST-1700
SYN-07061,SYN-CUST-2261
SYN-07062,SYN-CUST-2822
SYN-07063,SYN-CUST-0183
SYN-07064,SYN-CUST-0744
SYN-07065,SYN-CUST-1305
SYN-07066,SYN-CUST-1866
SYN-07067,SYN-CUST-2427
SYN-07068,SYN-CUST-2988
SYN-07069,SYN-CUST-0349
SYN-07070,SYN-CUST-0910
SYN-07071,SYN-CUST-1471
SYN-07072,SYN-CUST-2032
SYN-07073,SYN-CUST-2593
SYN-07074,SYN-CUST-3154
SYN-07075,SYN-CUST-0515
SYN-07076,SYN-CUST-1076
SYN-07077,SYN-CUST-1637
SYN-07078,SYN-CUST-2198
SYN-07079,SYN-CUST-2759
SYN-07080,SYN-CUST-0120
SYN-07081,SYN-CUST-0681
SYN-07082,SYN-CUST-1242
SYN-07083,SYN-CUST-1803
SYN-07084,SYN-CUST-2364
SYN-07085,SYN-CUST-2925
SYN-07086,SYN-CUST-0286
SYN-07087,SYN-CUST-0847
SYN-07088,SYN-CUST-1408
SYN-07089,SYN-CUST-1969
SYN-07090,SYN-CUST-2530
SYN-07091,SYN-CUST-3091
SYN-07092,SYN-CUST-0452
SYN-07093,SYN-CUST-1013
SYN-07094,SYN-CUST-1574
SYN-07095,SYN-CUST-2135
SYN-07096,SYN-CUST-2696
SYN-07097,SYN-CUST-0057
SYN-07098,SYN-CUST-0618
SYN-07099,SYN-CUST-1179
SYN-07100,SYN-CUST-1740
SYN-07101,SYN-CUST-2301
SYN-07102,SYN-CUST-2862
SYN-07103,SYN-CUST-0223
SYN-07104,SYN-CUST-0784
SYN-07105,SYN-CUST-1345
SYN-07106,SYN-CUST-1906
SYN-07107,SYN-CUST-2467
SYN-07108,SYN-CUST-3028
SYN-07109,SYN-CUST-0389
SYN-07110,SYN-CUST-0950
SYN-07111,SYN-CUST-1511
SYN-07112,SYN-CUST-2072
SYN-07113,SYN-CUST-2633
SYN-07114,SYN-CUST-3194
SYN-07115,SYN-CUST-0555
SYN-07116,SYN-CUST-1116
SYN-07117,SYN-CUST-1677
SYN-07118,SYN-CUST-2238
SYN-07119,SYN-CUST-2799
SYN-07120,SYN-CUST-0160
SYN-07121,SYN-CUST-0721
SYN-07122,SYN-CUST-1282
SYN-07123,SYN-CUST-1843
SYN-07124,SYN-CUST-2404
SYN-07125,SYN-CUST-2965
SYN-07126,SYN-CUST-0326
SYN-07127,SYN-CUST-0887
SYN-07128,SYN-CUST-1448
SYN-07129,SYN-CUST-2009
SYN-07130,SYN-CUST-2570
SYN-07131,SYN-CUST-3131
SYN-07132,SYN-CUST-0492
SYN-07133,SYN-CUST-1053
SYN-07134,SYN-CUST-1614
SYN-07135,SYN-CUST-2175
SYN-07136,SYN-CUST-2736
SYN-07137,SYN-CUST-0097
SYN-07138,SYN-CUST-0658
SYN-07139,SYN-CUST-1219
SYN-07140,SYN-CUST-1780
SYN-07141,SYN-CUST-2341
SYN-07142,SYN-CUST-2902
SYN-07143,SYN-CUST-0263
SYN-07144,SYN-CUST-0824
SYN-07145,SYN-CUST-1385
SYN-07146,SYN-CUST-1946
SYN-07147,SYN-CUST-2507
SYN-07148,SYN-CUST-3068
SYN-07149,SYN-CUST-0429
SYN-07150,SYN-CUST-0990
SYN-07151,SYN-CUST-1551
SYN-07152,SYN-CUST-2112
SYN-07153,SYN-CUST-2673
SYN-07154,SYN-CUST-0034
SYN-07155,SYN-CUST-0595
SYN-07156,SYN-CUST-1156
SYN-07157,SYN-CUST-1717
SYN-07158,SYN-CUST-2278
SYN-07159,SYN-CUST-2839
SYN-07160,SYN-CUST-0200
SYN-07161,SYN-CUST-0761
SYN-07162,SYN-CUST-1322
SYN-07163,SYN-CUST-1883
SYN-07164,SYN-CUST-2444
SYN-07165,SYN-CUST-3005
SYN-07166,SYN-CUST-0366
SYN-07167,SYN-CUST-0927
SYN-07168,SYN-CUST-1488
SYN-07169,SYN-CUST-2049
SYN-07170,SYN-CUST-2610
SYN-07171,SYN-CUST-3171
SYN-07172,SYN-CUST-0532
SYN-07173,SYN-CUST-1093
SYN-07174,SYN-CUST-1654
SYN-07175,SYN-CUST-2215
SYN-07176,SYN-CUST-2776
SYN-07177,SYN-CUST-0137
SYN-07178,SYN-CUST-0698
SYN-07179,SYN-CUST-1259
SYN-07180,SYN-CUST-1820
SYN-07181,SYN-CUST-2381
SYN-07182,SYN-CUST-2942
SYN-07183,SYN-CUST-0303
SYN-07184,SYN-CUST-0864
SYN-07185,SYN-CUST-1425
SYN-07186,SYN-CUST-1986
SYN-07187,SYN-CUST-2547
SYN-07188,SYN-CUST-3108
SYN-07189,SYN-CUST-0469
SYN-07190,SYN-CUST-1030
SYN-07191,SYN-CUST-1591
SYN-07192,SYN-CUST-2152
SYN-07193,SYN-CUST-2713
SYN-07194,SYN-CUST-0074
SYN-07195,SYN-CUST-0635
SYN-07196,SYN-CUST-1196
SYN-07197,SYN-CUST-1757
SYN-07198,SYN-CUST-2318
SYN-07199,SYN-CUST-2879
SYN-07200,SYN-CUST-0240
SYN-07201,SYN-CUST-0801
SYN-07202,SYN-CUST-1362
SYN-07203,SYN-CUST-1923
SYN-07204,SYN-CUST-2484
SYN-07205,SYN-CUST-3045
SYN-07206,SYN-CUST-0406
SYN-07207,SYN-CUST-0967
SYN-07208,SYN-CUST-1528
SYN-07209,SYN-CUST-2089
SYN-07210,SYN-CUST-2650
SYN-07211,SYN-CUST-0011
SYN-07212,SYN-CUST-0572
SYN-07213,SYN-CUST-1133
SYN-07214,SYN-CUST-1694
SYN-07215,SYN-CUST-2255
SYN-07216,SYN-CUST-2816
SYN-07217,SYN-CUST-0177
SYN-07218,SYN-CUST-0738
SYN-07219,SYN-CUST-1299
SYN-07220,SYN-CUST-1860
SYN-07221,SYN-CUST-2421
SYN-07222,SYN-CUST-2982
SYN-07223,SYN-CUST-0343
SYN-07224,SYN-CUST-0904
SYN-07225,SYN-CUST-1465
SYN-07226,SYN-CUST-2026
SYN-07227,SYN-CUST-2587
SYN-07228,SYN-CUST-3148
SYN-07229,SYN-CUST-0509
SYN-07230,SYN-CUST-1070
SYN-07231,SYN-CUST-1631
SYN-07232,SYN-CUST-2192
SYN-07233,SYN-CUST-2753
SYN-07234,SYN-CUST-0114
SYN-07235,SYN-CUST-0675
SYN-07236,SYN-CUST-1236
SYN-07237,SYN-CUST-1797
SYN-07238,SYN-CUST-2358
SYN-07239,SYN-CUST-2919
SYN-07240,SYN-CUST-0280
SYN-07241,SYN-CUST-0841
SYN-07242,SYN-CUST-1402
SYN-07243,SYN-CUST-1963
SYN-07244,SYN-CUST-2524
SYN-07245,SYN-CUST-3085
SYN-07246,SYN-CUST-0446
SYN-07247,SYN-CUST-1007
SYN-07248,SYN-CUST-1568
SYN-07249,SYN-CUST-2129
SYN-07250,SYN-CUST-2690
SYN-07251,SYN-CUST-0051
SYN-07252,SYN-CUST-0612
SYN-07253,SYN-CUST-1173
SYN-07254,SYN-CUST-1734
SYN-07255,SYN-CUST-2295
SYN-07256,SYN-CUST-2856
SYN-07257,SYN-CUST-0217
SYN-07258,SYN-CUST-0778
SYN-07259,SYN-CUST-1339
SYN-07260,SYN-CUST-1900
SYN-07261,SYN-CUST-2461
SYN-07262,SYN-CUST-3022
SYN-07263,SYN-CUST-0383
SYN-07264,SYN-CUST-0944
SYN-07265,SYN-CUST-1505
SYN-07266,SYN-CUST-2066
SYN-07267,SYN-CUST-2627
SYN-07268,SYN-CUST-3188
SYN-07269,SYN-CUST-0549
SYN-07270,SYN-CUST-1110
SYN-07271,SYN-CUST-1671
SYN-07272,SYN-CUST-2232
SYN-07273,SYN-CUST-2793
SYN-07274,SYN-CUST-0154
SYN-07275,SYN-CUST-0715
SYN-07276,SYN-CUST-1276
SYN-07277,SYN-CUST-1837
SYN-07278,SYN-CUST-2398
SYN-07279,SYN-CUST-2959
SYN-07280,SYN-CUST-0320
SYN-07281,SYN-CUST-0881
SYN-07282,SYN-CUST-1442
SYN-07283,SYN-CUST-2003
SYN-07284,SYN-CUST-2564
SYN-07285,SYN-CUST-3125
SYN-07286,SYN-CUST-0486
SYN-07287,SYN-CUST-1047
SYN-07288,SYN-CUST-1608
SYN-07289,SYN-CUST-2169
SYN-07290,SYN-CUST-2730
SYN-07291,SYN-CUST-0091
SYN-07292,SYN-CUST-0652
SYN-07293,SYN-CUST-1213
SYN-07294,SYN-CUST-1774
SYN-07295,SYN-CUST-2335
SYN-07296,SYN-CUST-2896
SYN-07297,SYN-CUST-0257
SYN-07298,SYN-CUST-0818
SYN-07299,SYN-CUST-1379
SYN-07300,SYN-CUST-1940
SYN-07301,SYN-CUST-2501
SYN-07302,SYN-CUST-3062
SYN-07303,SYN-CUST-0423
SYN-07304,SYN-CUST-0984
SYN-07305,SYN-CUST-1545
SYN-07306,SYN-CUST-2106
SYN-07307,SYN-CUST-2667
SYN-07308,SYN-CUST-0028
SYN-07309,SYN-CUST-0589
SYN-07310,SYN-CUST-1150
SYN-07311,SYN-CUST-1711
SYN-07312,SYN-CUST-2272
SYN-07313,SYN-CUST-2833
SYN-07314,SYN-CUST-0194
SYN-07315,SYN-CUST-0755
SYN-07316,SYN-CUST-1316
SYN-07317,SYN-CUST-1877
SYN-07318,SYN-CUST-2438
SYN-07319,SYN-CUST-2999
SYN-07320,SYN-CUST-0360
SYN-07321,SYN-CUST-0921
SYN-07322,SYN-CUST-1482
SYN-07323,SYN-CUST-2043
SYN-07324,SYN-CUST-2604
SYN-07325,SYN-CUST-3165
SYN-07326,SYN-CUST-0526
SYN-07327,SYN-CUST-1087
SYN-07328,SYN-CUST-1648
SYN-07329,SYN-CUST-2209
SYN-07330,SYN-CUST-2770
SYN-07331,SYN-CUST-0131
SYN-07332,SYN-CUST-0692
SYN-07333,SYN-CUST-1253
SYN-07334,SYN-CUST-1814
SYN-07335,SYN-CUST-2375
SYN-07336,SYN-CUST-2936
SYN-07337,SYN-CUST-0297
SYN-07338,SYN-CUST-0858
SYN-07339,SYN-CUST-1419
SYN-07340,SYN-CUST-1980
SYN-07341,SYN-CUST-2541
SYN-07342,SYN-CUST-3102
SYN-07343,SYN-CUST-0463
SYN-07344,SYN-CUST-1024
SYN-07345,SYN-CUST-1585
SYN-07346,SYN-CUST-2146
SYN-07347,SYN-CUST-2707
SYN-07348,SYN-CUST-0068
SYN-07349,SYN-CUST-0629
SYN-07350,SYN-CUST-1190
SYN-07351,SYN-CUST-1751
SYN-07352,SYN-CUST-2312
SYN-07353,SYN-CUST-2873
SYN-07354,SYN-CUST-0234
SYN-07355,SYN-CUST-0795
SYN-07356,SYN-CUST-1356
SYN-07357,SYN-CUST-1917
SYN-07358,SYN-CUST-2478
SYN-07359,SYN-CUST-3039
SYN-07360,SYN-CUST-0400
SYN-07361,SYN-CUST-0961
SYN-07362,SYN-CUST-1522
SYN-07363,SYN-CUST-2083
SYN-07364,SYN-CUST-2644
SYN-07365,SYN-CUST-0005
SYN-07366,SYN-CUST-0566
SYN-07367,SYN-CUST-1127
SYN-07368,SYN-CUST-1688
SYN-07369,SYN-CUST-2249
SYN-07370,SYN-CUST-2810
SYN-07371,SYN-CUST-0171
SYN-07372,SYN-CUST-0732
SYN-07373,SYN-CUST-1293
SYN-07374,SYN-CUST-1854
SYN-07375,SYN-CUST-2415
SYN-07376,SYN-CUST-2976
SYN-07377,SYN-CUST-0337
SYN-07378,SYN-CUST-0898
SYN-07379,SYN-CUST-1459
SYN-07380,SYN-CUST-2020
SYN-07381,SYN-CUST-2581
SYN-07382,SYN-CUST-3142
SYN-07383,SYN-CUST-0503
SYN-07384,SYN-CUST-1064
SYN-07385,SYN-CUST-1625
SYN-07386,SYN-CUST-2186
SYN-07387,SYN-CUST-2747
SYN-07388,SYN-CUST-0108
SYN-07389,SYN-CUST-0669
SYN-07390,SYN-CUST-1230
SYN-07391,SYN-CUST-1791
SYN-07392,SYN-CUST-2352
SYN-07393,SYN-CUST-2913
SYN-07394,SYN-CUST-0274
SYN-07395,SYN-CUST-0835
SYN-07396,SYN-CUST-1396
SYN-07397,SYN-CUST-1957
SYN-07398,SYN-CUST-2518
SYN-07399,SYN-CUST-3079
SYN-07400,SYN-CUST-0440
SYN-07401,SYN-CUST-1001
SYN-07402,SYN-CUST-1562
SYN-07403,SYN-CUST-2123
SYN-07404,SYN-CUST-2684
SYN-07405,SYN-CUST-0045
SYN-07406,SYN-CUST-0606
SYN-07407,SYN-CUST-1167
SYN-07408,SYN-CUST-1728
SYN-07409,SYN-CUST-2289
SYN-07410,SYN-CUST-2850
SYN-07411,SYN-CUST-0211
SYN-07412,SYN-CUST-0772
SYN-07413,SYN-CUST-1333
SYN-07414,SYN-CUST-1894
SYN-07415,SYN-CUST-2455
SYN-07416,SYN-CUST-3016
SYN-07417,SYN-CUST-0377
SYN-07418,SYN-CUST-0938
SYN-07419,SYN-CUST-1499
SYN-07420,SYN-CUST-2060
SYN-07421,SYN-CUST-2621
SYN-07422,SYN-CUST-3182
SYN-07423,SYN-CUST-0543
SYN-07424,SYN-CUST-1104
SYN-07425,SYN-CUST-1665
SYN-07426,SYN-CUST-2226
SYN-07427,SYN-CUST-2787
SYN-07428,SYN-CUST-0148
SYN-07429,SYN-CUST-0709
SYN-07430,SYN-CUST-1270
SYN-07431,SYN-CUST-1831
SYN-07432,SYN-CUST-2392
SYN-07433,SYN-CUST-2953
SYN-07434,SYN-CUST-0314
SYN-07435,SYN-CUST-0875
SYN-07436,SYN-CUST-1436
SYN-07437,SYN-CUST-1997
SYN-07438,SYN-CUST-2558
SYN-07439,SYN-CUST-3119
SYN-07440,SYN-CUST-0480
SYN-07441,SYN-CUST-1041
SYN-07442,SYN-CUST-1602
SYN-07443,SYN-CUST-2163
SYN-07444,SYN-CUST-2724
SYN-07445,SYN-CUST-0085
SYN-07446,SYN-CUST-0646
SYN-07447,SYN-CUST-1207
SYN-07448,SYN-CUST-1768
SYN-07449,SYN-CUST-2329
SYN-07450,SYN-CUST-2890
SYN-07451,SYN-CUST-0251
SYN-07452,SYN-CUST-0812
SYN-07453,SYN-CUST-1373
SYN-07454,SYN-CUST-1934
SYN-07455,SYN-CUST-2495
SYN-07456,SYN-CUST-3056
SYN-07457,SYN-CUST-0417
SYN-07458,SYN-CUST-0978
SYN-07459,SYN-CUST-1539
SYN-07460,SYN-CUST-2100
SYN-07461,SYN-CUST-2661
SYN-07462,SYN-CUST-0022
SYN-07463,SYN-CUST-0583
SYN-07464,SYN-CUST-1144
SYN-07465,SYN-CUST-1705
SYN-07466,SYN-CUST-2266
SYN-07467,SYN-CUST-2827
SYN-07468,SYN-CUST-0188
SYN-07469,SYN-CUST-0749
SYN-07470,SYN-CUST-1310
SYN-07471,SYN-CUST-1871
SYN-07472,SYN-CUST-2432
SYN-07473,SYN-CUST-2993
SYN-07474,SYN-CUST-0354
SYN-07475,SYN-CUST-0915
SYN-07476,SYN-CUST-1476
SYN-07477,SYN-CUST-2037
SYN-07478,SYN-CUST-2598
SYN-07479,SYN-CUST-3159
SYN-07480,SYN-CUST-0520
SYN-07481,SYN-CUST-1081
SYN-07482,SYN-CUST-1642
SYN-07483,SYN-CUST-2203
SYN-07484,SYN-CUST-2764
SYN-07485,SYN-CUST-0125
SYN-07486,SYN-CUST-0686
SYN-07487,SYN-CUST-1247
SYN-07488,SYN-CUST-1808
SYN-07489,SYN-CUST-2369
SYN-07490,SYN-CUST-2930
SYN-07491,SYN-CUST-0291
SYN-07492,SYN-CUST-0852
SYN-07493,SYN-CUST-1413
SYN-07494,SYN-CUST-1974
SYN-07495,SYN-CUST-2535
SYN-07496,SYN-CUST-3096
SYN-07497,SYN-CUST-0457
SYN-07498,SYN-CUST-1018
SYN-07499,SYN-CUST-1579
SYN-07500,SYN-CUST-2140
SYN-07501,SYN-CUST-2701
SYN-07502,SYN-CUST-0062
SYN-07503,SYN-CUST-0623
SYN-07504,SYN-CUST-1184
SYN-07505,SYN-CUST-1745
SYN-07506,SYN-CUST-2306
SYN-07507,SYN-CUST-2867
SYN-07508,SYN-CUST-0228
SYN-07509,SYN-CUST-0789
SYN-07510,SYN-CUST-1350
SYN-07511,SYN-CUST-1911
SYN-07512,SYN-CUST-2472
SYN-07513,SYN-CUST-3033
SYN-07514,SYN-CUST-0394
SYN-07515,SYN-CUST-0955
SYN-07516,SYN-CUST-1516
SYN-07517,SYN-CUST-2077
SYN-07518,SYN-CUST-2638
SYN-07519,SYN-CUST-3199
SYN-07520,SYN-CUST-0560
SYN-07521,SYN-CUST-1121
SYN-07522,SYN-CUST-1682
SYN-07523,SYN-CUST-2243
SYN-07524,SYN-CUST-2804
SYN-07525,SYN-CUST-0165
SYN-07526,SYN-CUST-0726
SYN-07527,SYN-CUST-1287
SYN-07528,SYN-CUST-1848
SYN-07529,SYN-CUST-2409
SYN-07530,SYN-CUST-2970
SYN-07531,SYN-CUST-0331
SYN-07532,SYN-CUST-0892
SYN-07533,SYN-CUST-1453
SYN-07534,SYN-CUST-2014
SYN-07535,SYN-CUST-2575
SYN-07536,SYN-CUST-3136
SYN-07537,SYN-CUST-0497
SYN-07538,SYN-CUST-1058
SYN-07539,SYN-CUST-1619
SYN-07540,SYN-CUST-2180
SYN-07541,SYN-CUST-2741
SYN-07542,SYN-CUST-0102
SYN-07543,SYN-CUST-0663
SYN-07544,SYN-CUST-1224
SYN-07545,SYN-CUST-1785
SYN-07546,SYN-CUST-2346
SYN-07547,SYN-CUST-2907
SYN-07548,SYN-CUST-0268
SYN-07549,SYN-CUST-0829
SYN-07550,SYN-CUST-1390
SYN-07551,SYN-CUST-1951
SYN-07552,SYN-CUST-2512
SYN-07553,SYN-CUST-3073
SYN-07554,SYN-CUST-0434
SYN-07555,SYN-CUST-0995
SYN-07556,SYN-CUST-1556
SYN-07557,SYN-CUST-2117
SYN-07558,SYN-CUST-2678
SYN-07559,SYN-CUST-0039
SYN-07560,SYN-CUST-0600
SYN-07561,SYN-CUST-1161
SYN-07562,SYN-CUST-1722
SYN-07563,SYN-CUST-2283
SYN-07564,SYN-CUST-2844
SYN-07565,SYN-CUST-0205
SYN-07566,SYN-CUST-0766
SYN-07567,SYN-CUST-1327
SYN-07568,SYN-CUST-1888
SYN-07569,SYN-CUST-2449
SYN-07570,SYN-CUST-3010
SYN-07571,SYN-CUST-0371
SYN-07572,SYN-CUST-0932
SYN-07573,SYN-CUST-1493
SYN-07574,SYN-CUST-2054
SYN-07575,SYN-CUST-2615
SYN-07576,SYN-CUST-3176
SYN-07577,SYN-CUST-0537
SYN-07578,SYN-CUST-1098
SYN-07579,SYN-CUST-1659
SYN-07580,SYN-CUST-2220
SYN-07581,SYN-CUST-2781
SYN-07582,SYN-CUST-0142
SYN-07583,SYN-CUST-0703
SYN-07584,SYN-CUST-1264
SYN-07585,SYN-CUST-1825
SYN-07586,SYN-CUST-2386
SYN-07587,SYN-CUST-2947
SYN-07588,SYN-CUST-0308
SYN-07589,SYN-CUST-0869
SYN-07590,SYN-CUST-1430
SYN-07591,SYN-CUST-1991
SYN-07592,SYN-CUST-2552
SYN-07593,SYN-CUST-3113
SYN-07594,SYN-CUST-0474
SYN-07595,SYN-CUST-1035
SYN-07596,SYN-CUST-1596
SYN-07597,SYN-CUST-2157
SYN-07598,SYN-CUST-2718
SYN-07599,SYN-CUST-0079
SYN-07600,SYN-CUST-0640
SYN-07601,SYN-CUST-1201
SYN-07602,SYN-CUST-1762
SYN-07603,SYN-CUST-2323
SYN-07604,SYN-CUST-2884
SYN-07605,SYN-CUST-0245
SYN-07606,SYN-CUST-0806
SYN-07607,SYN-CUST-1367
SYN-07608,SYN-CUST-1928
SYN-07609,SYN-CUST-2489
SYN-07610,SYN-CUST-3050
SYN-07611,SYN-CUST-0411
SYN-07612,SYN-CUST-0972
SYN-07613,SYN-CUST-1533
SYN-07614,SYN-CUST-2094
SYN-07615,SYN-CUST-2655
SYN-07616,SYN-CUST-0016
SYN-07617,SYN-CUST-0577
SYN-07618,SYN-CUST-1138
SYN-07619,SYN-CUST-1699
SYN-07620,SYN-CUST-2260
SYN-07621,SYN-CUST-2821
SYN-07622,SYN-CUST-0182
SYN-07623,SYN-CUST-0743
SYN-07624,SYN-CUST-1304
SYN-07625,SYN-CUST-1865
SYN-07626,SYN-CUST-2426
SYN-07627,SYN-CUST-2987
SYN-07628,SYN-CUST-0348
SYN-07629,SYN-CUST-0909
SYN-07630,SYN-CUST-1470
SYN-07631,SYN-CUST-2031
SYN-07632,SYN-CUST-2592
SYN-07633,SYN-CUST-3153
SYN-07634,SYN-CUST-0514
SYN-07635,SYN-CUST-1075
SYN-07636,SYN-CUST-1636
SYN-07637,SYN-CUST-2197
SYN-07638,SYN-CUST-2758
SYN-07639,SYN-CUST-0119
SYN-07640,SYN-CUST-0680
SYN-07641,SYN-CUST-1241
SYN-07642,SYN-CUST-1802
SYN-07643,SYN-CUST-2363
SYN-07644,SYN-CUST-2924
SYN-07645,SYN-CUST-0285
SYN-07646,SYN-CUST-0846
SYN-07647,SYN-CUST-1407
SYN-07648,SYN-CUST-1968
SYN-07649,SYN-CUST-2529
SYN-07650,SYN-CUST-3090
SYN-07651,SYN-CUST-0451
SYN-07652,SYN-CUST-1012
SYN-07653,SYN-CUST-1573
SYN-07654,SYN-CUST-2134
SYN-07655,SYN-CUST-2695
SYN-07656,SYN-CUST-0056
SYN-07657,SYN-CUST-0617
SYN-07658,SYN-CUST-1178
SYN-07659,SYN-CUST-1739
SYN-07660,SYN-CUST-2300
SYN-07661,SYN-CUST-2861
SYN-07662,SYN-CUST-0222
SYN-07663,SYN-CUST-0783
SYN-07664,SYN-CUST-1344
SYN-07665,SYN-CUST-1905
SYN-07666,SYN-CUST-2466
SYN-07667,SYN-CUST-3027
SYN-07668,SYN-CUST-0388
SYN-07669,SYN-CUST-0949
SYN-07670,SYN-CUST-1510
SYN-07671,SYN-CUST-2071
SYN-07672,SYN-CUST-2632
SYN-07673,SYN-CUST-3193
SYN-07674,SYN-CUST-0554
SYN-07675,SYN-CUST-1115
SYN-07676,SYN-CUST-1676
SYN-07677,SYN-CUST-2237
SYN-07678,SYN-CUST-2798
SYN-07679,SYN-CUST-0159
SYN-07680,SYN-CUST-0720
SYN-07681,SYN-CUST-1281
SYN-07682,SYN-CUST-1842
SYN-07683,SYN-CUST-2403
SYN-07684,SYN-CUST-2964
SYN-07685,SYN-CUST-0325
SYN-07686,SYN-CUST-0886
SYN-07687,SYN-CUST-1447
SYN-07688,SYN-CUST-2008
SYN-07689,SYN-CUST-2569
SYN-07690,SYN-CUST-3130
SYN-07691,SYN-CUST-0491
SYN-07692,SYN-CUST-1052
SYN-07693,SYN-CUST-1613
SYN-07694,SYN-CUST-2174
SYN-07695,SYN-CUST-2735
SYN-07696,SYN-CUST-0096
SYN-07697,SYN-CUST-0657
SYN-07698,SYN-CUST-1218
SYN-07699,SYN-CUST-1779
SYN-07700,SYN-CUST-2340
SYN-07701,SYN-CUST-2901
SYN-07702,SYN-CUST-0262
SYN-07703,SYN-CUST-0823
SYN-07704,SYN-CUST-1384
SYN-07705,SYN-CUST-1945
SYN-07706,SYN-CUST-2506
SYN-07707,SYN-CUST-3067
SYN-07708,SYN-CUST-0428
SYN-07709,SYN-CUST-0989
SYN-07710,SYN-CUST-1550
SYN-07711,SYN-CUST-2111
SYN-07712,SYN-CUST-2672
SYN-07713,SYN-CUST-0033
SYN-07714,SYN-CUST-0594
SYN-07715,SYN-CUST-1155
SYN-07716,SYN-CUST-1716
SYN-07717,SYN-CUST-2277
SYN-07718,SYN-CUST-2838
SYN-07719,SYN-CUST-0199
SYN-07720,SYN-CUST-0760
SYN-07721,SYN-CUST-1321
SYN-07722,SYN-CUST-1882
SYN-07723,SYN-CUST-2443
SYN-07724,SYN-CUST-3004
SYN-07725,SYN-CUST-0365
SYN-07726,SYN-CUST-0926
SYN-07727,SYN-CUST-1487
SYN-07728,SYN-CUST-2048
SYN-07729,SYN-CUST-2609
SYN-07730,SYN-CUST-3170
SYN-07731,SYN-CUST-0531
SYN-07732,SYN-CUST-1092
SYN-07733,SYN-CUST-1653
SYN-07734,SYN-CUST-2214
SYN-07735,SYN-CUST-2775
SYN-07736,SYN-CUST-0136
SYN-07737,SYN-CUST-0697
SYN-07738,SYN-CUST-1258
SYN-07739,SYN-CUST-1819
SYN-07740,SYN-CUST-2380
SYN-07741,SYN-CUST-2941
SYN-07742,SYN-CUST-0302
SYN-07743,SYN-CUST-0863
SYN-07744,SYN-CUST-1424
SYN-07745,SYN-CUST-1985
SYN-07746,SYN-CUST-2546
SYN-07747,SYN-CUST-3107
SYN-07748,SYN-CUST-0468
SYN-07749,SYN-CUST-1029
SYN-07750,SYN-CUST-1590
SYN-07751,SYN-CUST-2151
SYN-07752,SYN-CUST-2712
SYN-07753,SYN-CUST-0073
SYN-07754,SYN-CUST-0634
SYN-07755,SYN-CUST-1195
SYN-07756,SYN-CUST-1756
SYN-07757,SYN-CUST-2317
SYN-07758,SYN-CUST-2878
SYN-07759,SYN-CUST-0239
SYN-07760,SYN-CUST-0800
SYN-07761,SYN-CUST-1361
SYN-07762,SYN-CUST-1922
SYN-07763,SYN-CUST-2483
SYN-07764,SYN-CUST-3044
SYN-07765,SYN-CUST-0405
SYN-07766,SYN-CUST-0966
SYN-07767,SYN-CUST-1527
SYN-07768,SYN-CUST-2088
SYN-07769,SYN-CUST-2649
SYN-07770,SYN-CUST-0010
SYN-07771,SYN-CUST-0571
SYN-07772,SYN-CUST-1132
SYN-07773,SYN-CUST-1693
SYN-07774,SYN-CUST-2254
SYN-07775,SYN-CUST-2815
SYN-07776,SYN-CUST-0176
SYN-07777,SYN-CUST-0737
SYN-07778,SYN-CUST-1298
SYN-07779,SYN-CUST-1859
SYN-07780,SYN-CUST-2420
SYN-07781,SYN-CUST-2981
SYN-07782,SYN-CUST-0342
SYN-07783,SYN-CUST-0903
SYN-07784,SYN-CUST-1464
SYN-07785,SYN-CUST-2025
SYN-07786,SYN-CUST-2586
SYN-07787,SYN-CUST-3147
SYN-07788,SYN-CUST-0508
SYN-07789,SYN-CUST-1069
SYN-07790,SYN-CUST-1630
SYN-07791,SYN-CUST-2191
SYN-07792,SYN-CUST-2752
SYN-07793,SYN-CUST-0113
SYN-07794,SYN-CUST-0674
SYN-07795,SYN-CUST-1235
SYN-07796,SYN-CUST-1796
SYN-07797,SYN-CUST-2357
SYN-07798,SYN-CUST-2918
SYN-07799,SYN-CUST-0279
SYN-07800,SYN-CUST-0840
SYN-07801,SYN-CUST-1401
SYN-07802,SYN-CUST-1962
SYN-07803,SYN-CUST-2523
SYN-07804,SYN-CUST-3084
SYN-07805,SYN-CUST-0445
SYN-07806,SYN-CUST-1006
SYN-07807,SYN-CUST-1567
SYN-07808,SYN-CUST-2128
SYN-07809,SYN-CUST-2689
SYN-07810,SYN-CUST-0050
SYN-07811,SYN-CUST-0611
SYN-07812,SYN-CUST-1172
SYN-07813,SYN-CUST-1733
SYN-07814,SYN-CUST-2294
SYN-07815,SYN-CUST-2855
SYN-07816,SYN-CUST-0216
SYN-07817,SYN-CUST-0777
SYN-07818,SYN-CUST-1338
SYN-07819,SYN-CUST-1899
SYN-07820,SYN-CUST-2460
SYN-07821,SYN-CUST-3021
SYN-07822,SYN-CUST-0382
SYN-07823,SYN-CUST-0943
SYN-07824,SYN-CUST-1504
SYN-07825,SYN-CUST-2065
SYN-07826,SYN-CUST-2626
SYN-07827,SYN-CUST-3187
SYN-07828,SYN-CUST-0548
SYN-07829,SYN-CUST-1109
SYN-07830,SYN-CUST-1670
SYN-07831,SYN-CUST-2231
SYN-07832,SYN-CUST-2792
SYN-07833,SYN-CUST-0153
SYN-07834,SYN-CUST-0714
SYN-07835,SYN-CUST-1275
SYN-07836,SYN-CUST-1836
SYN-07837,SYN-CUST-2397
SYN-07838,SYN-CUST-2958
SYN-07839,SYN-CUST-0319
SYN-07840,SYN-CUST-0880
SYN-07841,SYN-CUST-1441
SYN-07842,SYN-CUST-2002
SYN-07843,SYN-CUST-2563
SYN-07844,SYN-CUST-3124
SYN-07845,SYN-CUST-0485
SYN-07846,SYN-CUST-1046
SYN-07847,SYN-CUST-1607
SYN-07848,SYN-CUST-2168
SYN-07849,SYN-CUST-2729
SYN-07850,SYN-CUST-0090
SYN-07851,SYN-CUST-0651
SYN-07852,SYN-CUST-1212
SYN-07853,SYN-CUST-1773
SYN-07854,SYN-CUST-2334
SYN-07855,SYN-CUST-2895
SYN-07856,SYN-CUST-0256
SYN-07857,SYN-CUST-0817
SYN-07858,SYN-CUST-1378
SYN-07859,SYN-CUST-1939
SYN-07860,SYN-CUST-2500
SYN-07861,SYN-CUST-3061
SYN-07862,SYN-CUST-0422
SYN-07863,SYN-CUST-0983
SYN-07864,SYN-CUST-1544
SYN-07865,SYN-CUST-2105
SYN-07866,SYN-CUST-2666
SYN-07867,SYN-CUST-0027
SYN-07868,SYN-CUST-0588
SYN-07869,SYN-CUST-1149
SYN-07870,SYN-CUST-1710
SYN-07871,SYN-CUST-2271
SYN-07872,SYN-CUST-2832
SYN-07873,SYN-CUST-0193
SYN-07874,SYN-CUST-0754
SYN-07875,SYN-CUST-1315
SYN-07876,SYN-CUST-1876
SYN-07877,SYN-CUST-2437
SYN-07878,SYN-CUST-2998
SYN-07879,SYN-CUST-0359
SYN-07880,SYN-CUST-0920
SYN-07881,SYN-CUST-1481
SYN-07882,SYN-CUST-2042
SYN-07883,SYN-CUST-2603
SYN-07884,SYN-CUST-3164
SYN-07885,SYN-CUST-0525
SYN-07886,SYN-CUST-1086
SYN-07887,SYN-CUST-1647
SYN-07888,SYN-CUST-2208
SYN-07889,SYN-CUST-2769
SYN-07890,SYN-CUST-0130
SYN-07891,SYN-CUST-0691
SYN-07892,SYN-CUST-1252
SYN-07893,SYN-CUST-1813
SYN-07894,SYN-CUST-2374
SYN-07895,SYN-CUST-2935
SYN-07896,SYN-CUST-0296
SYN-07897,SYN-CUST-0857
SYN-07898,SYN-CUST-1418
SYN-07899,SYN-CUST-1979
SYN-07900,SYN-CUST-2540
SYN-07901,SYN-CUST-3101
SYN-07902,SYN-CUST-0462
SYN-07903,SYN-CUST-1023
SYN-07904,SYN-CUST-1584
SYN-07905,SYN-CUST-2145
SYN-07906,SYN-CUST-2706
SYN-07907,SYN-CUST-0067
SYN-07908,SYN-CUST-0628
SYN-07909,SYN-CUST-1189
SYN-07910,SYN-CUST-1750
SYN-07911,SYN-CUST-2311
SYN-07912,SYN-CUST-2872
SYN-07913,SYN-CUST-0233
SYN-07914,SYN-CUST-0794
SYN-07915,SYN-CUST-1355
SYN-07916,SYN-CUST-1916
SYN-07917,SYN-CUST-2477
SYN-07918,SYN-CUST-3038
SYN-07919,SYN-CUST-0399
SYN-07920,SYN-CUST-0960
SYN-07921,SYN-CUST-1521
SYN-07922,SYN-CUST-2082
SYN-07923,SYN-CUST-2643
SYN-07924,SYN-CUST-0004
SYN-07925,SYN-CUST-0565
SYN-07926,SYN-CUST-1126
SYN-07927,SYN-CUST-1687
SYN-07928,SYN-CUST-2248
SYN-07929,SYN-CUST-2809
SYN-07930,SYN-CUST-0170
SYN-07931,SYN-CUST-0731
SYN-07932,SYN-CUST-1292
SYN-07933,SYN-CUST-1853
SYN-07934,SYN-CUST-2414
SYN-07935,SYN-CUST-2975
SYN-07936,SYN-CUST-0336
SYN-07937,SYN-CUST-0897
SYN-07938,SYN-CUST-1458
SYN-07939,SYN-CUST-2019
SYN-07940,SYN-CUST-2580
SYN-07941,SYN-CUST-3141
SYN-07942,SYN-CUST-0502
SYN-07943,SYN-CUST-1063
SYN-07944,SYN-CUST-1624
SYN-07945,SYN-CUST-2185
SYN-07946,SYN-CUST-2746
SYN-07947,SYN-CUST-0107
SYN-07948,SYN-CUST-0668
SYN-07949,SYN-CUST-1229
SYN-07950,SYN-CUST-1790
SYN-07951,SYN-CUST-2351
SYN-07952,SYN-CUST-2912
SYN-07953,SYN-CUST-0273
SYN-07954,SYN-CUST-0834
SYN-07955,SYN-CUST-1395
SYN-07956,SYN-CUST-1956
SYN-07957,SYN-CUST-2517
SYN-07958,SYN-CUST-3078
SYN-07959,SYN-CUST-0439
SYN-07960,SYN-CUST-1000
SYN-07961,SYN-CUST-1561
SYN-07962,SYN-CUST-2122
SYN-07963,SYN-CUST-2683
SYN-07964,SYN-CUST-0044
SYN-07965,SYN-CUST-0605
SYN-07966,SYN-CUST-1166
SYN-07967,SYN-CUST-1727
SYN-07968,SYN-CUST-2288
SYN-07969,SYN-CUST-2849
SYN-07970,SYN-CUST-0210
SYN-07971,SYN-CUST-0771
SYN-07972,SYN-CUST-1332
SYN-07973,SYN-CUST-1893
SYN-07974,SYN-CUST-2454
SYN-07975,SYN-CUST-3015
SYN-07976,SYN-CUST-0376
SYN-07977,SYN-CUST-0937
SYN-07978,SYN-CUST-1498
SYN-07979,SYN-CUST-2059
SYN-07980,SYN-CUST-2620
SYN-07981,SYN-CUST-3181
SYN-07982,SYN-CUST-0542
SYN-07983,SYN-CUST-1103
SYN-07984,SYN-CUST-1664
SYN-07985,SYN-CUST-2225
SYN-07986,SYN-CUST-2786
SYN-07987,SYN-CUST-0147
SYN-07988,SYN-CUST-0708
SYN-07989,SYN-CUST-1269
SYN-07990,SYN-CUST-1830
SYN-07991,SYN-CUST-2391
SYN-07992,SYN-CUST-2952
SYN-07993,SYN-CUST-0313
SYN-07994,SYN-CUST-0874
SYN-07995,SYN-CUST-1435
SYN-07996,SYN-CUST-1996
SYN-07997,SYN-CUST-2557
SYN-07998,SYN-CUST-3118
SYN-07999,SYN-CUST-0479
SYN-08000,SYN-CUST-1040
SYN-08001,SYN-CUST-1601
SYN-08002,SYN-CUST-2162
SYN-08003,SYN-CUST-2723
SYN-08004,SYN-CUST-0084
SYN-08005,SYN-CUST-0645
SYN-08006,SYN-CUST-1206
SYN-08007,SYN-CUST-1767
SYN-08008,SYN-CUST-2328
SYN-08009,SYN-CUST-2889
SYN-08010,SYN-CUST-0250
SYN-08011,SYN-CUST-0811
SYN-08012,SYN-CUST-1372
SYN-08013,SYN-CUST-1933
SYN-08014,SYN-CUST-2494
SYN-08015,SYN-CUST-3055
SYN-08016,SYN-CUST-0416
SYN-08017,SYN-CUST-0977
SYN-08018,SYN-CUST-1538
SYN-08019,SYN-CUST-2099
SYN-08020,SYN-CUST-2660
SYN-08021,SYN-CUST-0021
SYN-08022,SYN-CUST-0582
SYN-08023,SYN-CUST-1143
SYN-08024,SYN-CUST-1704
SYN-08025,SYN-CUST-2265
SYN-08026,SYN-CUST-2826
SYN-08027,SYN-CUST-0187
SYN-08028,SYN-CUST-0748
SYN-08029,SYN-CUST-1309
SYN-08030,SYN-CUST-1870
SYN-08031,SYN-CUST-2431
SYN-08032,SYN-CUST-2992
SYN-08033,SYN-CUST-0353
SYN-08034,SYN-CUST-0914
SYN-08035,SYN-CUST-1475
SYN-08036,SYN-CUST-2036
SYN-08037,SYN-CUST-2597
SYN-08038,SYN-CUST-3158
SYN-08039,SYN-CUST-0519
SYN-08040,SYN-CUST-1080
SYN-08041,SYN-CUST-1641
SYN-08042,SYN-CUST-2202
SYN-08043,SYN-CUST-2763
SYN-08044,SYN-CUST-0124
SYN-08045,SYN-CUST-0685
SYN-08046,SYN-CUST-1246
SYN-08047,SYN-CUST-1807
SYN-08048,SYN-CUST-2368
SYN-08049,SYN-CUST-2929
SYN-08050,SYN-CUST-0290
SYN-08051,SYN-CUST-0851
SYN-08052,SYN-CUST-1412
SYN-08053,SYN-CUST-1973
SYN-08054,SYN-CUST-2534
SYN-08055,SYN-CUST-3095
SYN-08056,SYN-CUST-0456
SYN-08057,SYN-CUST-1017
SYN-08058,SYN-CUST-1578
SYN-08059,SYN-CUST-2139
SYN-08060,SYN-CUST-2700
SYN-08061,SYN-CUST-0061
SYN-08062,SYN-CUST-0622
SYN-08063,SYN-CUST-1183
SYN-08064,SYN-CUST-1744
SYN-08065,SYN-CUST-2305
SYN-08066,SYN-CUST-2866
SYN-08067,SYN-CUST-0227
SYN-08068,SYN-CUST-0788
SYN-08069,SYN-CUST-1349
SYN-08070,SYN-CUST-1910
SYN-08071,SYN-CUST-2471
SYN-08072,SYN-CUST-3032
SYN-08073,SYN-CUST-0393
SYN-08074,SYN-CUST-0954
SYN-08075,SYN-CUST-1515
SYN-08076,SYN-CUST-2076
SYN-08077,SYN-CUST-2637
SYN-08078,SYN-CUST-3198
SYN-08079,SYN-CUST-0559
SYN-08080,SYN-CUST-1120
SYN-08081,SYN-CUST-1681
SYN-08082,SYN-CUST-2242
SYN-08083,SYN-CUST-2803
SYN-08084,SYN-CUST-0164
SYN-08085,SYN-CUST-0725
SYN-08086,SYN-CUST-1286
SYN-08087,SYN-CUST-1847
SYN-08088,SYN-CUST-2408
SYN-08089,SYN-CUST-2969
SYN-08090,SYN-CUST-0330
SYN-08091,SYN-CUST-0891
SYN-08092,SYN-CUST-1452
SYN-08093,SYN-CUST-2013
SYN-08094,SYN-CUST-2574
SYN-08095,SYN-CUST-3135
SYN-08096,SYN-CUST-0496
SYN-08097,SYN-CUST-1057
SYN-08098,SYN-CUST-1618
SYN-08099,SYN-CUST-2179
SYN-08100,SYN-CUST-2740
SYN-08101,SYN-CUST-0101
SYN-08102,SYN-CUST-0662
SYN-08103,SYN-CUST-1223
SYN-08104,SYN-CUST-1784
SYN-08105,SYN-CUST-2345
SYN-08106,SYN-CUST-2906
SYN-08107,SYN-CUST-0267
SYN-08108,SYN-CUST-0828
SYN-08109,SYN-CUST-1389
SYN-08110,SYN-CUST-1950
SYN-08111,SYN-CUST-2511
SYN-08112,SYN-CUST-3072
SYN-08113,SYN-CUST-0433
SYN-08114,SYN-CUST-0994
SYN-08115,SYN-CUST-1555
SYN-08116,SYN-CUST-2116
SYN-08117,SYN-CUST-2677
SYN-08118,SYN-CUST-0038
SYN-08119,SYN-CUST-0599
SYN-08120,SYN-CUST-1160
SYN-08121,SYN-CUST-1721
SYN-08122,SYN-CUST-2282
SYN-08123,SYN-CUST-2843
SYN-08124,SYN-CUST-0204
SYN-08125,SYN-CUST-0765
SYN-08126,SYN-CUST-1326
SYN-08127,SYN-CUST-1887
SYN-08128,SYN-CUST-2448
SYN-08129,SYN-CUST-3009
SYN-08130,SYN-CUST-0370
SYN-08131,SYN-CUST-0931
SYN-08132,SYN-CUST-1492
SYN-08133,SYN-CUST-2053
SYN-08134,SYN-CUST-2614
SYN-08135,SYN-CUST-3175
SYN-08136,SYN-CUST-0536
SYN-08137,SYN-CUST-1097
SYN-08138,SYN-CUST-1658
SYN-08139,SYN-CUST-2219
SYN-08140,SYN-CUST-2780
SYN-08141,SYN-CUST-0141
SYN-08142,SYN-CUST-0702
SYN-08143,SYN-CUST-1263
SYN-08144,SYN-CUST-1824
SYN-08145,SYN-CUST-2385
SYN-08146,SYN-CUST-2946
SYN-08147,SYN-CUST-0307
SYN-08148,SYN-CUST-0868
SYN-08149,SYN-CUST-1429
SYN-08150,SYN-CUST-1990
SYN-08151,SYN-CUST-2551
SYN-08152,SYN-CUST-3112
SYN-08153,SYN-CUST-0473
SYN-08154,SYN-CUST-1034
SYN-08155,SYN-CUST-1595
SYN-08156,SYN-CUST-2156
SYN-08157,SYN-CUST-2717
SYN-08158,SYN-CUST-0078
SYN-08159,SYN-CUST-0639
SYN-08160,SYN-CUST-1200
SYN-08161,SYN-CUST-1761
SYN-08162,SYN-CUST-2322
SYN-08163,SYN-CUST-2883
SYN-08164,SYN-CUST-0244
SYN-08165,SYN-CUST-0805
SYN-08166,SYN-CUST-1366
SYN-08167,SYN-CUST-1927
SYN-08168,SYN-CUST-2488
SYN-08169,SYN-CUST-3049
SYN-08170,SYN-CUST-0410
SYN-08171,SYN-CUST-0971
SYN-08172,SYN-CUST-1532
SYN-08173,SYN-CUST-2093
SYN-08174,SYN-CUST-2654
SYN-08175,SYN-CUST-0015
SYN-08176,SYN-CUST-0576
SYN-08177,SYN-CUST-1137
SYN-08178,SYN-CUST-1698
SYN-08179,SYN-CUST-2259
SYN-08180,SYN-CUST-2820
SYN-08181,SYN-CUST-0181
SYN-08182,SYN-CUST-0742
SYN-08183,SYN-CUST-1303
SYN-08184,SYN-CUST-1864
SYN-08185,SYN-CUST-2425
SYN-08186,SYN-CUST-2986
SYN-08187,SYN-CUST-0347
SYN-08188,SYN-CUST-0908
SYN-08189,SYN-CUST-1469
SYN-08190,SYN-CUST-2030
SYN-08191,SYN-CUST-2591
SYN-08192,SYN-CUST-3152
SYN-08193,SYN-CUST-0513
SYN-08194,SYN-CUST-1074
SYN-08195,SYN-CUST-1635
SYN-08196,SYN-CUST-2196
SYN-08197,SYN-CUST-2757
SYN-08198,SYN-CUST-0118
SYN-08199,SYN-CUST-0679
SYN-08200,SYN-CUST-1240
SYN-08201,SYN-CUST-1801
SYN-08202,SYN-CUST-2362
SYN-08203,SYN-CUST-2923
SYN-08204,SYN-CUST-0284
SYN-08205,SYN-CUST-0845
SYN-08206,SYN-CUST-1406
SYN-08207,SYN-CUST-1967
SYN-08208,SYN-CUST-2528
SYN-08209,SYN-CUST-3089
SYN-08210,SYN-CUST-0450
SYN-08211,SYN-CUST-1011
SYN-08212,SYN-CUST-1572
SYN-08213,SYN-CUST-2133
SYN-08214,SYN-CUST-2694
SYN-08215,SYN-CUST-0055
SYN-08216,SYN-CUST-0616
SYN-08217,SYN-CUST-1177
SYN-08218,SYN-CUST-1738
SYN-08219,SYN-CUST-2299
SYN-08220,SYN-CUST-2860
SYN-08221,SYN-CUST-0221
SYN-08222,SYN-CUST-0782
SYN-08223,SYN-CUST-1343
SYN-08224,SYN-CUST-1904
SYN-08225,SYN-CUST-2465
SYN-08226,SYN-CUST-3026
SYN-08227,SYN-CUST-0387
SYN-08228,SYN-CUST-0948
SYN-08229,SYN-CUST-1509
SYN-08230,SYN-CUST-2070
SYN-08231,SYN-CUST-2631
SYN-08232,SYN-CUST-3192
SYN-08233,SYN-CUST-0553
SYN-08234,SYN-CUST-1114
SYN-08235,SYN-CUST-1675
SYN-08236,SYN-CUST-2236
SYN-08237,SYN-CUST-2797
SYN-08238,SYN-CUST-0158
SYN-08239,SYN-CUST-0719
SYN-08240,SYN-CUST-1280
SYN-08241,SYN-CUST-1841
SYN-08242,SYN-CUST-2402
SYN-08243,SYN-CUST-2963
SYN-08244,SYN-CUST-0324
SYN-08245,SYN-CUST-0885
SYN-08246,SYN-CUST-1446
SYN-08247,SYN-CUST-2007
SYN-08248,SYN-CUST-2568
SYN-08249,SYN-CUST-3129
SYN-08250,SYN-CUST-0490
SYN-08251,SYN-CUST-1051
SYN-08252,SYN-CUST-1612
SYN-08253,SYN-CUST-2173
SYN-08254,SYN-CUST-2734
SYN-08255,SYN-CUST-0095
SYN-08256,SYN-CUST-0656
SYN-08257,SYN-CUST-1217
SYN-08258,SYN-CUST-1778
SYN-08259,SYN-CUST-2339
SYN-08260,SYN-CUST-2900
SYN-08261,SYN-CUST-0261
SYN-08262,SYN-CUST-0822
SYN-08263,SYN-CUST-1383
SYN-08264,SYN-CUST-1944
SYN-08265,SYN-CUST-2505
SYN-08266,SYN-CUST-3066
SYN-08267,SYN-CUST-0427
SYN-08268,SYN-CUST-0988
SYN-08269,SYN-CUST-1549
SYN-08270,SYN-CUST-2110
SYN-08271,SYN-CUST-2671
SYN-08272,SYN-CUST-0032
SYN-08273,SYN-CUST-0593
SYN-08274,SYN-CUST-1154
SYN-08275,SYN-CUST-1715
SYN-08276,SYN-CUST-2276
SYN-08277,SYN-CUST-2837
SYN-08278,SYN-CUST-0198
SYN-08279,SYN-CUST-0759
SYN-08280,SYN-CUST-1320
SYN-08281,SYN-CUST-1881
SYN-08282,SYN-CUST-2442
SYN-08283,SYN-CUST-3003
SYN-08284,SYN-CUST-0364
SYN-08285,SYN-CUST-0925
SYN-08286,SYN-CUST-1486
SYN-08287,SYN-CUST-2047
SYN-08288,SYN-CUST-2608
SYN-08289,SYN-CUST-3169
SYN-08290,SYN-CUST-0530
SYN-08291,SYN-CUST-1091
SYN-08292,SYN-CUST-1652
SYN-08293,SYN-CUST-2213
SYN-08294,SYN-CUST-2774
SYN-08295,SYN-CUST-0135
SYN-08296,SYN-CUST-0696
SYN-08297,SYN-CUST-1257
SYN-08298,SYN-CUST-1818
SYN-08299,SYN-CUST-2379
SYN-08300,SYN-CUST-2940
SYN-08301,SYN-CUST-0301
SYN-08302,SYN-CUST-0862
SYN-08303,SYN-CUST-1423
SYN-08304,SYN-CUST-1984
SYN-08305,SYN-CUST-2545
SYN-08306,SYN-CUST-3106
SYN-08307,SYN-CUST-0467
SYN-08308,SYN-CUST-1028
SYN-08309,SYN-CUST-1589
SYN-08310,SYN-CUST-2150
SYN-08311,SYN-CUST-2711
SYN-08312,SYN-CUST-0072
SYN-08313,SYN-CUST-0633
SYN-08314,SYN-CUST-1194
SYN-08315,SYN-CUST-1755
SYN-08316,SYN-CUST-2316
SYN-08317,SYN-CUST-2877
SYN-08318,SYN-CUST-0238
SYN-08319,SYN-CUST-0799
SYN-08320,SYN-CUST-1360
SYN-08321,SYN-CUST-1921
SYN-08322,SYN-CUST-2482
SYN-08323,SYN-CUST-3043
SYN-08324,SYN-CUST-0404
SYN-08325,SYN-CUST-0965
SYN-08326,SYN-CUST-1526
SYN-08327,SYN-CUST-2087
SYN-08328,SYN-CUST-2648
SYN-08329,SYN-CUST-0009
SYN-08330,SYN-CUST-0570
SYN-08331,SYN-CUST-1131
SYN-08332,SYN-CUST-1692
SYN-08333,SYN-CUST-2253
SYN-08334,SYN-CUST-2814
SYN-08335,SYN-CUST-0175
SYN-08336,SYN-CUST-0736
SYN-08337,SYN-CUST-1297
SYN-08338,SYN-CUST-1858
SYN-08339,SYN-CUST-2419
SYN-08340,SYN-CUST-2980
SYN-08341,SYN-CUST-0341
SYN-08342,SYN-CUST-0902
SYN-08343,SYN-CUST-1463
SYN-08344,SYN-CUST-2024
SYN-08345,SYN-CUST-2585
SYN-08346,SYN-CUST-3146
SYN-08347,SYN-CUST-0507
SYN-08348,SYN-CUST-1068
SYN-08349,SYN-CUST-1629
SYN-08350,SYN-CUST-2190
SYN-08351,SYN-CUST-2751
SYN-08352,SYN-CUST-0112
SYN-08353,SYN-CUST-0673
SYN-08354,SYN-CUST-1234
SYN-08355,SYN-CUST-1795
SYN-08356,SYN-CUST-2356
SYN-08357,SYN-CUST-2917
SYN-08358,SYN-CUST-0278
SYN-08359,SYN-CUST-0839
SYN-08360,SYN-CUST-1400
SYN-08361,SYN-CUST-1961
SYN-08362,SYN-CUST-2522
SYN-08363,SYN-CUST-3083
SYN-08364,SYN-CUST-0444
SYN-08365,SYN-CUST-1005
SYN-08366,SYN-CUST-1566
SYN-08367,SYN-CUST-2127
SYN-08368,SYN-CUST-2688
SYN-08369,SYN-CUST-0049
SYN-08370,SYN-CUST-0610
SYN-08371,SYN-CUST-1171
SYN-08372,SYN-CUST-1732
SYN-08373,SYN-CUST-2293
SYN-08374,SYN-CUST-2854
SYN-08375,SYN-CUST-0215
SYN-08376,SYN-CUST-0776
SYN-08377,SYN-CUST-1337
SYN-08378,SYN-CUST-1898
SYN-08379,SYN-CUST-2459
SYN-08380,SYN-CUST-3020
SYN-08381,SYN-CUST-0381
SYN-08382,SYN-CUST-0942
SYN-08383,SYN-CUST-1503
SYN-08384,SYN-CUST-2064
SYN-08385,SYN-CUST-2625
SYN-08386,SYN-CUST-3186
SYN-08387,SYN-CUST-0547
SYN-08388,SYN-CUST-1108
SYN-08389,SYN-CUST-1669
SYN-08390,SYN-CUST-2230
SYN-08391,SYN-CUST-2791
SYN-08392,SYN-CUST-0152
SYN-08393,SYN-CUST-0713
SYN-08394,SYN-CUST-1274
SYN-08395,SYN-CUST-1835
SYN-08396,SYN-CUST-2396
SYN-08397,SYN-CUST-2957
SYN-08398,SYN-CUST-0318
SYN-08399,SYN-CUST-0879
SYN-08400,SYN-CUST-1440
SYN-08401,SYN-CUST-2001
SYN-08402,SYN-CUST-2562
SYN-08403,SYN-CUST-3123
SYN-08404,SYN-CUST-0484
SYN-08405,SYN-CUST-1045
SYN-08406,SYN-CUST-1606
SYN-08407,SYN-CUST-2167
SYN-08408,SYN-CUST-2728
SYN-08409,SYN-CUST-0089
SYN-08410,SYN-CUST-0650
SYN-08411,SYN-CUST-1211
SYN-08412,SYN-CUST-1772
SYN-08413,SYN-CUST-2333
SYN-08414,SYN-CUST-2894
SYN-08415,SYN-CUST-0255
SYN-08416,SYN-CUST-0816
SYN-08417,SYN-CUST-1377
SYN-08418,SYN-CUST-1938
SYN-08419,SYN-CUST-2499
SYN-08420,SYN-CUST-3060
SYN-08421,SYN-CUST-0421
SYN-08422,SYN-CUST-0982
SYN-08423,SYN-CUST-1543
SYN-08424,SYN-CUST-2104
SYN-08425,SYN-CUST-2665
SYN-08426,SYN-CUST-0026
SYN-08427,SYN-CUST-0587
SYN-08428,SYN-CUST-1148
SYN-08429,SYN-CUST-1709
SYN-08430,SYN-CUST-2270
SYN-08431,SYN-CUST-2831
SYN-08432,SYN-CUST-0192
SYN-08433,SYN-CUST-0753
SYN-08434,SYN-CUST-1314
SYN-08435,SYN-CUST-1875
SYN-08436,SYN-CUST-2436
SYN-08437,SYN-CUST-2997
SYN-08438,SYN-CUST-0358
SYN-08439,SYN-CUST-0919
SYN-08440,SYN-CUST-1480
SYN-08441,SYN-CUST-2041
SYN-08442,SYN-CUST-2602
SYN-08443,SYN-CUST-3163
SYN-08444,SYN-CUST-0524
SYN-08445,SYN-CUST-1085
SYN-08446,SYN-CUST-1646
SYN-08447,SYN-CUST-2207
SYN-08448,SYN-CUST-2768
SYN-08449,SYN-CUST-0129
SYN-08450,SYN-CUST-0690
SYN-08451,SYN-CUST-1251
SYN-08452,SYN-CUST-1812
SYN-08453,SYN-CUST-2373
SYN-08454,SYN-CUST-2934
SYN-08455,SYN-CUST-0295
SYN-08456,SYN-CUST-0856
SYN-08457,SYN-CUST-1417
SYN-08458,SYN-CUST-1978
SYN-08459,SYN-CUST-2539
SYN-08460,SYN-CUST-3100
SYN-08461,SYN-CUST-0461
SYN-08462,SYN-CUST-1022
SYN-08463,SYN-CUST-1583
SYN-08464,SYN-CUST-2144
SYN-08465,SYN-CUST-2705
SYN-08466,SYN-CUST-0066
SYN-08467,SYN-CUST-0627
SYN-08468,SYN-CUST-1188
SYN-08469,SYN-CUST-1749
SYN-08470,SYN-CUST-2310
SYN-08471,SYN-CUST-2871
SYN-08472,SYN-CUST-0232
SYN-08473,SYN-CUST-0793
SYN-08474,SYN-CUST-1354
SYN-08475,SYN-CUST-1915
SYN-08476,SYN-CUST-2476
SYN-08477,SYN-CUST-3037
SYN-08478,SYN-CUST-0398
SYN-08479,SYN-CUST-0959
SYN-08480,SYN-CUST-1520
SYN-08481,SYN-CUST-2081
SYN-08482,SYN-CUST-2642
SYN-08483,SYN-CUST-0003
SYN-08484,SYN-CUST-0564
SYN-08485,SYN-CUST-1125
SYN-08486,SYN-CUST-1686
SYN-08487,SYN-CUST-2247
SYN-08488,SYN-CUST-2808
SYN-08489,SYN-CUST-0169
SYN-08490,SYN-CUST-0730
SYN-08491,SYN-CUST-1291
SYN-08492,SYN-CUST-1852
SYN-08493,SYN-CUST-2413
SYN-08494,SYN-CUST-2974
SYN-08495,SYN-CUST-0335
SYN-08496,SYN-CUST-0896
SYN-08497,SYN-CUST-1457
SYN-08498,SYN-CUST-2018
SYN-08499,SYN-CUST-2579
SYN-08500,SYN-CUST-3140
SYN-08501,SYN-CUST-0501
SYN-08502,SYN-CUST-1062
SYN-08503,SYN-CUST-1623
SYN-08504,SYN-CUST-2184
SYN-08505,SYN-CUST-2745
SYN-08506,SYN-CUST-0106
SYN-08507,SYN-CUST-0667
SYN-08508,SYN-CUST-1228
SYN-08509,SYN-CUST-1789
SYN-08510,SYN-CUST-2350
SYN-08511,SYN-CUST-2911
SYN-08512,SYN-CUST-0272
SYN-08513,SYN-CUST-0833
SYN-08514,SYN-CUST-1394
SYN-08515,SYN-CUST-1955
SYN-08516,SYN-CUST-2516
SYN-08517,SYN-CUST-3077
SYN-08518,SYN-CUST-0438
SYN-08519,SYN-CUST-0999
SYN-08520,SYN-CUST-1560
SYN-08521,SYN-CUST-2121
SYN-08522,SYN-CUST-2682
SYN-08523,SYN-CUST-0043
SYN-08524,SYN-CUST-0604
SYN-08525,SYN-CUST-1165
SYN-08526,SYN-CUST-1726
SYN-08527,SYN-CUST-2287
SYN-08528,SYN-CUST-2848
SYN-08529,SYN-CUST-0209
SYN-08530,SYN-CUST-0770
SYN-08531,SYN-CUST-1331
SYN-08532,SYN-CUST-1892
SYN-08533,SYN-CUST-2453
SYN-08534,SYN-CUST-3014
SYN-08535,SYN-CUST-0375
SYN-08536,SYN-CUST-0936
SYN-08537,SYN-CUST-1497
SYN-08538,SYN-CUST-2058
SYN-08539,SYN-CUST-2619
SYN-08540,SYN-CUST-3180
SYN-08541,SYN-CUST-0541
SYN-08542,SYN-CUST-1102
SYN-08543,SYN-CUST-1663
SYN-08544,SYN-CUST-2224
SYN-08545,SYN-CUST-2785
SYN-08546,SYN-CUST-0146
SYN-08547,SYN-CUST-0707
SYN-08548,SYN-CUST-1268
SYN-08549,SYN-CUST-1829
SYN-08550,SYN-CUST-2390
SYN-08551,SYN-CUST-2951
SYN-08552,SYN-CUST-0312
SYN-08553,SYN-CUST-0873
SYN-08554,SYN-CUST-1434
SYN-08555,SYN-CUST-1995
SYN-08556,SYN-CUST-2556
SYN-08557,SYN-CUST-3117
SYN-08558,SYN-CUST-0478
SYN-08559,SYN-CUST-1039
SYN-08560,SYN-CUST-1600
SYN-08561,SYN-CUST-2161
SYN-08562,SYN-CUST-2722
SYN-08563,SYN-CUST-0083
SYN-08564,SYN-CUST-0644
SYN-08565,SYN-CUST-1205
SYN-08566,SYN-CUST-1766
SYN-08567,SYN-CUST-2327
SYN-08568,SYN-CUST-2888
SYN-08569,SYN-CUST-0249
SYN-08570,SYN-CUST-0810
SYN-08571,SYN-CUST-1371
SYN-08572,SYN-CUST-1932
SYN-08573,SYN-CUST-2493
SYN-08574,SYN-CUST-3054
SYN-08575,SYN-CUST-0415
SYN-08576,SYN-CUST-0976
SYN-08577,SYN-CUST-1537
SYN-08578,SYN-CUST-2098
SYN-08579,SYN-CUST-2659
SYN-08580,SYN-CUST-0020
SYN-08581,SYN-CUST-0581
SYN-08582,SYN-CUST-1142
SYN-08583,SYN-CUST-1703
SYN-08584,SYN-CUST-2264
SYN-08585,SYN-CUST-2825
SYN-08586,SYN-CUST-0186
SYN-08587,SYN-CUST-0747
SYN-08588,SYN-CUST-1308
SYN-08589,SYN-CUST-1869
SYN-08590,SYN-CUST-2430
SYN-08591,SYN-CUST-2991
SYN-08592,SYN-CUST-0352
SYN-08593,SYN-CUST-0913
SYN-08594,SYN-CUST-1474
SYN-08595,SYN-CUST-2035
SYN-08596,SYN-CUST-2596
SYN-08597,SYN-CUST-3157
SYN-08598,SYN-CUST-0518
SYN-08599,SYN-CUST-1079
SYN-08600,SYN-CUST-1640
SYN-08601,SYN-CUST-2201
SYN-08602,SYN-CUST-2762
SYN-08603,SYN-CUST-0123
SYN-08604,SYN-CUST-0684
SYN-08605,SYN-CUST-1245
SYN-08606,SYN-CUST-1806
SYN-08607,SYN-CUST-2367
SYN-08608,SYN-CUST-2928
SYN-08609,SYN-CUST-0289
SYN-08610,SYN-CUST-0850
SYN-08611,SYN-CUST-1411
SYN-08612,SYN-CUST-1972
SYN-08613,SYN-CUST-2533
SYN-08614,SYN-CUST-3094
SYN-08615,SYN-CUST-0455
SYN-08616,SYN-CUST-1016
SYN-08617,SYN-CUST-1577
SYN-08618,SYN-CUST-2138
SYN-08619,SYN-CUST-2699
SYN-08620,SYN-CUST-0060
SYN-08621,SYN-CUST-0621
SYN-08622,SYN-CUST-1182
SYN-08623,SYN-CUST-1743
SYN-08624,SYN-CUST-2304
SYN-08625,SYN-CUST-2865
SYN-08626,SYN-CUST-0226
SYN-08627,SYN-CUST-0787
SYN-08628,SYN-CUST-1348
SYN-08629,SYN-CUST-1909
SYN-08630,SYN-CUST-2470
SYN-08631,SYN-CUST-3031
SYN-08632,SYN-CUST-0392
SYN-08633,SYN-CUST-0953
SYN-08634,SYN-CUST-1514
SYN-08635,SYN-CUST-2075
SYN-08636,SYN-CUST-2636
SYN-08637,SYN-CUST-3197
SYN-08638,SYN-CUST-0558
SYN-08639,SYN-CUST-1119
SYN-08640,SYN-CUST-1680
SYN-08641,SYN-CUST-2241
SYN-08642,SYN-CUST-2802
SYN-08643,SYN-CUST-0163
SYN-08644,SYN-CUST-0724
SYN-08645,SYN-CUST-1285
SYN-08646,SYN-CUST-1846
SYN-08647,SYN-CUST-2407
SYN-08648,SYN-CUST-2968
SYN-08649,SYN-CUST-0329
SYN-08650,SYN-CUST-0890
SYN-08651,SYN-CUST-1451
SYN-08652,SYN-CUST-2012
SYN-08653,SYN-CUST-2573
SYN-08654,SYN-CUST-3134
SYN-08655,SYN-CUST-0495
SYN-08656,SYN-CUST-1056
SYN-08657,SYN-CUST-1617
SYN-08658,SYN-CUST-2178
SYN-08659,SYN-CUST-2739
SYN-08660,SYN-CUST-0100
SYN-08661,SYN-CUST-0661
SYN-08662,SYN-CUST-1222
SYN-08663,SYN-CUST-1783
SYN-08664,SYN-CUST-2344
SYN-08665,SYN-CUST-2905
SYN-08666,SYN-CUST-0266
SYN-08667,SYN-CUST-0827
SYN-08668,SYN-CUST-1388
SYN-08669,SYN-CUST-1949
SYN-08670,SYN-CUST-2510
SYN-08671,SYN-CUST-3071
SYN-08672,SYN-CUST-0432
SYN-08673,SYN-CUST-0993
SYN-08674,SYN-CUST-1554
SYN-08675,SYN-CUST-2115
SYN-08676,SYN-CUST-2676
SYN-08677,SYN-CUST-0037
SYN-08678,SYN-CUST-0598
SYN-08679,SYN-CUST-1159
SYN-08680,SYN-CUST-1720
SYN-08681,SYN-CUST-2281
SYN-08682,SYN-CUST-2842
SYN-08683,SYN-CUST-0203
SYN-08684,SYN-CUST-0764
SYN-08685,SYN-CUST-1325
SYN-08686,SYN-CUST-1886
SYN-08687,SYN-CUST-2447
SYN-08688,SYN-CUST-3008
SYN-08689,SYN-CUST-0369
SYN-08690,SYN-CUST-0930
SYN-08691,SYN-CUST-1491
SYN-08692,SYN-CUST-2052
SYN-08693,SYN-CUST-2613
SYN-08694,SYN-CUST-3174
SYN-08695,SYN-CUST-0535
SYN-08696,SYN-CUST-1096
SYN-08697,SYN-CUST-1657
SYN-08698,SYN-CUST-2218
SYN-08699,SYN-CUST-2779
SYN-08700,SYN-CUST-0140
SYN-08701,SYN-CUST-0701
SYN-08702,SYN-CUST-1262
SYN-08703,SYN-CUST-1823
SYN-08704,SYN-CUST-2384
SYN-08705,SYN-CUST-2945
SYN-08706,SYN-CUST-0306
SYN-08707,SYN-CUST-0867
SYN-08708,SYN-CUST-1428
SYN-08709,SYN-CUST-1989
SYN-08710,SYN-CUST-2550
SYN-08711,SYN-CUST-3111
SYN-08712,SYN-CUST-0472
SYN-08713,SYN-CUST-1033
SYN-08714,SYN-CUST-1594
SYN-08715,SYN-CUST-2155
SYN-08716,SYN-CUST-2716
SYN-08717,SYN-CUST-0077
SYN-08718,SYN-CUST-0638
SYN-08719,SYN-CUST-1199
SYN-08720,SYN-CUST-1760
SYN-08721,SYN-CUST-2321
SYN-08722,SYN-CUST-2882
SYN-08723,SYN-CUST-0243
SYN-08724,SYN-CUST-0804
SYN-08725,SYN-CUST-1365
SYN-08726,SYN-CUST-1926
SYN-08727,SYN-CUST-2487
SYN-08728,SYN-CUST-3048
SYN-08729,SYN-CUST-0409
SYN-08730,SYN-CUST-0970
SYN-08731,SYN-CUST-1531
SYN-08732,SYN-CUST-2092
SYN-08733,SYN-CUST-2653
SYN-08734,SYN-CUST-0014
SYN-08735,SYN-CUST-0575
SYN-08736,SYN-CUST-1136
SYN-08737,SYN-CUST-1697
SYN-08738,SYN-CUST-2258
SYN-08739,SYN-CUST-2819
SYN-08740,SYN-CUST-0180
SYN-08741,SYN-CUST-0741
SYN-08742,SYN-CUST-1302
SYN-08743,SYN-CUST-1863
SYN-08744,SYN-CUST-2424
SYN-08745,SYN-CUST-2985
SYN-08746,SYN-CUST-0346
SYN-08747,SYN-CUST-0907
SYN-08748,SYN-CUST-1468
SYN-08749,SYN-CUST-2029
SYN-08750,SYN-CUST-2590
SYN-08751,SYN-CUST-3151
SYN-08752,SYN-CUST-0512
SYN-08753,SYN-CUST-1073
SYN-08754,SYN-CUST-1634
SYN-08755,SYN-CUST-2195
SYN-08756,SYN-CUST-2756
SYN-08757,SYN-CUST-0117
SYN-08758,SYN-CUST-0678
SYN-08759,SYN-CUST-1239
SYN-08760,SYN-CUST-1800
SYN-08761,SYN-CUST-2361
SYN-08762,SYN-CUST-2922
SYN-08763,SYN-CUST-0283
SYN-08764,SYN-CUST-0844
SYN-08765,SYN-CUST-1405
SYN-08766,SYN-CUST-1966
SYN-08767,SYN-CUST-2527
SYN-08768,SYN-CUST-3088
SYN-08769,SYN-CUST-0449
SYN-08770,SYN-CUST-1010
SYN-08771,SYN-CUST-1571
SYN-08772,SYN-CUST-2132
SYN-08773,SYN-CUST-2693
SYN-08774,SYN-CUST-0054
SYN-08775,SYN-CUST-0615
SYN-08776,SYN-CUST-1176
SYN-08777,SYN-CUST-1737
SYN-08778,SYN-CUST-2298
SYN-08779,SYN-CUST-2859
SYN-08780,SYN-CUST-0220
SYN-08781,SYN-CUST-0781
SYN-08782,SYN-CUST-1342
SYN-08783,SYN-CUST-1903
SYN-08784,SYN-CUST-2464
SYN-08785,SYN-CUST-3025
SYN-08786,SYN-CUST-0386
SYN-08787,SYN-CUST-0947
SYN-08788,SYN-CUST-1508
SYN-08789,SYN-CUST-2069
SYN-08790,SYN-CUST-2630
SYN-08791,SYN-CUST-3191
SYN-08792,SYN-CUST-0552
SYN-08793,SYN-CUST-1113
SYN-08794,SYN-CUST-1674
SYN-08795,SYN-CUST-2235
SYN-08796,SYN-CUST-2796
SYN-08797,SYN-CUST-0157
SYN-08798,SYN-CUST-0718
SYN-08799,SYN-CUST-1279
SYN-08800,SYN-CUST-1840
SYN-08801,SYN-CUST-2401
SYN-08802,SYN-CUST-2962
SYN-08803,SYN-CUST-0323
SYN-08804,SYN-CUST-0884
SYN-08805,SYN-CUST-1445
SYN-08806,SYN-CUST-2006
SYN-08807,SYN-CUST-2567
SYN-08808,SYN-CUST-3128
SYN-08809,SYN-CUST-0489
SYN-08810,SYN-CUST-1050
SYN-08811,SYN-CUST-1611
SYN-08812,SYN-CUST-2172
SYN-08813,SYN-CUST-2733
SYN-08814,SYN-CUST-0094
SYN-08815,SYN-CUST-0655
SYN-08816,SYN-CUST-1216
SYN-08817,SYN-CUST-1777
SYN-08818,SYN-CUST-2338
SYN-08819,SYN-CUST-2899
SYN-08820,SYN-CUST-0260
SYN-08821,SYN-CUST-0821
SYN-08822,SYN-CUST-1382
SYN-08823,SYN-CUST-1943
SYN-08824,SYN-CUST-2504
SYN-08825,SYN-CUST-3065
SYN-08826,SYN-CUST-0426
SYN-08827,SYN-CUST-0987
SYN-08828,SYN-CUST-1548
SYN-08829,SYN-CUST-2109
SYN-08830,SYN-CUST-2670
SYN-08831,SYN-CUST-0031
SYN-08832,SYN-CUST-0592
SYN-08833,SYN-CUST-1153
SYN-08834,SYN-CUST-1714
SYN-08835,SYN-CUST-2275
SYN-08836,SYN-CUST-2836
SYN-08837,SYN-CUST-0197
SYN-08838,SYN-CUST-0758
SYN-08839,SYN-CUST-1319
SYN-08840,SYN-CUST-1880
SYN-08841,SYN-CUST-2441
SYN-08842,SYN-CUST-3002
SYN-08843,SYN-CUST-0363
SYN-08844,SYN-CUST-0924
SYN-08845,SYN-CUST-1485
SYN-08846,SYN-CUST-2046
SYN-08847,SYN-CUST-2607
SYN-08848,SYN-CUST-3168
SYN-08849,SYN-CUST-0529
SYN-08850,SYN-CUST-1090
SYN-08851,SYN-CUST-1651
SYN-08852,SYN-CUST-2212
SYN-08853,SYN-CUST-2773
SYN-08854,SYN-CUST-0134
SYN-08855,SYN-CUST-0695
SYN-08856,SYN-CUST-1256
SYN-08857,SYN-CUST-1817
SYN-08858,SYN-CUST-2378
SYN-08859,SYN-CUST-2939
SYN-08860,SYN-CUST-0300
SYN-08861,SYN-CUST-0861
SYN-08862,SYN-CUST-1422
SYN-08863,SYN-CUST-1983
SYN-08864,SYN-CUST-2544
SYN-08865,SYN-CUST-3105
SYN-08866,SYN-CUST-0466
SYN-08867,SYN-CUST-1027
SYN-08868,SYN-CUST-1588
SYN-08869,SYN-CUST-2149
SYN-08870,SYN-CUST-2710
SYN-08871,SYN-CUST-0071
SYN-08872,SYN-CUST-0632
SYN-08873,SYN-CUST-1193
SYN-08874,SYN-CUST-1754
SYN-08875,SYN-CUST-2315
SYN-08876,SYN-CUST-2876
SYN-08877,SYN-CUST-0237
SYN-08878,SYN-CUST-0798
SYN-08879,SYN-CUST-1359
SYN-08880,SYN-CUST-1920
SYN-08881,SYN-CUST-2481
SYN-08882,SYN-CUST-3042
SYN-08883,SYN-CUST-0403
SYN-08884,SYN-CUST-0964
SYN-08885,SYN-CUST-1525
SYN-08886,SYN-CUST-2086
SYN-08887,SYN-CUST-2647
SYN-08888,SYN-CUST-0008
SYN-08889,SYN-CUST-0569
SYN-08890,SYN-CUST-1130
SYN-08891,SYN-CUST-1691
SYN-08892,SYN-CUST-2252
SYN-08893,SYN-CUST-2813
SYN-08894,SYN-CUST-0174
SYN-08895,SYN-CUST-0735
SYN-08896,SYN-CUST-1296
SYN-08897,SYN-CUST-1857
SYN-08898,SYN-CUST-2418
SYN-08899,SYN-CUST-2979
SYN-08900,SYN-CUST-0340
SYN-08901,SYN-CUST-0901
SYN-08902,SYN-CUST-1462
SYN-08903,SYN-CUST-2023
SYN-08904,SYN-CUST-2584
SYN-08905,SYN-CUST-3145
SYN-08906,SYN-CUST-0506
SYN-08907,SYN-CUST-1067
SYN-08908,SYN-CUST-1628
SYN-08909,SYN-CUST-2189
SYN-08910,SYN-CUST-2750
SYN-08911,SYN-CUST-0111
SYN-08912,SYN-CUST-0672
SYN-08913,SYN-CUST-1233
SYN-08914,SYN-CUST-1794
SYN-08915,SYN-CUST-2355
SYN-08916,SYN-CUST-2916
SYN-08917,SYN-CUST-0277
SYN-08918,SYN-CUST-0838
SYN-08919,SYN-CUST-1399
SYN-08920,SYN-CUST-1960
SYN-08921,SYN-CUST-2521
SYN-08922,SYN-CUST-3082
SYN-08923,SYN-CUST-0443
SYN-08924,SYN-CUST-1004
SYN-08925,SYN-CUST-1565
SYN-08926,SYN-CUST-2126
SYN-08927,SYN-CUST-2687
SYN-08928,SYN-CUST-0048
SYN-08929,SYN-CUST-0609
SYN-08930,SYN-CUST-1170
SYN-08931,SYN-CUST-1731
SYN-08932,SYN-CUST-2292
SYN-08933,SYN-CUST-2853
SYN-08934,SYN-CUST-0214
SYN-08935,SYN-CUST-0775
SYN-08936,SYN-CUST-1336
SYN-08937,SYN-CUST-1897
SYN-08938,SYN-CUST-2458
SYN-08939,SYN-CUST-3019
SYN-08940,SYN-CUST-0380
SYN-08941,SYN-CUST-0941
SYN-08942,SYN-CUST-1502
SYN-08943,SYN-CUST-2063
SYN-08944,SYN-CUST-2624
SYN-08945,SYN-CUST-3185
SYN-08946,SYN-CUST-0546
SYN-08947,SYN-CUST-1107
SYN-08948,SYN-CUST-1668
SYN-08949,SYN-CUST-2229
SYN-08950,SYN-CUST-2790
SYN-08951,SYN-CUST-0151
SYN-08952,SYN-CUST-0712
SYN-08953,SYN-CUST-1273
SYN-08954,SYN-CUST-1834
SYN-08955,SYN-CUST-2395
SYN-08956,SYN-CUST-2956
SYN-08957,SYN-CUST-0317
SYN-08958,SYN-CUST-0878
SYN-08959,SYN-CUST-1439
SYN-08960,SYN-CUST-2000
SYN-08961,SYN-CUST-2561
SYN-08962,SYN-CUST-3122
SYN-08963,SYN-CUST-0483
SYN-08964,SYN-CUST-1044
SYN-08965,SYN-CUST-1605
SYN-08966,SYN-CUST-2166
SYN-08967,SYN-CUST-2727
SYN-08968,SYN-CUST-0088
SYN-08969,SYN-CUST-0649
SYN-08970,SYN-CUST-1210
SYN-08971,SYN-CUST-1771
SYN-08972,SYN-CUST-2332
SYN-08973,SYN-CUST-2893
SYN-08974,SYN-CUST-0254
SYN-08975,SYN-CUST-0815
SYN-08976,SYN-CUST-1376
SYN-08977,SYN-CUST-1937
SYN-08978,SYN-CUST-2498
SYN-08979,SYN-CUST-3059
SYN-08980,SYN-CUST-0420
SYN-08981,SYN-CUST-0981
SYN-08982,SYN-CUST-1542
SYN-08983,SYN-CUST-2103
SYN-08984,SYN-CUST-2664
SYN-08985,SYN-CUST-0025
SYN-08986,SYN-CUST-0586
SYN-08987,SYN-CUST-1147
SYN-08988,SYN-CUST-1708
SYN-08989,SYN-CUST-2269
SYN-08990,SYN-CUST-2830
SYN-08991,SYN-CUST-0191
SYN-08992,SYN-CUST-0752
SYN-08993,SYN-CUST-1313
SYN-08994,SYN-CUST-1874
SYN-08995,SYN-CUST-2435
SYN-08996,SYN-CUST-2996
SYN-08997,SYN-CUST-0357
SYN-08998,SYN-CUST-0918
SYN-08999,SYN-CUST-1479
SYN-09000,SYN-CUST-2040
SYN-09001,SYN-CUST-2601
SYN-09002,SYN-CUST-3162
SYN-09003,SYN-CUST-0523
SYN-09004,SYN-CUST-1084
SYN-09005,SYN-CUST-1645
SYN-09006,SYN-CUST-2206
SYN-09007,SYN-CUST-2767
SYN-09008,SYN-CUST-0128
SYN-09009,SYN-CUST-0689
SYN-09010,SYN-CUST-1250
SYN-09011,SYN-CUST-1811
SYN-09012,SYN-CUST-2372
SYN-09013,SYN-CUST-2933
SYN-09014,SYN-CUST-0294
SYN-09015,SYN-CUST-0855
SYN-09016,SYN-CUST-1416
SYN-09017,SYN-CUST-1977
SYN-09018,SYN-CUST-2538
SYN-09019,SYN-CUST-3099
SYN-09020,SYN-CUST-0460
SYN-09021,SYN-CUST-1021
SYN-09022,SYN-CUST-1582
SYN-09023,SYN-CUST-2143
SYN-09024,SYN-CUST-2704
SYN-09025,SYN-CUST-0065
SYN-09026,SYN-CUST-0626
SYN-09027,SYN-CUST-1187
SYN-09028,SYN-CUST-1748
SYN-09029,SYN-CUST-2309
SYN-09030,SYN-CUST-2870
SYN-09031,SYN-CUST-0231
SYN-09032,SYN-CUST-0792
SYN-09033,SYN-CUST-1353
SYN-09034,SYN-CUST-1914
SYN-09035,SYN-CUST-2475
SYN-09036,SYN-CUST-3036
SYN-09037,SYN-CUST-0397
SYN-09038,SYN-CUST-0958
SYN-09039,SYN-CUST-1519
SYN-09040,SYN-CUST-2080
SYN-09041,SYN-CUST-2641
SYN-09042,SYN-CUST-0002
SYN-09043,SYN-CUST-0563
SYN-09044,SYN-CUST-1124
SYN-09045,SYN-CUST-1685
SYN-09046,SYN-CUST-2246
SYN-09047,SYN-CUST-2807
SYN-09048,SYN-CUST-0168
SYN-09049,SYN-CUST-0729
SYN-09050,SYN-CUST-1290
SYN-09051,SYN-CUST-1851
SYN-09052,SYN-CUST-2412
SYN-09053,SYN-CUST-2973
SYN-09054,SYN-CUST-0334
SYN-09055,SYN-CUST-0895
SYN-09056,SYN-CUST-1456
SYN-09057,SYN-CUST-2017
SYN-09058,SYN-CUST-2578
SYN-09059,SYN-CUST-3139
SYN-09060,SYN-CUST-0500
SYN-09061,SYN-CUST-1061
SYN-09062,SYN-CUST-1622
SYN-09063,SYN-CUST-2183
SYN-09064,SYN-CUST-2744
SYN-09065,SYN-CUST-0105
SYN-09066,SYN-CUST-0666
SYN-09067,SYN-CUST-1227
SYN-09068,SYN-CUST-1788
SYN-09069,SYN-CUST-2349
SYN-09070,SYN-CUST-2910
SYN-09071,SYN-CUST-0271
SYN-09072,SYN-CUST-0832
SYN-09073,SYN-CUST-1393
SYN-09074,SYN-CUST-1954
SYN-09075,SYN-CUST-2515
SYN-09076,SYN-CUST-3076
SYN-09077,SYN-CUST-0437
SYN-09078,SYN-CUST-0998
SYN-09079,SYN-CUST-1559
SYN-09080,SYN-CUST-2120
SYN-09081,SYN-CUST-2681
SYN-09082,SYN-CUST-0042
SYN-09083,SYN-CUST-0603
SYN-09084,SYN-CUST-1164
SYN-09085,SYN-CUST-1725
SYN-09086,SYN-CUST-2286
SYN-09087,SYN-CUST-2847
SYN-09088,SYN-CUST-0208
SYN-09089,SYN-CUST-0769
SYN-09090,SYN-CUST-1330
SYN-09091,SYN-CUST-1891
SYN-09092,SYN-CUST-2452
SYN-09093,SYN-CUST-3013
SYN-09094,SYN-CUST-0374
SYN-09095,SYN-CUST-0935
SYN-09096,SYN-CUST-1496
SYN-09097,SYN-CUST-2057
SYN-09098,SYN-CUST-2618
SYN-09099,SYN-CUST-3179
SYN-09100,SYN-CUST-0540
SYN-09101,SYN-CUST-1101
SYN-09102,SYN-CUST-1662
SYN-09103,SYN-CUST-2223
SYN-09104,SYN-CUST-2784
SYN-09105,SYN-CUST-0145
SYN-09106,SYN-CUST-0706
SYN-09107,SYN-CUST-1267
SYN-09108,SYN-CUST-1828
SYN-09109,SYN-CUST-2389
SYN-09110,SYN-CUST-2950
SYN-09111,SYN-CUST-0311
SYN-09112,SYN-CUST-0872
SYN-09113,SYN-CUST-1433
SYN-09114,SYN-CUST-1994
SYN-09115,SYN-CUST-2555
SYN-09116,SYN-CUST-3116
SYN-09117,SYN-CUST-0477
SYN-09118,SYN-CUST-1038
SYN-09119,SYN-CUST-1599
SYN-09120,SYN-CUST-2160
SYN-09121,SYN-CUST-2721
SYN-09122,SYN-CUST-0082
SYN-09123,SYN-CUST-0643
SYN-09124,SYN-CUST-1204
SYN-09125,SYN-CUST-1765
SYN-09126,SYN-CUST-2326
SYN-09127,SYN-CUST-2887
SYN-09128,SYN-CUST-0248
SYN-09129,SYN-CUST-0809
SYN-09130,SYN-CUST-1370
SYN-09131,SYN-CUST-1931
SYN-09132,SYN-CUST-2492
SYN-09133,SYN-CUST-3053
SYN-09134,SYN-CUST-0414
SYN-09135,SYN-CUST-0975
SYN-09136,SYN-CUST-1536
SYN-09137,SYN-CUST-2097
SYN-09138,SYN-CUST-2658
SYN-09139,SYN-CUST-0019
SYN-09140,SYN-CUST-0580
SYN-09141,SYN-CUST-1141
SYN-09142,SYN-CUST-1702
SYN-09143,SYN-CUST-2263
SYN-09144,SYN-CUST-2824
SYN-09145,SYN-CUST-0185
SYN-09146,SYN-CUST-0746
SYN-09147,SYN-CUST-1307
SYN-09148,SYN-CUST-1868
SYN-09149,SYN-CUST-2429
SYN-09150,SYN-CUST-2990
SYN-09151,SYN-CUST-0351
SYN-09152,SYN-CUST-0912
SYN-09153,SYN-CUST-1473
SYN-09154,SYN-CUST-2034
SYN-09155,SYN-CUST-2595
SYN-09156,SYN-CUST-3156
SYN-09157,SYN-CUST-0517
SYN-09158,SYN-CUST-1078
SYN-09159,SYN-CUST-1639
SYN-09160,SYN-CUST-2200
SYN-09161,SYN-CUST-2761
SYN-09162,SYN-CUST-0122
SYN-09163,SYN-CUST-0683
SYN-09164,SYN-CUST-1244
SYN-09165,SYN-CUST-1805
SYN-09166,SYN-CUST-2366
SYN-09167,SYN-CUST-2927
SYN-09168,SYN-CUST-0288
SYN-09169,SYN-CUST-0849
SYN-09170,SYN-CUST-1410
SYN-09171,SYN-CUST-1971
SYN-09172,SYN-CUST-2532
SYN-09173,SYN-CUST-3093
SYN-09174,SYN-CUST-0454
SYN-09175,SYN-CUST-1015
SYN-09176,SYN-CUST-1576
SYN-09177,SYN-CUST-2137
SYN-09178,SYN-CUST-2698
SYN-09179,SYN-CUST-0059
SYN-09180,SYN-CUST-0620
SYN-09181,SYN-CUST-1181
SYN-09182,SYN-CUST-1742
SYN-09183,SYN-CUST-2303
SYN-09184,SYN-CUST-2864
SYN-09185,SYN-CUST-0225
SYN-09186,SYN-CUST-0786
SYN-09187,SYN-CUST-1347
SYN-09188,SYN-CUST-1908
SYN-09189,SYN-CUST-2469
SYN-09190,SYN-CUST-3030
SYN-09191,SYN-CUST-0391
SYN-09192,SYN-CUST-0952
SYN-09193,SYN-CUST-1513
SYN-09194,SYN-CUST-2074
SYN-09195,SYN-CUST-2635
SYN-09196,SYN-CUST-3196
SYN-09197,SYN-CUST-0557
SYN-09198,SYN-CUST-1118
SYN-09199,SYN-CUST-1679
SYN-09200,SYN-CUST-2240
SYN-09201,SYN-CUST-2801
SYN-09202,SYN-CUST-0162
SYN-09203,SYN-CUST-0723
SYN-09204,SYN-CUST-1284
SYN-09205,SYN-CUST-1845
SYN-09206,SYN-CUST-2406
SYN-09207,SYN-CUST-2967
SYN-09208,SYN-CUST-0328
SYN-09209,SYN-CUST-0889
SYN-09210,SYN-CUST-1450
SYN-09211,SYN-CUST-2011
SYN-09212,SYN-CUST-2572
SYN-09213,SYN-CUST-3133
SYN-09214,SYN-CUST-0494
SYN-09215,SYN-CUST-1055
SYN-09216,SYN-CUST-1616
SYN-09217,SYN-CUST-2177
SYN-09218,SYN-CUST-2738
SYN-09219,SYN-CUST-0099
SYN-09220,SYN-CUST-0660
SYN-09221,SYN-CUST-1221
SYN-09222,SYN-CUST-1782
SYN-09223,SYN-CUST-2343
SYN-09224,SYN-CUST-2904
SYN-09225,SYN-CUST-0265
SYN-09226,SYN-CUST-0826
SYN-09227,SYN-CUST-1387
SYN-09228,SYN-CUST-1948
SYN-09229,SYN-CUST-2509
SYN-09230,SYN-CUST-3070
SYN-09231,SYN-CUST-0431
SYN-09232,SYN-CUST-0992
SYN-09233,SYN-CUST-1553
SYN-09234,SYN-CUST-2114
SYN-09235,SYN-CUST-2675
SYN-09236,SYN-CUST-0036
SYN-09237,SYN-CUST-0597
SYN-09238,SYN-CUST-1158
SYN-09239,SYN-CUST-1719
SYN-09240,SYN-CUST-2280
SYN-09241,SYN-CUST-2841
SYN-09242,SYN-CUST-0202
SYN-09243,SYN-CUST-0763
SYN-09244,SYN-CUST-1324
SYN-09245,SYN-CUST-1885
SYN-09246,SYN-CUST-2446
SYN-09247,SYN-CUST-3007
SYN-09248,SYN-CUST-0368
SYN-09249,SYN-CUST-0929
SYN-09250,SYN-CUST-1490
SYN-09251,SYN-CUST-2051
SYN-09252,SYN-CUST-2612
SYN-09253,SYN-CUST-3173
SYN-09254,SYN-CUST-0534
SYN-09255,SYN-CUST-1095
SYN-09256,SYN-CUST-1656
SYN-09257,SYN-CUST-2217
SYN-09258,SYN-CUST-2778
SYN-09259,SYN-CUST-0139
SYN-09260,SYN-CUST-0700
SYN-09261,SYN-CUST-1261
SYN-09262,SYN-CUST-1822
SYN-09263,SYN-CUST-2383
SYN-09264,SYN-CUST-2944
SYN-09265,SYN-CUST-0305
SYN-09266,SYN-CUST-0866
SYN-09267,SYN-CUST-1427
SYN-09268,SYN-CUST-1988
SYN-09269,SYN-CUST-2549
SYN-09270,SYN-CUST-3110
SYN-09271,SYN-CUST-0471
SYN-09272,SYN-CUST-1032
SYN-09273,SYN-CUST-1593
SYN-09274,SYN-CUST-2154
SYN-09275,SYN-CUST-2715
SYN-09276,SYN-CUST-0076
SYN-09277,SYN-CUST-0637
SYN-09278,SYN-CUST-1198
SYN-09279,SYN-CUST-1759
SYN-09280,SYN-CUST-2320
SYN-09281,SYN-CUST-2881
SYN-09282,SYN-CUST-0242
SYN-09283,SYN-CUST-0803
SYN-09284,SYN-CUST-1364
SYN-09285,SYN-CUST-1925
SYN-09286,SYN-CUST-2486
SYN-09287,SYN-CUST-3047
SYN-09288,SYN-CUST-0408
SYN-09289,SYN-CUST-0969
SYN-09290,SYN-CUST-1530
SYN-09291,SYN-CUST-2091
SYN-09292,SYN-CUST-2652
SYN-09293,SYN-CUST-0013
SYN-09294,SYN-CUST-0574
SYN-09295,SYN-CUST-1135
SYN-09296,SYN-CUST-1696
SYN-09297,SYN-CUST-2257
SYN-09298,SYN-CUST-2818
SYN-09299,SYN-CUST-0179
SYN-09300,SYN-CUST-0740
SYN-09301,SYN-CUST-1301
SYN-09302,SYN-CUST-1862
SYN-09303,SYN-CUST-2423
SYN-09304,SYN-CUST-2984
SYN-09305,SYN-CUST-0345
SYN-09306,SYN-CUST-0906
SYN-09307,SYN-CUST-1467
SYN-09308,SYN-CUST-2028
SYN-09309,SYN-CUST-2589
SYN-09310,SYN-CUST-3150
SYN-09311,SYN-CUST-0511
SYN-09312,SYN-CUST-1072
SYN-09313,SYN-CUST-1633
SYN-09314,SYN-CUST-2194
SYN-09315,SYN-CUST-2755
SYN-09316,SYN-CUST-0116
SYN-09317,SYN-CUST-0677
SYN-09318,SYN-CUST-1238
SYN-09319,SYN-CUST-1799
SYN-09320,SYN-CUST-2360
SYN-09321,SYN-CUST-2921
SYN-09322,SYN-CUST-0282
SYN-09323,SYN-CUST-0843
SYN-09324,SYN-CUST-1404
SYN-09325,SYN-CUST-1965
SYN-09326,SYN-CUST-2526
SYN-09327,SYN-CUST-3087
SYN-09328,SYN-CUST-0448
SYN-09329,SYN-CUST-1009
SYN-09330,SYN-CUST-1570
SYN-09331,SYN-CUST-2131
SYN-09332,SYN-CUST-2692
SYN-09333,SYN-CUST-0053
SYN-09334,SYN-CUST-0614
SYN-09335,SYN-CUST-1175
SYN-09336,SYN-CUST-1736
SYN-09337,SYN-CUST-2297
SYN-09338,SYN-CUST-2858
SYN-09339,SYN-CUST-0219
SYN-09340,SYN-CUST-0780
SYN-09341,SYN-CUST-1341
SYN-09342,SYN-CUST-1902
SYN-09343,SYN-CUST-2463
SYN-09344,SYN-CUST-3024
SYN-09345,SYN-CUST-0385
SYN-09346,SYN-CUST-0946
SYN-09347,SYN-CUST-1507
SYN-09348,SYN-CUST-2068
SYN-09349,SYN-CUST-2629
SYN-09350,SYN-CUST-3190
SYN-09351,SYN-CUST-0551
SYN-09352,SYN-CUST-1112
SYN-09353,SYN-CUST-1673
SYN-09354,SYN-CUST-2234
SYN-09355,SYN-CUST-2795
SYN-09356,SYN-CUST-0156
SYN-09357,SYN-CUST-0717
SYN-09358,SYN-CUST-1278
SYN-09359,SYN-CUST-1839
SYN-09360,SYN-CUST-2400
SYN-09361,SYN-CUST-2961
SYN-09362,SYN-CUST-0322
SYN-09363,SYN-CUST-0883
SYN-09364,SYN-CUST-1444
SYN-09365,SYN-CUST-2005
SYN-09366,SYN-CUST-2566
SYN-09367,SYN-CUST-3127
SYN-09368,SYN-CUST-0488
SYN-09369,SYN-CUST-1049
SYN-09370,SYN-CUST-1610
SYN-09371,SYN-CUST-2171
SYN-09372,SYN-CUST-2732
SYN-09373,SYN-CUST-0093
SYN-09374,SYN-CUST-0654
SYN-09375,SYN-CUST-1215
SYN-09376,SYN-CUST-1776
SYN-09377,SYN-CUST-2337
SYN-09378,SYN-CUST-2898
SYN-09379,SYN-CUST-0259
SYN-09380,SYN-CUST-0820
SYN-09381,SYN-CUST-1381
SYN-09382,SYN-CUST-1942
SYN-09383,SYN-CUST-2503
SYN-09384,SYN-CUST-3064
SYN-09385,SYN-CUST-0425
SYN-09386,SYN-CUST-0986
SYN-09387,SYN-CUST-1547
SYN-09388,SYN-CUST-2108
SYN-09389,SYN-CUST-2669
SYN-09390,SYN-CUST-0030
SYN-09391,SYN-CUST-0591
SYN-09392,SYN-CUST-1152
SYN-09393,SYN-CUST-1713
SYN-09394,SYN-CUST-2274
SYN-09395,SYN-CUST-2835
SYN-09396,SYN-CUST-0196
SYN-09397,SYN-CUST-0757
SYN-09398,SYN-CUST-1318
SYN-09399,SYN-CUST-1879
SYN-09400,SYN-CUST-2440
SYN-09401,SYN-CUST-3001
SYN-09402,SYN-CUST-0362
SYN-09403,SYN-CUST-0923
SYN-09404,SYN-CUST-1484
SYN-09405,SYN-CUST-2045
SYN-09406,SYN-CUST-2606
SYN-09407,SYN-CUST-3167
SYN-09408,SYN-CUST-0528
SYN-09409,SYN-CUST-1089
SYN-09410,SYN-CUST-1650
SYN-09411,SYN-CUST-2211
SYN-09412,SYN-CUST-2772
SYN-09413,SYN-CUST-0133
SYN-09414,SYN-CUST-0694
SYN-09415,SYN-CUST-1255
SYN-09416,SYN-CUST-1816
SYN-09417,SYN-CUST-2377
SYN-09418,SYN-CUST-2938
SYN-09419,SYN-CUST-0299
SYN-09420,SYN-CUST-0860
SYN-09421,SYN-CUST-1421
SYN-09422,SYN-CUST-1982
SYN-09423,SYN-CUST-2543
SYN-09424,SYN-CUST-3104
SYN-09425,SYN-CUST-0465
SYN-09426,SYN-CUST-1026
SYN-09427,SYN-CUST-1587
SYN-09428,SYN-CUST-2148
SYN-09429,SYN-CUST-2709
SYN-09430,SYN-CUST-0070
SYN-09431,SYN-CUST-0631
SYN-09432,SYN-CUST-1192
SYN-09433,SYN-CUST-1753
SYN-09434,SYN-CUST-2314
SYN-09435,SYN-CUST-2875
SYN-09436,SYN-CUST-0236
SYN-09437,SYN-CUST-0797
SYN-09438,SYN-CUST-1358
SYN-09439,SYN-CUST-1919
SYN-09440,SYN-CUST-2480
SYN-09441,SYN-CUST-3041
SYN-09442,SYN-CUST-0402
SYN-09443,SYN-CUST-0963
SYN-09444,SYN-CUST-1524
SYN-09445,SYN-CUST-2085
SYN-09446,SYN-CUST-2646
SYN-09447,SYN-CUST-0007
SYN-09448,SYN-CUST-0568
SYN-09449,SYN-CUST-1129
SYN-09450,SYN-CUST-1690
SYN-09451,SYN-CUST-2251
SYN-09452,SYN-CUST-2812
SYN-09453,SYN-CUST-0173
SYN-09454,SYN-CUST-0734
SYN-09455,SYN-CUST-1295
SYN-09456,SYN-CUST-1856
SYN-09457,SYN-CUST-2417
SYN-09458,SYN-CUST-2978
SYN-09459,SYN-CUST-0339
SYN-09460,SYN-CUST-0900
SYN-09461,SYN-CUST-1461
SYN-09462,SYN-CUST-2022
SYN-09463,SYN-CUST-2583
SYN-09464,SYN-CUST-3144
SYN-09465,SYN-CUST-0505
SYN-09466,SYN-CUST-1066
SYN-09467,SYN-CUST-1627
SYN-09468,SYN-CUST-2188
SYN-09469,SYN-CUST-2749
SYN-09470,SYN-CUST-0110
SYN-09471,SYN-CUST-0671
SYN-09472,SYN-CUST-1232
SYN-09473,SYN-CUST-1793
SYN-09474,SYN-CUST-2354
SYN-09475,SYN-CUST-2915
SYN-09476,SYN-CUST-0276
SYN-09477,SYN-CUST-0837
SYN-09478,SYN-CUST-1398
SYN-09479,SYN-CUST-1959
SYN-09480,SYN-CUST-2520
SYN-09481,SYN-CUST-3081
SYN-09482,SYN-CUST-0442
SYN-09483,SYN-CUST-1003
SYN-09484,SYN-CUST-1564
SYN-09485,SYN-CUST-2125
SYN-09486,SYN-CUST-2686
SYN-09487,SYN-CUST-0047
SYN-09488,SYN-CUST-0608
SYN-09489,SYN-CUST-1169
SYN-09490,SYN-CUST-1730
SYN-09491,SYN-CUST-2291
SYN-09492,SYN-CUST-2852
SYN-09493,SYN-CUST-0213
SYN-09494,SYN-CUST-0774
SYN-09495,SYN-CUST-1335
SYN-09496,SYN-CUST-1896
SYN-09497,SYN-CUST-2457
SYN-09498,SYN-CUST-3018
SYN-09499,SYN-CUST-0379
SYN-09500,SYN-CUST-0940
SYN-09501,SYN-CUST-1501
SYN-09502,SYN-CUST-2062
SYN-09503,SYN-CUST-2623
SYN-09504,SYN-CUST-3184
SYN-09505,SYN-CUST-0545
SYN-09506,SYN-CUST-1106
SYN-09507,SYN-CUST-1667
SYN-09508,SYN-CUST-2228
SYN-09509,SYN-CUST-2789
SYN-09510,SYN-CUST-0150
SYN-09511,SYN-CUST-0711
SYN-09512,SYN-CUST-1272
SYN-09513,SYN-CUST-1833
SYN-09514,SYN-CUST-2394
SYN-09515,SYN-CUST-2955
SYN-09516,SYN-CUST-0316
SYN-09517,SYN-CUST-0877
SYN-09518,SYN-CUST-1438
SYN-09519,SYN-CUST-1999
SYN-09520,SYN-CUST-2560
SYN-09521,SYN-CUST-3121
SYN-09522,SYN-CUST-0482
SYN-09523,SYN-CUST-1043
SYN-09524,SYN-CUST-1604
SYN-09525,SYN-CUST-2165
SYN-09526,SYN-CUST-2726
SYN-09527,SYN-CUST-0087
SYN-09528,SYN-CUST-0648
SYN-09529,SYN-CUST-1209
SYN-09530,SYN-CUST-1770
SYN-09531,SYN-CUST-2331
SYN-09532,SYN-CUST-2892
SYN-09533,SYN-CUST-0253
SYN-09534,SYN-CUST-0814
SYN-09535,SYN-CUST-1375
SYN-09536,SYN-CUST-1936
SYN-09537,SYN-CUST-2497
SYN-09538,SYN-CUST-3058
SYN-09539,SYN-CUST-0419
SYN-09540,SYN-CUST-0980
SYN-09541,SYN-CUST-1541
SYN-09542,SYN-CUST-2102
SYN-09543,SYN-CUST-2663
SYN-09544,SYN-CUST-0024
SYN-09545,SYN-CUST-0585
SYN-09546,SYN-CUST-1146
SYN-09547,SYN-CUST-1707
SYN-09548,SYN-CUST-2268
SYN-09549,SYN-CUST-2829
SYN-09550,SYN-CUST-0190
SYN-09551,SYN-CUST-0751
SYN-09552,SYN-CUST-1312
SYN-09553,SYN-CUST-1873
SYN-09554,SYN-CUST-2434
SYN-09555,SYN-CUST-2995
SYN-09556,SYN-CUST-0356
SYN-09557,SYN-CUST-0917
SYN-09558,SYN-CUST-1478
SYN-09559,SYN-CUST-2039
SYN-09560,SYN-CUST-2600
SYN-09561,SYN-CUST-3161
SYN-09562,SYN-CUST-0522
SYN-09563,SYN-CUST-1083
SYN-09564,SYN-CUST-1644
SYN-09565,SYN-CUST-2205
SYN-09566,SYN-CUST-2766
SYN-09567,SYN-CUST-0127
SYN-09568,SYN-CUST-0688
SYN-09569,SYN-CUST-1249
SYN-09570,SYN-CUST-1810
SYN-09571,SYN-CUST-2371
SYN-09572,SYN-CUST-2932
SYN-09573,SYN-CUST-0293
SYN-09574,SYN-CUST-0854
SYN-09575,SYN-CUST-1415
SYN-09576,SYN-CUST-1976
SYN-09577,SYN-CUST-2537
SYN-09578,SYN-CUST-3098
SYN-09579,SYN-CUST-0459
SYN-09580,SYN-CUST-1020
SYN-09581,SYN-CUST-1581
SYN-09582,SYN-CUST-2142
SYN-09583,SYN-CUST-2703
SYN-09584,SYN-CUST-0064
SYN-09585,SYN-CUST-0625
SYN-09586,SYN-CUST-1186
SYN-09587,SYN-CUST-1747
SYN-09588,SYN-CUST-2308
SYN-09589,SYN-CUST-2869
SYN-09590,SYN-CUST-0230
SYN-09591,SYN-CUST-0791
SYN-09592,SYN-CUST-1352
SYN-09593,SYN-CUST-1913
SYN-09594,SYN-CUST-2474
SYN-09595,SYN-CUST-3035
SYN-09596,SYN-CUST-0396
SYN-09597,SYN-CUST-0957
SYN-09598,SYN-CUST-1518
SYN-09599,SYN-CUST-2079
SYN-09600,SYN-CUST-2640
SYN-09601,SYN-CUST-0001
SYN-09602,SYN-CUST-0562
SYN-09603,SYN-CUST-1123
SYN-09604,SYN-CUST-1684
SYN-09605,SYN-CUST-2245
SYN-09606,SYN-CUST-2806
SYN-09607,SYN-CUST-0167
SYN-09608,SYN-CUST-0728
SYN-09609,SYN-CUST-1289
SYN-09610,SYN-CUST-1850
SYN-09611,SYN-CUST-2411
SYN-09612,SYN-CUST-2972
SYN-09613,SYN-CUST-0333
SYN-09614,SYN-CUST-0894
SYN-09615,SYN-CUST-1455
SYN-09616,SYN-CUST-2016
SYN-09617,SYN-CUST-2577
SYN-09618,SYN-CUST-3138
SYN-09619,SYN-CUST-0499
SYN-09620,SYN-CUST-1060
SYN-09621,SYN-CUST-1621
SYN-09622,SYN-CUST-2182
SYN-09623,SYN-CUST-2743
SYN-09624,SYN-CUST-0104
SYN-09625,SYN-CUST-0665
SYN-09626,SYN-CUST-1226
SYN-09627,SYN-CUST-1787
SYN-09628,SYN-CUST-2348
SYN-09629,SYN-CUST-2909
SYN-09630,SYN-CUST-0270
SYN-09631,SYN-CUST-0831
SYN-09632,SYN-CUST-1392
SYN-09633,SYN-CUST-1953
SYN-09634,SYN-CUST-2514
SYN-09635,SYN-CUST-3075
SYN-09636,SYN-CUST-0436
SYN-09637,SYN-CUST-0997
SYN-09638,SYN-CUST-1558
SYN-09639,SYN-CUST-2119
SYN-09640,SYN-CUST-2680
SYN-09641,SYN-CUST-0041
SYN-09642,SYN-CUST-0602
SYN-09643,SYN-CUST-1163
SYN-09644,SYN-CUST-1724
SYN-09645,SYN-CUST-2285
SYN-09646,SYN-CUST-2846
SYN-09647,SYN-CUST-0207
SYN-09648,SYN-CUST-0768
SYN-09649,SYN-CUST-1329
SYN-09650,SYN-CUST-1890
SYN-09651,SYN-CUST-2451
SYN-09652,SYN-CUST-3012
SYN-09653,SYN-CUST-0373
SYN-09654,SYN-CUST-0934
SYN-09655,SYN-CUST-1495
SYN-09656,SYN-CUST-2056
SYN-09657,SYN-CUST-2617
SYN-09658,SYN-CUST-3178
SYN-09659,SYN-CUST-0539
SYN-09660,SYN-CUST-1100
SYN-09661,SYN-CUST-1661
SYN-09662,SYN-CUST-2222
SYN-09663,SYN-CUST-2783
SYN-09664,SYN-CUST-0144
SYN-09665,SYN-CUST-0705
SYN-09666,SYN-CUST-1266
SYN-09667,SYN-CUST-1827
SYN-09668,SYN-CUST-2388
SYN-09669,SYN-CUST-2949
SYN-09670,SYN-CUST-0310
SYN-09671,SYN-CUST-0871
SYN-09672,SYN-CUST-1432
SYN-09673,SYN-CUST-1993
SYN-09674,SYN-CUST-2554
SYN-09675,SYN-CUST-3115
SYN-09676,SYN-CUST-0476
SYN-09677,SYN-CUST-1037
SYN-09678,SYN-CUST-1598
SYN-09679,SYN-CUST-2159
SYN-09680,SYN-CUST-2720
SYN-09681,SYN-CUST-0081
SYN-09682,SYN-CUST-0642
SYN-09683,SYN-CUST-1203
SYN-09684,SYN-CUST-1764
SYN-09685,SYN-CUST-2325
SYN-09686,SYN-CUST-2886
SYN-09687,SYN-CUST-0247
SYN-09688,SYN-CUST-0808
SYN-09689,SYN-CUST-1369
SYN-09690,SYN-CUST-1930
SYN-09691,SYN-CUST-2491
SYN-09692,SYN-CUST-3052
SYN-09693,SYN-CUST-0413
SYN-09694,SYN-CUST-0974
SYN-09695,SYN-CUST-1535
SYN-09696,SYN-CUST-2096
SYN-09697,SYN-CUST-2657
SYN-09698,SYN-CUST-0018
SYN-09699,SYN-CUST-0579
SYN-09700,SYN-CUST-1140
SYN-09701,SYN-CUST-1701
SYN-09702,SYN-CUST-2262
SYN-09703,SYN-CUST-2823
SYN-09704,SYN-CUST-0184
SYN-09705,SYN-CUST-0745
SYN-09706,SYN-CUST-1306
SYN-09707,SYN-CUST-1867
SYN-09708,SYN-CUST-2428
SYN-09709,SYN-CUST-2989
SYN-09710,SYN-CUST-0350
SYN-09711,SYN-CUST-0911
SYN-09712,SYN-CUST-1472
SYN-09713,SYN-CUST-2033
SYN-09714,SYN-CUST-2594
SYN-09715,SYN-CUST-3155
SYN-09716,SYN-CUST-0516
SYN-09717,SYN-CUST-1077
SYN-09718,SYN-CUST-1638
SYN-09719,SYN-CUST-2199
SYN-09720,SYN-CUST-2760
SYN-09721,SYN-CUST-0121
SYN-09722,SYN-CUST-0682
SYN-09723,SYN-CUST-1243
SYN-09724,SYN-CUST-1804
SYN-09725,SYN-CUST-2365
SYN-09726,SYN-CUST-2926
SYN-09727,SYN-CUST-0287
SYN-09728,SYN-CUST-0848
SYN-09729,SYN-CUST-1409
SYN-09730,SYN-CUST-1970
SYN-09731,SYN-CUST-2531
SYN-09732,SYN-CUST-3092
SYN-09733,SYN-CUST-0453
SYN-09734,SYN-CUST-1014
SYN-09735,SYN-CUST-1575
SYN-09736,SYN-CUST-2136
SYN-09737,SYN-CUST-2697
SYN-09738,SYN-CUST-0058
SYN-09739,SYN-CUST-0619
SYN-09740,SYN-CUST-1180
SYN-09741,SYN-CUST-1741
SYN-09742,SYN-CUST-2302
SYN-09743,SYN-CUST-2863
SYN-09744,SYN-CUST-0224
SYN-09745,SYN-CUST-0785
SYN-09746,SYN-CUST-1346
SYN-09747,SYN-CUST-1907
SYN-09748,SYN-CUST-2468
SYN-09749,SYN-CUST-3029
SYN-09750,SYN-CUST-0390
SYN-09751,SYN-CUST-0951
SYN-09752,SYN-CUST-1512
SYN-09753,SYN-CUST-2073
SYN-09754,SYN-CUST-2634
SYN-09755,SYN-CUST-3195
SYN-09756,SYN-CUST-0556
SYN-09757,SYN-CUST-1117
SYN-09758,SYN-CUST-1678
SYN-09759,SYN-CUST-2239
SYN-09760,SYN-CUST-2800
SYN-09761,SYN-CUST-0161
SYN-09762,SYN-CUST-0722
SYN-09763,SYN-CUST-1283
SYN-09764,SYN-CUST-1844
SYN-09765,SYN-CUST-2405
SYN-09766,SYN-CUST-2966
SYN-09767,SYN-CUST-0327
SYN-09768,SYN-CUST-0888
SYN-09769,SYN-CUST-1449
SYN-09770,SYN-CUST-2010
SYN-09771,SYN-CUST-2571
SYN-09772,SYN-CUST-3132
SYN-09773,SYN-CUST-0493
SYN-09774,SYN-CUST-1054
SYN-09775,SYN-CUST-1615
SYN-09776,SYN-CUST-2176
SYN-09777,SYN-CUST-2737
SYN-09778,SYN-CUST-0098
SYN-09779,SYN-CUST-0659
SYN-09780,SYN-CUST-1220
SYN-09781,SYN-CUST-1781
SYN-09782,SYN-CUST-2342
SYN-09783,SYN-CUST-2903
SYN-09784,SYN-CUST-0264
SYN-09785,SYN-CUST-0825
SYN-09786,SYN-CUST-1386
SYN-09787,SYN-CUST-1947
SYN-09788,SYN-CUST-2508
SYN-09789,SYN-CUST-3069
SYN-09790,SYN-CUST-0430
SYN-09791,SYN-CUST-0991
SYN-09792,SYN-CUST-1552
SYN-09793,SYN-CUST-2113
SYN-09794,SYN-CUST-2674
SYN-09795,SYN-CUST-0035
SYN-09796,SYN-CUST-0596
SYN-09797,SYN-CUST-1157
SYN-09798,SYN-CUST-1718
SYN-09799,SYN-CUST-2279
SYN-09800,SYN-CUST-2840
SYN-09801,SYN-CUST-0201
SYN-09802,SYN-CUST-0762
SYN-09803,SYN-CUST-1323
SYN-09804,SYN-CUST-1884
SYN-09805,SYN-CUST-2445
SYN-09806,SYN-CUST-3006
SYN-09807,SYN-CUST-0367
SYN-09808,SYN-CUST-0928
SYN-09809,SYN-CUST-1489
SYN-09810,SYN-CUST-2050
SYN-09811,SYN-CUST-2611
SYN-09812,SYN-CUST-3172
SYN-09813,SYN-CUST-0533
SYN-09814,SYN-CUST-1094
SYN-09815,SYN-CUST-1655
SYN-09816,SYN-CUST-2216
SYN-09817,SYN-CUST-2777
SYN-09818,SYN-CUST-0138
SYN-09819,SYN-CUST-0699
SYN-09820,SYN-CUST-1260
SYN-09821,SYN-CUST-1821
SYN-09822,SYN-CUST-2382
SYN-09823,SYN-CUST-2943
SYN-09824,SYN-CUST-0304
SYN-09825,SYN-CUST-0865
SYN-09826,SYN-CUST-1426
SYN-09827,SYN-CUST-1987
SYN-09828,SYN-CUST-2548
SYN-09829,SYN-CUST-3109
SYN-09830,SYN-CUST-0470
SYN-09831,SYN-CUST-1031
SYN-09832,SYN-CUST-1592
SYN-09833,SYN-CUST-2153
SYN-09834,SYN-CUST-2714
SYN-09835,SYN-CUST-0075
SYN-09836,SYN-CUST-0636
SYN-09837,SYN-CUST-1197
SYN-09838,SYN-CUST-1758
SYN-09839,SYN-CUST-2319
SYN-09840,SYN-CUST-2880
SYN-09841,SYN-CUST-0241
SYN-09842,SYN-CUST-0802
SYN-09843,SYN-CUST-1363
SYN-09844,SYN-CUST-1924
SYN-09845,SYN-CUST-2485
SYN-09846,SYN-CUST-3046
SYN-09847,SYN-CUST-0407
SYN-09848,SYN-CUST-0968
SYN-09849,SYN-CUST-1529
SYN-09850,SYN-CUST-2090
SYN-09851,SYN-CUST-2651
SYN-09852,SYN-CUST-0012
SYN-09853,SYN-CUST-0573
SYN-09854,SYN-CUST-1134
SYN-09855,SYN-CUST-1695
SYN-09856,SYN-CUST-2256
SYN-09857,SYN-CUST-2817
SYN-09858,SYN-CUST-0178
SYN-09859,SYN-CUST-0739
SYN-09860,SYN-CUST-1300
SYN-09861,SYN-CUST-1861
SYN-09862,SYN-CUST-2422
SYN-09863,SYN-CUST-2983
SYN-09864,SYN-CUST-0344
SYN-09865,SYN-CUST-0905
SYN-09866,SYN-CUST-1466
SYN-09867,SYN-CUST-2027
SYN-09868,SYN-CUST-2588
SYN-09869,SYN-CUST-3149
SYN-09870,SYN-CUST-0510
SYN-09871,SYN-CUST-1071
SYN-09872,SYN-CUST-1632
SYN-09873,SYN-CUST-2193
SYN-09874,SYN-CUST-2754
SYN-09875,SYN-CUST-0115
SYN-09876,SYN-CUST-0676
SYN-09877,SYN-CUST-1237
SYN-09878,SYN-CUST-1798
SYN-09879,SYN-CUST-2359
SYN-09880,SYN-CUST-2920
SYN-09881,SYN-CUST-0281
SYN-09882,SYN-CUST-0842
SYN-09883,SYN-CUST-1403
SYN-09884,SYN-CUST-1964
SYN-09885,SYN-CUST-2525
SYN-09886,SYN-CUST-3086
SYN-09887,SYN-CUST-0447
SYN-09888,SYN-CUST-1008
SYN-09889,SYN-CUST-1569
SYN-09890,SYN-CUST-2130
SYN-09891,SYN-CUST-2691
SYN-09892,SYN-CUST-0052
SYN-09893,SYN-CUST-0613
SYN-09894,SYN-CUST-1174
SYN-09895,SYN-CUST-1735
SYN-09896,SYN-CUST-2296
SYN-09897,SYN-CUST-2857
SYN-09898,SYN-CUST-0218
SYN-09899,SYN-CUST-0779
SYN-09900,SYN-CUST-1340
SYN-09901,SYN-CUST-1901
SYN-09902,SYN-CUST-2462
SYN-09903,SYN-CUST-3023
SYN-09904,SYN-CUST-0384
SYN-09905,SYN-CUST-0945
SYN-09906,SYN-CUST-1506
SYN-09907,SYN-CUST-2067
SYN-09908,SYN-CUST-2628
SYN-09909,SYN-CUST-3189
SYN-09910,SYN-CUST-0550
SYN-09911,SYN-CUST-1111
SYN-09912,SYN-CUST-1672
SYN-09913,SYN-CUST-2233
SYN-09914,SYN-CUST-2794
SYN-09915,SYN-CUST-0155
SYN-09916,SYN-CUST-0716
SYN-09917,SYN-CUST-1277
SYN-09918,SYN-CUST-1838
SYN-09919,SYN-CUST-2399
SYN-09920,SYN-CUST-2960
SYN-09921,SYN-CUST-0321
SYN-09922,SYN-CUST-0882
SYN-09923,SYN-CUST-1443
SYN-09924,SYN-CUST-2004
SYN-09925,SYN-CUST-2565
SYN-09926,SYN-CUST-3126
SYN-09927,SYN-CUST-0487
SYN-09928,SYN-CUST-1048
SYN-09929,SYN-CUST-1609
SYN-09930,SYN-CUST-2170
SYN-09931,SYN-CUST-2731
SYN-09932,SYN-CUST-0092
SYN-09933,SYN-CUST-0653
SYN-09934,SYN-CUST-1214
SYN-09935,SYN-CUST-1775
SYN-09936,SYN-CUST-2336
SYN-09937,SYN-CUST-2897
SYN-09938,SYN-CUST-0258
SYN-09939,SYN-CUST-0819
SYN-09940,SYN-CUST-1380
SYN-09941,SYN-CUST-1941
SYN-09942,SYN-CUST-2502
SYN-09943,SYN-CUST-3063
SYN-09944,SYN-CUST-0424
SYN-09945,SYN-CUST-0985
SYN-09946,SYN-CUST-1546
SYN-09947,SYN-CUST-2107
SYN-09948,SYN-CUST-2668
SYN-09949,SYN-CUST-0029
SYN-09950,SYN-CUST-0590
SYN-09951,SYN-CUST-1151
SYN-09952,SYN-CUST-1712
SYN-09953,SYN-CUST-2273
SYN-09954,SYN-CUST-2834
SYN-09955,SYN-CUST-0195
SYN-09956,SYN-CUST-0756
SYN-09957,SYN-CUST-1317
SYN-09958,SYN-CUST-1878
SYN-09959,SYN-CUST-2439
SYN-09960,SYN-CUST-3000
SYN-09961,SYN-CUST-0361
SYN-09962,SYN-CUST-0922
SYN-09963,SYN-CUST-1483
SYN-09964,SYN-CUST-2044
SYN-09965,SYN-CUST-2605
SYN-09966,SYN-CUST-3166
SYN-09967,SYN-CUST-0527
SYN-09968,SYN-CUST-1088
SYN-09969,SYN-CUST-1649
SYN-09970,SYN-CUST-2210
SYN-09971,SYN-CUST-2771
SYN-09972,SYN-CUST-0132
SYN-09973,SYN-CUST-0693
SYN-09974,SYN-CUST-1254
SYN-09975,SYN-CUST-1815
SYN-09976,SYN-CUST-2376
SYN-09977,SYN-CUST-2937
SYN-09978,SYN-CUST-0298
SYN-09979,SYN-CUST-0859
SYN-09980,SYN-CUST-1420
SYN-09981,SYN-CUST-1981
SYN-09982,SYN-CUST-2542
SYN-09983,SYN-CUST-3103
SYN-09984,SYN-CUST-0464
SYN-09985,SYN-CUST-1025
SYN-09986,SYN-CUST-1586
SYN-09987,SYN-CUST-2147
SYN-09988,SYN-CUST-2708
SYN-09989,SYN-CUST-0069
SYN-09990,SYN-CUST-0630
SYN-09991,SYN-CUST-1191
SYN-09992,SYN-CUST-1752
SYN-09993,SYN-CUST-2313
SYN-09994,SYN-CUST-2874
SYN-09995,SYN-CUST-0235
SYN-09996,SYN-CUST-0796
SYN-09997,SYN-CUST-1357
SYN-09998,SYN-CUST-1918
SYN-09999,SYN-CUST-2479
SYN-10000,SYN-CUST-3040
