source_row_number,split_label,source_currency
1,development,USD
2,development,USD
3,validation,USD
4,validation,USD
5,future_holdout,USD
6,validation,USD
7,development,USD
8,validation,USD
9,validation,USD
10,development,USD
11,future_holdout,USD
12,development,USD
13,validation,USD
14,future_holdout,USD
15,validation,USD
16,development,USD
17,development,USD
18,future_holdout,USD
19,future_holdout,USD
20,future_holdout,USD
21,development,USD
22,development,USD
23,development,USD
24,validation,USD
25,development,USD
26,development,USD
27,validation,USD
28,development,USD
29,development,USD
30,development,USD
31,development,USD
32,future_holdout,USD
33,validation,USD
34,development,USD
35,development,USD
36,validation,USD
37,validation,USD
38,future_holdout,USD
39,future_holdout,USD
40,validation,USD
41,validation,USD
42,development,USD
43,future_holdout,USD
44,development,USD
45,validation,USD
46,development,USD
47,development,USD
48,development,USD
49,validation,USD
50,future_holdout,USD
51,development,USD
52,validation,USD
53,development,USD
54,future_holdout,USD
55,development,USD
56,validation,USD
57,development,USD
58,validation,USD
59,future_holdout,USD
60,future_holdout,USD
61,future_holdout,USD
62,development,USD
63,future_holdout,USD
64,future_holdout,USD
65,development,USD
66,development,USD
67,future_holdout,USD
68,development,USD
69,validation,USD
70,future_holdout,USD
71,validation,USD
72,future_holdout,USD
73,development,USD
74,validation,USD
75,development,USD
76,future_holdout,USD
77,development,USD
78,development,USD
79,validation,USD
80,validation,USD
81,future_holdout,USD
82,validation,USD
83,development,USD
84,development,USD
85,future_holdout,USD
86,development,USD
87,validation,USD
88,validation,USD
89,future_holdout,USD
90,development,USD
91,validation,USD
92,future_holdout,USD
93,development,USD
94,future_holdout,USD
95,validation,USD
96,validation,USD
97,validation,USD
98,validation,USD
99,future_holdout,USD
100,development,USD
101,development,USD
102,development,USD
103,development,USD
104,validation,USD
105,future_holdout,USD
106,development,USD
107,development,USD
108,development,USD
109,future_holdout,USD
110,future_holdout,USD
111,future_holdout,USD
112,validation,USD
113,future_holdout,USD
114,development,USD
115,future_holdout,USD
116,validation,USD
117,development,USD
118,development,USD
119,development,USD
120,validation,USD
121,development,USD
122,validation,USD
123,validation,USD
124,validation,USD
125,future_holdout,USD
126,development,USD
127,development,USD
128,validation,USD
129,future_holdout,USD
130,validation,USD
131,validation,USD
132,validation,USD
133,development,USD
134,development,USD
135,future_holdout,USD
136,future_holdout,USD
137,development,USD
138,development,USD
139,validation,USD
140,future_holdout,USD
141,validation,USD
142,validation,USD
143,development,USD
144,validation,USD
145,development,USD
146,future_holdout,USD
147,development,USD
148,development,USD
149,validation,USD
150,future_holdout,USD
151,development,USD
152,development,USD
153,development,USD
154,development,USD
155,future_holdout,USD
156,validation,USD
157,development,USD
158,validation,USD
159,future_holdout,USD
160,development,USD
161,development,USD
162,future_holdout,USD
163,development,USD
164,development,USD
165,future_holdout,USD
166,development,USD
167,future_holdout,USD
168,development,USD
169,validation,USD
170,development,USD
171,future_holdout,USD
172,development,USD
173,validation,USD
174,future_holdout,USD
175,future_holdout,USD
176,future_holdout,USD
177,validation,USD
178,future_holdout,USD
179,development,USD
180,validation,USD
181,validation,USD
182,future_holdout,USD
183,future_holdout,USD
184,development,USD
185,development,USD
186,validation,USD
187,future_holdout,USD
188,validation,USD
189,development,USD
190,future_holdout,USD
191,validation,USD
192,development,USD
193,future_holdout,USD
194,development,USD
195,development,USD
196,future_holdout,USD
197,validation,USD
198,development,USD
199,development,USD
200,validation,USD
201,development,USD
202,validation,USD
203,future_holdout,USD
204,future_holdout,USD
205,validation,USD
206,development,USD
207,development,USD
208,future_holdout,USD
209,development,USD
210,development,USD
211,future_holdout,USD
212,development,USD
213,development,USD
214,development,USD
215,validation,USD
216,future_holdout,USD
217,development,USD
218,development,USD
219,development,USD
220,development,USD
221,validation,USD
222,development,USD
223,future_holdout,USD
224,future_holdout,USD
225,validation,USD
226,development,USD
227,development,USD
228,future_holdout,USD
229,development,USD
230,future_holdout,USD
231,development,USD
232,development,USD
233,validation,USD
234,future_holdout,USD
235,development,USD
236,future_holdout,USD
237,development,USD
238,validation,USD
239,development,USD
240,development,USD
241,validation,USD
242,future_holdout,USD
243,future_holdout,USD
244,validation,USD
245,validation,USD
246,validation,USD
247,validation,USD
248,validation,USD
249,development,USD
250,development,USD
251,validation,USD
252,future_holdout,USD
253,validation,USD
254,future_holdout,USD
255,validation,USD
256,development,USD
257,development,USD
258,development,USD
259,development,USD
260,validation,USD
261,future_holdout,USD
262,development,USD
263,development,USD
264,future_holdout,USD
265,future_holdout,USD
266,future_holdout,USD
267,development,USD
268,future_holdout,USD
269,future_holdout,USD
270,development,USD
271,development,USD
272,development,USD
273,future_holdout,USD
274,future_holdout,USD
275,future_holdout,USD
276,future_holdout,USD
277,development,USD
278,development,USD
279,development,USD
280,validation,USD
281,validation,USD
282,development,USD
283,development,USD
284,future_holdout,USD
285,development,USD
286,development,USD
287,development,USD
288,development,USD
289,development,USD
290,future_holdout,USD
291,future_holdout,USD
292,development,USD
293,validation,USD
294,development,USD
295,development,USD
296,development,USD
297,validation,USD
298,future_holdout,USD
299,development,USD
300,development,USD
301,development,USD
302,development,USD
303,development,USD
304,future_holdout,USD
305,development,USD
306,development,USD
307,development,USD
308,development,USD
309,development,USD
310,development,USD
311,development,USD
312,validation,USD
313,development,USD
314,validation,USD
315,future_holdout,USD
316,development,USD
317,validation,USD
318,development,USD
319,future_holdout,USD
320,development,USD
321,development,USD
322,development,USD
323,development,USD
324,validation,USD
325,development,USD
326,development,USD
327,validation,USD
328,future_holdout,USD
329,development,USD
330,future_holdout,USD
331,development,USD
332,future_holdout,USD
333,development,USD
334,development,USD
335,future_holdout,USD
336,development,USD
337,development,USD
338,development,USD
339,validation,USD
340,validation,USD
341,development,USD
342,development,USD
343,development,USD
344,development,USD
345,future_holdout,USD
346,development,USD
347,development,USD
348,validation,USD
349,development,USD
350,future_holdout,USD
351,validation,USD
352,future_holdout,USD
353,development,USD
354,development,USD
355,development,USD
356,validation,USD
357,development,USD
358,development,USD
359,future_holdout,USD
360,development,USD
361,validation,USD
362,future_holdout,USD
363,development,USD
364,development,USD
365,validation,USD
366,validation,USD
367,development,USD
368,future_holdout,USD
369,future_holdout,USD
370,future_holdout,USD
371,development,USD
372,validation,USD
373,validation,USD
374,validation,USD
375,validation,USD
376,validation,USD
377,development,USD
378,development,USD
379,future_holdout,USD
380,future_holdout,USD
381,development,USD
382,validation,USD
383,development,USD
384,development,USD
385,development,USD
386,future_holdout,USD
387,validation,USD
388,development,USD
389,validation,USD
390,development,USD
391,development,USD
392,development,USD
393,future_holdout,USD
394,future_holdout,USD
395,development,USD
396,validation,USD
397,development,USD
398,future_holdout,USD
399,development,USD
400,future_holdout,USD
401,development,USD
402,validation,USD
403,development,USD
404,future_holdout,USD
405,validation,USD
406,development,USD
407,validation,USD
408,future_holdout,USD
409,validation,USD
410,validation,USD
411,validation,USD
412,development,USD
413,future_holdout,USD
414,development,USD
415,development,USD
416,validation,USD
417,validation,USD
418,validation,USD
419,future_holdout,USD
420,validation,USD
421,validation,USD
422,validation,USD
423,development,USD
424,development,USD
425,validation,USD
426,development,USD
427,development,USD
428,future_holdout,USD
429,development,USD
430,development,USD
431,development,USD
432,future_holdout,USD
433,future_holdout,USD
434,development,USD
435,development,USD
436,future_holdout,USD
437,validation,USD
438,validation,USD
439,development,USD
440,development,USD
441,future_holdout,USD
442,future_holdout,USD
443,future_holdout,USD
444,development,USD
445,future_holdout,USD
446,validation,USD
447,validation,USD
448,future_holdout,USD
449,development,USD
450,validation,USD
451,future_holdout,USD
452,future_holdout,USD
453,development,USD
454,future_holdout,USD
455,development,USD
456,validation,USD
457,validation,USD
458,future_holdout,USD
459,development,USD
460,development,USD
461,development,USD
462,future_holdout,USD
463,development,USD
464,validation,USD
465,development,USD
466,future_holdout,USD
467,development,USD
468,validation,USD
469,future_holdout,USD
470,validation,USD
471,future_holdout,USD
472,development,USD
473,development,USD
474,validation,USD
475,development,USD
476,development,USD
477,development,USD
478,development,USD
479,validation,USD
480,validation,USD
481,development,USD
482,development,USD
483,development,USD
484,validation,USD
485,validation,USD
486,validation,USD
487,validation,USD
488,development,USD
489,future_holdout,USD
490,development,USD
491,development,USD
492,development,USD
493,validation,USD
494,development,USD
495,validation,USD
496,development,USD
497,validation,USD
498,development,USD
499,development,USD
500,development,USD
501,development,USD
502,development,USD
503,development,USD
504,validation,USD
505,development,USD
506,future_holdout,USD
507,development,USD
508,validation,USD
509,validation,USD
510,development,USD
511,future_holdout,USD
512,development,USD
513,validation,USD
514,development,USD
515,development,USD
516,future_holdout,USD
517,validation,USD
518,future_holdout,USD
519,development,USD
520,development,USD
521,future_holdout,USD
522,development,USD
523,development,USD
524,development,USD
525,future_holdout,USD
526,validation,USD
527,validation,USD
528,development,USD
529,development,USD
530,development,USD
531,future_holdout,USD
532,development,USD
533,validation,USD
534,future_holdout,USD
535,development,USD
536,validation,USD
537,development,USD
538,future_holdout,USD
539,development,USD
540,validation,USD
541,development,USD
542,validation,USD
543,future_holdout,USD
544,validation,USD
545,validation,USD
546,future_holdout,USD
547,future_holdout,USD
548,validation,USD
549,future_holdout,USD
550,validation,USD
551,development,USD
552,development,USD
553,development,USD
554,future_holdout,USD
555,development,USD
556,validation,USD
557,future_holdout,USD
558,validation,USD
559,development,USD
560,validation,USD
561,future_holdout,USD
562,development,USD
563,future_holdout,USD
564,future_holdout,USD
565,validation,USD
566,development,USD
567,validation,USD
568,validation,USD
569,development,USD
570,future_holdout,USD
571,validation,USD
572,development,USD
573,future_holdout,USD
574,development,USD
575,future_holdout,USD
576,future_holdout,USD
577,future_holdout,USD
578,development,USD
579,development,USD
580,development,USD
581,development,USD
582,development,USD
583,development,USD
584,development,USD
585,development,USD
586,future_holdout,USD
587,development,USD
588,future_holdout,USD
589,development,USD
590,development,USD
591,development,USD
592,validation,USD
593,validation,USD
594,future_holdout,USD
595,development,USD
596,future_holdout,USD
597,validation,USD
598,development,USD
599,validation,USD
600,development,USD
601,validation,USD
602,future_holdout,USD
603,development,USD
604,validation,USD
605,future_holdout,USD
606,development,USD
607,development,USD
608,future_holdout,USD
609,future_holdout,USD
610,future_holdout,USD
611,development,USD
612,future_holdout,USD
613,future_holdout,USD
614,development,USD
615,validation,USD
616,validation,USD
617,future_holdout,USD
618,validation,USD
619,future_holdout,USD
620,development,USD
621,development,USD
622,future_holdout,USD
623,future_holdout,USD
624,future_holdout,USD
625,development,USD
626,development,USD
627,development,USD
628,future_holdout,USD
629,development,USD
630,future_holdout,USD
631,validation,USD
632,development,USD
633,validation,USD
634,validation,USD
635,validation,USD
636,development,USD
637,development,USD
638,future_holdout,USD
639,future_holdout,USD
640,development,USD
641,development,USD
642,development,USD
643,development,USD
644,future_holdout,USD
645,development,USD
646,development,USD
647,future_holdout,USD
648,future_holdout,USD
649,validation,USD
650,validation,USD
651,validation,USD
652,future_holdout,USD
653,development,USD
654,future_holdout,USD
655,future_holdout,USD
656,future_holdout,USD
657,development,USD
658,development,USD
659,development,USD
660,development,USD
661,development,USD
662,development,USD
663,validation,USD
664,development,USD
665,development,USD
666,development,USD
667,development,USD
668,development,USD
669,validation,USD
670,development,USD
671,development,USD
672,development,USD
673,future_holdout,USD
674,development,USD
675,validation,USD
676,development,USD
677,development,USD
678,future_holdout,USD
679,validation,USD
680,validation,USD
681,validation,USD
682,future_holdout,USD
683,development,USD
684,future_holdout,USD
685,development,USD
686,development,USD
687,development,USD
688,development,USD
689,development,USD
690,validation,USD
691,development,USD
692,development,USD
693,development,USD
694,development,USD
695,development,USD
696,future_holdout,USD
697,development,USD
698,future_holdout,USD
699,development,USD
700,development,USD
701,future_holdout,USD
702,development,USD
703,development,USD
704,future_holdout,USD
705,future_holdout,USD
706,development,USD
707,future_holdout,USD
708,development,USD
709,validation,USD
710,validation,USD
711,development,USD
712,development,USD
713,development,USD
714,development,USD
715,future_holdout,USD
716,development,USD
717,development,USD
718,development,USD
719,development,USD
720,future_holdout,USD
721,development,USD
722,validation,USD
723,development,USD
724,future_holdout,USD
725,development,USD
726,development,USD
727,development,USD
728,validation,USD
729,development,USD
730,validation,USD
731,development,USD
732,development,USD
733,development,USD
734,development,USD
735,future_holdout,USD
736,future_holdout,USD
737,development,USD
738,development,USD
739,development,USD
740,development,USD
741,future_holdout,USD
742,development,USD
743,future_holdout,USD
744,development,USD
745,future_holdout,USD
746,validation,USD
747,future_holdout,USD
748,future_holdout,USD
749,development,USD
750,validation,USD
751,development,USD
752,development,USD
753,validation,USD
754,development,USD
755,development,USD
756,development,USD
757,future_holdout,USD
758,development,USD
759,future_holdout,USD
760,validation,USD
761,future_holdout,USD
762,validation,USD
763,future_holdout,USD
764,development,USD
765,future_holdout,USD
766,validation,USD
767,validation,USD
768,development,USD
769,development,USD
770,development,USD
771,validation,USD
772,development,USD
773,development,USD
774,validation,USD
775,development,USD
776,future_holdout,USD
777,validation,USD
778,validation,USD
779,development,USD
780,validation,USD
781,development,USD
782,development,USD
783,validation,USD
784,development,USD
785,development,USD
786,future_holdout,USD
787,development,USD
788,development,USD
789,validation,USD
790,future_holdout,USD
791,validation,USD
792,future_holdout,USD
793,development,USD
794,development,USD
795,development,USD
796,development,USD
797,validation,USD
798,validation,USD
799,development,USD
800,development,USD
801,future_holdout,USD
802,future_holdout,USD
803,development,USD
804,future_holdout,USD
805,development,USD
806,development,USD
807,development,USD
808,development,USD
809,development,USD
810,development,USD
811,future_holdout,USD
812,development,USD
813,development,USD
814,development,USD
815,development,USD
816,development,USD
817,future_holdout,USD
818,future_holdout,USD
819,validation,USD
820,development,USD
821,validation,USD
822,development,USD
823,validation,USD
824,development,USD
825,future_holdout,USD
826,validation,USD
827,development,USD
828,development,USD
829,development,USD
830,development,USD
831,development,USD
832,development,USD
833,validation,USD
834,future_holdout,USD
835,development,USD
836,development,USD
837,development,USD
838,development,USD
839,validation,USD
840,development,USD
841,future_holdout,USD
842,future_holdout,USD
843,validation,USD
844,development,USD
845,development,USD
846,validation,USD
847,development,USD
848,future_holdout,USD
849,future_holdout,USD
850,development,USD
851,development,USD
852,validation,USD
853,development,USD
854,development,USD
855,development,USD
856,validation,USD
857,development,USD
858,development,USD
859,development,USD
860,development,USD
861,development,USD
862,validation,USD
863,development,USD
864,validation,USD
865,development,USD
866,future_holdout,USD
867,validation,USD
868,development,USD
869,development,USD
870,validation,USD
871,development,USD
872,future_holdout,USD
873,development,USD
874,future_holdout,USD
875,development,USD
876,future_holdout,USD
877,validation,USD
878,validation,USD
879,development,USD
880,future_holdout,USD
881,validation,USD
882,future_holdout,USD
883,development,USD
884,validation,USD
885,development,USD
886,development,USD
887,future_holdout,USD
888,development,USD
889,future_holdout,USD
890,future_holdout,USD
891,validation,USD
892,development,USD
893,future_holdout,USD
894,development,USD
895,future_holdout,USD
896,future_holdout,USD
897,validation,USD
898,development,USD
899,validation,USD
900,future_holdout,USD
901,development,USD
902,development,USD
903,future_holdout,USD
904,development,USD
905,development,USD
906,validation,USD
907,future_holdout,USD
908,development,USD
909,development,USD
910,development,USD
911,validation,USD
912,development,USD
913,future_holdout,USD
914,development,USD
915,future_holdout,USD
916,future_holdout,USD
917,development,USD
918,development,USD
919,development,USD
920,validation,USD
921,development,USD
922,future_holdout,USD
923,development,USD
924,development,USD
925,development,USD
926,validation,USD
927,validation,USD
928,development,USD
929,development,USD
930,development,USD
931,development,USD
932,development,USD
933,future_holdout,USD
934,development,USD
935,validation,USD
936,development,USD
937,development,USD
938,development,USD
939,future_holdout,USD
940,development,USD
941,validation,USD
942,development,USD
943,future_holdout,USD
944,future_holdout,USD
945,future_holdout,USD
946,future_holdout,USD
947,development,USD
948,future_holdout,USD
949,development,USD
950,future_holdout,USD
951,future_holdout,USD
952,validation,USD
953,development,USD
954,validation,USD
955,development,USD
956,development,USD
957,development,USD
958,future_holdout,USD
959,development,USD
960,development,USD
961,development,USD
962,development,USD
963,development,USD
964,future_holdout,USD
965,future_holdout,USD
966,future_holdout,USD
967,future_holdout,USD
968,future_holdout,USD
969,future_holdout,USD
970,development,USD
971,development,USD
972,future_holdout,USD
973,development,USD
974,development,USD
975,development,USD
976,development,USD
977,validation,USD
978,future_holdout,USD
979,development,USD
980,future_holdout,USD
981,development,USD
982,validation,USD
983,development,USD
984,development,USD
985,development,USD
986,validation,USD
987,development,USD
988,development,USD
989,development,USD
990,development,USD
991,future_holdout,USD
992,development,USD
993,development,USD
994,development,USD
995,development,USD
996,future_holdout,USD
997,development,USD
998,development,USD
999,future_holdout,USD
1000,development,USD
1001,development,USD
1002,development,USD
1003,development,USD
1004,validation,USD
1005,development,USD
1006,validation,USD
1007,future_holdout,USD
1008,development,USD
1009,development,USD
1010,future_holdout,USD
1011,development,USD
1012,validation,USD
1013,future_holdout,USD
1014,development,USD
1015,future_holdout,USD
1016,development,USD
1017,development,USD
1018,development,USD
1019,future_holdout,USD
1020,validation,USD
1021,future_holdout,USD
1022,development,USD
1023,validation,USD
1024,future_holdout,USD
1025,development,USD
1026,validation,USD
1027,development,USD
1028,future_holdout,USD
1029,future_holdout,USD
1030,development,USD
1031,development,USD
1032,development,USD
1033,future_holdout,USD
1034,development,USD
1035,validation,USD
1036,development,USD
1037,development,USD
1038,validation,USD
1039,development,USD
1040,development,USD
1041,development,USD
1042,validation,USD
1043,future_holdout,USD
1044,future_holdout,USD
1045,development,USD
1046,development,USD
1047,development,USD
1048,future_holdout,USD
1049,future_holdout,USD
1050,validation,USD
1051,future_holdout,USD
1052,development,USD
1053,validation,USD
1054,development,USD
1055,future_holdout,USD
1056,development,USD
1057,development,USD
1058,development,USD
1059,future_holdout,USD
1060,future_holdout,USD
1061,development,USD
1062,development,USD
1063,validation,USD
1064,validation,USD
1065,validation,USD
1066,future_holdout,USD
1067,development,USD
1068,validation,USD
1069,development,USD
1070,validation,USD
1071,future_holdout,USD
1072,development,USD
1073,development,USD
1074,future_holdout,USD
1075,future_holdout,USD
1076,development,USD
1077,future_holdout,USD
1078,future_holdout,USD
1079,development,USD
1080,future_holdout,USD
1081,development,USD
1082,validation,USD
1083,validation,USD
1084,development,USD
1085,development,USD
1086,future_holdout,USD
1087,future_holdout,USD
1088,future_holdout,USD
1089,future_holdout,USD
1090,development,USD
1091,future_holdout,USD
1092,development,USD
1093,development,USD
1094,development,USD
1095,future_holdout,USD
1096,future_holdout,USD
1097,future_holdout,USD
1098,development,USD
1099,development,USD
1100,future_holdout,USD
1101,development,USD
1102,development,USD
1103,development,USD
1104,future_holdout,USD
1105,validation,USD
1106,development,USD
1107,validation,USD
1108,validation,USD
1109,future_holdout,USD
1110,future_holdout,USD
1111,validation,USD
1112,future_holdout,USD
1113,future_holdout,USD
1114,development,USD
1115,future_holdout,USD
1116,development,USD
1117,future_holdout,USD
1118,development,USD
1119,validation,USD
1120,future_holdout,USD
1121,development,USD
1122,validation,USD
1123,future_holdout,USD
1124,validation,USD
1125,development,USD
1126,future_holdout,USD
1127,development,USD
1128,future_holdout,USD
1129,development,USD
1130,development,USD
1131,future_holdout,USD
1132,development,USD
1133,development,USD
1134,development,USD
1135,development,USD
1136,validation,USD
1137,validation,USD
1138,validation,USD
1139,development,USD
1140,development,USD
1141,development,USD
1142,validation,USD
1143,future_holdout,USD
1144,development,USD
1145,validation,USD
1146,validation,USD
1147,future_holdout,USD
1148,validation,USD
1149,validation,USD
1150,development,USD
1151,development,USD
1152,development,USD
1153,development,USD
1154,development,USD
1155,development,USD
1156,development,USD
1157,future_holdout,USD
1158,future_holdout,USD
1159,validation,USD
1160,development,USD
1161,future_holdout,USD
1162,future_holdout,USD
1163,development,USD
1164,development,USD
1165,development,USD
1166,development,USD
1167,development,USD
1168,future_holdout,USD
1169,validation,USD
1170,future_holdout,USD
1171,future_holdout,USD
1172,future_holdout,USD
1173,future_holdout,USD
1174,development,USD
1175,development,USD
1176,future_holdout,USD
1177,future_holdout,USD
1178,development,USD
1179,future_holdout,USD
1180,development,USD
1181,validation,USD
1182,future_holdout,USD
1183,validation,USD
1184,future_holdout,USD
1185,development,USD
1186,development,USD
1187,development,USD
1188,validation,USD
1189,development,USD
1190,development,USD
1191,development,USD
1192,validation,USD
1193,validation,USD
1194,future_holdout,USD
1195,future_holdout,USD
1196,development,USD
1197,development,USD
1198,future_holdout,USD
1199,validation,USD
1200,future_holdout,USD
1201,validation,USD
1202,development,USD
1203,development,USD
1204,development,USD
1205,future_holdout,USD
1206,future_holdout,USD
1207,future_holdout,USD
1208,development,USD
1209,development,USD
1210,development,USD
1211,validation,USD
1212,development,USD
1213,development,USD
1214,future_holdout,USD
1215,development,USD
1216,development,USD
1217,development,USD
1218,development,USD
1219,development,USD
1220,development,USD
1221,development,USD
1222,validation,USD
1223,development,USD
1224,development,USD
1225,validation,USD
1226,development,USD
1227,future_holdout,USD
1228,development,USD
1229,development,USD
1230,validation,USD
1231,development,USD
1232,development,USD
1233,future_holdout,USD
1234,future_holdout,USD
1235,future_holdout,USD
1236,development,USD
1237,validation,USD
1238,development,USD
1239,development,USD
1240,development,USD
1241,development,USD
1242,validation,USD
1243,development,USD
1244,future_holdout,USD
1245,future_holdout,USD
1246,development,USD
1247,future_holdout,USD
1248,development,USD
1249,future_holdout,USD
1250,development,USD
1251,development,USD
1252,validation,USD
1253,development,USD
1254,validation,USD
1255,development,USD
1256,development,USD
1257,development,USD
1258,development,USD
1259,development,USD
1260,validation,USD
1261,development,USD
1262,validation,USD
1263,development,USD
1264,development,USD
1265,validation,USD
1266,validation,USD
1267,development,USD
1268,future_holdout,USD
1269,development,USD
1270,development,USD
1271,validation,USD
1272,development,USD
1273,validation,USD
1274,validation,USD
1275,development,USD
1276,future_holdout,USD
1277,development,USD
1278,validation,USD
1279,development,USD
1280,future_holdout,USD
1281,future_holdout,USD
1282,validation,USD
1283,development,USD
1284,development,USD
1285,development,USD
1286,development,USD
1287,validation,USD
1288,future_holdout,USD
1289,development,USD
1290,development,USD
1291,future_holdout,USD
1292,validation,USD
1293,development,USD
1294,development,USD
1295,development,USD
1296,future_holdout,USD
1297,development,USD
1298,development,USD
1299,development,USD
1300,future_holdout,USD
1301,development,USD
1302,development,USD
1303,validation,USD
1304,validation,USD
1305,future_holdout,USD
1306,validation,USD
1307,development,USD
1308,development,USD
1309,development,USD
1310,development,USD
1311,development,USD
1312,future_holdout,USD
1313,development,USD
1314,development,USD
1315,development,USD
1316,future_holdout,USD
1317,development,USD
1318,validation,USD
1319,future_holdout,USD
1320,development,USD
1321,validation,USD
1322,development,USD
1323,development,USD
1324,development,USD
1325,validation,USD
1326,future_holdout,USD
1327,future_holdout,USD
1328,validation,USD
1329,development,USD
1330,future_holdout,USD
1331,validation,USD
1332,development,USD
1333,validation,USD
1334,validation,USD
1335,development,USD
1336,development,USD
1337,future_holdout,USD
1338,development,USD
1339,development,USD
1340,future_holdout,USD
1341,future_holdout,USD
1342,future_holdout,USD
1343,validation,USD
1344,validation,USD
1345,future_holdout,USD
1346,development,USD
1347,development,USD
1348,development,USD
1349,development,USD
1350,future_holdout,USD
1351,validation,USD
1352,validation,USD
1353,development,USD
1354,future_holdout,USD
1355,development,USD
1356,development,USD
1357,validation,USD
1358,development,USD
1359,development,USD
1360,future_holdout,USD
1361,validation,USD
1362,development,USD
1363,future_holdout,USD
1364,development,USD
1365,development,USD
1366,development,USD
1367,development,USD
1368,future_holdout,USD
1369,development,USD
1370,development,USD
1371,future_holdout,USD
1372,future_holdout,USD
1373,future_holdout,USD
1374,development,USD
1375,validation,USD
1376,development,USD
1377,future_holdout,USD
1378,development,USD
1379,future_holdout,USD
1380,development,USD
1381,validation,USD
1382,development,USD
1383,future_holdout,USD
1384,validation,USD
1385,development,USD
1386,development,USD
1387,development,USD
1388,validation,USD
1389,development,USD
1390,development,USD
1391,development,USD
1392,future_holdout,USD
1393,future_holdout,USD
1394,validation,USD
1395,development,USD
1396,development,USD
1397,validation,USD
1398,validation,USD
1399,development,USD
1400,future_holdout,USD
1401,validation,USD
1402,validation,USD
1403,development,USD
1404,future_holdout,USD
1405,development,USD
1406,development,USD
1407,future_holdout,USD
1408,development,USD
1409,development,USD
1410,future_holdout,USD
1411,validation,USD
1412,development,USD
1413,validation,USD
1414,future_holdout,USD
1415,future_holdout,USD
1416,validation,USD
1417,development,USD
1418,development,USD
1419,future_holdout,USD
1420,development,USD
1421,development,USD
1422,development,USD
1423,development,USD
1424,validation,USD
1425,future_holdout,USD
1426,development,USD
1427,validation,USD
1428,development,USD
1429,future_holdout,USD
1430,development,USD
1431,development,USD
1432,development,USD
1433,validation,USD
1434,development,USD
1435,validation,USD
1436,development,USD
1437,future_holdout,USD
1438,development,USD
1439,future_holdout,USD
1440,development,USD
1441,development,USD
1442,development,USD
1443,validation,USD
1444,validation,USD
1445,validation,USD
1446,future_holdout,USD
1447,development,USD
1448,future_holdout,USD
1449,development,USD
1450,validation,USD
1451,development,USD
1452,development,USD
1453,validation,USD
1454,validation,USD
1455,future_holdout,USD
1456,validation,USD
1457,development,USD
1458,future_holdout,USD
1459,development,USD
1460,development,USD
1461,development,USD
1462,development,USD
1463,development,USD
1464,future_holdout,USD
1465,development,USD
1466,development,USD
1467,development,USD
1468,future_holdout,USD
1469,validation,USD
1470,development,USD
1471,development,USD
1472,development,USD
1473,future_holdout,USD
1474,development,USD
1475,development,USD
1476,development,USD
1477,development,USD
1478,development,USD
1479,development,USD
1480,validation,USD
1481,validation,USD
1482,future_holdout,USD
1483,development,USD
1484,development,USD
1485,future_holdout,USD
1486,validation,USD
1487,development,USD
1488,development,USD
1489,development,USD
1490,validation,USD
1491,development,USD
1492,development,USD
1493,future_holdout,USD
1494,validation,USD
1495,validation,USD
1496,development,USD
1497,validation,USD
1498,validation,USD
1499,development,USD
1500,development,USD
1501,development,USD
1502,future_holdout,USD
1503,validation,USD
1504,future_holdout,USD
1505,development,USD
1506,development,USD
1507,development,USD
1508,development,USD
1509,validation,USD
1510,validation,USD
1511,validation,USD
1512,development,USD
1513,development,USD
1514,future_holdout,USD
1515,development,USD
1516,development,USD
1517,future_holdout,USD
1518,future_holdout,USD
1519,validation,USD
1520,development,USD
1521,validation,USD
1522,development,USD
1523,future_holdout,USD
1524,validation,USD
1525,development,USD
1526,development,USD
1527,development,USD
1528,development,USD
1529,development,USD
1530,validation,USD
1531,development,USD
1532,future_holdout,USD
1533,validation,USD
1534,future_holdout,USD
1535,development,USD
1536,development,USD
1537,development,USD
1538,development,USD
1539,future_holdout,USD
1540,development,USD
1541,validation,USD
1542,future_holdout,USD
1543,development,USD
1544,validation,USD
1545,development,USD
1546,future_holdout,USD
1547,development,USD
1548,validation,USD
1549,future_holdout,USD
1550,validation,USD
1551,development,USD
1552,validation,USD
1553,validation,USD
1554,development,USD
1555,validation,USD
1556,future_holdout,USD
1557,validation,USD
1558,validation,USD
1559,development,USD
1560,validation,USD
1561,development,USD
1562,development,USD
1563,future_holdout,USD
1564,development,USD
1565,development,USD
1566,future_holdout,USD
1567,validation,USD
1568,validation,USD
1569,validation,USD
1570,development,USD
1571,future_holdout,USD
1572,development,USD
1573,development,USD
1574,validation,USD
1575,validation,USD
1576,future_holdout,USD
1577,development,USD
1578,development,USD
1579,validation,USD
1580,future_holdout,USD
1581,validation,USD
1582,development,USD
1583,development,USD
1584,development,USD
1585,development,USD
1586,development,USD
1587,validation,USD
1588,future_holdout,USD
1589,future_holdout,USD
1590,development,USD
1591,development,USD
1592,development,USD
1593,development,USD
1594,future_holdout,USD
1595,development,USD
1596,validation,USD
1597,development,USD
1598,development,USD
1599,development,USD
1600,development,USD
1601,development,USD
1602,development,USD
1603,development,USD
1604,future_holdout,USD
1605,validation,USD
1606,validation,USD
1607,validation,USD
1608,development,USD
1609,development,USD
1610,development,USD
1611,validation,USD
1612,future_holdout,USD
1613,future_holdout,USD
1614,development,USD
1615,development,USD
1616,development,USD
1617,future_holdout,USD
1618,validation,USD
1619,development,USD
1620,development,USD
1621,development,USD
1622,development,USD
1623,development,USD
1624,development,USD
1625,development,USD
1626,development,USD
1627,development,USD
1628,future_holdout,USD
1629,development,USD
1630,validation,USD
1631,development,USD
1632,future_holdout,USD
1633,future_holdout,USD
1634,development,USD
1635,future_holdout,USD
1636,future_holdout,USD
1637,development,USD
1638,development,USD
1639,validation,USD
1640,validation,USD
1641,development,USD
1642,development,USD
1643,validation,USD
1644,development,USD
1645,validation,USD
1646,development,USD
1647,future_holdout,USD
1648,development,USD
1649,development,USD
1650,development,USD
1651,validation,USD
1652,development,USD
1653,future_holdout,USD
1654,future_holdout,USD
1655,development,USD
1656,future_holdout,USD
1657,future_holdout,USD
1658,development,USD
1659,development,USD
1660,validation,USD
1661,future_holdout,USD
1662,future_holdout,USD
1663,development,USD
1664,future_holdout,USD
1665,development,USD
1666,development,USD
1667,development,USD
1668,validation,USD
1669,development,USD
1670,development,USD
1671,development,USD
1672,future_holdout,USD
1673,future_holdout,USD
1674,validation,USD
1675,development,USD
1676,validation,USD
1677,future_holdout,USD
1678,validation,USD
1679,future_holdout,USD
1680,validation,USD
1681,future_holdout,USD
1682,future_holdout,USD
1683,development,USD
1684,development,USD
1685,validation,USD
1686,validation,USD
1687,development,USD
1688,validation,USD
1689,validation,USD
1690,development,USD
1691,development,USD
1692,validation,USD
1693,future_holdout,USD
1694,development,USD
1695,development,USD
1696,development,USD
1697,future_holdout,USD
1698,development,USD
1699,future_holdout,USD
1700,validation,USD
1701,future_holdout,USD
1702,development,USD
1703,development,USD
1704,future_holdout,USD
1705,validation,USD
1706,development,USD
1707,future_holdout,USD
1708,development,USD
1709,development,USD
1710,development,USD
1711,development,USD
1712,validation,USD
1713,validation,USD
1714,future_holdout,USD
1715,development,USD
1716,validation,USD
1717,validation,USD
1718,validation,USD
1719,development,USD
1720,validation,USD
1721,development,USD
1722,development,USD
1723,future_holdout,USD
1724,validation,USD
1725,validation,USD
1726,future_holdout,USD
1727,development,USD
1728,validation,USD
1729,future_holdout,USD
1730,development,USD
1731,future_holdout,USD
1732,development,USD
1733,development,USD
1734,development,USD
1735,validation,USD
1736,validation,USD
1737,development,USD
1738,development,USD
1739,future_holdout,USD
1740,development,USD
1741,development,USD
1742,validation,USD
1743,development,USD
1744,validation,USD
1745,development,USD
1746,development,USD
1747,future_holdout,USD
1748,future_holdout,USD
1749,future_holdout,USD
1750,future_holdout,USD
1751,future_holdout,USD
1752,future_holdout,USD
1753,validation,USD
1754,future_holdout,USD
1755,validation,USD
1756,development,USD
1757,development,USD
1758,validation,USD
1759,validation,USD
1760,validation,USD
1761,development,USD
1762,future_holdout,USD
1763,future_holdout,USD
1764,validation,USD
1765,development,USD
1766,development,USD
1767,future_holdout,USD
1768,development,USD
1769,future_holdout,USD
1770,development,USD
1771,validation,USD
1772,development,USD
1773,development,USD
1774,development,USD
1775,development,USD
1776,development,USD
1777,validation,USD
1778,development,USD
1779,future_holdout,USD
1780,validation,USD
1781,development,USD
1782,development,USD
1783,development,USD
1784,development,USD
1785,development,USD
1786,future_holdout,USD
1787,future_holdout,USD
1788,development,USD
1789,future_holdout,USD
1790,validation,USD
1791,development,USD
1792,development,USD
1793,development,USD
1794,future_holdout,USD
1795,future_holdout,USD
1796,validation,USD
1797,future_holdout,USD
1798,future_holdout,USD
1799,validation,USD
1800,future_holdout,USD
1801,validation,USD
1802,development,USD
1803,future_holdout,USD
1804,development,USD
1805,development,USD
1806,development,USD
1807,development,USD
1808,development,USD
1809,development,USD
1810,validation,USD
1811,development,USD
1812,validation,USD
1813,future_holdout,USD
1814,development,USD
1815,validation,USD
1816,development,USD
1817,validation,USD
1818,future_holdout,USD
1819,development,USD
1820,development,USD
1821,future_holdout,USD
1822,development,USD
1823,future_holdout,USD
1824,validation,USD
1825,development,USD
1826,validation,USD
1827,future_holdout,USD
1828,development,USD
1829,development,USD
1830,validation,USD
1831,validation,USD
1832,validation,USD
1833,future_holdout,USD
1834,development,USD
1835,development,USD
1836,development,USD
1837,development,USD
1838,development,USD
1839,validation,USD
1840,development,USD
1841,development,USD
1842,development,USD
1843,future_holdout,USD
1844,future_holdout,USD
1845,development,USD
1846,future_holdout,USD
1847,future_holdout,USD
1848,development,USD
1849,development,USD
1850,validation,USD
1851,development,USD
1852,development,USD
1853,validation,USD
1854,validation,USD
1855,development,USD
1856,development,USD
1857,development,USD
1858,future_holdout,USD
1859,development,USD
1860,validation,USD
1861,development,USD
1862,development,USD
1863,development,USD
1864,future_holdout,USD
1865,validation,USD
1866,development,USD
1867,validation,USD
1868,validation,USD
1869,future_holdout,USD
1870,development,USD
1871,development,USD
1872,future_holdout,USD
1873,validation,USD
1874,development,USD
1875,future_holdout,USD
1876,development,USD
1877,validation,USD
1878,validation,USD
1879,development,USD
1880,development,USD
1881,validation,USD
1882,development,USD
1883,development,USD
1884,validation,USD
1885,development,USD
1886,development,USD
1887,development,USD
1888,future_holdout,USD
1889,validation,USD
1890,future_holdout,USD
1891,development,USD
1892,validation,USD
1893,development,USD
1894,future_holdout,USD
1895,validation,USD
1896,future_holdout,USD
1897,development,USD
1898,validation,USD
1899,future_holdout,USD
1900,future_holdout,USD
1901,development,USD
1902,future_holdout,USD
1903,development,USD
1904,validation,USD
1905,development,USD
1906,validation,USD
1907,future_holdout,USD
1908,development,USD
1909,validation,USD
1910,development,USD
1911,development,USD
1912,development,USD
1913,validation,USD
1914,development,USD
1915,future_holdout,USD
1916,development,USD
1917,development,USD
1918,future_holdout,USD
1919,development,USD
1920,development,USD
1921,development,USD
1922,development,USD
1923,development,USD
1924,validation,USD
1925,future_holdout,USD
1926,validation,USD
1927,validation,USD
1928,validation,USD
1929,development,USD
1930,development,USD
1931,development,USD
1932,development,USD
1933,development,USD
1934,development,USD
1935,development,USD
1936,future_holdout,USD
1937,development,USD
1938,validation,USD
1939,development,USD
1940,development,USD
1941,development,USD
1942,future_holdout,USD
1943,validation,USD
1944,future_holdout,USD
1945,validation,USD
1946,development,USD
1947,development,USD
1948,development,USD
1949,development,USD
1950,development,USD
1951,validation,USD
1952,future_holdout,USD
1953,validation,USD
1954,development,USD
1955,development,USD
1956,development,USD
1957,validation,USD
1958,validation,USD
1959,development,USD
1960,future_holdout,USD
1961,future_holdout,USD
1962,future_holdout,USD
1963,future_holdout,USD
1964,future_holdout,USD
1965,future_holdout,USD
1966,development,USD
1967,development,USD
1968,development,USD
1969,validation,USD
1970,development,USD
1971,future_holdout,USD
1972,future_holdout,USD
1973,development,USD
1974,future_holdout,USD
1975,development,USD
1976,validation,USD
1977,development,USD
1978,future_holdout,USD
1979,future_holdout,USD
1980,future_holdout,USD
1981,development,USD
1982,development,USD
1983,development,USD
1984,future_holdout,USD
1985,development,USD
1986,validation,USD
1987,development,USD
1988,validation,USD
1989,validation,USD
1990,development,USD
1991,validation,USD
1992,development,USD
1993,development,USD
1994,development,USD
1995,development,USD
1996,development,USD
1997,validation,USD
1998,development,USD
1999,development,USD
2000,development,USD
2001,development,USD
2002,development,USD
2003,development,USD
2004,development,USD
2005,development,USD
2006,development,USD
2007,validation,USD
2008,development,USD
2009,development,USD
2010,development,USD
2011,future_holdout,USD
2012,development,USD
2013,future_holdout,USD
2014,future_holdout,USD
2015,validation,USD
2016,development,USD
2017,future_holdout,USD
2018,development,USD
2019,validation,USD
2020,validation,USD
2021,validation,USD
2022,development,USD
2023,development,USD
2024,validation,USD
2025,development,USD
2026,validation,USD
2027,validation,USD
2028,validation,USD
2029,development,USD
2030,validation,USD
2031,development,USD
2032,development,USD
2033,validation,USD
2034,validation,USD
2035,validation,USD
2036,future_holdout,USD
2037,development,USD
2038,validation,USD
2039,validation,USD
2040,validation,USD
2041,development,USD
2042,development,USD
2043,future_holdout,USD
2044,future_holdout,USD
2045,validation,USD
2046,development,USD
2047,validation,USD
2048,future_holdout,USD
2049,future_holdout,USD
2050,development,USD
2051,future_holdout,USD
2052,development,USD
2053,validation,USD
2054,future_holdout,USD
2055,development,USD
2056,future_holdout,USD
2057,future_holdout,USD
2058,future_holdout,USD
2059,development,USD
2060,validation,USD
2061,development,USD
2062,future_holdout,USD
2063,development,USD
2064,validation,USD
2065,validation,USD
2066,development,USD
2067,future_holdout,USD
2068,future_holdout,USD
2069,future_holdout,USD
2070,development,USD
2071,development,USD
2072,development,USD
2073,validation,USD
2074,development,USD
2075,future_holdout,USD
2076,development,USD
2077,future_holdout,USD
2078,future_holdout,USD
2079,development,USD
2080,development,USD
2081,development,USD
2082,development,USD
2083,development,USD
2084,validation,USD
2085,development,USD
2086,development,USD
2087,future_holdout,USD
2088,validation,USD
2089,future_holdout,USD
2090,future_holdout,USD
2091,development,USD
2092,future_holdout,USD
2093,development,USD
2094,development,USD
2095,development,USD
2096,future_holdout,USD
2097,development,USD
2098,validation,USD
2099,development,USD
2100,validation,USD
2101,future_holdout,USD
2102,future_holdout,USD
2103,validation,USD
2104,development,USD
2105,development,USD
2106,future_holdout,USD
2107,validation,USD
2108,validation,USD
2109,validation,USD
2110,development,USD
2111,development,USD
2112,development,USD
2113,future_holdout,USD
2114,development,USD
2115,development,USD
2116,validation,USD
2117,validation,USD
2118,development,USD
2119,development,USD
2120,validation,USD
2121,development,USD
2122,validation,USD
2123,development,USD
2124,validation,USD
2125,future_holdout,USD
2126,development,USD
2127,future_holdout,USD
2128,validation,USD
2129,future_holdout,USD
2130,validation,USD
2131,development,USD
2132,development,USD
2133,future_holdout,USD
2134,validation,USD
2135,development,USD
2136,development,USD
2137,validation,USD
2138,future_holdout,USD
2139,development,USD
2140,development,USD
2141,future_holdout,USD
2142,development,USD
2143,development,USD
2144,validation,USD
2145,future_holdout,USD
2146,development,USD
2147,development,USD
2148,development,USD
2149,future_holdout,USD
2150,development,USD
2151,validation,USD
2152,development,USD
2153,development,USD
2154,development,USD
2155,validation,USD
2156,future_holdout,USD
2157,future_holdout,USD
2158,development,USD
2159,validation,USD
2160,development,USD
2161,development,USD
2162,validation,USD
2163,development,USD
2164,development,USD
2165,validation,USD
2166,future_holdout,USD
2167,validation,USD
2168,development,USD
2169,future_holdout,USD
2170,validation,USD
2171,validation,USD
2172,validation,USD
2173,validation,USD
2174,validation,USD
2175,future_holdout,USD
2176,validation,USD
2177,future_holdout,USD
2178,validation,USD
2179,future_holdout,USD
2180,development,USD
2181,development,USD
2182,development,USD
2183,development,USD
2184,development,USD
2185,future_holdout,USD
2186,development,USD
2187,validation,USD
2188,development,USD
2189,development,USD
2190,development,USD
2191,validation,USD
2192,future_holdout,USD
2193,development,USD
2194,development,USD
2195,development,USD
2196,development,USD
2197,validation,USD
2198,validation,USD
2199,development,USD
2200,development,USD
2201,development,USD
2202,development,USD
2203,development,USD
2204,future_holdout,USD
2205,validation,USD
2206,future_holdout,USD
2207,future_holdout,USD
2208,future_holdout,USD
2209,development,USD
2210,development,USD
2211,development,USD
2212,future_holdout,USD
2213,validation,USD
2214,validation,USD
2215,future_holdout,USD
2216,development,USD
2217,development,USD
2218,development,USD
2219,validation,USD
2220,development,USD
2221,validation,USD
2222,future_holdout,USD
2223,future_holdout,USD
2224,development,USD
2225,future_holdout,USD
2226,development,USD
2227,development,USD
2228,development,USD
2229,development,USD
2230,validation,USD
2231,development,USD
2232,development,USD
2233,development,USD
2234,development,USD
2235,future_holdout,USD
2236,development,USD
2237,future_holdout,USD
2238,validation,USD
2239,future_holdout,USD
2240,future_holdout,USD
2241,development,USD
2242,future_holdout,USD
2243,future_holdout,USD
2244,development,USD
2245,future_holdout,USD
2246,future_holdout,USD
2247,development,USD
2248,development,USD
2249,development,USD
2250,validation,USD
2251,validation,USD
2252,validation,USD
2253,future_holdout,USD
2254,development,USD
2255,validation,USD
2256,development,USD
2257,development,USD
2258,future_holdout,USD
2259,development,USD
2260,future_holdout,USD
2261,development,USD
2262,validation,USD
2263,development,USD
2264,validation,USD
2265,development,USD
2266,development,USD
2267,development,USD
2268,future_holdout,USD
2269,validation,USD
2270,future_holdout,USD
2271,development,USD
2272,development,USD
2273,future_holdout,USD
2274,future_holdout,USD
2275,validation,USD
2276,development,USD
2277,development,USD
2278,future_holdout,USD
2279,future_holdout,USD
2280,future_holdout,USD
2281,validation,USD
2282,development,USD
2283,development,USD
2284,validation,USD
2285,development,USD
2286,future_holdout,USD
2287,development,USD
2288,development,USD
2289,validation,USD
2290,development,USD
2291,future_holdout,USD
2292,future_holdout,USD
2293,development,USD
2294,validation,USD
2295,validation,USD
2296,development,USD
2297,development,USD
2298,future_holdout,USD
2299,development,USD
2300,development,USD
2301,future_holdout,USD
2302,development,USD
2303,development,USD
2304,validation,USD
2305,development,USD
2306,development,USD
2307,future_holdout,USD
2308,validation,USD
2309,development,USD
2310,development,USD
2311,development,USD
2312,future_holdout,USD
2313,development,USD
2314,future_holdout,USD
2315,development,USD
2316,future_holdout,USD
2317,development,USD
2318,development,USD
2319,development,USD
2320,validation,USD
2321,validation,USD
2322,validation,USD
2323,development,USD
2324,validation,USD
2325,validation,USD
2326,future_holdout,USD
2327,future_holdout,USD
2328,development,USD
2329,validation,USD
2330,development,USD
2331,development,USD
2332,development,USD
2333,future_holdout,USD
2334,development,USD
2335,validation,USD
2336,development,USD
2337,development,USD
2338,future_holdout,USD
2339,development,USD
2340,development,USD
2341,future_holdout,USD
2342,future_holdout,USD
2343,future_holdout,USD
2344,validation,USD
2345,development,USD
2346,future_holdout,USD
2347,validation,USD
2348,development,USD
2349,future_holdout,USD
2350,development,USD
2351,development,USD
2352,development,USD
2353,development,USD
2354,validation,USD
2355,future_holdout,USD
2356,development,USD
2357,development,USD
2358,development,USD
2359,future_holdout,USD
2360,development,USD
2361,future_holdout,USD
2362,validation,USD
2363,development,USD
2364,future_holdout,USD
2365,validation,USD
2366,validation,USD
2367,development,USD
2368,development,USD
2369,future_holdout,USD
2370,future_holdout,USD
2371,development,USD
2372,validation,USD
2373,validation,USD
2374,validation,USD
2375,development,USD
2376,validation,USD
2377,development,USD
2378,validation,USD
2379,future_holdout,USD
2380,validation,USD
2381,development,USD
2382,development,USD
2383,development,USD
2384,validation,USD
2385,future_holdout,USD
2386,validation,USD
2387,validation,USD
2388,future_holdout,USD
2389,development,USD
2390,development,USD
2391,validation,USD
2392,development,USD
2393,development,USD
2394,future_holdout,USD
2395,validation,USD
2396,future_holdout,USD
2397,validation,USD
2398,validation,USD
2399,development,USD
2400,future_holdout,USD
2401,future_holdout,USD
2402,development,USD
2403,future_holdout,USD
2404,development,USD
2405,development,USD
2406,future_holdout,USD
2407,development,USD
2408,future_holdout,USD
2409,validation,USD
2410,future_holdout,USD
2411,development,USD
2412,development,USD
2413,development,USD
2414,future_holdout,USD
2415,future_holdout,USD
2416,validation,USD
2417,future_holdout,USD
2418,development,USD
2419,validation,USD
2420,development,USD
2421,development,USD
2422,development,USD
2423,development,USD
2424,development,USD
2425,future_holdout,USD
2426,development,USD
2427,future_holdout,USD
2428,validation,USD
2429,development,USD
2430,future_holdout,USD
2431,future_holdout,USD
2432,future_holdout,USD
2433,development,USD
2434,validation,USD
2435,development,USD
2436,development,USD
2437,development,USD
2438,development,USD
2439,future_holdout,USD
2440,development,USD
2441,future_holdout,USD
2442,development,USD
2443,development,USD
2444,development,USD
2445,future_holdout,USD
2446,validation,USD
2447,development,USD
2448,development,USD
2449,development,USD
2450,development,USD
2451,future_holdout,USD
2452,validation,USD
2453,future_holdout,USD
2454,development,USD
2455,validation,USD
2456,validation,USD
2457,future_holdout,USD
2458,development,USD
2459,validation,USD
2460,development,USD
2461,future_holdout,USD
2462,development,USD
2463,development,USD
2464,validation,USD
2465,development,USD
2466,development,USD
2467,development,USD
2468,development,USD
2469,development,USD
2470,future_holdout,USD
2471,future_holdout,USD
2472,future_holdout,USD
2473,development,USD
2474,validation,USD
2475,development,USD
2476,development,USD
2477,development,USD
2478,development,USD
2479,future_holdout,USD
2480,validation,USD
2481,future_holdout,USD
2482,development,USD
2483,development,USD
2484,development,USD
2485,development,USD
2486,future_holdout,USD
2487,future_holdout,USD
2488,future_holdout,USD
2489,future_holdout,USD
2490,future_holdout,USD
2491,future_holdout,USD
2492,validation,USD
2493,development,USD
2494,future_holdout,USD
2495,development,USD
2496,future_holdout,USD
2497,future_holdout,USD
2498,validation,USD
2499,validation,USD
2500,development,USD
2501,future_holdout,USD
2502,development,USD
2503,development,USD
2504,validation,USD
2505,future_holdout,USD
2506,development,USD
2507,development,USD
2508,development,USD
2509,validation,USD
2510,development,USD
2511,future_holdout,USD
2512,validation,USD
2513,development,USD
2514,development,USD
2515,development,USD
2516,future_holdout,USD
2517,development,USD
2518,validation,USD
2519,development,USD
2520,development,USD
2521,development,USD
2522,validation,USD
2523,development,USD
2524,development,USD
2525,future_holdout,USD
2526,development,USD
2527,development,USD
2528,development,USD
2529,validation,USD
2530,future_holdout,USD
2531,development,USD
2532,future_holdout,USD
2533,development,USD
2534,validation,USD
2535,validation,USD
2536,development,USD
2537,development,USD
2538,validation,USD
2539,future_holdout,USD
2540,validation,USD
2541,validation,USD
2542,validation,USD
2543,development,USD
2544,development,USD
2545,development,USD
2546,future_holdout,USD
2547,future_holdout,USD
2548,future_holdout,USD
2549,development,USD
2550,future_holdout,USD
2551,future_holdout,USD
2552,future_holdout,USD
2553,development,USD
2554,development,USD
2555,development,USD
2556,development,USD
2557,development,USD
2558,future_holdout,USD
2559,development,USD
2560,development,USD
2561,future_holdout,USD
2562,future_holdout,USD
2563,future_holdout,USD
2564,validation,USD
2565,development,USD
2566,future_holdout,USD
2567,development,USD
2568,future_holdout,USD
2569,future_holdout,USD
2570,validation,USD
2571,validation,USD
2572,future_holdout,USD
2573,future_holdout,USD
2574,future_holdout,USD
2575,validation,USD
2576,validation,USD
2577,future_holdout,USD
2578,future_holdout,USD
2579,development,USD
2580,development,USD
2581,development,USD
2582,development,USD
2583,validation,USD
2584,development,USD
2585,development,USD
2586,development,USD
2587,validation,USD
2588,validation,USD
2589,validation,USD
2590,development,USD
2591,development,USD
2592,validation,USD
2593,future_holdout,USD
2594,development,USD
2595,validation,USD
2596,future_holdout,USD
2597,development,USD
2598,future_holdout,USD
2599,development,USD
2600,development,USD
2601,future_holdout,USD
2602,development,USD
2603,development,USD
2604,validation,USD
2605,development,USD
2606,development,USD
2607,development,USD
2608,future_holdout,USD
2609,validation,USD
2610,validation,USD
2611,development,USD
2612,future_holdout,USD
2613,development,USD
2614,development,USD
2615,validation,USD
2616,development,USD
2617,validation,USD
2618,development,USD
2619,development,USD
2620,development,USD
2621,future_holdout,USD
2622,future_holdout,USD
2623,development,USD
2624,validation,USD
2625,development,USD
2626,development,USD
2627,future_holdout,USD
2628,validation,USD
2629,future_holdout,USD
2630,future_holdout,USD
2631,development,USD
2632,development,USD
2633,development,USD
2634,development,USD
2635,development,USD
2636,development,USD
2637,development,USD
2638,future_holdout,USD
2639,validation,USD
2640,validation,USD
2641,future_holdout,USD
2642,validation,USD
2643,validation,USD
2644,development,USD
2645,development,USD
2646,development,USD
2647,development,USD
2648,validation,USD
2649,development,USD
2650,development,USD
2651,future_holdout,USD
2652,future_holdout,USD
2653,future_holdout,USD
2654,development,USD
2655,future_holdout,USD
2656,development,USD
2657,development,USD
2658,future_holdout,USD
2659,validation,USD
2660,future_holdout,USD
2661,validation,USD
2662,development,USD
2663,development,USD
2664,development,USD
2665,future_holdout,USD
2666,development,USD
2667,development,USD
2668,validation,USD
2669,development,USD
2670,development,USD
2671,development,USD
2672,development,USD
2673,validation,USD
2674,development,USD
2675,development,USD
2676,development,USD
2677,development,USD
2678,validation,USD
2679,development,USD
2680,validation,USD
2681,future_holdout,USD
2682,development,USD
2683,development,USD
2684,development,USD
2685,future_holdout,USD
2686,future_holdout,USD
2687,development,USD
2688,future_holdout,USD
2689,development,USD
2690,validation,USD
2691,future_holdout,USD
2692,validation,USD
2693,validation,USD
2694,validation,USD
2695,validation,USD
2696,development,USD
2697,future_holdout,USD
2698,validation,USD
2699,development,USD
2700,future_holdout,USD
2701,validation,USD
2702,validation,USD
2703,validation,USD
2704,development,USD
2705,future_holdout,USD
2706,development,USD
2707,development,USD
2708,future_holdout,USD
2709,validation,USD
2710,development,USD
2711,development,USD
2712,future_holdout,USD
2713,validation,USD
2714,development,USD
2715,future_holdout,USD
2716,development,USD
2717,development,USD
2718,validation,USD
2719,future_holdout,USD
2720,development,USD
2721,validation,USD
2722,validation,USD
2723,future_holdout,USD
2724,development,USD
2725,future_holdout,USD
2726,development,USD
2727,development,USD
2728,future_holdout,USD
2729,validation,USD
2730,development,USD
2731,validation,USD
2732,development,USD
2733,development,USD
2734,future_holdout,USD
2735,future_holdout,USD
2736,future_holdout,USD
2737,development,USD
2738,future_holdout,USD
2739,future_holdout,USD
2740,development,USD
2741,future_holdout,USD
2742,development,USD
2743,development,USD
2744,future_holdout,USD
2745,development,USD
2746,development,USD
2747,future_holdout,USD
2748,development,USD
2749,development,USD
2750,development,USD
2751,development,USD
2752,future_holdout,USD
2753,development,USD
2754,future_holdout,USD
2755,development,USD
2756,development,USD
2757,validation,USD
2758,validation,USD
2759,development,USD
2760,development,USD
2761,development,USD
2762,development,USD
2763,future_holdout,USD
2764,future_holdout,USD
2765,future_holdout,USD
2766,development,USD
2767,future_holdout,USD
2768,validation,USD
2769,development,USD
2770,future_holdout,USD
2771,development,USD
2772,development,USD
2773,development,USD
2774,future_holdout,USD
2775,validation,USD
2776,development,USD
2777,development,USD
2778,development,USD
2779,validation,USD
2780,future_holdout,USD
2781,development,USD
2782,development,USD
2783,validation,USD
2784,future_holdout,USD
2785,development,USD
2786,validation,USD
2787,validation,USD
2788,future_holdout,USD
2789,validation,USD
2790,development,USD
2791,development,USD
2792,development,USD
2793,development,USD
2794,validation,USD
2795,development,USD
2796,validation,USD
2797,validation,USD
2798,development,USD
2799,development,USD
2800,development,USD
2801,future_holdout,USD
2802,development,USD
2803,development,USD
2804,development,USD
2805,future_holdout,USD
2806,development,USD
2807,development,USD
2808,development,USD
2809,development,USD
2810,future_holdout,USD
2811,validation,USD
2812,development,USD
2813,future_holdout,USD
2814,development,USD
2815,development,USD
2816,validation,USD
2817,development,USD
2818,development,USD
2819,future_holdout,USD
2820,future_holdout,USD
2821,future_holdout,USD
2822,future_holdout,USD
2823,validation,USD
2824,development,USD
2825,development,USD
2826,development,USD
2827,development,USD
2828,validation,USD
2829,development,USD
2830,development,USD
2831,validation,USD
2832,validation,USD
2833,development,USD
2834,validation,USD
2835,development,USD
2836,future_holdout,USD
2837,future_holdout,USD
2838,development,USD
2839,future_holdout,USD
2840,future_holdout,USD
2841,future_holdout,USD
2842,future_holdout,USD
2843,validation,USD
2844,development,USD
2845,development,USD
2846,development,USD
2847,development,USD
2848,development,USD
2849,future_holdout,USD
2850,future_holdout,USD
2851,development,USD
2852,future_holdout,USD
2853,future_holdout,USD
2854,future_holdout,USD
2855,future_holdout,USD
2856,future_holdout,USD
2857,future_holdout,USD
2858,validation,USD
2859,validation,USD
2860,future_holdout,USD
2861,validation,USD
2862,future_holdout,USD
2863,validation,USD
2864,future_holdout,USD
2865,future_holdout,USD
2866,development,USD
2867,future_holdout,USD
2868,validation,USD
2869,development,USD
2870,future_holdout,USD
2871,development,USD
2872,validation,USD
2873,validation,USD
2874,future_holdout,USD
2875,validation,USD
2876,development,USD
2877,future_holdout,USD
2878,development,USD
2879,validation,USD
2880,validation,USD
2881,future_holdout,USD
2882,development,USD
2883,validation,USD
2884,development,USD
2885,validation,USD
2886,development,USD
2887,future_holdout,USD
2888,development,USD
2889,development,USD
2890,validation,USD
2891,development,USD
2892,validation,USD
2893,development,USD
2894,validation,USD
2895,development,USD
2896,validation,USD
2897,validation,USD
2898,development,USD
2899,development,USD
2900,validation,USD
2901,development,USD
2902,development,USD
2903,future_holdout,USD
2904,future_holdout,USD
2905,future_holdout,USD
2906,development,USD
2907,future_holdout,USD
2908,validation,USD
2909,development,USD
2910,validation,USD
2911,future_holdout,USD
2912,development,USD
2913,development,USD
2914,future_holdout,USD
2915,development,USD
2916,development,USD
2917,validation,USD
2918,future_holdout,USD
2919,validation,USD
2920,validation,USD
2921,development,USD
2922,development,USD
2923,validation,USD
2924,development,USD
2925,development,USD
2926,future_holdout,USD
2927,future_holdout,USD
2928,validation,USD
2929,validation,USD
2930,validation,USD
2931,future_holdout,USD
2932,development,USD
2933,validation,USD
2934,development,USD
2935,future_holdout,USD
2936,development,USD
2937,development,USD
2938,development,USD
2939,development,USD
2940,validation,USD
2941,validation,USD
2942,development,USD
2943,future_holdout,USD
2944,future_holdout,USD
2945,validation,USD
2946,validation,USD
2947,future_holdout,USD
2948,development,USD
2949,development,USD
2950,development,USD
2951,development,USD
2952,development,USD
2953,future_holdout,USD
2954,development,USD
2955,development,USD
2956,development,USD
2957,development,USD
2958,development,USD
2959,validation,USD
2960,future_holdout,USD
2961,development,USD
2962,validation,USD
2963,development,USD
2964,development,USD
2965,development,USD
2966,validation,USD
2967,development,USD
2968,development,USD
2969,future_holdout,USD
2970,future_holdout,USD
2971,development,USD
2972,development,USD
2973,development,USD
2974,development,USD
2975,validation,USD
2976,development,USD
2977,development,USD
2978,future_holdout,USD
2979,validation,USD
2980,future_holdout,USD
2981,development,USD
2982,development,USD
2983,future_holdout,USD
2984,future_holdout,USD
2985,future_holdout,USD
2986,future_holdout,USD
2987,future_holdout,USD
2988,future_holdout,USD
2989,validation,USD
2990,development,USD
2991,development,USD
2992,validation,USD
2993,development,USD
2994,future_holdout,USD
2995,development,USD
2996,future_holdout,USD
2997,validation,USD
2998,development,USD
2999,future_holdout,USD
3000,validation,USD
3001,development,USD
3002,development,USD
3003,validation,USD
3004,development,USD
3005,development,USD
3006,future_holdout,USD
3007,development,USD
3008,validation,USD
3009,development,USD
3010,development,USD
3011,validation,USD
3012,development,USD
3013,validation,USD
3014,future_holdout,USD
3015,development,USD
3016,development,USD
3017,validation,USD
3018,development,USD
3019,development,USD
3020,validation,USD
3021,development,USD
3022,development,USD
3023,development,USD
3024,development,USD
3025,development,USD
3026,validation,USD
3027,development,USD
3028,validation,USD
3029,development,USD
3030,future_holdout,USD
3031,validation,USD
3032,validation,USD
3033,development,USD
3034,development,USD
3035,development,USD
3036,development,USD
3037,validation,USD
3038,development,USD
3039,validation,USD
3040,development,USD
3041,development,USD
3042,development,USD
3043,validation,USD
3044,development,USD
3045,development,USD
3046,validation,USD
3047,development,USD
3048,development,USD
3049,future_holdout,USD
3050,validation,USD
3051,development,USD
3052,future_holdout,USD
3053,future_holdout,USD
3054,future_holdout,USD
3055,validation,USD
3056,future_holdout,USD
3057,validation,USD
3058,development,USD
3059,development,USD
3060,validation,USD
3061,development,USD
3062,validation,USD
3063,validation,USD
3064,development,USD
3065,future_holdout,USD
3066,development,USD
3067,validation,USD
3068,future_holdout,USD
3069,validation,USD
3070,validation,USD
3071,validation,USD
3072,future_holdout,USD
3073,validation,USD
3074,development,USD
3075,development,USD
3076,development,USD
3077,development,USD
3078,development,USD
3079,development,USD
3080,validation,USD
3081,development,USD
3082,development,USD
3083,development,USD
3084,validation,USD
3085,future_holdout,USD
3086,development,USD
3087,validation,USD
3088,development,USD
3089,development,USD
3090,development,USD
3091,validation,USD
3092,development,USD
3093,development,USD
3094,development,USD
3095,development,USD
3096,development,USD
3097,development,USD
3098,development,USD
3099,development,USD
3100,development,USD
3101,future_holdout,USD
3102,development,USD
3103,development,USD
3104,development,USD
3105,development,USD
3106,future_holdout,USD
3107,development,USD
3108,validation,USD
3109,future_holdout,USD
3110,future_holdout,USD
3111,development,USD
3112,development,USD
3113,future_holdout,USD
3114,development,USD
3115,future_holdout,USD
3116,future_holdout,USD
3117,development,USD
3118,development,USD
3119,validation,USD
3120,validation,USD
3121,development,USD
3122,development,USD
3123,validation,USD
3124,future_holdout,USD
3125,development,USD
3126,development,USD
3127,development,USD
3128,future_holdout,USD
3129,development,USD
3130,future_holdout,USD
3131,development,USD
3132,validation,USD
3133,development,USD
3134,future_holdout,USD
3135,validation,USD
3136,development,USD
3137,development,USD
3138,future_holdout,USD
3139,development,USD
3140,development,USD
3141,validation,USD
3142,development,USD
3143,development,USD
3144,validation,USD
3145,validation,USD
3146,future_holdout,USD
3147,future_holdout,USD
3148,development,USD
3149,development,USD
3150,validation,USD
3151,future_holdout,USD
3152,development,USD
3153,development,USD
3154,future_holdout,USD
3155,development,USD
3156,validation,USD
3157,validation,USD
3158,development,USD
3159,validation,USD
3160,development,USD
3161,validation,USD
3162,future_holdout,USD
3163,validation,USD
3164,validation,USD
3165,development,USD
3166,future_holdout,USD
3167,validation,USD
3168,development,USD
3169,development,USD
3170,development,USD
3171,validation,USD
3172,development,USD
3173,development,USD
3174,validation,USD
3175,development,USD
3176,validation,USD
3177,validation,USD
3178,development,USD
3179,validation,USD
3180,development,USD
3181,development,USD
3182,future_holdout,USD
3183,development,USD
3184,development,USD
3185,development,USD
3186,validation,USD
3187,development,USD
3188,validation,USD
3189,development,USD
3190,development,USD
3191,validation,USD
3192,development,USD
3193,development,USD
3194,development,USD
3195,future_holdout,USD
3196,development,USD
3197,development,USD
3198,future_holdout,USD
3199,validation,USD
3200,future_holdout,USD
3201,future_holdout,USD
3202,future_holdout,USD
3203,validation,USD
3204,development,USD
3205,development,USD
3206,future_holdout,USD
3207,development,USD
3208,validation,USD
3209,development,USD
3210,future_holdout,USD
3211,development,USD
3212,development,USD
3213,development,USD
3214,future_holdout,USD
3215,validation,USD
3216,development,USD
3217,validation,USD
3218,validation,USD
3219,development,USD
3220,validation,USD
3221,future_holdout,USD
3222,future_holdout,USD
3223,validation,USD
3224,validation,USD
3225,future_holdout,USD
3226,development,USD
3227,future_holdout,USD
3228,development,USD
3229,development,USD
3230,validation,USD
3231,development,USD
3232,future_holdout,USD
3233,development,USD
3234,development,USD
3235,development,USD
3236,future_holdout,USD
3237,development,USD
3238,development,USD
3239,development,USD
3240,development,USD
3241,development,USD
3242,development,USD
3243,future_holdout,USD
3244,future_holdout,USD
3245,development,USD
3246,future_holdout,USD
3247,future_holdout,USD
3248,validation,USD
3249,development,USD
3250,validation,USD
3251,development,USD
3252,development,USD
3253,validation,USD
3254,development,USD
3255,development,USD
3256,development,USD
3257,future_holdout,USD
3258,development,USD
3259,future_holdout,USD
3260,future_holdout,USD
3261,development,USD
3262,validation,USD
3263,validation,USD
3264,validation,USD
3265,development,USD
3266,development,USD
3267,development,USD
3268,validation,USD
3269,development,USD
3270,validation,USD
3271,future_holdout,USD
3272,development,USD
3273,development,USD
3274,future_holdout,USD
3275,development,USD
3276,development,USD
3277,development,USD
3278,future_holdout,USD
3279,development,USD
3280,validation,USD
3281,future_holdout,USD
3282,validation,USD
3283,future_holdout,USD
3284,development,USD
3285,development,USD
3286,future_holdout,USD
3287,development,USD
3288,future_holdout,USD
3289,validation,USD
3290,development,USD
3291,validation,USD
3292,validation,USD
3293,validation,USD
3294,future_holdout,USD
3295,development,USD
3296,development,USD
3297,development,USD
3298,validation,USD
3299,development,USD
3300,future_holdout,USD
3301,development,USD
3302,development,USD
3303,development,USD
3304,future_holdout,USD
3305,development,USD
3306,development,USD
3307,future_holdout,USD
3308,future_holdout,USD
3309,development,USD
3310,development,USD
3311,development,USD
3312,validation,USD
3313,development,USD
3314,future_holdout,USD
3315,development,USD
3316,future_holdout,USD
3317,validation,USD
3318,validation,USD
3319,development,USD
3320,development,USD
3321,development,USD
3322,development,USD
3323,development,USD
3324,future_holdout,USD
3325,validation,USD
3326,development,USD
3327,development,USD
3328,development,USD
3329,development,USD
3330,validation,USD
3331,development,USD
3332,future_holdout,USD
3333,development,USD
3334,development,USD
3335,validation,USD
3336,development,USD
3337,development,USD
3338,development,USD
3339,future_holdout,USD
3340,development,USD
3341,future_holdout,USD
3342,validation,USD
3343,validation,USD
3344,future_holdout,USD
3345,development,USD
3346,validation,USD
3347,future_holdout,USD
3348,development,USD
3349,validation,USD
3350,validation,USD
3351,development,USD
3352,validation,USD
3353,development,USD
3354,validation,USD
3355,development,USD
3356,future_holdout,USD
3357,validation,USD
3358,development,USD
3359,future_holdout,USD
3360,development,USD
3361,future_holdout,USD
3362,development,USD
3363,validation,USD
3364,development,USD
3365,development,USD
3366,development,USD
3367,future_holdout,USD
3368,validation,USD
3369,future_holdout,USD
3370,development,USD
3371,development,USD
3372,future_holdout,USD
3373,future_holdout,USD
3374,development,USD
3375,validation,USD
3376,development,USD
3377,development,USD
3378,development,USD
3379,development,USD
3380,development,USD
3381,future_holdout,USD
3382,development,USD
3383,development,USD
3384,validation,USD
3385,validation,USD
3386,future_holdout,USD
3387,future_holdout,USD
3388,future_holdout,USD
3389,future_holdout,USD
3390,validation,USD
3391,development,USD
3392,development,USD
3393,development,USD
3394,development,USD
3395,future_holdout,USD
3396,future_holdout,USD
3397,future_holdout,USD
3398,development,USD
3399,future_holdout,USD
3400,future_holdout,USD
3401,development,USD
3402,development,USD
3403,future_holdout,USD
3404,validation,USD
3405,development,USD
3406,future_holdout,USD
3407,development,USD
3408,future_holdout,USD
3409,future_holdout,USD
3410,development,USD
3411,development,USD
3412,development,USD
3413,development,USD
3414,development,USD
3415,development,USD
3416,future_holdout,USD
3417,future_holdout,USD
3418,validation,USD
3419,validation,USD
3420,development,USD
3421,development,USD
3422,development,USD
3423,development,USD
3424,validation,USD
3425,development,USD
3426,development,USD
3427,future_holdout,USD
3428,validation,USD
3429,development,USD
3430,validation,USD
3431,development,USD
3432,development,USD
3433,development,USD
3434,validation,USD
3435,future_holdout,USD
3436,future_holdout,USD
3437,development,USD
3438,future_holdout,USD
3439,validation,USD
3440,development,USD
3441,future_holdout,USD
3442,validation,USD
3443,validation,USD
3444,development,USD
3445,development,USD
3446,development,USD
3447,future_holdout,USD
3448,validation,USD
3449,development,USD
3450,development,USD
3451,future_holdout,USD
3452,development,USD
3453,development,USD
3454,development,USD
3455,development,USD
3456,development,USD
3457,development,USD
3458,future_holdout,USD
3459,validation,USD
3460,development,USD
3461,development,USD
3462,future_holdout,USD
3463,validation,USD
3464,development,USD
3465,future_holdout,USD
3466,future_holdout,USD
3467,future_holdout,USD
3468,development,USD
3469,validation,USD
3470,development,USD
3471,development,USD
3472,future_holdout,USD
3473,development,USD
3474,validation,USD
3475,future_holdout,USD
3476,validation,USD
3477,future_holdout,USD
3478,development,USD
3479,future_holdout,USD
3480,development,USD
3481,development,USD
3482,future_holdout,USD
3483,validation,USD
3484,development,USD
3485,validation,USD
3486,development,USD
3487,development,USD
3488,validation,USD
3489,development,USD
3490,development,USD
3491,validation,USD
3492,development,USD
3493,future_holdout,USD
3494,validation,USD
3495,future_holdout,USD
3496,future_holdout,USD
3497,development,USD
3498,development,USD
3499,validation,USD
3500,future_holdout,USD
3501,future_holdout,USD
3502,future_holdout,USD
3503,development,USD
3504,future_holdout,USD
3505,development,USD
3506,development,USD
3507,future_holdout,USD
3508,validation,USD
3509,validation,USD
3510,validation,USD
3511,development,USD
3512,development,USD
3513,development,USD
3514,validation,USD
3515,validation,USD
3516,future_holdout,USD
3517,validation,USD
3518,development,USD
3519,development,USD
3520,validation,USD
3521,development,USD
3522,development,USD
3523,development,USD
3524,development,USD
3525,future_holdout,USD
3526,future_holdout,USD
3527,development,USD
3528,development,USD
3529,development,USD
3530,development,USD
3531,development,USD
3532,development,USD
3533,validation,USD
3534,validation,USD
3535,development,USD
3536,future_holdout,USD
3537,future_holdout,USD
3538,development,USD
3539,development,USD
3540,development,USD
3541,development,USD
3542,development,USD
3543,development,USD
3544,development,USD
3545,future_holdout,USD
3546,future_holdout,USD
3547,development,USD
3548,future_holdout,USD
3549,development,USD
3550,future_holdout,USD
3551,validation,USD
3552,validation,USD
3553,validation,USD
3554,validation,USD
3555,future_holdout,USD
3556,development,USD
3557,validation,USD
3558,future_holdout,USD
3559,development,USD
3560,development,USD
3561,validation,USD
3562,future_holdout,USD
3563,development,USD
3564,development,USD
3565,future_holdout,USD
3566,validation,USD
3567,development,USD
3568,validation,USD
3569,development,USD
3570,future_holdout,USD
3571,development,USD
3572,development,USD
3573,future_holdout,USD
3574,development,USD
3575,development,USD
3576,future_holdout,USD
3577,development,USD
3578,validation,USD
3579,development,USD
3580,development,USD
3581,validation,USD
3582,development,USD
3583,development,USD
3584,future_holdout,USD
3585,development,USD
3586,validation,USD
3587,validation,USD
3588,future_holdout,USD
3589,future_holdout,USD
3590,future_holdout,USD
3591,validation,USD
3592,validation,USD
3593,development,USD
3594,validation,USD
3595,future_holdout,USD
3596,future_holdout,USD
3597,development,USD
3598,development,USD
3599,development,USD
3600,validation,USD
3601,development,USD
3602,development,USD
3603,development,USD
3604,development,USD
3605,development,USD
3606,future_holdout,USD
3607,development,USD
3608,development,USD
3609,validation,USD
3610,future_holdout,USD
3611,validation,USD
3612,development,USD
3613,development,USD
3614,future_holdout,USD
3615,development,USD
3616,validation,USD
3617,development,USD
3618,validation,USD
3619,development,USD
3620,development,USD
3621,development,USD
3622,future_holdout,USD
3623,validation,USD
3624,development,USD
3625,future_holdout,USD
3626,validation,USD
3627,validation,USD
3628,development,USD
3629,future_holdout,USD
3630,future_holdout,USD
3631,future_holdout,USD
3632,future_holdout,USD
3633,development,USD
3634,future_holdout,USD
3635,development,USD
3636,development,USD
3637,validation,USD
3638,development,USD
3639,future_holdout,USD
3640,future_holdout,USD
3641,development,USD
3642,validation,USD
3643,validation,USD
3644,development,USD
3645,development,USD
3646,development,USD
3647,development,USD
3648,validation,USD
3649,development,USD
3650,development,USD
3651,validation,USD
3652,development,USD
3653,validation,USD
3654,validation,USD
3655,development,USD
3656,development,USD
3657,development,USD
3658,future_holdout,USD
3659,development,USD
3660,future_holdout,USD
3661,development,USD
3662,development,USD
3663,development,USD
3664,future_holdout,USD
3665,development,USD
3666,development,USD
3667,development,USD
3668,validation,USD
3669,development,USD
3670,development,USD
3671,development,USD
3672,validation,USD
3673,development,USD
3674,development,USD
3675,validation,USD
3676,future_holdout,USD
3677,development,USD
3678,validation,USD
3679,development,USD
3680,future_holdout,USD
3681,validation,USD
3682,development,USD
3683,development,USD
3684,development,USD
3685,future_holdout,USD
3686,validation,USD
3687,validation,USD
3688,development,USD
3689,development,USD
3690,development,USD
3691,development,USD
3692,future_holdout,USD
3693,future_holdout,USD
3694,validation,USD
3695,development,USD
3696,validation,USD
3697,development,USD
3698,validation,USD
3699,future_holdout,USD
3700,validation,USD
3701,development,USD
3702,development,USD
3703,future_holdout,USD
3704,validation,USD
3705,validation,USD
3706,validation,USD
3707,future_holdout,USD
3708,future_holdout,USD
3709,validation,USD
3710,validation,USD
3711,development,USD
3712,validation,USD
3713,development,USD
3714,future_holdout,USD
3715,validation,USD
3716,development,USD
3717,validation,USD
3718,development,USD
3719,validation,USD
3720,development,USD
3721,future_holdout,USD
3722,development,USD
3723,future_holdout,USD
3724,future_holdout,USD
3725,development,USD
3726,development,USD
3727,development,USD
3728,development,USD
3729,development,USD
3730,development,USD
3731,future_holdout,USD
3732,development,USD
3733,development,USD
3734,development,USD
3735,future_holdout,USD
3736,development,USD
3737,validation,USD
3738,development,USD
3739,development,USD
3740,development,USD
3741,validation,USD
3742,development,USD
3743,development,USD
3744,future_holdout,USD
3745,future_holdout,USD
3746,validation,USD
3747,future_holdout,USD
3748,development,USD
3749,future_holdout,USD
3750,development,USD
3751,future_holdout,USD
3752,validation,USD
3753,validation,USD
3754,future_holdout,USD
3755,validation,USD
3756,development,USD
3757,validation,USD
3758,validation,USD
3759,development,USD
3760,development,USD
3761,future_holdout,USD
3762,future_holdout,USD
3763,development,USD
3764,development,USD
3765,future_holdout,USD
3766,development,USD
3767,future_holdout,USD
3768,development,USD
3769,development,USD
3770,future_holdout,USD
3771,development,USD
3772,future_holdout,USD
3773,development,USD
3774,development,USD
3775,future_holdout,USD
3776,development,USD
3777,future_holdout,USD
3778,validation,USD
3779,future_holdout,USD
3780,development,USD
3781,validation,USD
3782,validation,USD
3783,future_holdout,USD
3784,development,USD
3785,future_holdout,USD
3786,validation,USD
3787,validation,USD
3788,validation,USD
3789,future_holdout,USD
3790,development,USD
3791,development,USD
3792,development,USD
3793,future_holdout,USD
3794,validation,USD
3795,development,USD
3796,validation,USD
3797,development,USD
3798,validation,USD
3799,development,USD
3800,validation,USD
3801,development,USD
3802,development,USD
3803,development,USD
3804,development,USD
3805,validation,USD
3806,development,USD
3807,development,USD
3808,development,USD
3809,development,USD
3810,future_holdout,USD
3811,future_holdout,USD
3812,development,USD
3813,development,USD
3814,development,USD
3815,validation,USD
3816,future_holdout,USD
3817,future_holdout,USD
3818,development,USD
3819,development,USD
3820,future_holdout,USD
3821,development,USD
3822,future_holdout,USD
3823,future_holdout,USD
3824,development,USD
3825,development,USD
3826,development,USD
3827,validation,USD
3828,validation,USD
3829,development,USD
3830,validation,USD
3831,future_holdout,USD
3832,validation,USD
3833,validation,USD
3834,development,USD
3835,validation,USD
3836,future_holdout,USD
3837,future_holdout,USD
3838,development,USD
3839,future_holdout,USD
3840,validation,USD
3841,future_holdout,USD
3842,validation,USD
3843,future_holdout,USD
3844,development,USD
3845,validation,USD
3846,future_holdout,USD
3847,development,USD
3848,development,USD
3849,future_holdout,USD
3850,validation,USD
3851,development,USD
3852,development,USD
3853,validation,USD
3854,validation,USD
3855,future_holdout,USD
3856,future_holdout,USD
3857,development,USD
3858,future_holdout,USD
3859,future_holdout,USD
3860,validation,USD
3861,validation,USD
3862,validation,USD
3863,development,USD
3864,development,USD
3865,future_holdout,USD
3866,development,USD
3867,development,USD
3868,development,USD
3869,future_holdout,USD
3870,development,USD
3871,validation,USD
3872,future_holdout,USD
3873,development,USD
3874,future_holdout,USD
3875,future_holdout,USD
3876,future_holdout,USD
3877,future_holdout,USD
3878,validation,USD
3879,development,USD
3880,development,USD
3881,development,USD
3882,validation,USD
3883,validation,USD
3884,future_holdout,USD
3885,development,USD
3886,validation,USD
3887,validation,USD
3888,development,USD
3889,future_holdout,USD
3890,future_holdout,USD
3891,development,USD
3892,validation,USD
3893,development,USD
3894,development,USD
3895,development,USD
3896,development,USD
3897,development,USD
3898,future_holdout,USD
3899,development,USD
3900,development,USD
3901,validation,USD
3902,validation,USD
3903,development,USD
3904,development,USD
3905,development,USD
3906,future_holdout,USD
3907,validation,USD
3908,development,USD
3909,development,USD
3910,future_holdout,USD
3911,validation,USD
3912,development,USD
3913,future_holdout,USD
3914,development,USD
3915,validation,USD
3916,validation,USD
3917,development,USD
3918,development,USD
3919,development,USD
3920,development,USD
3921,development,USD
3922,development,USD
3923,development,USD
3924,development,USD
3925,future_holdout,USD
3926,validation,USD
3927,development,USD
3928,development,USD
3929,development,USD
3930,development,USD
3931,validation,USD
3932,future_holdout,USD
3933,development,USD
3934,validation,USD
3935,development,USD
3936,development,USD
3937,validation,USD
3938,validation,USD
3939,validation,USD
3940,development,USD
3941,development,USD
3942,development,USD
3943,development,USD
3944,validation,USD
3945,development,USD
3946,future_holdout,USD
3947,validation,USD
3948,validation,USD
3949,development,USD
3950,development,USD
3951,validation,USD
3952,development,USD
3953,development,USD
3954,future_holdout,USD
3955,development,USD
3956,validation,USD
3957,development,USD
3958,development,USD
3959,development,USD
3960,development,USD
3961,validation,USD
3962,future_holdout,USD
3963,development,USD
3964,future_holdout,USD
3965,future_holdout,USD
3966,development,USD
3967,validation,USD
3968,development,USD
3969,development,USD
3970,development,USD
3971,development,USD
3972,validation,USD
3973,future_holdout,USD
3974,development,USD
3975,development,USD
3976,future_holdout,USD
3977,development,USD
3978,development,USD
3979,development,USD
3980,future_holdout,USD
3981,validation,USD
3982,development,USD
3983,development,USD
3984,development,USD
3985,development,USD
3986,future_holdout,USD
3987,development,USD
3988,development,USD
3989,future_holdout,USD
3990,development,USD
3991,validation,USD
3992,development,USD
3993,development,USD
3994,future_holdout,USD
3995,development,USD
3996,future_holdout,USD
3997,development,USD
3998,development,USD
3999,validation,USD
4000,development,USD
4001,future_holdout,USD
4002,development,USD
4003,future_holdout,USD
4004,future_holdout,USD
4005,future_holdout,USD
4006,development,USD
4007,validation,USD
4008,development,USD
4009,development,USD
4010,future_holdout,USD
4011,validation,USD
4012,future_holdout,USD
4013,validation,USD
4014,validation,USD
4015,future_holdout,USD
4016,development,USD
4017,development,USD
4018,future_holdout,USD
4019,validation,USD
4020,development,USD
4021,future_holdout,USD
4022,development,USD
4023,development,USD
4024,validation,USD
4025,future_holdout,USD
4026,development,USD
4027,validation,USD
4028,validation,USD
4029,future_holdout,USD
4030,development,USD
4031,development,USD
4032,future_holdout,USD
4033,validation,USD
4034,development,USD
4035,development,USD
4036,validation,USD
4037,validation,USD
4038,development,USD
4039,development,USD
4040,validation,USD
4041,development,USD
4042,future_holdout,USD
4043,future_holdout,USD
4044,future_holdout,USD
4045,development,USD
4046,validation,USD
4047,development,USD
4048,future_holdout,USD
4049,development,USD
4050,development,USD
4051,development,USD
4052,validation,USD
4053,development,USD
4054,development,USD
4055,development,USD
4056,development,USD
4057,validation,USD
4058,future_holdout,USD
4059,validation,USD
4060,validation,USD
4061,validation,USD
4062,development,USD
4063,development,USD
4064,validation,USD
4065,development,USD
4066,development,USD
4067,validation,USD
4068,future_holdout,USD
4069,validation,USD
4070,validation,USD
4071,development,USD
4072,development,USD
4073,development,USD
4074,development,USD
4075,development,USD
4076,development,USD
4077,development,USD
4078,development,USD
4079,development,USD
4080,development,USD
4081,development,USD
4082,validation,USD
4083,future_holdout,USD
4084,validation,USD
4085,future_holdout,USD
4086,development,USD
4087,validation,USD
4088,development,USD
4089,validation,USD
4090,future_holdout,USD
4091,development,USD
4092,validation,USD
4093,future_holdout,USD
4094,development,USD
4095,development,USD
4096,development,USD
4097,future_holdout,USD
4098,future_holdout,USD
4099,future_holdout,USD
4100,future_holdout,USD
4101,development,USD
4102,development,USD
4103,development,USD
4104,development,USD
4105,development,USD
4106,future_holdout,USD
4107,future_holdout,USD
4108,development,USD
4109,future_holdout,USD
4110,future_holdout,USD
4111,development,USD
4112,development,USD
4113,development,USD
4114,validation,USD
4115,validation,USD
4116,development,USD
4117,development,USD
4118,development,USD
4119,development,USD
4120,validation,USD
4121,development,USD
4122,validation,USD
4123,future_holdout,USD
4124,validation,USD
4125,validation,USD
4126,future_holdout,USD
4127,development,USD
4128,development,USD
4129,development,USD
4130,development,USD
4131,validation,USD
4132,future_holdout,USD
4133,development,USD
4134,future_holdout,USD
4135,development,USD
4136,validation,USD
4137,future_holdout,USD
4138,development,USD
4139,development,USD
4140,future_holdout,USD
4141,future_holdout,USD
4142,validation,USD
4143,validation,USD
4144,future_holdout,USD
4145,development,USD
4146,validation,USD
4147,development,USD
4148,validation,USD
4149,future_holdout,USD
4150,future_holdout,USD
4151,validation,USD
4152,validation,USD
4153,validation,USD
4154,development,USD
4155,development,USD
4156,development,USD
4157,validation,USD
4158,future_holdout,USD
4159,development,USD
4160,future_holdout,USD
4161,validation,USD
4162,future_holdout,USD
4163,development,USD
4164,future_holdout,USD
4165,future_holdout,USD
4166,validation,USD
4167,development,USD
4168,development,USD
4169,validation,USD
4170,development,USD
4171,future_holdout,USD
4172,validation,USD
4173,development,USD
4174,future_holdout,USD
4175,development,USD
4176,future_holdout,USD
4177,development,USD
4178,development,USD
4179,development,USD
4180,future_holdout,USD
4181,validation,USD
4182,development,USD
4183,future_holdout,USD
4184,future_holdout,USD
4185,future_holdout,USD
4186,development,USD
4187,development,USD
4188,development,USD
4189,future_holdout,USD
4190,development,USD
4191,development,USD
4192,validation,USD
4193,validation,USD
4194,development,USD
4195,development,USD
4196,validation,USD
4197,development,USD
4198,future_holdout,USD
4199,validation,USD
4200,development,USD
4201,future_holdout,USD
4202,development,USD
4203,development,USD
4204,validation,USD
4205,validation,USD
4206,future_holdout,USD
4207,validation,USD
4208,development,USD
4209,development,USD
4210,validation,USD
4211,validation,USD
4212,development,USD
4213,development,USD
4214,development,USD
4215,development,USD
4216,development,USD
4217,development,USD
4218,development,USD
4219,future_holdout,USD
4220,validation,USD
4221,validation,USD
4222,development,USD
4223,development,USD
4224,validation,USD
4225,validation,USD
4226,development,USD
4227,development,USD
4228,future_holdout,USD
4229,development,USD
4230,validation,USD
4231,future_holdout,USD
4232,future_holdout,USD
4233,development,USD
4234,future_holdout,USD
4235,development,USD
4236,development,USD
4237,development,USD
4238,validation,USD
4239,development,USD
4240,development,USD
4241,future_holdout,USD
4242,development,USD
4243,validation,USD
4244,validation,USD
4245,validation,USD
4246,validation,USD
4247,validation,USD
4248,future_holdout,USD
4249,development,USD
4250,validation,USD
4251,development,USD
4252,future_holdout,USD
4253,validation,USD
4254,validation,USD
4255,development,USD
4256,development,USD
4257,development,USD
4258,development,USD
4259,development,USD
4260,development,USD
4261,validation,USD
4262,development,USD
4263,development,USD
4264,validation,USD
4265,validation,USD
4266,validation,USD
4267,development,USD
4268,development,USD
4269,validation,USD
4270,development,USD
4271,validation,USD
4272,future_holdout,USD
4273,development,USD
4274,development,USD
4275,validation,USD
4276,future_holdout,USD
4277,development,USD
4278,development,USD
4279,development,USD
4280,development,USD
4281,development,USD
4282,validation,USD
4283,validation,USD
4284,validation,USD
4285,development,USD
4286,future_holdout,USD
4287,validation,USD
4288,development,USD
4289,validation,USD
4290,future_holdout,USD
4291,development,USD
4292,future_holdout,USD
4293,development,USD
4294,future_holdout,USD
4295,development,USD
4296,validation,USD
4297,development,USD
4298,development,USD
4299,development,USD
4300,development,USD
4301,future_holdout,USD
4302,development,USD
4303,development,USD
4304,development,USD
4305,future_holdout,USD
4306,future_holdout,USD
4307,development,USD
4308,development,USD
4309,development,USD
4310,future_holdout,USD
4311,future_holdout,USD
4312,development,USD
4313,future_holdout,USD
4314,validation,USD
4315,development,USD
4316,future_holdout,USD
4317,development,USD
4318,development,USD
4319,validation,USD
4320,future_holdout,USD
4321,validation,USD
4322,future_holdout,USD
4323,validation,USD
4324,development,USD
4325,future_holdout,USD
4326,future_holdout,USD
4327,validation,USD
4328,future_holdout,USD
4329,development,USD
4330,validation,USD
4331,future_holdout,USD
4332,development,USD
4333,development,USD
4334,development,USD
4335,development,USD
4336,development,USD
4337,validation,USD
4338,development,USD
4339,development,USD
4340,future_holdout,USD
4341,future_holdout,USD
4342,validation,USD
4343,validation,USD
4344,future_holdout,USD
4345,development,USD
4346,future_holdout,USD
4347,future_holdout,USD
4348,development,USD
4349,development,USD
4350,validation,USD
4351,validation,USD
4352,future_holdout,USD
4353,development,USD
4354,development,USD
4355,development,USD
4356,development,USD
4357,development,USD
4358,validation,USD
4359,development,USD
4360,future_holdout,USD
4361,validation,USD
4362,future_holdout,USD
4363,development,USD
4364,development,USD
4365,development,USD
4366,future_holdout,USD
4367,development,USD
4368,development,USD
4369,development,USD
4370,development,USD
4371,development,USD
4372,development,USD
4373,validation,USD
4374,future_holdout,USD
4375,development,USD
4376,future_holdout,USD
4377,validation,USD
4378,development,USD
4379,development,USD
4380,future_holdout,USD
4381,future_holdout,USD
4382,future_holdout,USD
4383,validation,USD
4384,development,USD
4385,development,USD
4386,validation,USD
4387,development,USD
4388,validation,USD
4389,future_holdout,USD
4390,future_holdout,USD
4391,validation,USD
4392,development,USD
4393,development,USD
4394,future_holdout,USD
4395,future_holdout,USD
4396,development,USD
4397,development,USD
4398,validation,USD
4399,development,USD
4400,future_holdout,USD
4401,validation,USD
4402,development,USD
4403,development,USD
4404,future_holdout,USD
4405,development,USD
4406,validation,USD
4407,validation,USD
4408,development,USD
4409,validation,USD
4410,development,USD
4411,future_holdout,USD
4412,development,USD
4413,development,USD
4414,development,USD
4415,validation,USD
4416,validation,USD
4417,development,USD
4418,development,USD
4419,development,USD
4420,future_holdout,USD
4421,development,USD
4422,development,USD
4423,future_holdout,USD
4424,validation,USD
4425,future_holdout,USD
4426,future_holdout,USD
4427,future_holdout,USD
4428,development,USD
4429,future_holdout,USD
4430,development,USD
4431,validation,USD
4432,development,USD
4433,development,USD
4434,future_holdout,USD
4435,validation,USD
4436,validation,USD
4437,future_holdout,USD
4438,development,USD
4439,development,USD
4440,development,USD
4441,development,USD
4442,validation,USD
4443,development,USD
4444,validation,USD
4445,development,USD
4446,development,USD
4447,validation,USD
4448,development,USD
4449,future_holdout,USD
4450,development,USD
4451,future_holdout,USD
4452,development,USD
4453,development,USD
4454,development,USD
4455,validation,USD
4456,development,USD
4457,validation,USD
4458,future_holdout,USD
4459,development,USD
4460,validation,USD
4461,development,USD
4462,development,USD
4463,development,USD
4464,future_holdout,USD
4465,development,USD
4466,development,USD
4467,validation,USD
4468,development,USD
4469,development,USD
4470,development,USD
4471,future_holdout,USD
4472,development,USD
4473,development,USD
4474,future_holdout,USD
4475,development,USD
4476,development,USD
4477,future_holdout,USD
4478,validation,USD
4479,validation,USD
4480,future_holdout,USD
4481,future_holdout,USD
4482,development,USD
4483,development,USD
4484,future_holdout,USD
4485,future_holdout,USD
4486,development,USD
4487,validation,USD
4488,validation,USD
4489,future_holdout,USD
4490,development,USD
4491,development,USD
4492,future_holdout,USD
4493,development,USD
4494,validation,USD
4495,validation,USD
4496,development,USD
4497,validation,USD
4498,validation,USD
4499,validation,USD
4500,validation,USD
4501,development,USD
4502,validation,USD
4503,development,USD
4504,future_holdout,USD
4505,validation,USD
4506,development,USD
4507,development,USD
4508,future_holdout,USD
4509,development,USD
4510,development,USD
4511,future_holdout,USD
4512,development,USD
4513,future_holdout,USD
4514,development,USD
4515,development,USD
4516,future_holdout,USD
4517,future_holdout,USD
4518,development,USD
4519,future_holdout,USD
4520,future_holdout,USD
4521,development,USD
4522,development,USD
4523,development,USD
4524,development,USD
4525,development,USD
4526,development,USD
4527,validation,USD
4528,development,USD
4529,development,USD
4530,future_holdout,USD
4531,development,USD
4532,validation,USD
4533,future_holdout,USD
4534,validation,USD
4535,development,USD
4536,development,USD
4537,development,USD
4538,future_holdout,USD
4539,development,USD
4540,development,USD
4541,future_holdout,USD
4542,validation,USD
4543,development,USD
4544,development,USD
4545,development,USD
4546,development,USD
4547,future_holdout,USD
4548,validation,USD
4549,future_holdout,USD
4550,validation,USD
4551,validation,USD
4552,development,USD
4553,development,USD
4554,validation,USD
4555,validation,USD
4556,validation,USD
4557,development,USD
4558,future_holdout,USD
4559,validation,USD
4560,future_holdout,USD
4561,development,USD
4562,development,USD
4563,validation,USD
4564,future_holdout,USD
4565,development,USD
4566,future_holdout,USD
4567,development,USD
4568,development,USD
4569,development,USD
4570,validation,USD
4571,validation,USD
4572,validation,USD
4573,development,USD
4574,development,USD
4575,development,USD
4576,development,USD
4577,development,USD
4578,development,USD
4579,development,USD
4580,future_holdout,USD
4581,development,USD
4582,validation,USD
4583,development,USD
4584,development,USD
4585,validation,USD
4586,development,USD
4587,validation,USD
4588,development,USD
4589,development,USD
4590,development,USD
4591,development,USD
4592,development,USD
4593,development,USD
4594,validation,USD
4595,future_holdout,USD
4596,future_holdout,USD
4597,development,USD
4598,development,USD
4599,validation,USD
4600,validation,USD
4601,future_holdout,USD
4602,development,USD
4603,future_holdout,USD
4604,development,USD
4605,development,USD
4606,development,USD
4607,development,USD
4608,development,USD
4609,validation,USD
4610,development,USD
4611,development,USD
4612,development,USD
4613,development,USD
4614,validation,USD
4615,development,USD
4616,development,USD
4617,development,USD
4618,development,USD
4619,development,USD
4620,development,USD
4621,development,USD
4622,validation,USD
4623,future_holdout,USD
4624,validation,USD
4625,future_holdout,USD
4626,future_holdout,USD
4627,development,USD
4628,future_holdout,USD
4629,future_holdout,USD
4630,development,USD
4631,development,USD
4632,future_holdout,USD
4633,development,USD
4634,development,USD
4635,development,USD
4636,future_holdout,USD
4637,validation,USD
4638,development,USD
4639,development,USD
4640,future_holdout,USD
4641,development,USD
4642,future_holdout,USD
4643,future_holdout,USD
4644,validation,USD
4645,development,USD
4646,future_holdout,USD
4647,development,USD
4648,development,USD
4649,future_holdout,USD
4650,development,USD
4651,future_holdout,USD
4652,future_holdout,USD
4653,development,USD
4654,future_holdout,USD
4655,development,USD
4656,future_holdout,USD
4657,validation,USD
4658,development,USD
4659,development,USD
4660,development,USD
4661,development,USD
4662,validation,USD
4663,future_holdout,USD
4664,development,USD
4665,validation,USD
4666,future_holdout,USD
4667,development,USD
4668,development,USD
4669,validation,USD
4670,development,USD
4671,validation,USD
4672,validation,USD
4673,validation,USD
4674,development,USD
4675,future_holdout,USD
4676,development,USD
4677,development,USD
4678,future_holdout,USD
4679,future_holdout,USD
4680,development,USD
4681,development,USD
4682,development,USD
4683,future_holdout,USD
4684,development,USD
4685,validation,USD
4686,future_holdout,USD
4687,development,USD
4688,development,USD
4689,future_holdout,USD
4690,validation,USD
4691,validation,USD
4692,validation,USD
4693,validation,USD
4694,development,USD
4695,development,USD
4696,validation,USD
4697,development,USD
4698,future_holdout,USD
4699,validation,USD
4700,development,USD
4701,development,USD
4702,validation,USD
4703,development,USD
4704,development,USD
4705,validation,USD
4706,validation,USD
4707,validation,USD
4708,future_holdout,USD
4709,validation,USD
4710,development,USD
4711,development,USD
4712,development,USD
4713,development,USD
4714,future_holdout,USD
4715,development,USD
4716,development,USD
4717,validation,USD
4718,future_holdout,USD
4719,future_holdout,USD
4720,future_holdout,USD
4721,validation,USD
4722,development,USD
4723,future_holdout,USD
4724,future_holdout,USD
4725,development,USD
4726,development,USD
4727,validation,USD
4728,future_holdout,USD
4729,development,USD
4730,development,USD
4731,future_holdout,USD
4732,development,USD
4733,validation,USD
4734,development,USD
4735,validation,USD
4736,development,USD
4737,development,USD
4738,development,USD
4739,validation,USD
4740,future_holdout,USD
4741,development,USD
4742,future_holdout,USD
4743,development,USD
4744,development,USD
4745,development,USD
4746,validation,USD
4747,validation,USD
4748,validation,USD
4749,validation,USD
4750,development,USD
4751,development,USD
4752,development,USD
4753,future_holdout,USD
4754,development,USD
4755,validation,USD
4756,validation,USD
4757,development,USD
4758,validation,USD
4759,development,USD
4760,validation,USD
4761,development,USD
4762,development,USD
4763,development,USD
4764,validation,USD
4765,development,USD
4766,development,USD
4767,future_holdout,USD
4768,development,USD
4769,development,USD
4770,development,USD
4771,development,USD
4772,development,USD
4773,development,USD
4774,future_holdout,USD
4775,future_holdout,USD
4776,development,USD
4777,development,USD
4778,validation,USD
4779,development,USD
4780,validation,USD
4781,future_holdout,USD
4782,development,USD
4783,future_holdout,USD
4784,development,USD
4785,development,USD
4786,validation,USD
4787,development,USD
4788,development,USD
4789,development,USD
4790,future_holdout,USD
4791,development,USD
4792,development,USD
4793,development,USD
4794,development,USD
4795,future_holdout,USD
4796,validation,USD
4797,validation,USD
4798,development,USD
4799,development,USD
4800,development,USD
4801,future_holdout,USD
4802,validation,USD
4803,development,USD
4804,development,USD
4805,future_holdout,USD
4806,development,USD
4807,development,USD
4808,development,USD
4809,development,USD
4810,validation,USD
4811,development,USD
4812,validation,USD
4813,development,USD
4814,development,USD
4815,development,USD
4816,future_holdout,USD
4817,development,USD
4818,validation,USD
4819,development,USD
4820,development,USD
4821,development,USD
4822,development,USD
4823,development,USD
4824,future_holdout,USD
4825,validation,USD
4826,validation,USD
4827,validation,USD
4828,future_holdout,USD
4829,development,USD
4830,future_holdout,USD
4831,future_holdout,USD
4832,future_holdout,USD
4833,future_holdout,USD
4834,development,USD
4835,future_holdout,USD
4836,development,USD
4837,development,USD
4838,future_holdout,USD
4839,future_holdout,USD
4840,validation,USD
4841,development,USD
4842,development,USD
4843,development,USD
4844,validation,USD
4845,development,USD
4846,validation,USD
4847,future_holdout,USD
4848,validation,USD
4849,development,USD
4850,development,USD
4851,development,USD
4852,development,USD
4853,development,USD
4854,validation,USD
4855,validation,USD
4856,development,USD
4857,development,USD
4858,future_holdout,USD
4859,development,USD
4860,development,USD
4861,development,USD
4862,validation,USD
4863,development,USD
4864,validation,USD
4865,development,USD
4866,development,USD
4867,validation,USD
4868,development,USD
4869,validation,USD
4870,validation,USD
4871,development,USD
4872,validation,USD
4873,development,USD
4874,development,USD
4875,future_holdout,USD
4876,validation,USD
4877,development,USD
4878,validation,USD
4879,future_holdout,USD
4880,validation,USD
4881,future_holdout,USD
4882,development,USD
4883,development,USD
4884,development,USD
4885,future_holdout,USD
4886,validation,USD
4887,development,USD
4888,validation,USD
4889,future_holdout,USD
4890,development,USD
4891,validation,USD
4892,development,USD
4893,development,USD
4894,future_holdout,USD
4895,development,USD
4896,future_holdout,USD
4897,validation,USD
4898,validation,USD
4899,development,USD
4900,validation,USD
4901,validation,USD
4902,future_holdout,USD
4903,future_holdout,USD
4904,future_holdout,USD
4905,development,USD
4906,validation,USD
4907,development,USD
4908,development,USD
4909,development,USD
4910,future_holdout,USD
4911,development,USD
4912,validation,USD
4913,validation,USD
4914,future_holdout,USD
4915,development,USD
4916,validation,USD
4917,development,USD
4918,validation,USD
4919,development,USD
4920,validation,USD
4921,future_holdout,USD
4922,future_holdout,USD
4923,development,USD
4924,validation,USD
4925,validation,USD
4926,validation,USD
4927,development,USD
4928,development,USD
4929,future_holdout,USD
4930,development,USD
4931,future_holdout,USD
4932,future_holdout,USD
4933,validation,USD
4934,future_holdout,USD
4935,development,USD
4936,future_holdout,USD
4937,development,USD
4938,future_holdout,USD
4939,validation,USD
4940,development,USD
4941,development,USD
4942,validation,USD
4943,development,USD
4944,development,USD
4945,development,USD
4946,development,USD
4947,development,USD
4948,development,USD
4949,validation,USD
4950,future_holdout,USD
4951,development,USD
4952,development,USD
4953,validation,USD
4954,development,USD
4955,development,USD
4956,future_holdout,USD
4957,validation,USD
4958,future_holdout,USD
4959,future_holdout,USD
4960,development,USD
4961,validation,USD
4962,future_holdout,USD
4963,validation,USD
4964,future_holdout,USD
4965,development,USD
4966,development,USD
4967,development,USD
4968,future_holdout,USD
4969,future_holdout,USD
4970,development,USD
4971,future_holdout,USD
4972,development,USD
4973,validation,USD
4974,development,USD
4975,future_holdout,USD
4976,development,USD
4977,development,USD
4978,future_holdout,USD
4979,validation,USD
4980,development,USD
4981,development,USD
4982,development,USD
4983,development,USD
4984,future_holdout,USD
4985,validation,USD
4986,future_holdout,USD
4987,validation,USD
4988,development,USD
4989,validation,USD
4990,development,USD
4991,future_holdout,USD
4992,development,USD
4993,development,USD
4994,development,USD
4995,development,USD
4996,future_holdout,USD
4997,validation,USD
4998,future_holdout,USD
4999,development,USD
5000,development,USD
5001,development,USD
5002,development,USD
5003,future_holdout,USD
5004,development,USD
5005,development,USD
5006,future_holdout,USD
5007,validation,USD
5008,development,USD
5009,development,USD
5010,validation,USD
5011,future_holdout,USD
5012,future_holdout,USD
5013,development,USD
5014,development,USD
5015,development,USD
5016,future_holdout,USD
5017,development,USD
5018,future_holdout,USD
5019,development,USD
5020,validation,USD
5021,development,USD
5022,development,USD
5023,future_holdout,USD
5024,validation,USD
5025,development,USD
5026,development,USD
5027,validation,USD
5028,development,USD
5029,development,USD
5030,validation,USD
5031,development,USD
5032,development,USD
5033,validation,USD
5034,development,USD
5035,development,USD
5036,development,USD
5037,validation,USD
5038,validation,USD
5039,development,USD
5040,development,USD
5041,development,USD
5042,development,USD
5043,development,USD
5044,future_holdout,USD
5045,development,USD
5046,development,USD
5047,development,USD
5048,future_holdout,USD
5049,development,USD
5050,validation,USD
5051,validation,USD
5052,future_holdout,USD
5053,development,USD
5054,development,USD
5055,validation,USD
5056,development,USD
5057,validation,USD
5058,development,USD
5059,development,USD
5060,development,USD
5061,validation,USD
5062,future_holdout,USD
5063,future_holdout,USD
5064,future_holdout,USD
5065,development,USD
5066,future_holdout,USD
5067,validation,USD
5068,future_holdout,USD
5069,development,USD
5070,validation,USD
5071,development,USD
5072,development,USD
5073,future_holdout,USD
5074,development,USD
5075,development,USD
5076,development,USD
5077,development,USD
5078,validation,USD
5079,validation,USD
5080,validation,USD
5081,validation,USD
5082,development,USD
5083,development,USD
5084,future_holdout,USD
5085,development,USD
5086,development,USD
5087,validation,USD
5088,development,USD
5089,validation,USD
5090,future_holdout,USD
5091,development,USD
5092,future_holdout,USD
5093,validation,USD
5094,future_holdout,USD
5095,future_holdout,USD
5096,development,USD
5097,future_holdout,USD
5098,validation,USD
5099,future_holdout,USD
5100,development,USD
5101,development,USD
5102,validation,USD
5103,future_holdout,USD
5104,development,USD
5105,development,USD
5106,future_holdout,USD
5107,development,USD
5108,future_holdout,USD
5109,validation,USD
5110,development,USD
5111,development,USD
5112,development,USD
5113,development,USD
5114,validation,USD
5115,validation,USD
5116,future_holdout,USD
5117,development,USD
5118,validation,USD
5119,future_holdout,USD
5120,validation,USD
5121,development,USD
5122,validation,USD
5123,future_holdout,USD
5124,future_holdout,USD
5125,future_holdout,USD
5126,development,USD
5127,validation,USD
5128,development,USD
5129,development,USD
5130,development,USD
5131,development,USD
5132,validation,USD
5133,development,USD
5134,future_holdout,USD
5135,future_holdout,USD
5136,development,USD
5137,future_holdout,USD
5138,development,USD
5139,development,USD
5140,future_holdout,USD
5141,validation,USD
5142,validation,USD
5143,validation,USD
5144,future_holdout,USD
5145,development,USD
5146,validation,USD
5147,future_holdout,USD
5148,future_holdout,USD
5149,development,USD
5150,future_holdout,USD
5151,development,USD
5152,validation,USD
5153,validation,USD
5154,validation,USD
5155,future_holdout,USD
5156,validation,USD
5157,future_holdout,USD
5158,development,USD
5159,development,USD
5160,future_holdout,USD
5161,development,USD
5162,future_holdout,USD
5163,development,USD
5164,development,USD
5165,development,USD
5166,development,USD
5167,future_holdout,USD
5168,development,USD
5169,future_holdout,USD
5170,validation,USD
5171,validation,USD
5172,development,USD
5173,validation,USD
5174,development,USD
5175,development,USD
5176,validation,USD
5177,validation,USD
5178,future_holdout,USD
5179,development,USD
5180,future_holdout,USD
5181,future_holdout,USD
5182,development,USD
5183,development,USD
5184,development,USD
5185,future_holdout,USD
5186,development,USD
5187,development,USD
5188,development,USD
5189,validation,USD
5190,future_holdout,USD
5191,future_holdout,USD
5192,validation,USD
5193,development,USD
5194,validation,USD
5195,development,USD
5196,development,USD
5197,development,USD
5198,development,USD
5199,development,USD
5200,validation,USD
5201,future_holdout,USD
5202,development,USD
5203,validation,USD
5204,development,USD
5205,development,USD
5206,future_holdout,USD
5207,validation,USD
5208,development,USD
5209,development,USD
5210,future_holdout,USD
5211,development,USD
5212,development,USD
5213,development,USD
5214,development,USD
5215,development,USD
5216,development,USD
5217,development,USD
5218,validation,USD
5219,future_holdout,USD
5220,development,USD
5221,validation,USD
5222,validation,USD
5223,development,USD
5224,development,USD
5225,future_holdout,USD
5226,validation,USD
5227,validation,USD
5228,development,USD
5229,future_holdout,USD
5230,future_holdout,USD
5231,development,USD
5232,development,USD
5233,development,USD
5234,future_holdout,USD
5235,development,USD
5236,development,USD
5237,future_holdout,USD
5238,development,USD
5239,development,USD
5240,future_holdout,USD
5241,validation,USD
5242,future_holdout,USD
5243,validation,USD
5244,future_holdout,USD
5245,development,USD
5246,development,USD
5247,development,USD
5248,development,USD
5249,future_holdout,USD
5250,future_holdout,USD
5251,future_holdout,USD
5252,development,USD
5253,validation,USD
5254,future_holdout,USD
5255,validation,USD
5256,future_holdout,USD
5257,development,USD
5258,development,USD
5259,development,USD
5260,development,USD
5261,validation,USD
5262,future_holdout,USD
5263,validation,USD
5264,future_holdout,USD
5265,development,USD
5266,validation,USD
5267,future_holdout,USD
5268,future_holdout,USD
5269,future_holdout,USD
5270,validation,USD
5271,development,USD
5272,development,USD
5273,development,USD
5274,development,USD
5275,future_holdout,USD
5276,development,USD
5277,development,USD
5278,development,USD
5279,future_holdout,USD
5280,future_holdout,USD
5281,development,USD
5282,development,USD
5283,validation,USD
5284,validation,USD
5285,development,USD
5286,future_holdout,USD
5287,future_holdout,USD
5288,future_holdout,USD
5289,future_holdout,USD
5290,development,USD
5291,future_holdout,USD
5292,development,USD
5293,validation,USD
5294,validation,USD
5295,validation,USD
5296,development,USD
5297,future_holdout,USD
5298,future_holdout,USD
5299,development,USD
5300,validation,USD
5301,future_holdout,USD
5302,development,USD
5303,future_holdout,USD
5304,development,USD
5305,development,USD
5306,validation,USD
5307,development,USD
5308,validation,USD
5309,development,USD
5310,development,USD
5311,validation,USD
5312,validation,USD
5313,validation,USD
5314,validation,USD
5315,validation,USD
5316,development,USD
5317,development,USD
5318,future_holdout,USD
5319,future_holdout,USD
5320,validation,USD
5321,future_holdout,USD
5322,development,USD
5323,validation,USD
5324,future_holdout,USD
5325,development,USD
5326,development,USD
5327,future_holdout,USD
5328,future_holdout,USD
5329,future_holdout,USD
5330,future_holdout,USD
5331,future_holdout,USD
5332,future_holdout,USD
5333,future_holdout,USD
5334,development,USD
5335,development,USD
5336,future_holdout,USD
5337,future_holdout,USD
5338,development,USD
5339,validation,USD
5340,validation,USD
5341,development,USD
5342,development,USD
5343,future_holdout,USD
5344,future_holdout,USD
5345,development,USD
5346,future_holdout,USD
5347,validation,USD
5348,future_holdout,USD
5349,validation,USD
5350,development,USD
5351,development,USD
5352,development,USD
5353,validation,USD
5354,validation,USD
5355,development,USD
5356,development,USD
5357,development,USD
5358,future_holdout,USD
5359,future_holdout,USD
5360,development,USD
5361,future_holdout,USD
5362,development,USD
5363,future_holdout,USD
5364,development,USD
5365,future_holdout,USD
5366,validation,USD
5367,development,USD
5368,development,USD
5369,development,USD
5370,development,USD
5371,development,USD
5372,future_holdout,USD
5373,development,USD
5374,validation,USD
5375,development,USD
5376,future_holdout,USD
5377,validation,USD
5378,development,USD
5379,future_holdout,USD
5380,future_holdout,USD
5381,validation,USD
5382,development,USD
5383,development,USD
5384,development,USD
5385,development,USD
5386,future_holdout,USD
5387,development,USD
5388,future_holdout,USD
5389,development,USD
5390,development,USD
5391,future_holdout,USD
5392,development,USD
5393,validation,USD
5394,future_holdout,USD
5395,future_holdout,USD
5396,future_holdout,USD
5397,development,USD
5398,development,USD
5399,development,USD
5400,development,USD
5401,development,USD
5402,development,USD
5403,validation,USD
5404,validation,USD
5405,future_holdout,USD
5406,validation,USD
5407,development,USD
5408,development,USD
5409,development,USD
5410,development,USD
5411,development,USD
5412,validation,USD
5413,validation,USD
5414,development,USD
5415,development,USD
5416,development,USD
5417,validation,USD
5418,development,USD
5419,future_holdout,USD
5420,validation,USD
5421,development,USD
5422,validation,USD
5423,future_holdout,USD
5424,development,USD
5425,development,USD
5426,development,USD
5427,development,USD
5428,future_holdout,USD
5429,validation,USD
5430,development,USD
5431,validation,USD
5432,development,USD
5433,development,USD
5434,development,USD
5435,future_holdout,USD
5436,development,USD
5437,validation,USD
5438,development,USD
5439,development,USD
5440,validation,USD
5441,future_holdout,USD
5442,future_holdout,USD
5443,development,USD
5444,development,USD
5445,development,USD
5446,future_holdout,USD
5447,development,USD
5448,future_holdout,USD
5449,development,USD
5450,validation,USD
5451,validation,USD
5452,development,USD
5453,validation,USD
5454,development,USD
5455,validation,USD
5456,development,USD
5457,future_holdout,USD
5458,validation,USD
5459,validation,USD
5460,future_holdout,USD
5461,development,USD
5462,development,USD
5463,development,USD
5464,development,USD
5465,future_holdout,USD
5466,validation,USD
5467,validation,USD
5468,development,USD
5469,development,USD
5470,development,USD
5471,validation,USD
5472,future_holdout,USD
5473,development,USD
5474,validation,USD
5475,development,USD
5476,future_holdout,USD
5477,validation,USD
5478,development,USD
5479,validation,USD
5480,validation,USD
5481,development,USD
5482,development,USD
5483,development,USD
5484,development,USD
5485,validation,USD
5486,validation,USD
5487,future_holdout,USD
5488,development,USD
5489,development,USD
5490,validation,USD
5491,development,USD
5492,validation,USD
5493,future_holdout,USD
5494,validation,USD
5495,future_holdout,USD
5496,development,USD
5497,development,USD
5498,development,USD
5499,future_holdout,USD
5500,validation,USD
5501,development,USD
5502,future_holdout,USD
5503,future_holdout,USD
5504,development,USD
5505,validation,USD
5506,future_holdout,USD
5507,future_holdout,USD
5508,future_holdout,USD
5509,development,USD
5510,future_holdout,USD
5511,development,USD
5512,future_holdout,USD
5513,validation,USD
5514,development,USD
5515,future_holdout,USD
5516,validation,USD
5517,validation,USD
5518,validation,USD
5519,development,USD
5520,future_holdout,USD
5521,development,USD
5522,validation,USD
5523,development,USD
5524,development,USD
5525,development,USD
5526,development,USD
5527,validation,USD
5528,development,USD
5529,development,USD
5530,validation,USD
5531,validation,USD
5532,development,USD
5533,future_holdout,USD
5534,development,USD
5535,development,USD
5536,development,USD
5537,development,USD
5538,development,USD
5539,development,USD
5540,development,USD
5541,future_holdout,USD
5542,validation,USD
5543,development,USD
5544,development,USD
5545,development,USD
5546,development,USD
5547,validation,USD
5548,development,USD
5549,development,USD
5550,validation,USD
5551,development,USD
5552,future_holdout,USD
5553,future_holdout,USD
5554,development,USD
5555,validation,USD
5556,future_holdout,USD
5557,validation,USD
5558,future_holdout,USD
5559,development,USD
5560,development,USD
5561,development,USD
5562,validation,USD
5563,development,USD
5564,development,USD
5565,development,USD
5566,development,USD
5567,validation,USD
5568,validation,USD
5569,validation,USD
5570,development,USD
5571,development,USD
5572,future_holdout,USD
5573,development,USD
5574,development,USD
5575,future_holdout,USD
5576,validation,USD
5577,future_holdout,USD
5578,future_holdout,USD
5579,future_holdout,USD
5580,development,USD
5581,future_holdout,USD
5582,development,USD
5583,development,USD
5584,development,USD
5585,development,USD
5586,future_holdout,USD
5587,development,USD
5588,development,USD
5589,development,USD
5590,future_holdout,USD
5591,future_holdout,USD
5592,future_holdout,USD
5593,future_holdout,USD
5594,validation,USD
5595,future_holdout,USD
5596,validation,USD
5597,future_holdout,USD
5598,validation,USD
5599,validation,USD
5600,development,USD
5601,development,USD
5602,future_holdout,USD
5603,development,USD
5604,validation,USD
5605,development,USD
5606,future_holdout,USD
5607,future_holdout,USD
5608,future_holdout,USD
5609,development,USD
5610,development,USD
5611,future_holdout,USD
5612,development,USD
5613,validation,USD
5614,development,USD
5615,development,USD
5616,validation,USD
5617,future_holdout,USD
5618,development,USD
5619,future_holdout,USD
5620,development,USD
5621,validation,USD
5622,development,USD
5623,development,USD
5624,development,USD
5625,validation,USD
5626,development,USD
5627,development,USD
5628,validation,USD
5629,validation,USD
5630,development,USD
5631,development,USD
5632,future_holdout,USD
5633,development,USD
5634,development,USD
5635,future_holdout,USD
5636,validation,USD
5637,development,USD
5638,future_holdout,USD
5639,development,USD
5640,development,USD
5641,development,USD
5642,development,USD
5643,validation,USD
5644,validation,USD
5645,development,USD
5646,development,USD
5647,future_holdout,USD
5648,validation,USD
5649,development,USD
5650,future_holdout,USD
5651,validation,USD
5652,future_holdout,USD
5653,development,USD
5654,development,USD
5655,development,USD
5656,validation,USD
5657,development,USD
5658,future_holdout,USD
5659,development,USD
5660,future_holdout,USD
5661,validation,USD
5662,validation,USD
5663,future_holdout,USD
5664,future_holdout,USD
5665,development,USD
5666,future_holdout,USD
5667,development,USD
5668,future_holdout,USD
5669,validation,USD
5670,development,USD
5671,validation,USD
5672,development,USD
5673,future_holdout,USD
5674,development,USD
5675,development,USD
5676,development,USD
5677,development,USD
5678,development,USD
5679,future_holdout,USD
5680,development,USD
5681,development,USD
5682,validation,USD
5683,future_holdout,USD
5684,development,USD
5685,validation,USD
5686,future_holdout,USD
5687,development,USD
5688,development,USD
5689,validation,USD
5690,development,USD
5691,development,USD
5692,development,USD
5693,development,USD
5694,validation,USD
5695,validation,USD
5696,validation,USD
5697,future_holdout,USD
5698,development,USD
5699,validation,USD
5700,future_holdout,USD
5701,development,USD
5702,validation,USD
5703,development,USD
5704,development,USD
5705,future_holdout,USD
5706,validation,USD
5707,future_holdout,USD
5708,future_holdout,USD
5709,development,USD
5710,future_holdout,USD
5711,development,USD
5712,future_holdout,USD
5713,development,USD
5714,development,USD
5715,future_holdout,USD
5716,development,USD
5717,development,USD
5718,validation,USD
5719,validation,USD
5720,development,USD
5721,development,USD
5722,development,USD
5723,validation,USD
5724,validation,USD
5725,development,USD
5726,development,USD
5727,validation,USD
5728,development,USD
5729,development,USD
5730,development,USD
5731,future_holdout,USD
5732,development,USD
5733,future_holdout,USD
5734,development,USD
5735,validation,USD
5736,future_holdout,USD
5737,future_holdout,USD
5738,development,USD
5739,validation,USD
5740,validation,USD
5741,future_holdout,USD
5742,future_holdout,USD
5743,future_holdout,USD
5744,development,USD
5745,future_holdout,USD
5746,future_holdout,USD
5747,future_holdout,USD
5748,validation,USD
5749,development,USD
5750,validation,USD
5751,development,USD
5752,future_holdout,USD
5753,development,USD
5754,development,USD
5755,validation,USD
5756,development,USD
5757,future_holdout,USD
5758,future_holdout,USD
5759,development,USD
5760,future_holdout,USD
5761,development,USD
5762,development,USD
5763,future_holdout,USD
5764,validation,USD
5765,validation,USD
5766,development,USD
5767,development,USD
5768,future_holdout,USD
5769,development,USD
5770,validation,USD
5771,future_holdout,USD
5772,validation,USD
5773,development,USD
5774,validation,USD
5775,development,USD
5776,validation,USD
5777,future_holdout,USD
5778,validation,USD
5779,future_holdout,USD
5780,development,USD
5781,future_holdout,USD
5782,validation,USD
5783,development,USD
5784,development,USD
5785,validation,USD
5786,development,USD
5787,validation,USD
5788,development,USD
5789,development,USD
5790,validation,USD
5791,validation,USD
5792,future_holdout,USD
5793,development,USD
5794,validation,USD
5795,development,USD
5796,validation,USD
5797,development,USD
5798,development,USD
5799,development,USD
5800,future_holdout,USD
5801,validation,USD
5802,development,USD
5803,validation,USD
5804,development,USD
5805,future_holdout,USD
5806,future_holdout,USD
5807,development,USD
5808,development,USD
5809,future_holdout,USD
5810,development,USD
5811,validation,USD
5812,validation,USD
5813,development,USD
5814,validation,USD
5815,future_holdout,USD
5816,development,USD
5817,validation,USD
5818,development,USD
5819,development,USD
5820,development,USD
5821,development,USD
5822,development,USD
5823,future_holdout,USD
5824,development,USD
5825,future_holdout,USD
5826,development,USD
5827,development,USD
5828,future_holdout,USD
5829,development,USD
5830,development,USD
5831,future_holdout,USD
5832,development,USD
5833,development,USD
5834,development,USD
5835,validation,USD
5836,validation,USD
5837,development,USD
5838,future_holdout,USD
5839,validation,USD
5840,development,USD
5841,development,USD
5842,future_holdout,USD
5843,validation,USD
5844,future_holdout,USD
5845,development,USD
5846,development,USD
5847,future_holdout,USD
5848,validation,USD
5849,development,USD
5850,development,USD
5851,development,USD
5852,validation,USD
5853,validation,USD
5854,future_holdout,USD
5855,development,USD
5856,future_holdout,USD
5857,development,USD
5858,development,USD
5859,validation,USD
5860,development,USD
5861,development,USD
5862,future_holdout,USD
5863,development,USD
5864,development,USD
5865,development,USD
5866,development,USD
5867,development,USD
5868,development,USD
5869,validation,USD
5870,validation,USD
5871,development,USD
5872,future_holdout,USD
5873,development,USD
5874,validation,USD
5875,development,USD
5876,future_holdout,USD
5877,validation,USD
5878,future_holdout,USD
5879,validation,USD
5880,development,USD
5881,development,USD
5882,development,USD
5883,validation,USD
5884,validation,USD
5885,validation,USD
5886,future_holdout,USD
5887,future_holdout,USD
5888,development,USD
5889,development,USD
5890,development,USD
5891,future_holdout,USD
5892,validation,USD
5893,validation,USD
5894,validation,USD
5895,development,USD
5896,validation,USD
5897,development,USD
5898,validation,USD
5899,development,USD
5900,development,USD
5901,validation,USD
5902,development,USD
5903,validation,USD
5904,validation,USD
5905,development,USD
5906,development,USD
5907,development,USD
5908,development,USD
5909,future_holdout,USD
5910,future_holdout,USD
5911,future_holdout,USD
5912,future_holdout,USD
5913,future_holdout,USD
5914,development,USD
5915,validation,USD
5916,development,USD
5917,validation,USD
5918,development,USD
5919,future_holdout,USD
5920,validation,USD
5921,future_holdout,USD
5922,development,USD
5923,development,USD
5924,future_holdout,USD
5925,future_holdout,USD
5926,development,USD
5927,development,USD
5928,future_holdout,USD
5929,development,USD
5930,development,USD
5931,development,USD
5932,validation,USD
5933,development,USD
5934,validation,USD
5935,development,USD
5936,development,USD
5937,future_holdout,USD
5938,development,USD
5939,validation,USD
5940,development,USD
5941,validation,USD
5942,development,USD
5943,validation,USD
5944,development,USD
5945,development,USD
5946,development,USD
5947,development,USD
5948,future_holdout,USD
5949,development,USD
5950,development,USD
5951,validation,USD
5952,development,USD
5953,validation,USD
5954,future_holdout,USD
5955,validation,USD
5956,development,USD
5957,validation,USD
5958,future_holdout,USD
5959,validation,USD
5960,validation,USD
5961,development,USD
5962,development,USD
5963,validation,USD
5964,development,USD
5965,future_holdout,USD
5966,validation,USD
5967,validation,USD
5968,validation,USD
5969,development,USD
5970,future_holdout,USD
5971,development,USD
5972,future_holdout,USD
5973,validation,USD
5974,future_holdout,USD
5975,validation,USD
5976,development,USD
5977,future_holdout,USD
5978,future_holdout,USD
5979,validation,USD
5980,validation,USD
5981,future_holdout,USD
5982,future_holdout,USD
5983,validation,USD
5984,validation,USD
5985,development,USD
5986,future_holdout,USD
5987,future_holdout,USD
5988,validation,USD
5989,development,USD
5990,future_holdout,USD
5991,validation,USD
5992,development,USD
5993,development,USD
5994,development,USD
5995,development,USD
5996,development,USD
5997,development,USD
5998,validation,USD
5999,future_holdout,USD
6000,development,USD
6001,development,USD
6002,development,USD
6003,validation,USD
6004,validation,USD
6005,validation,USD
6006,development,USD
6007,validation,USD
6008,validation,USD
6009,development,USD
6010,development,USD
6011,future_holdout,USD
6012,development,USD
6013,validation,USD
6014,development,USD
6015,development,USD
6016,future_holdout,USD
6017,development,USD
6018,future_holdout,USD
6019,validation,USD
6020,development,USD
6021,future_holdout,USD
6022,development,USD
6023,future_holdout,USD
6024,validation,USD
6025,development,USD
6026,validation,USD
6027,future_holdout,USD
6028,future_holdout,USD
6029,development,USD
6030,development,USD
6031,development,USD
6032,development,USD
6033,development,USD
6034,future_holdout,USD
6035,future_holdout,USD
6036,development,USD
6037,validation,USD
6038,development,USD
6039,development,USD
6040,validation,USD
6041,development,USD
6042,development,USD
6043,development,USD
6044,future_holdout,USD
6045,development,USD
6046,future_holdout,USD
6047,development,USD
6048,development,USD
6049,validation,USD
6050,validation,USD
6051,future_holdout,USD
6052,validation,USD
6053,future_holdout,USD
6054,development,USD
6055,development,USD
6056,development,USD
6057,validation,USD
6058,development,USD
6059,development,USD
6060,future_holdout,USD
6061,future_holdout,USD
6062,validation,USD
6063,development,USD
6064,validation,USD
6065,development,USD
6066,validation,USD
6067,validation,USD
6068,future_holdout,USD
6069,development,USD
6070,development,USD
6071,validation,USD
6072,future_holdout,USD
6073,development,USD
6074,future_holdout,USD
6075,development,USD
6076,development,USD
6077,future_holdout,USD
6078,development,USD
6079,development,USD
6080,future_holdout,USD
6081,future_holdout,USD
6082,future_holdout,USD
6083,future_holdout,USD
6084,development,USD
6085,validation,USD
6086,future_holdout,USD
6087,development,USD
6088,development,USD
6089,development,USD
6090,validation,USD
6091,future_holdout,USD
6092,validation,USD
6093,future_holdout,USD
6094,development,USD
6095,future_holdout,USD
6096,development,USD
6097,future_holdout,USD
6098,development,USD
6099,development,USD
6100,validation,USD
6101,development,USD
6102,validation,USD
6103,development,USD
6104,future_holdout,USD
6105,development,USD
6106,development,USD
6107,development,USD
6108,future_holdout,USD
6109,development,USD
6110,validation,USD
6111,validation,USD
6112,development,USD
6113,development,USD
6114,development,USD
6115,development,USD
6116,development,USD
6117,future_holdout,USD
6118,future_holdout,USD
6119,future_holdout,USD
6120,future_holdout,USD
6121,future_holdout,USD
6122,future_holdout,USD
6123,future_holdout,USD
6124,development,USD
6125,development,USD
6126,development,USD
6127,future_holdout,USD
6128,development,USD
6129,future_holdout,USD
6130,validation,USD
6131,future_holdout,USD
6132,future_holdout,USD
6133,future_holdout,USD
6134,development,USD
6135,future_holdout,USD
6136,validation,USD
6137,validation,USD
6138,development,USD
6139,development,USD
6140,development,USD
6141,future_holdout,USD
6142,development,USD
6143,development,USD
6144,development,USD
6145,development,USD
6146,development,USD
6147,development,USD
6148,development,USD
6149,development,USD
6150,future_holdout,USD
6151,validation,USD
6152,development,USD
6153,development,USD
6154,future_holdout,USD
6155,development,USD
6156,development,USD
6157,development,USD
6158,future_holdout,USD
6159,development,USD
6160,development,USD
6161,validation,USD
6162,future_holdout,USD
6163,validation,USD
6164,future_holdout,USD
6165,validation,USD
6166,future_holdout,USD
6167,development,USD
6168,future_holdout,USD
6169,development,USD
6170,validation,USD
6171,validation,USD
6172,future_holdout,USD
6173,development,USD
6174,development,USD
6175,development,USD
6176,development,USD
6177,validation,USD
6178,development,USD
6179,future_holdout,USD
6180,development,USD
6181,development,USD
6182,development,USD
6183,development,USD
6184,development,USD
6185,development,USD
6186,development,USD
6187,future_holdout,USD
6188,future_holdout,USD
6189,future_holdout,USD
6190,validation,USD
6191,validation,USD
6192,validation,USD
6193,validation,USD
6194,future_holdout,USD
6195,development,USD
6196,future_holdout,USD
6197,development,USD
6198,validation,USD
6199,future_holdout,USD
6200,validation,USD
6201,validation,USD
6202,validation,USD
6203,development,USD
6204,development,USD
6205,validation,USD
6206,validation,USD
6207,validation,USD
6208,future_holdout,USD
6209,validation,USD
6210,future_holdout,USD
6211,future_holdout,USD
6212,development,USD
6213,development,USD
6214,development,USD
6215,development,USD
6216,future_holdout,USD
6217,development,USD
6218,future_holdout,USD
6219,future_holdout,USD
6220,validation,USD
6221,future_holdout,USD
6222,development,USD
6223,development,USD
6224,validation,USD
6225,validation,USD
6226,future_holdout,USD
6227,future_holdout,USD
6228,development,USD
6229,development,USD
6230,future_holdout,USD
6231,development,USD
6232,future_holdout,USD
6233,future_holdout,USD
6234,development,USD
6235,development,USD
6236,development,USD
6237,future_holdout,USD
6238,development,USD
6239,development,USD
6240,future_holdout,USD
6241,validation,USD
6242,development,USD
6243,development,USD
6244,development,USD
6245,development,USD
6246,development,USD
6247,development,USD
6248,future_holdout,USD
6249,validation,USD
6250,development,USD
6251,validation,USD
6252,validation,USD
6253,validation,USD
6254,future_holdout,USD
6255,future_holdout,USD
6256,future_holdout,USD
6257,future_holdout,USD
6258,development,USD
6259,future_holdout,USD
6260,validation,USD
6261,development,USD
6262,future_holdout,USD
6263,validation,USD
6264,development,USD
6265,validation,USD
6266,future_holdout,USD
6267,development,USD
6268,future_holdout,USD
6269,development,USD
6270,future_holdout,USD
6271,development,USD
6272,development,USD
6273,validation,USD
6274,future_holdout,USD
6275,development,USD
6276,future_holdout,USD
6277,future_holdout,USD
6278,validation,USD
6279,development,USD
6280,development,USD
6281,development,USD
6282,future_holdout,USD
6283,future_holdout,USD
6284,development,USD
6285,validation,USD
6286,development,USD
6287,development,USD
6288,development,USD
6289,development,USD
6290,development,USD
6291,development,USD
6292,future_holdout,USD
6293,validation,USD
6294,future_holdout,USD
6295,validation,USD
6296,validation,USD
6297,development,USD
6298,development,USD
6299,development,USD
6300,development,USD
6301,validation,USD
6302,validation,USD
6303,future_holdout,USD
6304,development,USD
6305,future_holdout,USD
6306,future_holdout,USD
6307,validation,USD
6308,validation,USD
6309,validation,USD
6310,validation,USD
6311,development,USD
6312,development,USD
6313,development,USD
6314,development,USD
6315,validation,USD
6316,development,USD
6317,development,USD
6318,future_holdout,USD
6319,development,USD
6320,development,USD
6321,development,USD
6322,validation,USD
6323,development,USD
6324,development,USD
6325,development,USD
6326,future_holdout,USD
6327,future_holdout,USD
6328,development,USD
6329,development,USD
6330,future_holdout,USD
6331,validation,USD
6332,development,USD
6333,future_holdout,USD
6334,validation,USD
6335,development,USD
6336,development,USD
6337,development,USD
6338,validation,USD
6339,future_holdout,USD
6340,validation,USD
6341,development,USD
6342,validation,USD
6343,development,USD
6344,development,USD
6345,development,USD
6346,development,USD
6347,future_holdout,USD
6348,validation,USD
6349,validation,USD
6350,future_holdout,USD
6351,future_holdout,USD
6352,future_holdout,USD
6353,validation,USD
6354,development,USD
6355,future_holdout,USD
6356,development,USD
6357,future_holdout,USD
6358,development,USD
6359,development,USD
6360,development,USD
6361,development,USD
6362,development,USD
6363,future_holdout,USD
6364,validation,USD
6365,future_holdout,USD
6366,validation,USD
6367,future_holdout,USD
6368,future_holdout,USD
6369,development,USD
6370,future_holdout,USD
6371,development,USD
6372,validation,USD
6373,development,USD
6374,development,USD
6375,future_holdout,USD
6376,development,USD
6377,development,USD
6378,development,USD
6379,future_holdout,USD
6380,validation,USD
6381,development,USD
6382,development,USD
6383,development,USD
6384,development,USD
6385,development,USD
6386,development,USD
6387,future_holdout,USD
6388,validation,USD
6389,future_holdout,USD
6390,validation,USD
6391,development,USD
6392,development,USD
6393,future_holdout,USD
6394,development,USD
6395,future_holdout,USD
6396,development,USD
6397,development,USD
6398,development,USD
6399,validation,USD
6400,validation,USD
6401,future_holdout,USD
6402,development,USD
6403,validation,USD
6404,validation,USD
6405,future_holdout,USD
6406,development,USD
6407,validation,USD
6408,validation,USD
6409,future_holdout,USD
6410,development,USD
6411,development,USD
6412,validation,USD
6413,development,USD
6414,development,USD
6415,future_holdout,USD
6416,future_holdout,USD
6417,validation,USD
6418,development,USD
6419,validation,USD
6420,development,USD
6421,validation,USD
6422,future_holdout,USD
6423,validation,USD
6424,validation,USD
6425,future_holdout,USD
6426,development,USD
6427,development,USD
6428,validation,USD
6429,future_holdout,USD
6430,development,USD
6431,development,USD
6432,validation,USD
6433,development,USD
6434,validation,USD
6435,development,USD
6436,validation,USD
6437,validation,USD
6438,validation,USD
6439,development,USD
6440,development,USD
6441,future_holdout,USD
6442,development,USD
6443,development,USD
6444,development,USD
6445,development,USD
6446,future_holdout,USD
6447,validation,USD
6448,development,USD
6449,future_holdout,USD
6450,future_holdout,USD
6451,validation,USD
6452,development,USD
6453,future_holdout,USD
6454,development,USD
6455,future_holdout,USD
6456,future_holdout,USD
6457,future_holdout,USD
6458,development,USD
6459,development,USD
6460,development,USD
6461,development,USD
6462,future_holdout,USD
6463,development,USD
6464,development,USD
6465,future_holdout,USD
6466,future_holdout,USD
6467,future_holdout,USD
6468,future_holdout,USD
6469,validation,USD
6470,validation,USD
6471,development,USD
6472,development,USD
6473,development,USD
6474,development,USD
6475,validation,USD
6476,development,USD
6477,validation,USD
6478,future_holdout,USD
6479,future_holdout,USD
6480,future_holdout,USD
6481,validation,USD
6482,development,USD
6483,future_holdout,USD
6484,future_holdout,USD
6485,future_holdout,USD
6486,future_holdout,USD
6487,validation,USD
6488,future_holdout,USD
6489,development,USD
6490,development,USD
6491,future_holdout,USD
6492,future_holdout,USD
6493,development,USD
6494,development,USD
6495,validation,USD
6496,validation,USD
6497,development,USD
6498,development,USD
6499,development,USD
6500,development,USD
6501,development,USD
6502,validation,USD
6503,development,USD
6504,future_holdout,USD
6505,development,USD
6506,development,USD
6507,validation,USD
6508,validation,USD
6509,validation,USD
6510,validation,USD
6511,development,USD
6512,development,USD
6513,validation,USD
6514,development,USD
6515,future_holdout,USD
6516,development,USD
6517,development,USD
6518,validation,USD
6519,future_holdout,USD
6520,development,USD
6521,development,USD
6522,future_holdout,USD
6523,development,USD
6524,development,USD
6525,validation,USD
6526,development,USD
6527,validation,USD
6528,validation,USD
6529,development,USD
6530,development,USD
6531,validation,USD
6532,development,USD
6533,development,USD
6534,validation,USD
6535,development,USD
6536,development,USD
6537,development,USD
6538,development,USD
6539,future_holdout,USD
6540,future_holdout,USD
6541,development,USD
6542,development,USD
6543,development,USD
6544,development,USD
6545,development,USD
6546,development,USD
6547,development,USD
6548,validation,USD
6549,validation,USD
6550,development,USD
6551,future_holdout,USD
6552,validation,USD
6553,development,USD
6554,validation,USD
6555,development,USD
6556,future_holdout,USD
6557,validation,USD
6558,future_holdout,USD
6559,development,USD
6560,development,USD
6561,development,USD
6562,future_holdout,USD
6563,development,USD
6564,development,USD
6565,future_holdout,USD
6566,validation,USD
6567,development,USD
6568,future_holdout,USD
6569,future_holdout,USD
6570,development,USD
6571,validation,USD
6572,future_holdout,USD
6573,development,USD
6574,validation,USD
6575,validation,USD
6576,validation,USD
6577,future_holdout,USD
6578,development,USD
6579,future_holdout,USD
6580,future_holdout,USD
6581,future_holdout,USD
6582,validation,USD
6583,development,USD
6584,validation,USD
6585,development,USD
6586,development,USD
6587,development,USD
6588,development,USD
6589,validation,USD
6590,validation,USD
6591,validation,USD
6592,development,USD
6593,future_holdout,USD
6594,validation,USD
6595,development,USD
6596,development,USD
6597,future_holdout,USD
6598,future_holdout,USD
6599,future_holdout,USD
6600,future_holdout,USD
6601,future_holdout,USD
6602,development,USD
6603,future_holdout,USD
6604,development,USD
6605,validation,USD
6606,validation,USD
6607,development,USD
6608,development,USD
6609,future_holdout,USD
6610,validation,USD
6611,development,USD
6612,development,USD
6613,future_holdout,USD
6614,development,USD
6615,future_holdout,USD
6616,development,USD
6617,validation,USD
6618,future_holdout,USD
6619,validation,USD
6620,development,USD
6621,development,USD
6622,validation,USD
6623,validation,USD
6624,development,USD
6625,development,USD
6626,development,USD
6627,development,USD
6628,development,USD
6629,development,USD
6630,validation,USD
6631,future_holdout,USD
6632,development,USD
6633,future_holdout,USD
6634,development,USD
6635,validation,USD
6636,development,USD
6637,validation,USD
6638,validation,USD
6639,development,USD
6640,development,USD
6641,development,USD
6642,future_holdout,USD
6643,development,USD
6644,future_holdout,USD
6645,development,USD
6646,development,USD
6647,development,USD
6648,future_holdout,USD
6649,development,USD
6650,development,USD
6651,development,USD
6652,development,USD
6653,future_holdout,USD
6654,future_holdout,USD
6655,development,USD
6656,development,USD
6657,future_holdout,USD
6658,future_holdout,USD
6659,validation,USD
6660,development,USD
6661,development,USD
6662,future_holdout,USD
6663,validation,USD
6664,validation,USD
6665,validation,USD
6666,future_holdout,USD
6667,development,USD
6668,development,USD
6669,development,USD
6670,validation,USD
6671,validation,USD
6672,future_holdout,USD
6673,development,USD
6674,future_holdout,USD
6675,future_holdout,USD
6676,development,USD
6677,future_holdout,USD
6678,future_holdout,USD
6679,development,USD
6680,validation,USD
6681,development,USD
6682,validation,USD
6683,development,USD
6684,development,USD
6685,validation,USD
6686,validation,USD
6687,development,USD
6688,development,USD
6689,validation,USD
6690,future_holdout,USD
6691,validation,USD
6692,development,USD
6693,future_holdout,USD
6694,validation,USD
6695,development,USD
6696,development,USD
6697,validation,USD
6698,development,USD
6699,future_holdout,USD
6700,validation,USD
6701,development,USD
6702,validation,USD
6703,development,USD
6704,development,USD
6705,future_holdout,USD
6706,future_holdout,USD
6707,development,USD
6708,development,USD
6709,future_holdout,USD
6710,future_holdout,USD
6711,future_holdout,USD
6712,development,USD
6713,development,USD
6714,development,USD
6715,development,USD
6716,future_holdout,USD
6717,future_holdout,USD
6718,validation,USD
6719,future_holdout,USD
6720,development,USD
6721,future_holdout,USD
6722,development,USD
6723,future_holdout,USD
6724,validation,USD
6725,validation,USD
6726,future_holdout,USD
6727,development,USD
6728,development,USD
6729,future_holdout,USD
6730,validation,USD
6731,development,USD
6732,validation,USD
6733,validation,USD
6734,development,USD
6735,validation,USD
6736,development,USD
6737,future_holdout,USD
6738,development,USD
6739,development,USD
6740,development,USD
6741,development,USD
6742,validation,USD
6743,future_holdout,USD
6744,development,USD
6745,future_holdout,USD
6746,development,USD
6747,validation,USD
6748,development,USD
6749,validation,USD
6750,future_holdout,USD
6751,development,USD
6752,validation,USD
6753,validation,USD
6754,development,USD
6755,validation,USD
6756,validation,USD
6757,validation,USD
6758,development,USD
6759,development,USD
6760,validation,USD
6761,future_holdout,USD
6762,development,USD
6763,development,USD
6764,development,USD
6765,development,USD
6766,development,USD
6767,development,USD
6768,future_holdout,USD
6769,future_holdout,USD
6770,future_holdout,USD
6771,development,USD
6772,validation,USD
6773,validation,USD
6774,validation,USD
6775,validation,USD
6776,future_holdout,USD
6777,development,USD
6778,future_holdout,USD
6779,development,USD
6780,future_holdout,USD
6781,future_holdout,USD
6782,future_holdout,USD
6783,development,USD
6784,validation,USD
6785,validation,USD
6786,future_holdout,USD
6787,development,USD
6788,future_holdout,USD
6789,development,USD
6790,future_holdout,USD
6791,future_holdout,USD
6792,development,USD
6793,development,USD
6794,development,USD
6795,development,USD
6796,validation,USD
6797,future_holdout,USD
6798,development,USD
6799,future_holdout,USD
6800,future_holdout,USD
6801,development,USD
6802,validation,USD
6803,development,USD
6804,future_holdout,USD
6805,validation,USD
6806,future_holdout,USD
6807,validation,USD
6808,development,USD
6809,future_holdout,USD
6810,development,USD
6811,development,USD
6812,future_holdout,USD
6813,validation,USD
6814,future_holdout,USD
6815,future_holdout,USD
6816,validation,USD
6817,validation,USD
6818,development,USD
6819,development,USD
6820,future_holdout,USD
6821,future_holdout,USD
6822,validation,USD
6823,validation,USD
6824,development,USD
6825,development,USD
6826,development,USD
6827,development,USD
6828,future_holdout,USD
6829,future_holdout,USD
6830,development,USD
6831,development,USD
6832,validation,USD
6833,development,USD
6834,development,USD
6835,validation,USD
6836,development,USD
6837,validation,USD
6838,future_holdout,USD
6839,future_holdout,USD
6840,development,USD
6841,validation,USD
6842,development,USD
6843,validation,USD
6844,development,USD
6845,development,USD
6846,future_holdout,USD
6847,development,USD
6848,development,USD
6849,development,USD
6850,development,USD
6851,future_holdout,USD
6852,future_holdout,USD
6853,development,USD
6854,development,USD
6855,future_holdout,USD
6856,development,USD
6857,validation,USD
6858,validation,USD
6859,validation,USD
6860,future_holdout,USD
6861,development,USD
6862,future_holdout,USD
6863,validation,USD
6864,validation,USD
6865,development,USD
6866,development,USD
6867,future_holdout,USD
6868,validation,USD
6869,future_holdout,USD
6870,future_holdout,USD
6871,development,USD
6872,development,USD
6873,future_holdout,USD
6874,development,USD
6875,development,USD
6876,future_holdout,USD
6877,development,USD
6878,validation,USD
6879,development,USD
6880,validation,USD
6881,validation,USD
6882,development,USD
6883,development,USD
6884,future_holdout,USD
6885,development,USD
6886,development,USD
6887,validation,USD
6888,validation,USD
6889,development,USD
6890,validation,USD
6891,future_holdout,USD
6892,development,USD
6893,validation,USD
6894,development,USD
6895,development,USD
6896,future_holdout,USD
6897,development,USD
6898,validation,USD
6899,validation,USD
6900,future_holdout,USD
6901,development,USD
6902,development,USD
6903,development,USD
6904,future_holdout,USD
6905,future_holdout,USD
6906,validation,USD
6907,development,USD
6908,validation,USD
6909,future_holdout,USD
6910,development,USD
6911,validation,USD
6912,validation,USD
6913,development,USD
6914,development,USD
6915,validation,USD
6916,future_holdout,USD
6917,future_holdout,USD
6918,validation,USD
6919,future_holdout,USD
6920,development,USD
6921,future_holdout,USD
6922,future_holdout,USD
6923,future_holdout,USD
6924,development,USD
6925,future_holdout,USD
6926,validation,USD
6927,validation,USD
6928,development,USD
6929,future_holdout,USD
6930,future_holdout,USD
6931,development,USD
6932,development,USD
6933,development,USD
6934,validation,USD
6935,future_holdout,USD
6936,development,USD
6937,development,USD
6938,development,USD
6939,development,USD
6940,future_holdout,USD
6941,future_holdout,USD
6942,development,USD
6943,development,USD
6944,validation,USD
6945,development,USD
6946,development,USD
6947,development,USD
6948,development,USD
6949,validation,USD
6950,future_holdout,USD
6951,future_holdout,USD
6952,future_holdout,USD
6953,validation,USD
6954,validation,USD
6955,development,USD
6956,development,USD
6957,validation,USD
6958,development,USD
6959,future_holdout,USD
6960,development,USD
6961,development,USD
6962,development,USD
6963,future_holdout,USD
6964,development,USD
6965,future_holdout,USD
6966,validation,USD
6967,validation,USD
6968,validation,USD
6969,validation,USD
6970,validation,USD
6971,validation,USD
6972,future_holdout,USD
6973,development,USD
6974,development,USD
6975,validation,USD
6976,development,USD
6977,validation,USD
6978,future_holdout,USD
6979,development,USD
6980,development,USD
6981,development,USD
6982,development,USD
6983,future_holdout,USD
6984,future_holdout,USD
6985,future_holdout,USD
6986,future_holdout,USD
6987,development,USD
6988,development,USD
6989,future_holdout,USD
6990,validation,USD
6991,validation,USD
6992,development,USD
6993,development,USD
6994,development,USD
6995,validation,USD
6996,validation,USD
6997,validation,USD
6998,future_holdout,USD
6999,development,USD
7000,development,USD
7001,development,USD
7002,validation,USD
7003,future_holdout,USD
7004,validation,USD
7005,validation,USD
7006,development,USD
7007,development,USD
7008,development,USD
7009,development,USD
7010,validation,USD
7011,development,USD
7012,development,USD
7013,future_holdout,USD
7014,future_holdout,USD
7015,future_holdout,USD
7016,development,USD
7017,validation,USD
7018,development,USD
7019,development,USD
7020,validation,USD
7021,future_holdout,USD
7022,future_holdout,USD
7023,future_holdout,USD
7024,validation,USD
7025,development,USD
7026,development,USD
7027,development,USD
7028,future_holdout,USD
7029,future_holdout,USD
7030,future_holdout,USD
7031,development,USD
7032,validation,USD
7033,validation,USD
7034,validation,USD
7035,development,USD
7036,development,USD
7037,validation,USD
7038,development,USD
7039,development,USD
7040,validation,USD
7041,future_holdout,USD
7042,future_holdout,USD
7043,future_holdout,USD
7044,development,USD
7045,future_holdout,USD
7046,validation,USD
7047,development,USD
7048,development,USD
7049,validation,USD
7050,validation,USD
7051,development,USD
7052,development,USD
7053,development,USD
7054,future_holdout,USD
7055,development,USD
7056,development,USD
7057,development,USD
7058,validation,USD
7059,future_holdout,USD
7060,future_holdout,USD
7061,future_holdout,USD
7062,future_holdout,USD
7063,development,USD
7064,future_holdout,USD
7065,validation,USD
7066,future_holdout,USD
7067,development,USD
7068,validation,USD
7069,development,USD
7070,validation,USD
7071,development,USD
7072,validation,USD
7073,development,USD
7074,development,USD
7075,development,USD
7076,development,USD
7077,future_holdout,USD
7078,development,USD
7079,development,USD
7080,development,USD
7081,future_holdout,USD
7082,development,USD
7083,development,USD
7084,validation,USD
7085,validation,USD
7086,development,USD
7087,validation,USD
7088,validation,USD
7089,development,USD
7090,validation,USD
7091,development,USD
7092,development,USD
7093,validation,USD
7094,development,USD
7095,future_holdout,USD
7096,future_holdout,USD
7097,validation,USD
7098,development,USD
7099,future_holdout,USD
7100,development,USD
7101,development,USD
7102,validation,USD
7103,development,USD
7104,future_holdout,USD
7105,validation,USD
7106,development,USD
7107,validation,USD
7108,development,USD
7109,development,USD
7110,development,USD
7111,development,USD
7112,future_holdout,USD
7113,development,USD
7114,development,USD
7115,validation,USD
7116,future_holdout,USD
7117,development,USD
7118,development,USD
7119,future_holdout,USD
7120,future_holdout,USD
7121,development,USD
7122,validation,USD
7123,validation,USD
7124,future_holdout,USD
7125,future_holdout,USD
7126,future_holdout,USD
7127,future_holdout,USD
7128,development,USD
7129,development,USD
7130,development,USD
7131,development,USD
7132,development,USD
7133,validation,USD
7134,development,USD
7135,development,USD
7136,development,USD
7137,development,USD
7138,future_holdout,USD
7139,future_holdout,USD
7140,development,USD
7141,future_holdout,USD
7142,future_holdout,USD
7143,development,USD
7144,development,USD
7145,future_holdout,USD
7146,development,USD
7147,future_holdout,USD
7148,development,USD
7149,future_holdout,USD
7150,development,USD
7151,validation,USD
7152,future_holdout,USD
7153,validation,USD
7154,validation,USD
7155,development,USD
7156,future_holdout,USD
7157,future_holdout,USD
7158,validation,USD
7159,development,USD
7160,validation,USD
7161,validation,USD
7162,future_holdout,USD
7163,future_holdout,USD
7164,development,USD
7165,development,USD
7166,future_holdout,USD
7167,development,USD
7168,development,USD
7169,development,USD
7170,development,USD
7171,development,USD
7172,development,USD
7173,development,USD
7174,future_holdout,USD
7175,development,USD
7176,development,USD
7177,validation,USD
7178,development,USD
7179,development,USD
7180,development,USD
7181,development,USD
7182,development,USD
7183,development,USD
7184,development,USD
7185,development,USD
7186,development,USD
7187,development,USD
7188,development,USD
7189,development,USD
7190,validation,USD
7191,future_holdout,USD
7192,future_holdout,USD
7193,future_holdout,USD
7194,development,USD
7195,development,USD
7196,development,USD
7197,development,USD
7198,future_holdout,USD
7199,development,USD
7200,validation,USD
7201,development,USD
7202,validation,USD
7203,future_holdout,USD
7204,validation,USD
7205,future_holdout,USD
7206,validation,USD
7207,future_holdout,USD
7208,development,USD
7209,development,USD
7210,future_holdout,USD
7211,validation,USD
7212,development,USD
7213,future_holdout,USD
7214,validation,USD
7215,development,USD
7216,development,USD
7217,development,USD
7218,validation,USD
7219,development,USD
7220,validation,USD
7221,future_holdout,USD
7222,development,USD
7223,development,USD
7224,validation,USD
7225,development,USD
7226,validation,USD
7227,validation,USD
7228,development,USD
7229,development,USD
7230,future_holdout,USD
7231,validation,USD
7232,validation,USD
7233,development,USD
7234,development,USD
7235,development,USD
7236,development,USD
7237,future_holdout,USD
7238,future_holdout,USD
7239,future_holdout,USD
7240,development,USD
7241,development,USD
7242,development,USD
7243,future_holdout,USD
7244,future_holdout,USD
7245,validation,USD
7246,development,USD
7247,development,USD
7248,future_holdout,USD
7249,future_holdout,USD
7250,development,USD
7251,validation,USD
7252,validation,USD
7253,development,USD
7254,validation,USD
7255,development,USD
7256,development,USD
7257,development,USD
7258,development,USD
7259,future_holdout,USD
7260,development,USD
7261,validation,USD
7262,validation,USD
7263,development,USD
7264,development,USD
7265,future_holdout,USD
7266,validation,USD
7267,future_holdout,USD
7268,validation,USD
7269,future_holdout,USD
7270,development,USD
7271,validation,USD
7272,development,USD
7273,development,USD
7274,future_holdout,USD
7275,development,USD
7276,future_holdout,USD
7277,future_holdout,USD
7278,validation,USD
7279,future_holdout,USD
7280,future_holdout,USD
7281,future_holdout,USD
7282,development,USD
7283,development,USD
7284,development,USD
7285,development,USD
7286,development,USD
7287,development,USD
7288,future_holdout,USD
7289,validation,USD
7290,future_holdout,USD
7291,development,USD
7292,future_holdout,USD
7293,validation,USD
7294,validation,USD
7295,future_holdout,USD
7296,development,USD
7297,future_holdout,USD
7298,development,USD
7299,development,USD
7300,development,USD
7301,development,USD
7302,development,USD
7303,development,USD
7304,validation,USD
7305,development,USD
7306,development,USD
7307,development,USD
7308,future_holdout,USD
7309,validation,USD
7310,validation,USD
7311,validation,USD
7312,validation,USD
7313,validation,USD
7314,development,USD
7315,future_holdout,USD
7316,development,USD
7317,validation,USD
7318,development,USD
7319,development,USD
7320,validation,USD
7321,validation,USD
7322,development,USD
7323,future_holdout,USD
7324,validation,USD
7325,future_holdout,USD
7326,validation,USD
7327,future_holdout,USD
7328,future_holdout,USD
7329,development,USD
7330,development,USD
7331,validation,USD
7332,validation,USD
7333,validation,USD
7334,future_holdout,USD
7335,development,USD
7336,development,USD
7337,validation,USD
7338,development,USD
7339,validation,USD
7340,validation,USD
7341,development,USD
7342,validation,USD
7343,development,USD
7344,validation,USD
7345,validation,USD
7346,validation,USD
7347,validation,USD
7348,development,USD
7349,development,USD
7350,future_holdout,USD
7351,development,USD
7352,future_holdout,USD
7353,future_holdout,USD
7354,development,USD
7355,validation,USD
7356,development,USD
7357,future_holdout,USD
7358,development,USD
7359,development,USD
7360,development,USD
7361,future_holdout,USD
7362,future_holdout,USD
7363,development,USD
7364,development,USD
7365,validation,USD
7366,validation,USD
7367,validation,USD
7368,future_holdout,USD
7369,validation,USD
7370,validation,USD
7371,development,USD
7372,future_holdout,USD
7373,validation,USD
7374,development,USD
7375,development,USD
7376,future_holdout,USD
7377,development,USD
7378,development,USD
7379,validation,USD
7380,development,USD
7381,development,USD
7382,development,USD
7383,development,USD
7384,development,USD
7385,validation,USD
7386,development,USD
7387,development,USD
7388,development,USD
7389,development,USD
7390,development,USD
7391,future_holdout,USD
7392,future_holdout,USD
7393,development,USD
7394,validation,USD
7395,development,USD
7396,validation,USD
7397,development,USD
7398,future_holdout,USD
7399,development,USD
7400,future_holdout,USD
7401,validation,USD
7402,validation,USD
7403,development,USD
7404,validation,USD
7405,development,USD
7406,development,USD
7407,future_holdout,USD
7408,future_holdout,USD
7409,development,USD
7410,validation,USD
7411,validation,USD
7412,development,USD
7413,validation,USD
7414,validation,USD
7415,validation,USD
7416,development,USD
7417,development,USD
7418,validation,USD
7419,development,USD
7420,future_holdout,USD
7421,future_holdout,USD
7422,development,USD
7423,development,USD
7424,development,USD
7425,validation,USD
7426,development,USD
7427,development,USD
7428,development,USD
7429,future_holdout,USD
7430,development,USD
7431,future_holdout,USD
7432,development,USD
7433,validation,USD
7434,development,USD
7435,validation,USD
7436,development,USD
7437,development,USD
7438,development,USD
7439,development,USD
7440,future_holdout,USD
7441,development,USD
7442,validation,USD
7443,validation,USD
7444,future_holdout,USD
7445,development,USD
7446,development,USD
7447,future_holdout,USD
7448,validation,USD
7449,development,USD
7450,future_holdout,USD
7451,development,USD
7452,development,USD
7453,validation,USD
7454,development,USD
7455,development,USD
7456,development,USD
7457,development,USD
7458,development,USD
7459,development,USD
7460,validation,USD
7461,future_holdout,USD
7462,validation,USD
7463,development,USD
7464,development,USD
7465,validation,USD
7466,development,USD
7467,development,USD
7468,future_holdout,USD
7469,future_holdout,USD
7470,development,USD
7471,future_holdout,USD
7472,development,USD
7473,future_holdout,USD
7474,development,USD
7475,development,USD
7476,future_holdout,USD
7477,validation,USD
7478,validation,USD
7479,validation,USD
7480,development,USD
7481,validation,USD
7482,development,USD
7483,development,USD
7484,validation,USD
7485,development,USD
7486,future_holdout,USD
7487,future_holdout,USD
7488,validation,USD
7489,development,USD
7490,future_holdout,USD
7491,validation,USD
7492,development,USD
7493,validation,USD
7494,development,USD
7495,validation,USD
7496,validation,USD
7497,development,USD
7498,future_holdout,USD
7499,validation,USD
7500,validation,USD
7501,development,USD
7502,development,USD
7503,validation,USD
7504,validation,USD
7505,development,USD
7506,development,USD
7507,development,USD
7508,development,USD
7509,development,USD
7510,future_holdout,USD
7511,validation,USD
7512,development,USD
7513,future_holdout,USD
7514,development,USD
7515,development,USD
7516,development,USD
7517,development,USD
7518,development,USD
7519,development,USD
7520,development,USD
7521,development,USD
7522,development,USD
7523,validation,USD
7524,development,USD
7525,development,USD
7526,future_holdout,USD
7527,development,USD
7528,validation,USD
7529,future_holdout,USD
7530,development,USD
7531,future_holdout,USD
7532,future_holdout,USD
7533,development,USD
7534,future_holdout,USD
7535,validation,USD
7536,development,USD
7537,development,USD
7538,future_holdout,USD
7539,development,USD
7540,future_holdout,USD
7541,future_holdout,USD
7542,future_holdout,USD
7543,future_holdout,USD
7544,future_holdout,USD
7545,development,USD
7546,development,USD
7547,development,USD
7548,development,USD
7549,validation,USD
7550,development,USD
7551,development,USD
7552,development,USD
7553,validation,USD
7554,development,USD
7555,development,USD
7556,development,USD
7557,development,USD
7558,development,USD
7559,development,USD
7560,future_holdout,USD
7561,future_holdout,USD
7562,development,USD
7563,development,USD
7564,development,USD
7565,future_holdout,USD
7566,validation,USD
7567,development,USD
7568,development,USD
7569,development,USD
7570,development,USD
7571,validation,USD
7572,development,USD
7573,development,USD
7574,future_holdout,USD
7575,validation,USD
7576,future_holdout,USD
7577,future_holdout,USD
7578,development,USD
7579,future_holdout,USD
7580,development,USD
7581,validation,USD
7582,development,USD
7583,development,USD
7584,future_holdout,USD
7585,validation,USD
7586,development,USD
7587,validation,USD
7588,development,USD
7589,validation,USD
7590,future_holdout,USD
7591,development,USD
7592,future_holdout,USD
7593,development,USD
7594,development,USD
7595,future_holdout,USD
7596,development,USD
7597,development,USD
7598,future_holdout,USD
7599,development,USD
7600,development,USD
7601,development,USD
7602,validation,USD
7603,validation,USD
7604,validation,USD
7605,development,USD
7606,development,USD
7607,validation,USD
7608,development,USD
7609,validation,USD
7610,development,USD
7611,development,USD
7612,future_holdout,USD
7613,validation,USD
7614,development,USD
7615,validation,USD
7616,validation,USD
7617,validation,USD
7618,development,USD
7619,future_holdout,USD
7620,development,USD
7621,validation,USD
7622,development,USD
7623,development,USD
7624,future_holdout,USD
7625,validation,USD
7626,validation,USD
7627,development,USD
7628,future_holdout,USD
7629,validation,USD
7630,validation,USD
7631,future_holdout,USD
7632,future_holdout,USD
7633,validation,USD
7634,development,USD
7635,validation,USD
7636,development,USD
7637,development,USD
7638,development,USD
7639,future_holdout,USD
7640,development,USD
7641,future_holdout,USD
7642,validation,USD
7643,future_holdout,USD
7644,future_holdout,USD
7645,development,USD
7646,future_holdout,USD
7647,future_holdout,USD
7648,development,USD
7649,future_holdout,USD
7650,development,USD
7651,future_holdout,USD
7652,validation,USD
7653,future_holdout,USD
7654,development,USD
7655,future_holdout,USD
7656,future_holdout,USD
7657,future_holdout,USD
7658,validation,USD
7659,development,USD
7660,development,USD
7661,validation,USD
7662,development,USD
7663,future_holdout,USD
7664,development,USD
7665,validation,USD
7666,future_holdout,USD
7667,future_holdout,USD
7668,development,USD
7669,validation,USD
7670,development,USD
7671,validation,USD
7672,validation,USD
7673,development,USD
7674,development,USD
7675,future_holdout,USD
7676,future_holdout,USD
7677,future_holdout,USD
7678,development,USD
7679,validation,USD
7680,validation,USD
7681,development,USD
7682,development,USD
7683,development,USD
7684,validation,USD
7685,development,USD
7686,validation,USD
7687,future_holdout,USD
7688,development,USD
7689,development,USD
7690,development,USD
7691,development,USD
7692,development,USD
7693,validation,USD
7694,development,USD
7695,development,USD
7696,development,USD
7697,development,USD
7698,future_holdout,USD
7699,development,USD
7700,development,USD
7701,development,USD
7702,development,USD
7703,development,USD
7704,development,USD
7705,development,USD
7706,future_holdout,USD
7707,development,USD
7708,validation,USD
7709,development,USD
7710,future_holdout,USD
7711,development,USD
7712,development,USD
7713,development,USD
7714,development,USD
7715,development,USD
7716,validation,USD
7717,future_holdout,USD
7718,validation,USD
7719,development,USD
7720,development,USD
7721,future_holdout,USD
7722,development,USD
7723,development,USD
7724,development,USD
7725,development,USD
7726,validation,USD
7727,validation,USD
7728,future_holdout,USD
7729,development,USD
7730,development,USD
7731,development,USD
7732,development,USD
7733,development,USD
7734,future_holdout,USD
7735,development,USD
7736,future_holdout,USD
7737,development,USD
7738,development,USD
7739,development,USD
7740,future_holdout,USD
7741,development,USD
7742,development,USD
7743,validation,USD
7744,development,USD
7745,development,USD
7746,validation,USD
7747,development,USD
7748,future_holdout,USD
7749,validation,USD
7750,validation,USD
7751,future_holdout,USD
7752,validation,USD
7753,future_holdout,USD
7754,validation,USD
7755,development,USD
7756,future_holdout,USD
7757,validation,USD
7758,development,USD
7759,development,USD
7760,development,USD
7761,development,USD
7762,development,USD
7763,development,USD
7764,development,USD
7765,future_holdout,USD
7766,development,USD
7767,development,USD
7768,development,USD
7769,development,USD
7770,development,USD
7771,validation,USD
7772,development,USD
7773,development,USD
7774,validation,USD
7775,future_holdout,USD
7776,validation,USD
7777,future_holdout,USD
7778,future_holdout,USD
7779,validation,USD
7780,future_holdout,USD
7781,future_holdout,USD
7782,development,USD
7783,future_holdout,USD
7784,future_holdout,USD
7785,development,USD
7786,validation,USD
7787,validation,USD
7788,future_holdout,USD
7789,validation,USD
7790,validation,USD
7791,development,USD
7792,development,USD
7793,future_holdout,USD
7794,development,USD
7795,development,USD
7796,future_holdout,USD
7797,development,USD
7798,development,USD
7799,future_holdout,USD
7800,validation,USD
7801,validation,USD
7802,validation,USD
7803,validation,USD
7804,development,USD
7805,validation,USD
7806,future_holdout,USD
7807,future_holdout,USD
7808,development,USD
7809,development,USD
7810,validation,USD
7811,development,USD
7812,future_holdout,USD
7813,validation,USD
7814,future_holdout,USD
7815,future_holdout,USD
7816,development,USD
7817,development,USD
7818,development,USD
7819,development,USD
7820,development,USD
7821,development,USD
7822,development,USD
7823,validation,USD
7824,development,USD
7825,validation,USD
7826,future_holdout,USD
7827,future_holdout,USD
7828,validation,USD
7829,development,USD
7830,development,USD
7831,future_holdout,USD
7832,validation,USD
7833,validation,USD
7834,development,USD
7835,development,USD
7836,development,USD
7837,validation,USD
7838,development,USD
7839,development,USD
7840,development,USD
7841,validation,USD
7842,validation,USD
7843,development,USD
7844,future_holdout,USD
7845,validation,USD
7846,development,USD
7847,development,USD
7848,future_holdout,USD
7849,validation,USD
7850,validation,USD
7851,development,USD
7852,validation,USD
7853,development,USD
7854,validation,USD
7855,development,USD
7856,development,USD
7857,validation,USD
7858,development,USD
7859,future_holdout,USD
7860,development,USD
7861,future_holdout,USD
7862,future_holdout,USD
7863,development,USD
7864,validation,USD
7865,validation,USD
7866,development,USD
7867,development,USD
7868,future_holdout,USD
7869,validation,USD
7870,validation,USD
7871,validation,USD
7872,development,USD
7873,validation,USD
7874,future_holdout,USD
7875,development,USD
7876,development,USD
7877,future_holdout,USD
7878,development,USD
7879,validation,USD
7880,validation,USD
7881,development,USD
7882,development,USD
7883,development,USD
7884,future_holdout,USD
7885,development,USD
7886,development,USD
7887,validation,USD
7888,future_holdout,USD
7889,validation,USD
7890,development,USD
7891,validation,USD
7892,development,USD
7893,validation,USD
7894,development,USD
7895,future_holdout,USD
7896,future_holdout,USD
7897,development,USD
7898,future_holdout,USD
7899,development,USD
7900,development,USD
7901,validation,USD
7902,development,USD
7903,validation,USD
7904,validation,USD
7905,future_holdout,USD
7906,future_holdout,USD
7907,future_holdout,USD
7908,future_holdout,USD
7909,development,USD
7910,development,USD
7911,development,USD
7912,validation,USD
7913,future_holdout,USD
7914,development,USD
7915,development,USD
7916,development,USD
7917,development,USD
7918,development,USD
7919,development,USD
7920,validation,USD
7921,future_holdout,USD
7922,development,USD
7923,validation,USD
7924,development,USD
7925,development,USD
7926,future_holdout,USD
7927,validation,USD
7928,future_holdout,USD
7929,validation,USD
7930,development,USD
7931,development,USD
7932,validation,USD
7933,development,USD
7934,development,USD
7935,development,USD
7936,development,USD
7937,development,USD
7938,validation,USD
7939,development,USD
7940,development,USD
7941,future_holdout,USD
7942,development,USD
7943,development,USD
7944,validation,USD
7945,validation,USD
7946,development,USD
7947,future_holdout,USD
7948,validation,USD
7949,development,USD
7950,validation,USD
7951,validation,USD
7952,development,USD
7953,validation,USD
7954,validation,USD
7955,development,USD
7956,development,USD
7957,validation,USD
7958,future_holdout,USD
7959,validation,USD
7960,future_holdout,USD
7961,development,USD
7962,validation,USD
7963,future_holdout,USD
7964,future_holdout,USD
7965,validation,USD
7966,validation,USD
7967,development,USD
7968,validation,USD
7969,validation,USD
7970,future_holdout,USD
7971,development,USD
7972,development,USD
7973,development,USD
7974,development,USD
7975,development,USD
7976,future_holdout,USD
7977,development,USD
7978,development,USD
7979,validation,USD
7980,development,USD
7981,development,USD
7982,future_holdout,USD
7983,development,USD
7984,validation,USD
7985,development,USD
7986,development,USD
7987,validation,USD
7988,development,USD
7989,validation,USD
7990,future_holdout,USD
7991,validation,USD
7992,future_holdout,USD
7993,development,USD
7994,development,USD
7995,development,USD
7996,development,USD
7997,development,USD
7998,development,USD
7999,future_holdout,USD
8000,future_holdout,USD
8001,development,USD
8002,future_holdout,USD
8003,future_holdout,USD
8004,development,USD
8005,development,USD
8006,development,USD
8007,validation,USD
8008,development,USD
8009,future_holdout,USD
8010,development,USD
8011,future_holdout,USD
8012,development,USD
8013,future_holdout,USD
8014,future_holdout,USD
8015,future_holdout,USD
8016,future_holdout,USD
8017,development,USD
8018,validation,USD
8019,validation,USD
8020,validation,USD
8021,validation,USD
8022,development,USD
8023,development,USD
8024,future_holdout,USD
8025,validation,USD
8026,development,USD
8027,validation,USD
8028,future_holdout,USD
8029,future_holdout,USD
8030,development,USD
8031,validation,USD
8032,development,USD
8033,future_holdout,USD
8034,development,USD
8035,future_holdout,USD
8036,validation,USD
8037,future_holdout,USD
8038,development,USD
8039,future_holdout,USD
8040,future_holdout,USD
8041,future_holdout,USD
8042,future_holdout,USD
8043,development,USD
8044,future_holdout,USD
8045,future_holdout,USD
8046,development,USD
8047,validation,USD
8048,development,USD
8049,development,USD
8050,development,USD
8051,development,USD
8052,future_holdout,USD
8053,validation,USD
8054,development,USD
8055,development,USD
8056,future_holdout,USD
8057,validation,USD
8058,validation,USD
8059,development,USD
8060,development,USD
8061,future_holdout,USD
8062,validation,USD
8063,development,USD
8064,development,USD
8065,future_holdout,USD
8066,future_holdout,USD
8067,development,USD
8068,validation,USD
8069,validation,USD
8070,validation,USD
8071,development,USD
8072,future_holdout,USD
8073,future_holdout,USD
8074,future_holdout,USD
8075,validation,USD
8076,validation,USD
8077,development,USD
8078,future_holdout,USD
8079,validation,USD
8080,future_holdout,USD
8081,future_holdout,USD
8082,validation,USD
8083,future_holdout,USD
8084,validation,USD
8085,validation,USD
8086,development,USD
8087,development,USD
8088,development,USD
8089,development,USD
8090,development,USD
8091,future_holdout,USD
8092,development,USD
8093,development,USD
8094,future_holdout,USD
8095,development,USD
8096,validation,USD
8097,validation,USD
8098,development,USD
8099,future_holdout,USD
8100,development,USD
8101,future_holdout,USD
8102,validation,USD
8103,future_holdout,USD
8104,development,USD
8105,future_holdout,USD
8106,validation,USD
8107,future_holdout,USD
8108,development,USD
8109,development,USD
8110,validation,USD
8111,validation,USD
8112,validation,USD
8113,future_holdout,USD
8114,validation,USD
8115,validation,USD
8116,development,USD
8117,validation,USD
8118,future_holdout,USD
8119,development,USD
8120,development,USD
8121,development,USD
8122,future_holdout,USD
8123,validation,USD
8124,future_holdout,USD
8125,development,USD
8126,future_holdout,USD
8127,validation,USD
8128,future_holdout,USD
8129,development,USD
8130,development,USD
8131,development,USD
8132,validation,USD
8133,validation,USD
8134,validation,USD
8135,future_holdout,USD
8136,development,USD
8137,validation,USD
8138,development,USD
8139,future_holdout,USD
8140,development,USD
8141,development,USD
8142,development,USD
8143,validation,USD
8144,future_holdout,USD
8145,development,USD
8146,future_holdout,USD
8147,future_holdout,USD
8148,validation,USD
8149,development,USD
8150,validation,USD
8151,development,USD
8152,development,USD
8153,development,USD
8154,validation,USD
8155,development,USD
8156,development,USD
8157,future_holdout,USD
8158,development,USD
8159,development,USD
8160,future_holdout,USD
8161,future_holdout,USD
8162,development,USD
8163,future_holdout,USD
8164,development,USD
8165,validation,USD
8166,development,USD
8167,development,USD
8168,development,USD
8169,validation,USD
8170,development,USD
8171,development,USD
8172,validation,USD
8173,validation,USD
8174,validation,USD
8175,development,USD
8176,validation,USD
8177,development,USD
8178,development,USD
8179,validation,USD
8180,development,USD
8181,development,USD
8182,development,USD
8183,future_holdout,USD
8184,development,USD
8185,future_holdout,USD
8186,development,USD
8187,development,USD
8188,validation,USD
8189,validation,USD
8190,development,USD
8191,validation,USD
8192,development,USD
8193,development,USD
8194,development,USD
8195,future_holdout,USD
8196,validation,USD
8197,development,USD
8198,development,USD
8199,validation,USD
8200,future_holdout,USD
8201,development,USD
8202,validation,USD
8203,development,USD
8204,development,USD
8205,validation,USD
8206,development,USD
8207,future_holdout,USD
8208,validation,USD
8209,validation,USD
8210,development,USD
8211,development,USD
8212,development,USD
8213,future_holdout,USD
8214,future_holdout,USD
8215,future_holdout,USD
8216,development,USD
8217,future_holdout,USD
8218,development,USD
8219,development,USD
8220,validation,USD
8221,development,USD
8222,future_holdout,USD
8223,validation,USD
8224,validation,USD
8225,validation,USD
8226,development,USD
8227,future_holdout,USD
8228,development,USD
8229,future_holdout,USD
8230,future_holdout,USD
8231,development,USD
8232,development,USD
8233,future_holdout,USD
8234,future_holdout,USD
8235,future_holdout,USD
8236,validation,USD
8237,development,USD
8238,validation,USD
8239,development,USD
8240,validation,USD
8241,future_holdout,USD
8242,development,USD
8243,development,USD
8244,development,USD
8245,future_holdout,USD
8246,future_holdout,USD
8247,future_holdout,USD
8248,validation,USD
8249,validation,USD
8250,future_holdout,USD
8251,development,USD
8252,validation,USD
8253,future_holdout,USD
8254,development,USD
8255,future_holdout,USD
8256,development,USD
8257,validation,USD
8258,development,USD
8259,validation,USD
8260,development,USD
8261,development,USD
8262,validation,USD
8263,future_holdout,USD
8264,future_holdout,USD
8265,future_holdout,USD
8266,development,USD
8267,development,USD
8268,development,USD
8269,development,USD
8270,validation,USD
8271,validation,USD
8272,development,USD
8273,development,USD
8274,future_holdout,USD
8275,development,USD
8276,validation,USD
8277,future_holdout,USD
8278,future_holdout,USD
8279,development,USD
8280,development,USD
8281,future_holdout,USD
8282,development,USD
8283,future_holdout,USD
8284,validation,USD
8285,future_holdout,USD
8286,development,USD
8287,future_holdout,USD
8288,development,USD
8289,validation,USD
8290,development,USD
8291,future_holdout,USD
8292,development,USD
8293,validation,USD
8294,validation,USD
8295,development,USD
8296,development,USD
8297,future_holdout,USD
8298,future_holdout,USD
8299,future_holdout,USD
8300,future_holdout,USD
8301,development,USD
8302,future_holdout,USD
8303,development,USD
8304,validation,USD
8305,validation,USD
8306,development,USD
8307,development,USD
8308,development,USD
8309,validation,USD
8310,development,USD
8311,validation,USD
8312,future_holdout,USD
8313,development,USD
8314,development,USD
8315,validation,USD
8316,future_holdout,USD
8317,future_holdout,USD
8318,development,USD
8319,development,USD
8320,future_holdout,USD
8321,validation,USD
8322,future_holdout,USD
8323,development,USD
8324,future_holdout,USD
8325,validation,USD
8326,validation,USD
8327,development,USD
8328,development,USD
8329,development,USD
8330,future_holdout,USD
8331,validation,USD
8332,future_holdout,USD
8333,validation,USD
8334,validation,USD
8335,future_holdout,USD
8336,validation,USD
8337,validation,USD
8338,validation,USD
8339,development,USD
8340,validation,USD
8341,validation,USD
8342,development,USD
8343,development,USD
8344,development,USD
8345,development,USD
8346,development,USD
8347,future_holdout,USD
8348,development,USD
8349,validation,USD
8350,future_holdout,USD
8351,development,USD
8352,development,USD
8353,future_holdout,USD
8354,validation,USD
8355,validation,USD
8356,validation,USD
8357,development,USD
8358,future_holdout,USD
8359,development,USD
8360,validation,USD
8361,validation,USD
8362,validation,USD
8363,validation,USD
8364,future_holdout,USD
8365,validation,USD
8366,validation,USD
8367,development,USD
8368,development,USD
8369,future_holdout,USD
8370,future_holdout,USD
8371,future_holdout,USD
8372,future_holdout,USD
8373,development,USD
8374,development,USD
8375,future_holdout,USD
8376,validation,USD
8377,development,USD
8378,development,USD
8379,development,USD
8380,future_holdout,USD
8381,future_holdout,USD
8382,development,USD
8383,future_holdout,USD
8384,validation,USD
8385,development,USD
8386,development,USD
8387,future_holdout,USD
8388,validation,USD
8389,development,USD
8390,validation,USD
8391,future_holdout,USD
8392,validation,USD
8393,development,USD
8394,validation,USD
8395,development,USD
8396,future_holdout,USD
8397,validation,USD
8398,development,USD
8399,development,USD
8400,future_holdout,USD
8401,development,USD
8402,development,USD
8403,future_holdout,USD
8404,future_holdout,USD
8405,future_holdout,USD
8406,validation,USD
8407,development,USD
8408,future_holdout,USD
8409,development,USD
8410,development,USD
8411,future_holdout,USD
8412,future_holdout,USD
8413,future_holdout,USD
8414,future_holdout,USD
8415,future_holdout,USD
8416,development,USD
8417,future_holdout,USD
8418,validation,USD
8419,validation,USD
8420,development,USD
8421,development,USD
8422,future_holdout,USD
8423,validation,USD
8424,development,USD
8425,development,USD
8426,future_holdout,USD
8427,development,USD
8428,development,USD
8429,development,USD
8430,validation,USD
8431,validation,USD
8432,validation,USD
8433,validation,USD
8434,validation,USD
8435,development,USD
8436,validation,USD
8437,validation,USD
8438,development,USD
8439,validation,USD
8440,development,USD
8441,future_holdout,USD
8442,future_holdout,USD
8443,validation,USD
8444,development,USD
8445,development,USD
8446,future_holdout,USD
8447,development,USD
8448,development,USD
8449,development,USD
8450,future_holdout,USD
8451,future_holdout,USD
8452,future_holdout,USD
8453,development,USD
8454,development,USD
8455,future_holdout,USD
8456,development,USD
8457,development,USD
8458,future_holdout,USD
8459,development,USD
8460,development,USD
8461,development,USD
8462,future_holdout,USD
8463,future_holdout,USD
8464,future_holdout,USD
8465,development,USD
8466,development,USD
8467,validation,USD
8468,development,USD
8469,validation,USD
8470,future_holdout,USD
8471,validation,USD
8472,development,USD
8473,future_holdout,USD
8474,future_holdout,USD
8475,development,USD
8476,development,USD
8477,development,USD
8478,future_holdout,USD
8479,development,USD
8480,validation,USD
8481,validation,USD
8482,validation,USD
8483,future_holdout,USD
8484,development,USD
8485,future_holdout,USD
8486,development,USD
8487,development,USD
8488,development,USD
8489,development,USD
8490,validation,USD
8491,validation,USD
8492,development,USD
8493,future_holdout,USD
8494,development,USD
8495,development,USD
8496,development,USD
8497,future_holdout,USD
8498,development,USD
8499,development,USD
8500,development,USD
8501,development,USD
8502,development,USD
8503,development,USD
8504,development,USD
8505,development,USD
8506,validation,USD
8507,future_holdout,USD
8508,development,USD
8509,validation,USD
8510,validation,USD
8511,development,USD
8512,validation,USD
8513,development,USD
8514,development,USD
8515,future_holdout,USD
8516,development,USD
8517,validation,USD
8518,validation,USD
8519,development,USD
8520,future_holdout,USD
8521,development,USD
8522,development,USD
8523,development,USD
8524,future_holdout,USD
8525,development,USD
8526,validation,USD
8527,development,USD
8528,development,USD
8529,validation,USD
8530,development,USD
8531,future_holdout,USD
8532,validation,USD
8533,development,USD
8534,development,USD
8535,development,USD
8536,future_holdout,USD
8537,development,USD
8538,development,USD
8539,future_holdout,USD
8540,development,USD
8541,validation,USD
8542,validation,USD
8543,development,USD
8544,future_holdout,USD
8545,development,USD
8546,development,USD
8547,development,USD
8548,future_holdout,USD
8549,development,USD
8550,future_holdout,USD
8551,development,USD
8552,development,USD
8553,future_holdout,USD
8554,development,USD
8555,validation,USD
8556,validation,USD
8557,validation,USD
8558,future_holdout,USD
8559,development,USD
8560,development,USD
8561,validation,USD
8562,validation,USD
8563,validation,USD
8564,validation,USD
8565,validation,USD
8566,future_holdout,USD
8567,validation,USD
8568,future_holdout,USD
8569,future_holdout,USD
8570,development,USD
8571,development,USD
8572,validation,USD
8573,development,USD
8574,development,USD
8575,validation,USD
8576,validation,USD
8577,validation,USD
8578,development,USD
8579,development,USD
8580,development,USD
8581,validation,USD
8582,development,USD
8583,development,USD
8584,validation,USD
8585,development,USD
8586,future_holdout,USD
8587,development,USD
8588,development,USD
8589,development,USD
8590,future_holdout,USD
8591,future_holdout,USD
8592,development,USD
8593,validation,USD
8594,validation,USD
8595,development,USD
8596,future_holdout,USD
8597,future_holdout,USD
8598,development,USD
8599,future_holdout,USD
8600,validation,USD
8601,future_holdout,USD
8602,validation,USD
8603,development,USD
8604,future_holdout,USD
8605,future_holdout,USD
8606,development,USD
8607,development,USD
8608,development,USD
8609,development,USD
8610,development,USD
8611,development,USD
8612,development,USD
8613,development,USD
8614,validation,USD
8615,validation,USD
8616,validation,USD
8617,development,USD
8618,development,USD
8619,development,USD
8620,future_holdout,USD
8621,validation,USD
8622,validation,USD
8623,development,USD
8624,development,USD
8625,future_holdout,USD
8626,development,USD
8627,development,USD
8628,validation,USD
8629,future_holdout,USD
8630,development,USD
8631,validation,USD
8632,future_holdout,USD
8633,validation,USD
8634,future_holdout,USD
8635,validation,USD
8636,development,USD
8637,validation,USD
8638,development,USD
8639,future_holdout,USD
8640,development,USD
8641,future_holdout,USD
8642,development,USD
8643,future_holdout,USD
8644,future_holdout,USD
8645,future_holdout,USD
8646,development,USD
8647,development,USD
8648,validation,USD
8649,future_holdout,USD
8650,development,USD
8651,validation,USD
8652,development,USD
8653,validation,USD
8654,development,USD
8655,validation,USD
8656,development,USD
8657,validation,USD
8658,future_holdout,USD
8659,future_holdout,USD
8660,validation,USD
8661,future_holdout,USD
8662,validation,USD
8663,development,USD
8664,future_holdout,USD
8665,development,USD
8666,future_holdout,USD
8667,development,USD
8668,future_holdout,USD
8669,future_holdout,USD
8670,development,USD
8671,future_holdout,USD
8672,development,USD
8673,validation,USD
8674,future_holdout,USD
8675,future_holdout,USD
8676,future_holdout,USD
8677,development,USD
8678,validation,USD
8679,validation,USD
8680,validation,USD
8681,development,USD
8682,validation,USD
8683,future_holdout,USD
8684,development,USD
8685,development,USD
8686,future_holdout,USD
8687,validation,USD
8688,future_holdout,USD
8689,development,USD
8690,development,USD
8691,future_holdout,USD
8692,future_holdout,USD
8693,validation,USD
8694,future_holdout,USD
8695,validation,USD
8696,future_holdout,USD
8697,future_holdout,USD
8698,development,USD
8699,future_holdout,USD
8700,development,USD
8701,development,USD
8702,development,USD
8703,development,USD
8704,future_holdout,USD
8705,development,USD
8706,development,USD
8707,development,USD
8708,development,USD
8709,future_holdout,USD
8710,development,USD
8711,development,USD
8712,development,USD
8713,validation,USD
8714,validation,USD
8715,future_holdout,USD
8716,development,USD
8717,development,USD
8718,future_holdout,USD
8719,future_holdout,USD
8720,future_holdout,USD
8721,development,USD
8722,future_holdout,USD
8723,development,USD
8724,future_holdout,USD
8725,development,USD
8726,future_holdout,USD
8727,validation,USD
8728,validation,USD
8729,validation,USD
8730,future_holdout,USD
8731,validation,USD
8732,validation,USD
8733,development,USD
8734,development,USD
8735,development,USD
8736,development,USD
8737,development,USD
8738,future_holdout,USD
8739,development,USD
8740,development,USD
8741,future_holdout,USD
8742,validation,USD
8743,future_holdout,USD
8744,development,USD
8745,validation,USD
8746,development,USD
8747,future_holdout,USD
8748,future_holdout,USD
8749,future_holdout,USD
8750,validation,USD
8751,development,USD
8752,development,USD
8753,development,USD
8754,development,USD
8755,development,USD
8756,development,USD
8757,development,USD
8758,future_holdout,USD
8759,development,USD
8760,validation,USD
8761,development,USD
8762,validation,USD
8763,future_holdout,USD
8764,development,USD
8765,validation,USD
8766,development,USD
8767,validation,USD
8768,future_holdout,USD
8769,development,USD
8770,future_holdout,USD
8771,development,USD
8772,development,USD
8773,validation,USD
8774,validation,USD
8775,future_holdout,USD
8776,validation,USD
8777,development,USD
8778,development,USD
8779,development,USD
8780,development,USD
8781,development,USD
8782,development,USD
8783,future_holdout,USD
8784,validation,USD
8785,development,USD
8786,development,USD
8787,validation,USD
8788,future_holdout,USD
8789,development,USD
8790,development,USD
8791,future_holdout,USD
8792,development,USD
8793,validation,USD
8794,development,USD
8795,validation,USD
8796,future_holdout,USD
8797,future_holdout,USD
8798,future_holdout,USD
8799,development,USD
8800,development,USD
8801,validation,USD
8802,future_holdout,USD
8803,validation,USD
8804,validation,USD
8805,validation,USD
8806,development,USD
8807,future_holdout,USD
8808,development,USD
8809,development,USD
8810,development,USD
8811,future_holdout,USD
8812,development,USD
8813,development,USD
8814,validation,USD
8815,development,USD
8816,future_holdout,USD
8817,development,USD
8818,future_holdout,USD
8819,validation,USD
8820,validation,USD
8821,validation,USD
8822,development,USD
8823,development,USD
8824,development,USD
8825,validation,USD
8826,development,USD
8827,future_holdout,USD
8828,development,USD
8829,development,USD
8830,future_holdout,USD
8831,development,USD
8832,development,USD
8833,validation,USD
8834,future_holdout,USD
8835,development,USD
8836,validation,USD
8837,future_holdout,USD
8838,development,USD
8839,development,USD
8840,validation,USD
8841,future_holdout,USD
8842,future_holdout,USD
8843,future_holdout,USD
8844,future_holdout,USD
8845,future_holdout,USD
8846,future_holdout,USD
8847,development,USD
8848,development,USD
8849,future_holdout,USD
8850,validation,USD
8851,development,USD
8852,future_holdout,USD
8853,future_holdout,USD
8854,future_holdout,USD
8855,development,USD
8856,validation,USD
8857,development,USD
8858,development,USD
8859,validation,USD
8860,future_holdout,USD
8861,future_holdout,USD
8862,development,USD
8863,future_holdout,USD
8864,validation,USD
8865,validation,USD
8866,future_holdout,USD
8867,development,USD
8868,development,USD
8869,development,USD
8870,future_holdout,USD
8871,development,USD
8872,validation,USD
8873,development,USD
8874,validation,USD
8875,development,USD
8876,validation,USD
8877,future_holdout,USD
8878,validation,USD
8879,future_holdout,USD
8880,validation,USD
8881,validation,USD
8882,development,USD
8883,future_holdout,USD
8884,validation,USD
8885,future_holdout,USD
8886,future_holdout,USD
8887,validation,USD
8888,validation,USD
8889,development,USD
8890,development,USD
8891,development,USD
8892,validation,USD
8893,future_holdout,USD
8894,development,USD
8895,validation,USD
8896,development,USD
8897,development,USD
8898,validation,USD
8899,future_holdout,USD
8900,validation,USD
8901,development,USD
8902,future_holdout,USD
8903,development,USD
8904,validation,USD
8905,development,USD
8906,future_holdout,USD
8907,development,USD
8908,future_holdout,USD
8909,future_holdout,USD
8910,development,USD
8911,development,USD
8912,validation,USD
8913,development,USD
8914,future_holdout,USD
8915,validation,USD
8916,development,USD
8917,development,USD
8918,validation,USD
8919,validation,USD
8920,future_holdout,USD
8921,validation,USD
8922,future_holdout,USD
8923,development,USD
8924,validation,USD
8925,validation,USD
8926,validation,USD
8927,development,USD
8928,development,USD
8929,development,USD
8930,future_holdout,USD
8931,validation,USD
8932,future_holdout,USD
8933,validation,USD
8934,validation,USD
8935,validation,USD
8936,development,USD
8937,development,USD
8938,development,USD
8939,validation,USD
8940,development,USD
8941,development,USD
8942,development,USD
8943,validation,USD
8944,development,USD
8945,development,USD
8946,validation,USD
8947,validation,USD
8948,development,USD
8949,future_holdout,USD
8950,development,USD
8951,development,USD
8952,future_holdout,USD
8953,future_holdout,USD
8954,development,USD
8955,future_holdout,USD
8956,development,USD
8957,development,USD
8958,validation,USD
8959,development,USD
8960,validation,USD
8961,development,USD
8962,validation,USD
8963,development,USD
8964,future_holdout,USD
8965,validation,USD
8966,validation,USD
8967,development,USD
8968,development,USD
8969,development,USD
8970,development,USD
8971,future_holdout,USD
8972,development,USD
8973,validation,USD
8974,development,USD
8975,development,USD
8976,validation,USD
8977,future_holdout,USD
8978,future_holdout,USD
8979,validation,USD
8980,development,USD
8981,future_holdout,USD
8982,future_holdout,USD
8983,development,USD
8984,future_holdout,USD
8985,development,USD
8986,validation,USD
8987,development,USD
8988,validation,USD
8989,development,USD
8990,future_holdout,USD
8991,validation,USD
8992,validation,USD
8993,development,USD
8994,future_holdout,USD
8995,future_holdout,USD
8996,development,USD
8997,development,USD
8998,development,USD
8999,development,USD
9000,development,USD
9001,validation,USD
9002,development,USD
9003,development,USD
9004,future_holdout,USD
9005,development,USD
9006,development,USD
9007,development,USD
9008,validation,USD
9009,validation,USD
9010,future_holdout,USD
9011,development,USD
9012,future_holdout,USD
9013,validation,USD
9014,development,USD
9015,future_holdout,USD
9016,validation,USD
9017,development,USD
9018,validation,USD
9019,development,USD
9020,development,USD
9021,development,USD
9022,development,USD
9023,development,USD
9024,future_holdout,USD
9025,future_holdout,USD
9026,future_holdout,USD
9027,development,USD
9028,future_holdout,USD
9029,future_holdout,USD
9030,future_holdout,USD
9031,future_holdout,USD
9032,development,USD
9033,future_holdout,USD
9034,development,USD
9035,development,USD
9036,development,USD
9037,development,USD
9038,development,USD
9039,development,USD
9040,future_holdout,USD
9041,future_holdout,USD
9042,development,USD
9043,validation,USD
9044,future_holdout,USD
9045,development,USD
9046,future_holdout,USD
9047,future_holdout,USD
9048,future_holdout,USD
9049,future_holdout,USD
9050,development,USD
9051,development,USD
9052,development,USD
9053,future_holdout,USD
9054,development,USD
9055,development,USD
9056,development,USD
9057,development,USD
9058,validation,USD
9059,future_holdout,USD
9060,validation,USD
9061,future_holdout,USD
9062,future_holdout,USD
9063,development,USD
9064,validation,USD
9065,development,USD
9066,development,USD
9067,development,USD
9068,development,USD
9069,development,USD
9070,development,USD
9071,development,USD
9072,future_holdout,USD
9073,development,USD
9074,future_holdout,USD
9075,development,USD
9076,future_holdout,USD
9077,development,USD
9078,future_holdout,USD
9079,validation,USD
9080,development,USD
9081,validation,USD
9082,validation,USD
9083,development,USD
9084,validation,USD
9085,future_holdout,USD
9086,development,USD
9087,future_holdout,USD
9088,development,USD
9089,validation,USD
9090,validation,USD
9091,future_holdout,USD
9092,validation,USD
9093,future_holdout,USD
9094,development,USD
9095,development,USD
9096,development,USD
9097,future_holdout,USD
9098,development,USD
9099,validation,USD
9100,future_holdout,USD
9101,validation,USD
9102,development,USD
9103,validation,USD
9104,future_holdout,USD
9105,development,USD
9106,validation,USD
9107,future_holdout,USD
9108,validation,USD
9109,development,USD
9110,future_holdout,USD
9111,validation,USD
9112,future_holdout,USD
9113,future_holdout,USD
9114,development,USD
9115,development,USD
9116,development,USD
9117,development,USD
9118,future_holdout,USD
9119,development,USD
9120,development,USD
9121,validation,USD
9122,development,USD
9123,development,USD
9124,validation,USD
9125,development,USD
9126,future_holdout,USD
9127,validation,USD
9128,future_holdout,USD
9129,future_holdout,USD
9130,development,USD
9131,validation,USD
9132,development,USD
9133,future_holdout,USD
9134,development,USD
9135,development,USD
9136,future_holdout,USD
9137,validation,USD
9138,validation,USD
9139,validation,USD
9140,future_holdout,USD
9141,future_holdout,USD
9142,future_holdout,USD
9143,development,USD
9144,future_holdout,USD
9145,development,USD
9146,development,USD
9147,validation,USD
9148,validation,USD
9149,future_holdout,USD
9150,future_holdout,USD
9151,future_holdout,USD
9152,validation,USD
9153,validation,USD
9154,development,USD
9155,development,USD
9156,future_holdout,USD
9157,development,USD
9158,development,USD
9159,validation,USD
9160,development,USD
9161,development,USD
9162,development,USD
9163,development,USD
9164,future_holdout,USD
9165,validation,USD
9166,validation,USD
9167,development,USD
9168,future_holdout,USD
9169,future_holdout,USD
9170,development,USD
9171,validation,USD
9172,validation,USD
9173,development,USD
9174,future_holdout,USD
9175,validation,USD
9176,future_holdout,USD
9177,development,USD
9178,development,USD
9179,validation,USD
9180,validation,USD
9181,validation,USD
9182,development,USD
9183,development,USD
9184,development,USD
9185,development,USD
9186,development,USD
9187,validation,USD
9188,development,USD
9189,future_holdout,USD
9190,validation,USD
9191,development,USD
9192,validation,USD
9193,validation,USD
9194,validation,USD
9195,development,USD
9196,development,USD
9197,validation,USD
9198,development,USD
9199,validation,USD
9200,development,USD
9201,development,USD
9202,development,USD
9203,development,USD
9204,validation,USD
9205,development,USD
9206,future_holdout,USD
9207,validation,USD
9208,validation,USD
9209,validation,USD
9210,development,USD
9211,validation,USD
9212,development,USD
9213,validation,USD
9214,validation,USD
9215,validation,USD
9216,future_holdout,USD
9217,development,USD
9218,development,USD
9219,future_holdout,USD
9220,development,USD
9221,validation,USD
9222,validation,USD
9223,validation,USD
9224,validation,USD
9225,development,USD
9226,development,USD
9227,validation,USD
9228,development,USD
9229,future_holdout,USD
9230,development,USD
9231,development,USD
9232,development,USD
9233,future_holdout,USD
9234,development,USD
9235,validation,USD
9236,development,USD
9237,validation,USD
9238,development,USD
9239,development,USD
9240,future_holdout,USD
9241,validation,USD
9242,validation,USD
9243,validation,USD
9244,validation,USD
9245,development,USD
9246,validation,USD
9247,development,USD
9248,development,USD
9249,future_holdout,USD
9250,validation,USD
9251,development,USD
9252,development,USD
9253,future_holdout,USD
9254,development,USD
9255,development,USD
9256,development,USD
9257,validation,USD
9258,development,USD
9259,development,USD
9260,development,USD
9261,future_holdout,USD
9262,development,USD
9263,validation,USD
9264,development,USD
9265,future_holdout,USD
9266,validation,USD
9267,development,USD
9268,validation,USD
9269,future_holdout,USD
9270,validation,USD
9271,development,USD
9272,development,USD
9273,future_holdout,USD
9274,future_holdout,USD
9275,development,USD
9276,future_holdout,USD
9277,development,USD
9278,future_holdout,USD
9279,validation,USD
9280,validation,USD
9281,development,USD
9282,future_holdout,USD
9283,future_holdout,USD
9284,validation,USD
9285,development,USD
9286,future_holdout,USD
9287,development,USD
9288,validation,USD
9289,development,USD
9290,development,USD
9291,validation,USD
9292,development,USD
9293,future_holdout,USD
9294,validation,USD
9295,validation,USD
9296,future_holdout,USD
9297,development,USD
9298,future_holdout,USD
9299,validation,USD
9300,validation,USD
9301,validation,USD
9302,development,USD
9303,development,USD
9304,development,USD
9305,development,USD
9306,future_holdout,USD
9307,development,USD
9308,development,USD
9309,development,USD
9310,future_holdout,USD
9311,development,USD
9312,development,USD
9313,development,USD
9314,development,USD
9315,development,USD
9316,future_holdout,USD
9317,development,USD
9318,validation,USD
9319,development,USD
9320,future_holdout,USD
9321,future_holdout,USD
9322,development,USD
9323,development,USD
9324,validation,USD
9325,development,USD
9326,validation,USD
9327,development,USD
9328,validation,USD
9329,development,USD
9330,development,USD
9331,future_holdout,USD
9332,development,USD
9333,future_holdout,USD
9334,development,USD
9335,validation,USD
9336,development,USD
9337,validation,USD
9338,validation,USD
9339,validation,USD
9340,development,USD
9341,future_holdout,USD
9342,validation,USD
9343,future_holdout,USD
9344,development,USD
9345,development,USD
9346,development,USD
9347,development,USD
9348,validation,USD
9349,future_holdout,USD
9350,future_holdout,USD
9351,development,USD
9352,validation,USD
9353,future_holdout,USD
9354,development,USD
9355,development,USD
9356,validation,USD
9357,development,USD
9358,development,USD
9359,development,USD
9360,development,USD
9361,development,USD
9362,future_holdout,USD
9363,development,USD
9364,validation,USD
9365,future_holdout,USD
9366,development,USD
9367,development,USD
9368,development,USD
9369,validation,USD
9370,future_holdout,USD
9371,development,USD
9372,future_holdout,USD
9373,development,USD
9374,development,USD
9375,future_holdout,USD
9376,development,USD
9377,future_holdout,USD
9378,future_holdout,USD
9379,validation,USD
9380,development,USD
9381,validation,USD
9382,development,USD
9383,development,USD
9384,development,USD
9385,future_holdout,USD
9386,validation,USD
9387,development,USD
9388,development,USD
9389,development,USD
9390,development,USD
9391,development,USD
9392,validation,USD
9393,future_holdout,USD
9394,validation,USD
9395,future_holdout,USD
9396,validation,USD
9397,future_holdout,USD
9398,development,USD
9399,future_holdout,USD
9400,validation,USD
9401,development,USD
9402,validation,USD
9403,future_holdout,USD
9404,validation,USD
9405,validation,USD
9406,future_holdout,USD
9407,development,USD
9408,development,USD
9409,validation,USD
9410,future_holdout,USD
9411,future_holdout,USD
9412,development,USD
9413,future_holdout,USD
9414,development,USD
9415,development,USD
9416,development,USD
9417,development,USD
9418,future_holdout,USD
9419,development,USD
9420,validation,USD
9421,development,USD
9422,validation,USD
9423,development,USD
9424,development,USD
9425,development,USD
9426,development,USD
9427,development,USD
9428,development,USD
9429,validation,USD
9430,validation,USD
9431,development,USD
9432,development,USD
9433,development,USD
9434,development,USD
9435,development,USD
9436,development,USD
9437,development,USD
9438,validation,USD
9439,development,USD
9440,development,USD
9441,development,USD
9442,validation,USD
9443,development,USD
9444,development,USD
9445,validation,USD
9446,development,USD
9447,future_holdout,USD
9448,development,USD
9449,future_holdout,USD
9450,future_holdout,USD
9451,development,USD
9452,development,USD
9453,development,USD
9454,development,USD
9455,validation,USD
9456,development,USD
9457,future_holdout,USD
9458,future_holdout,USD
9459,future_holdout,USD
9460,future_holdout,USD
9461,development,USD
9462,validation,USD
9463,development,USD
9464,future_holdout,USD
9465,future_holdout,USD
9466,development,USD
9467,development,USD
9468,development,USD
9469,validation,USD
9470,validation,USD
9471,validation,USD
9472,development,USD
9473,future_holdout,USD
9474,development,USD
9475,future_holdout,USD
9476,validation,USD
9477,validation,USD
9478,development,USD
9479,future_holdout,USD
9480,development,USD
9481,development,USD
9482,future_holdout,USD
9483,future_holdout,USD
9484,future_holdout,USD
9485,development,USD
9486,development,USD
9487,validation,USD
9488,development,USD
9489,development,USD
9490,development,USD
9491,development,USD
9492,development,USD
9493,validation,USD
9494,development,USD
9495,development,USD
9496,validation,USD
9497,future_holdout,USD
9498,development,USD
9499,future_holdout,USD
9500,development,USD
9501,development,USD
9502,validation,USD
9503,future_holdout,USD
9504,validation,USD
9505,validation,USD
9506,development,USD
9507,validation,USD
9508,future_holdout,USD
9509,development,USD
9510,development,USD
9511,future_holdout,USD
9512,development,USD
9513,development,USD
9514,development,USD
9515,development,USD
9516,development,USD
9517,development,USD
9518,development,USD
9519,future_holdout,USD
9520,development,USD
9521,validation,USD
9522,validation,USD
9523,validation,USD
9524,development,USD
9525,validation,USD
9526,development,USD
9527,validation,USD
9528,development,USD
9529,development,USD
9530,validation,USD
9531,validation,USD
9532,development,USD
9533,development,USD
9534,development,USD
9535,development,USD
9536,validation,USD
9537,development,USD
9538,validation,USD
9539,development,USD
9540,validation,USD
9541,development,USD
9542,validation,USD
9543,development,USD
9544,development,USD
9545,development,USD
9546,development,USD
9547,future_holdout,USD
9548,development,USD
9549,development,USD
9550,validation,USD
9551,future_holdout,USD
9552,future_holdout,USD
9553,validation,USD
9554,future_holdout,USD
9555,future_holdout,USD
9556,validation,USD
9557,future_holdout,USD
9558,development,USD
9559,future_holdout,USD
9560,validation,USD
9561,development,USD
9562,future_holdout,USD
9563,development,USD
9564,future_holdout,USD
9565,development,USD
9566,development,USD
9567,future_holdout,USD
9568,development,USD
9569,future_holdout,USD
9570,future_holdout,USD
9571,future_holdout,USD
9572,development,USD
9573,future_holdout,USD
9574,development,USD
9575,development,USD
9576,future_holdout,USD
9577,development,USD
9578,development,USD
9579,development,USD
9580,development,USD
9581,future_holdout,USD
9582,validation,USD
9583,validation,USD
9584,future_holdout,USD
9585,future_holdout,USD
9586,validation,USD
9587,development,USD
9588,development,USD
9589,development,USD
9590,development,USD
9591,future_holdout,USD
9592,development,USD
9593,development,USD
9594,validation,USD
9595,development,USD
9596,validation,USD
9597,validation,USD
9598,development,USD
9599,validation,USD
9600,future_holdout,USD
9601,development,USD
9602,development,USD
9603,validation,USD
9604,development,USD
9605,development,USD
9606,development,USD
9607,development,USD
9608,future_holdout,USD
9609,development,USD
9610,development,USD
9611,validation,USD
9612,validation,USD
9613,validation,USD
9614,validation,USD
9615,validation,USD
9616,development,USD
9617,development,USD
9618,development,USD
9619,future_holdout,USD
9620,future_holdout,USD
9621,development,USD
9622,future_holdout,USD
9623,future_holdout,USD
9624,validation,USD
9625,development,USD
9626,future_holdout,USD
9627,development,USD
9628,development,USD
9629,validation,USD
9630,validation,USD
9631,development,USD
9632,development,USD
9633,validation,USD
9634,development,USD
9635,development,USD
9636,future_holdout,USD
9637,validation,USD
9638,validation,USD
9639,validation,USD
9640,development,USD
9641,validation,USD
9642,future_holdout,USD
9643,validation,USD
9644,development,USD
9645,development,USD
9646,development,USD
9647,future_holdout,USD
9648,future_holdout,USD
9649,development,USD
9650,validation,USD
9651,development,USD
9652,future_holdout,USD
9653,future_holdout,USD
9654,development,USD
9655,validation,USD
9656,validation,USD
9657,development,USD
9658,future_holdout,USD
9659,development,USD
9660,future_holdout,USD
9661,validation,USD
9662,validation,USD
9663,development,USD
9664,development,USD
9665,development,USD
9666,future_holdout,USD
9667,validation,USD
9668,validation,USD
9669,future_holdout,USD
9670,development,USD
9671,development,USD
9672,validation,USD
9673,development,USD
9674,future_holdout,USD
9675,future_holdout,USD
9676,development,USD
9677,validation,USD
9678,validation,USD
9679,future_holdout,USD
9680,future_holdout,USD
9681,future_holdout,USD
9682,validation,USD
9683,development,USD
9684,validation,USD
9685,future_holdout,USD
9686,development,USD
9687,development,USD
9688,development,USD
9689,development,USD
9690,development,USD
9691,future_holdout,USD
9692,development,USD
9693,validation,USD
9694,development,USD
9695,development,USD
9696,future_holdout,USD
9697,future_holdout,USD
9698,future_holdout,USD
9699,future_holdout,USD
9700,validation,USD
9701,development,USD
9702,validation,USD
9703,validation,USD
9704,development,USD
9705,development,USD
9706,development,USD
9707,validation,USD
9708,development,USD
9709,validation,USD
9710,future_holdout,USD
9711,development,USD
9712,future_holdout,USD
9713,future_holdout,USD
9714,development,USD
9715,future_holdout,USD
9716,development,USD
9717,validation,USD
9718,future_holdout,USD
9719,future_holdout,USD
9720,development,USD
9721,future_holdout,USD
9722,validation,USD
9723,future_holdout,USD
9724,development,USD
9725,development,USD
9726,development,USD
9727,development,USD
9728,validation,USD
9729,validation,USD
9730,validation,USD
9731,development,USD
9732,development,USD
9733,future_holdout,USD
9734,validation,USD
9735,validation,USD
9736,development,USD
9737,development,USD
9738,development,USD
9739,development,USD
9740,development,USD
9741,validation,USD
9742,development,USD
9743,validation,USD
9744,development,USD
9745,future_holdout,USD
9746,development,USD
9747,development,USD
9748,validation,USD
9749,development,USD
9750,development,USD
9751,development,USD
9752,future_holdout,USD
9753,development,USD
9754,development,USD
9755,validation,USD
9756,development,USD
9757,validation,USD
9758,development,USD
9759,development,USD
9760,future_holdout,USD
9761,future_holdout,USD
9762,development,USD
9763,future_holdout,USD
9764,development,USD
9765,validation,USD
9766,development,USD
9767,development,USD
9768,validation,USD
9769,development,USD
9770,development,USD
9771,development,USD
9772,development,USD
9773,validation,USD
9774,future_holdout,USD
9775,future_holdout,USD
9776,validation,USD
9777,future_holdout,USD
9778,validation,USD
9779,development,USD
9780,validation,USD
9781,future_holdout,USD
9782,development,USD
9783,development,USD
9784,future_holdout,USD
9785,development,USD
9786,validation,USD
9787,development,USD
9788,validation,USD
9789,development,USD
9790,validation,USD
9791,development,USD
9792,future_holdout,USD
9793,validation,USD
9794,future_holdout,USD
9795,development,USD
9796,validation,USD
9797,validation,USD
9798,validation,USD
9799,development,USD
9800,validation,USD
9801,development,USD
9802,future_holdout,USD
9803,future_holdout,USD
9804,development,USD
9805,development,USD
9806,future_holdout,USD
9807,validation,USD
9808,development,USD
9809,development,USD
9810,development,USD
9811,validation,USD
9812,development,USD
9813,development,USD
9814,validation,USD
9815,development,USD
9816,future_holdout,USD
9817,development,USD
9818,future_holdout,USD
9819,development,USD
9820,development,USD
9821,development,USD
9822,future_holdout,USD
9823,validation,USD
9824,development,USD
9825,validation,USD
9826,development,USD
9827,future_holdout,USD
9828,development,USD
9829,future_holdout,USD
9830,future_holdout,USD
9831,validation,USD
9832,development,USD
9833,validation,USD
9834,validation,USD
9835,development,USD
9836,future_holdout,USD
9837,development,USD
9838,future_holdout,USD
9839,development,USD
9840,validation,USD
9841,development,USD
9842,development,USD
9843,validation,USD
9844,validation,USD
9845,validation,USD
9846,development,USD
9847,future_holdout,USD
9848,validation,USD
9849,validation,USD
9850,validation,USD
9851,future_holdout,USD
9852,future_holdout,USD
9853,development,USD
9854,development,USD
9855,development,USD
9856,validation,USD
9857,development,USD
9858,future_holdout,USD
9859,validation,USD
9860,development,USD
9861,validation,USD
9862,future_holdout,USD
9863,development,USD
9864,development,USD
9865,future_holdout,USD
9866,future_holdout,USD
9867,development,USD
9868,validation,USD
9869,future_holdout,USD
9870,development,USD
9871,development,USD
9872,validation,USD
9873,validation,USD
9874,development,USD
9875,development,USD
9876,validation,USD
9877,development,USD
9878,development,USD
9879,future_holdout,USD
9880,validation,USD
9881,development,USD
9882,validation,USD
9883,development,USD
9884,future_holdout,USD
9885,future_holdout,USD
9886,development,USD
9887,future_holdout,USD
9888,validation,USD
9889,future_holdout,USD
9890,development,USD
9891,development,USD
9892,future_holdout,USD
9893,future_holdout,USD
9894,development,USD
9895,development,USD
9896,validation,USD
9897,development,USD
9898,development,USD
9899,validation,USD
9900,development,USD
9901,development,USD
9902,development,USD
9903,development,USD
9904,development,USD
9905,development,USD
9906,future_holdout,USD
9907,development,USD
9908,development,USD
9909,future_holdout,USD
9910,development,USD
9911,development,USD
9912,development,USD
9913,development,USD
9914,development,USD
9915,validation,USD
9916,development,USD
9917,development,USD
9918,future_holdout,USD
9919,development,USD
9920,validation,USD
9921,future_holdout,USD
9922,validation,USD
9923,development,USD
9924,validation,USD
9925,validation,USD
9926,future_holdout,USD
9927,future_holdout,USD
9928,development,USD
9929,development,USD
9930,validation,USD
9931,development,USD
9932,development,USD
9933,development,USD
9934,development,USD
9935,future_holdout,USD
9936,future_holdout,USD
9937,development,USD
9938,validation,USD
9939,validation,USD
9940,development,USD
9941,development,USD
9942,development,USD
9943,validation,USD
9944,future_holdout,USD
9945,development,USD
9946,development,USD
9947,development,USD
9948,development,USD
9949,validation,USD
9950,development,USD
9951,future_holdout,USD
9952,validation,USD
9953,future_holdout,USD
9954,development,USD
9955,development,USD
9956,validation,USD
9957,development,USD
9958,future_holdout,USD
9959,future_holdout,USD
9960,future_holdout,USD
9961,development,USD
9962,future_holdout,USD
9963,development,USD
9964,validation,USD
9965,development,USD
9966,future_holdout,USD
9967,development,USD
9968,development,USD
9969,validation,USD
9970,development,USD
9971,validation,USD
9972,future_holdout,USD
9973,development,USD
9974,development,USD
9975,development,USD
9976,development,USD
9977,development,USD
9978,validation,USD
9979,validation,USD
9980,development,USD
9981,development,USD
9982,development,USD
9983,development,USD
9984,validation,USD
9985,development,USD
9986,development,USD
9987,future_holdout,USD
9988,development,USD
9989,future_holdout,USD
9990,future_holdout,USD
9991,development,USD
9992,future_holdout,USD
9993,validation,USD
9994,development,USD
9995,development,USD
9996,development,USD
9997,future_holdout,USD
9998,development,USD
9999,development,USD
10000,development,USD
